front_type,budget,scheme,n_RE3D,n_RWA3D,within_RE3D_mean,within_RE3D_median,within_RWA3D_mean,within_RWA3D_median,between_mean,between_median,nearest_cross_RE3D_mean,nearest_cross_RE3D_median,nearest_cross_RWA3D_mean,nearest_cross_RWA3D_median,between_minus_mean_within
referenceFronts,3000,gower_unweighted,202,411,0.2937316618921988,0.2993494155493247,0.23382039330371931,0.2354310768143319,0.33301023430901056,0.3377324264654158,0.16455787269733682,0.1816726569003464,0.12541505180702314,0.12281099538047231,0.06923420671105152
referenceFronts,3000,gower_consensus_weighted,202,411,0.36407406978484336,0.34222764028976255,0.3051740760201549,0.28252074493312507,0.49540568856711176,0.5239270599990181,0.21321690018812683,0.21932262899547084,0.21064712901779747,0.21013783064547092,0.16078161566461263
