front_type,budget,scheme,pair,source_family,source_best,source_run,source_solution_id,source_EP,source_HV,target_family,target_best,target_run,target_solution_id,target_EP,target_HV,distance
extremePointsFronts,3000,gower_unweighted,EP_vs_EP,RE3D,EP,25,1,0.1499268389946036,0.8507983708315231,RWA3D,EP,14,2,0.390124794757936,0.5836128023022694,0.44408023989380413
extremePointsFronts,3000,gower_unweighted,EP_vs_HV,RE3D,EP,25,1,0.1499268389946036,0.8507983708315231,RWA3D,HV,7,9,0.392992169688978,0.5860045636554264,0.41448330118185966
extremePointsFronts,3000,gower_unweighted,HV_vs_EP,RE3D,HV,15,8,0.1528649858349327,0.8514293022466999,RWA3D,EP,14,2,0.390124794757936,0.5836128023022694,0.27237726276617946
extremePointsFronts,3000,gower_unweighted,HV_vs_HV,RE3D,HV,15,8,0.1528649858349327,0.8514293022466999,RWA3D,HV,7,9,0.392992169688978,0.5860045636554264,0.13566765246523307
extremePointsFronts,3000,gower_consensus_weighted,EP_vs_EP,RE3D,EP,25,1,0.1499268389946036,0.8507983708315231,RWA3D,EP,14,2,0.390124794757936,0.5836128023022694,0.48179445727414066
extremePointsFronts,3000,gower_consensus_weighted,EP_vs_HV,RE3D,EP,25,1,0.1499268389946036,0.8507983708315231,RWA3D,HV,7,9,0.392992169688978,0.5860045636554264,0.5052618200792526
extremePointsFronts,3000,gower_consensus_weighted,HV_vs_EP,RE3D,HV,15,8,0.1528649858349327,0.8514293022466999,RWA3D,EP,14,2,0.390124794757936,0.5836128023022694,0.3499240134537431
extremePointsFronts,3000,gower_consensus_weighted,HV_vs_HV,RE3D,HV,15,8,0.1528649858349327,0.8514293022466999,RWA3D,HV,7,9,0.392992169688978,0.5860045636554264,0.23993975960081224
