front_type,budget,scheme,pair,source_family,source_best,source_run,source_solution_id,source_EP,source_HV,target_family,target_best,target_run,target_solution_id,target_EP,target_HV,distance
referenceFronts,3000,gower_unweighted,EP_vs_EP,RE3D,EP,3,1,0.0155198492951311,0.850894837605786,RWA3D,EP,9,13,0.174755964775159,0.5849610717204435,0.3646651260317622
referenceFronts,3000,gower_unweighted,EP_vs_HV,RE3D,EP,3,1,0.0155198492951311,0.850894837605786,RWA3D,HV,26,3,0.177177327848559,0.585920954608964,0.3602263101118538
referenceFronts,3000,gower_unweighted,HV_vs_EP,RE3D,HV,8,2,0.0166029817739958,0.8514852229357667,RWA3D,EP,9,13,0.174755964775159,0.5849610717204435,0.27109814796522536
referenceFronts,3000,gower_unweighted,HV_vs_HV,RE3D,HV,8,2,0.0166029817739958,0.8514852229357667,RWA3D,HV,26,3,0.177177327848559,0.585920954608964,0.17114068962965
referenceFronts,3000,gower_consensus_weighted,EP_vs_EP,RE3D,EP,3,1,0.0155198492951311,0.850894837605786,RWA3D,EP,9,13,0.174755964775159,0.5849610717204435,0.5506817335998861
referenceFronts,3000,gower_consensus_weighted,EP_vs_HV,RE3D,EP,3,1,0.0155198492951311,0.850894837605786,RWA3D,HV,26,3,0.177177327848559,0.585920954608964,0.5264389574401487
referenceFronts,3000,gower_consensus_weighted,HV_vs_EP,RE3D,HV,8,2,0.0166029817739958,0.8514852229357667,RWA3D,EP,9,13,0.174755964775159,0.5849610717204435,0.4064854482485832
referenceFronts,3000,gower_consensus_weighted,HV_vs_HV,RE3D,HV,8,2,0.0166029817739958,0.8514852229357667,RWA3D,HV,26,3,0.177177327848559,0.585920954608964,0.2704468212739075
