front_type,budget,scheme,n_RE3D,n_RWA3D,within_RE3D_mean,within_RE3D_median,within_RWA3D_mean,within_RWA3D_median,between_mean,between_median,nearest_cross_RE3D_mean,nearest_cross_RE3D_median,nearest_cross_RWA3D_mean,nearest_cross_RWA3D_median,between_minus_mean_within
estimatedReferenceFronts,3000,gower_unweighted,938,592,0.34558706956796076,0.34055070228519013,0.32356523842019325,0.3272806739210626,0.3876686057325781,0.3868784069994978,0.1810862343955281,0.17847730897295763,0.1449448388811043,0.14498029931437623,0.05309245173850108
estimatedReferenceFronts,3000,gower_consensus_weighted,938,592,0.3888963867081053,0.3842098133369468,0.34915541182045934,0.34978719788057777,0.4431075533590669,0.4486764876447476,0.19139847825379855,0.19056282058002422,0.1380732681900607,0.13775618202598172,0.07408165409478457
