front_type,budget,scheme,pair,source_family,source_best,source_run,source_solution_id,source_EP,source_HV,target_family,target_best,target_run,target_solution_id,target_EP,target_HV,distance
estimatedReferenceFronts,3000,gower_unweighted,EP_vs_EP,RE3D,EP,16,3,-0.2999664135815318,0.9969100135829432,RWA3D,EP,4,3,-0.1135248568485875,0.8220487665372115,0.26466695094806525
estimatedReferenceFronts,3000,gower_unweighted,EP_vs_HV,RE3D,EP,16,3,-0.2999664135815318,0.9969100135829432,RWA3D,HV,23,18,-0.1104645794248392,0.8300432009523252,0.35835860121343543
estimatedReferenceFronts,3000,gower_unweighted,HV_vs_EP,RE3D,HV,11,31,-0.2603774939798994,0.9974272777295649,RWA3D,EP,4,3,-0.1135248568485875,0.8220487665372115,0.44873965474922783
estimatedReferenceFronts,3000,gower_unweighted,HV_vs_HV,RE3D,HV,11,31,-0.2603774939798994,0.9974272777295649,RWA3D,HV,23,18,-0.1104645794248392,0.8300432009523252,0.29919818226631656
estimatedReferenceFronts,3000,gower_consensus_weighted,EP_vs_EP,RE3D,EP,16,3,-0.2999664135815318,0.9969100135829432,RWA3D,EP,4,3,-0.1135248568485875,0.8220487665372115,0.28970978997256797
estimatedReferenceFronts,3000,gower_consensus_weighted,EP_vs_HV,RE3D,EP,16,3,-0.2999664135815318,0.9969100135829432,RWA3D,HV,23,18,-0.1104645794248392,0.8300432009523252,0.46813253815810657
estimatedReferenceFronts,3000,gower_consensus_weighted,HV_vs_EP,RE3D,HV,11,31,-0.2603774939798994,0.9974272777295649,RWA3D,EP,4,3,-0.1135248568485875,0.8220487665372115,0.5419458582320528
estimatedReferenceFronts,3000,gower_consensus_weighted,HV_vs_HV,RE3D,HV,11,31,-0.2603774939798994,0.9974272777295649,RWA3D,HV,23,18,-0.1104645794248392,0.8300432009523252,0.40079035093831056
