front_type,budget,scheme,n_RE3D,n_RWA3D,within_RE3D_mean,within_RE3D_median,within_RWA3D_mean,within_RWA3D_median,between_mean,between_median,nearest_cross_RE3D_mean,nearest_cross_RE3D_median,nearest_cross_RWA3D_mean,nearest_cross_RWA3D_median,between_minus_mean_within
extremePointsFronts,3000,gower_unweighted,286,257,0.2977896690530393,0.3052824018234358,0.21521831355123885,0.22065543061672552,0.3184990225631465,0.3228622249316369,0.166450107796114,0.1671652614068086,0.10384278613887762,0.1009411364762,0.061995031261007416
extremePointsFronts,3000,gower_consensus_weighted,286,257,0.35099566320192255,0.3676819969840493,0.2829058253169732,0.3028214804504868,0.4568609003492937,0.46868348070822663,0.2542363441947281,0.26065711184341256,0.21012011764425392,0.2066398212405245,0.1399101560898458
