front_type,budget,scheme,n_RE3D,n_RWA3D,within_RE3D_mean,within_RE3D_median,within_RWA3D_mean,within_RWA3D_median,between_mean,between_median,nearest_cross_RE3D_mean,nearest_cross_RE3D_median,nearest_cross_RWA3D_mean,nearest_cross_RWA3D_median,between_minus_mean_within
referenceFronts,1000,gower_unweighted,230,237,0.2921010481284832,0.29509431817247544,0.2431533412510953,0.2424523794273924,0.30106364153011206,0.30351107631686464,0.12385749496189903,0.10903554407642702,0.09872973445238978,0.09731640446436296,0.03343644684032282
referenceFronts,1000,gower_consensus_weighted,230,237,0.3785334136508798,0.38763022481298337,0.3723786591790335,0.368048689092246,0.5239689913405101,0.5310316737489245,0.2343586145265891,0.22859887507281518,0.23938605895456092,0.2306115785355317,0.1485129549255535
