front_type,budget,scheme,n_RE3D,n_RWA3D,within_RE3D_mean,within_RE3D_median,within_RWA3D_mean,within_RWA3D_median,between_mean,between_median,nearest_cross_RE3D_mean,nearest_cross_RE3D_median,nearest_cross_RWA3D_mean,nearest_cross_RWA3D_median,between_minus_mean_within
extremePointsFronts,1000,gower_unweighted,282,204,0.27690705615319494,0.27944659298820984,0.22120734829783376,0.22613634562721407,0.2988735818920599,0.297537593934325,0.12063337572547433,0.12128436951697756,0.09210621801670273,0.09519190033806342,0.04981637966654556
extremePointsFronts,1000,gower_consensus_weighted,282,204,0.3488045818577012,0.35224840022420895,0.32632094614808416,0.3255491542246943,0.4364899497356845,0.4363002907683109,0.21006149873424354,0.21359016614165777,0.1973303631431582,0.19978374116048853,0.09892718573279186
