front_type,budget,scheme,pair,source_family,source_best,source_run,source_solution_id,source_EP,source_HV,target_family,target_best,target_run,target_solution_id,target_EP,target_HV,distance
extremePointsFronts,1000,gower_unweighted,EP_vs_EP,RE3D,EP,5,3,0.1501977187615837,0.849051044713557,RWA3D,EP,11,2,0.3906289524681343,0.5847525773643469,0.322425152485166
extremePointsFronts,1000,gower_unweighted,EP_vs_HV,RE3D,EP,5,3,0.1501977187615837,0.849051044713557,RWA3D,HV,15,3,0.3922696613578021,0.5852931871498781,0.22745277247316326
extremePointsFronts,1000,gower_unweighted,HV_vs_EP,RE3D,HV,11,8,0.1518866220187824,0.8501027236926213,RWA3D,EP,11,2,0.3906289524681343,0.5847525773643469,0.10760175470436537
extremePointsFronts,1000,gower_unweighted,HV_vs_HV,RE3D,HV,11,8,0.1518866220187824,0.8501027236926213,RWA3D,HV,15,3,0.3922696613578021,0.5852931871498781,0.15816501528589655
extremePointsFronts,1000,gower_consensus_weighted,EP_vs_EP,RE3D,EP,5,3,0.1501977187615837,0.849051044713557,RWA3D,EP,11,2,0.3906289524681343,0.5847525773643469,0.4530865292874754
extremePointsFronts,1000,gower_consensus_weighted,EP_vs_HV,RE3D,EP,5,3,0.1501977187615837,0.849051044713557,RWA3D,HV,15,3,0.3922696613578021,0.5852931871498781,0.2916129031448499
extremePointsFronts,1000,gower_consensus_weighted,HV_vs_EP,RE3D,HV,11,8,0.1518866220187824,0.8501027236926213,RWA3D,EP,11,2,0.3906289524681343,0.5847525773643469,0.24298877709321065
extremePointsFronts,1000,gower_consensus_weighted,HV_vs_HV,RE3D,HV,11,8,0.1518866220187824,0.8501027236926213,RWA3D,HV,15,3,0.3922696613578021,0.5852931871498781,0.22414401545622198
