front_type,budget,scheme,n_RE3D,n_RWA3D,within_RE3D_mean,within_RE3D_median,within_RWA3D_mean,within_RWA3D_median,between_mean,between_median,nearest_cross_RE3D_mean,nearest_cross_RE3D_median,nearest_cross_RWA3D_mean,nearest_cross_RWA3D_median,between_minus_mean_within
estimatedReferenceFronts,1000,gower_unweighted,852,545,0.3155057141865985,0.3196249403594855,0.28877199372020734,0.29620038166455565,0.3586184494367609,0.3573595321865777,0.16557029597371076,0.17046893891863157,0.12332020178476191,0.12130341168903613,0.056479595483358014
estimatedReferenceFronts,1000,gower_consensus_weighted,852,545,0.36031917944734515,0.365209143360183,0.32731040797086364,0.3278409613134392,0.4321838674010962,0.4338715117842457,0.18823035327146614,0.17774809485859722,0.12117491812726384,0.11925494156337445,0.08836907369199182
