Step,Parameter,FromValue,ToValue,Performance_EP,Performance_NHV
0,Observed_Baseline,-,-,0.033465236878801,0.02318287387669448
1,algorithmResult,population,externalArchive,0.01471840473956145,0.011691658972712234
2,crossoverProbability,0.9,0.6729893472234677,0.007958590010808005,0.008894196071447322
3,createInitialSolutions,default,latinHypercubeSampling,0.007652771084990492,0.010640061124162228
4,mutationProbabilityFactor,1.0,0.9913896382476491,0.011353798511165565,0.011251460243017179
5,crossoverRepairStrategy,bounds,random,0.011341965447199237,0.011388601893791997
6,offspringPopulationSize,100,1,0.010461836235528597,0.009557732119650504
