Frente,Budget,Archetype RE3D (%),Archetype RWA3D (%),Dist medoid RE3D,Dist medoid RWA3D
Puntos extremos,1000,0.1984005680583103,0.1858493784301934,51.41843971631206,50.98039215686274
Real,1000,0.2465725776120197,0.1835936642229177,64.34782608695652,58.64978902953587
Puntos extremos,3000,0.2135641896205505,0.1569756037461011,53.49650349650349,54.08560311284047
Real,3000,0.2023254998748294,0.2063245309733142,66.83168316831683,88.80778588807786
Puntos extremos,5000,0.1905977465787115,0.1508358916828487,60.42402826855124,46.95340501792115
Real,5000,0.2257406586490247,0.1568757112668739,59.66386554621849,58.980044345898
Puntos extremos,7000,0.1415054464901379,0.2107868338626313,66.26984126984127,95.3846153846154
Real,7000,0.1984573462502056,0.1957378490888122,53.03030303030303,55.52825552825553
