Frente,Budget,Within mean unweighted,Between mean unweighted,Separation unweighted,Within mean weighted,Between mean weighted,Separation weighted
Puntos extremos,1000,0.2490572022255143,0.2988735818920599,0.0498163796665455,0.33756276400289265,0.4364899497356845,0.0989271857327918
Real,1000,0.26762719468978924,0.301063641530112,0.0334364468403228,0.3754560364149566,0.5239689913405101,0.1485129549255535
Puntos extremos,3000,0.256503991302139,0.3184990225631465,0.0619950312610074,0.31695074425944786,0.4568609003492937,0.1399101560898458
Real,3000,0.26377602759795904,0.3330102343090105,0.0692342067110515,0.33462407290249907,0.4954056885671117,0.1607816156646126
Puntos extremos,5000,0.2578321685489158,0.3566850503760026,0.0988528818270867,0.3629663752274582,0.5482238711224505,0.1852574958949922
Real,5000,0.24593160479031229,0.3429668605814147,0.0970352557911023,0.34259504861193957,0.4944604237857185,0.1518653751737789
Puntos extremos,7000,0.21991314986201044,0.3573074000914638,0.1373942502294533,0.28609680908752555,0.5346898776282097,0.2485930685406842
Real,7000,0.2516683256416735,0.3282249904191611,0.0765566647774875,0.3958443108630554,0.4913125047304267,0.0954681938673713
