Frente,Budget,Best EP unweighted,Best HV unweighted,Best EP weighted,Best HV weighted
Puntos extremos,1000,0.322425152485166,0.1581650152858965,0.4530865292874754,0.2241440154562219
Real,1000,0.1698137140952432,0.2523406247163323,0.3057787039828225,0.4858755517330021
Puntos extremos,3000,0.4440802398938041,0.135667652465233,0.4817944572741406,0.2399397596008122
Real,3000,0.3646651260317622,0.17114068962965,0.5506817335998861,0.2704468212739075
Puntos extremos,5000,0.3973659686585731,0.460573052592973,0.6453893343127293,0.749067996425438
Real,5000,0.2166952978641324,0.357773052504113,0.3881916572092276,0.565010157804976
Puntos extremos,7000,0.3701304555301253,0.2478683212315209,0.5795766925835708,0.3690463294256583
Real,7000,0.148592414707707,0.3688894184497536,0.1980224784654953,0.6830410318111421
