front_type,budget,scheme,pair,source_family,source_best,source_run,source_solution_id,source_EP,source_HV,target_family,target_best,target_run,target_solution_id,target_EP,target_HV,distance
referenceFronts,7000,gower_unweighted,EP_vs_EP,RE3D,EP,19,0,0.0147114901527513,0.8514099916394056,RWA3D,EP,19,2,0.1741532332425695,0.5853195428376522,0.148592414707707
referenceFronts,7000,gower_unweighted,EP_vs_HV,RE3D,EP,19,0,0.0147114901527513,0.8514099916394056,RWA3D,HV,23,4,0.1759432781078952,0.58615186375884,0.26023204200068023
referenceFronts,7000,gower_unweighted,HV_vs_EP,RE3D,HV,11,4,0.0162652170518309,0.8516773356035359,RWA3D,EP,19,2,0.1741532332425695,0.5853195428376522,0.28700588056150417
referenceFronts,7000,gower_unweighted,HV_vs_HV,RE3D,HV,11,4,0.0162652170518309,0.8516773356035359,RWA3D,HV,23,4,0.1759432781078952,0.58615186375884,0.36888941844975365
referenceFronts,7000,gower_consensus_weighted,EP_vs_EP,RE3D,EP,19,0,0.0147114901527513,0.8514099916394056,RWA3D,EP,19,2,0.1741532332425695,0.5853195428376522,0.19802247846549537
referenceFronts,7000,gower_consensus_weighted,EP_vs_HV,RE3D,EP,19,0,0.0147114901527513,0.8514099916394056,RWA3D,HV,23,4,0.1759432781078952,0.58615186375884,0.6351757493426685
referenceFronts,7000,gower_consensus_weighted,HV_vs_EP,RE3D,HV,11,4,0.0162652170518309,0.8516773356035359,RWA3D,EP,19,2,0.1741532332425695,0.5853195428376522,0.3389417776424001
referenceFronts,7000,gower_consensus_weighted,HV_vs_HV,RE3D,HV,11,4,0.0162652170518309,0.8516773356035359,RWA3D,HV,23,4,0.1759432781078952,0.58615186375884,0.6830410318111421
