front_type,budget,scheme,pair,source_family,source_best,source_run,source_solution_id,source_EP,source_HV,target_family,target_best,target_run,target_solution_id,target_EP,target_HV,distance
extremePointsFronts,7000,gower_unweighted,EP_vs_EP,RE3D,EP,1,2,0.1496634910186658,0.851364438060683,RWA3D,EP,16,1,0.3900811352566669,0.5804999651903354,0.3701304555301253
extremePointsFronts,7000,gower_unweighted,EP_vs_HV,RE3D,EP,1,2,0.1496634910186658,0.851364438060683,RWA3D,HV,29,3,0.3923744721004221,0.5860775158944006,0.3598048434431889
extremePointsFronts,7000,gower_unweighted,HV_vs_EP,RE3D,HV,9,9,0.1510966908639629,0.8516987636600808,RWA3D,EP,16,1,0.3900811352566669,0.5804999651903354,0.3746343390732973
extremePointsFronts,7000,gower_unweighted,HV_vs_HV,RE3D,HV,9,9,0.1510966908639629,0.8516987636600808,RWA3D,HV,29,3,0.3923744721004221,0.5860775158944006,0.2478683212315209
extremePointsFronts,7000,gower_consensus_weighted,EP_vs_EP,RE3D,EP,1,2,0.1496634910186658,0.851364438060683,RWA3D,EP,16,1,0.3900811352566669,0.5804999651903354,0.5795766925835708
extremePointsFronts,7000,gower_consensus_weighted,EP_vs_HV,RE3D,EP,1,2,0.1496634910186658,0.851364438060683,RWA3D,HV,29,3,0.3923744721004221,0.5860775158944006,0.5623133342516401
extremePointsFronts,7000,gower_consensus_weighted,HV_vs_EP,RE3D,HV,9,9,0.1510966908639629,0.8516987636600808,RWA3D,EP,16,1,0.3900811352566669,0.5804999651903354,0.6715113561541598
extremePointsFronts,7000,gower_consensus_weighted,HV_vs_HV,RE3D,HV,9,9,0.1510966908639629,0.8516987636600808,RWA3D,HV,29,3,0.3923744721004221,0.5860775158944006,0.3690463294256583
