front_type,budget,scheme,n_RE3D,n_RWA3D,within_RE3D_mean,within_RE3D_median,within_RWA3D_mean,within_RWA3D_median,between_mean,between_median,nearest_cross_RE3D_mean,nearest_cross_RE3D_median,nearest_cross_RWA3D_mean,nearest_cross_RWA3D_median,between_minus_mean_within
estimatedReferenceFronts,7000,gower_unweighted,667,545,0.39032808097520516,0.40241250345825735,0.3489667312409522,0.35659405188522364,0.41509094590308243,0.4185154638846512,0.20050619130535488,0.1985638146015713,0.1689873094483629,0.16959168811863404,0.04544353979500376
estimatedReferenceFronts,7000,gower_consensus_weighted,667,545,0.37799843700322194,0.3780698247585552,0.3123691720092613,0.32038917722142624,0.45030721955713177,0.4693313443457668,0.20733406719101616,0.22469254506300212,0.146785518411033,0.1316298106323294,0.10512341505089012
