front_type,budget,scheme,pair,source_family,source_best,source_run,source_solution_id,source_EP,source_HV,target_family,target_best,target_run,target_solution_id,target_EP,target_HV,distance
estimatedReferenceFronts,7000,gower_unweighted,EP_vs_EP,RE3D,EP,24,4,-0.3000299501766044,0.9966862157423896,RWA3D,EP,7,15,-0.1135248233870384,0.8282209148347776,0.3941442116632143
estimatedReferenceFronts,7000,gower_unweighted,EP_vs_HV,RE3D,EP,24,4,-0.3000299501766044,0.9966862157423896,RWA3D,HV,1,18,-0.1107298348807015,0.8301000131161106,0.40297733568327154
estimatedReferenceFronts,7000,gower_unweighted,HV_vs_EP,RE3D,HV,14,12,-0.2480441491760608,0.9974173922173442,RWA3D,EP,7,15,-0.1135248233870384,0.8282209148347776,0.4296899331455335
estimatedReferenceFronts,7000,gower_unweighted,HV_vs_HV,RE3D,HV,14,12,-0.2480441491760608,0.9974173922173442,RWA3D,HV,1,18,-0.1107298348807015,0.8301000131161106,0.24222571324916245
estimatedReferenceFronts,7000,gower_consensus_weighted,EP_vs_EP,RE3D,EP,24,4,-0.3000299501766044,0.9966862157423896,RWA3D,EP,7,15,-0.1135248233870384,0.8282209148347776,0.26774679283670855
estimatedReferenceFronts,7000,gower_consensus_weighted,EP_vs_HV,RE3D,EP,24,4,-0.3000299501766044,0.9966862157423896,RWA3D,HV,1,18,-0.1107298348807015,0.8301000131161106,0.3283428948594191
estimatedReferenceFronts,7000,gower_consensus_weighted,HV_vs_EP,RE3D,HV,14,12,-0.2480441491760608,0.9974173922173442,RWA3D,EP,7,15,-0.1135248233870384,0.8282209148347776,0.3083678919260287
estimatedReferenceFronts,7000,gower_consensus_weighted,HV_vs_HV,RE3D,HV,14,12,-0.2480441491760608,0.9974173922173442,RWA3D,HV,1,18,-0.1107298348807015,0.8301000131161106,0.2939441433903151
