front_type,budget,scheme,n_RE3D,n_RWA3D,within_RE3D_mean,within_RE3D_median,within_RWA3D_mean,within_RWA3D_median,between_mean,between_median,nearest_cross_RE3D_mean,nearest_cross_RE3D_median,nearest_cross_RWA3D_mean,nearest_cross_RWA3D_median,between_minus_mean_within
extremePointsFronts,7000,gower_unweighted,252,260,0.2010077701456786,0.20008770901650536,0.23881852957834232,0.24433447165769806,0.3573074000914638,0.3641116809001295,0.19308871243925854,0.2112156354422035,0.1783322253794223,0.17430335958793505,0.1373942502294533
extremePointsFronts,7000,gower_consensus_weighted,252,260,0.28597783993996556,0.30219701598919535,0.2862157782350856,0.2732052009461807,0.5346898776282097,0.5523984701089603,0.28362642520267506,0.3118253946795706,0.2370231421583295,0.2377445369713017,0.2485930685406842
