front_type,budget,scheme,n_RE3D,n_RWA3D,within_RE3D_mean,within_RE3D_median,within_RWA3D_mean,within_RWA3D_median,between_mean,between_median,nearest_cross_RE3D_mean,nearest_cross_RE3D_median,nearest_cross_RWA3D_mean,nearest_cross_RWA3D_median,between_minus_mean_within
referenceFronts,7000,gower_unweighted,264,407,0.269760856275087,0.2729429349842014,0.23357579500826012,0.23533606313231714,0.3282249904191611,0.3282219799186265,0.15643518388763733,0.17262119168963436,0.13542398140611958,0.13452144298650204,0.07655666477748752
referenceFronts,7000,gower_consensus_weighted,264,407,0.404075874749575,0.3963163927034673,0.38761274697653575,0.37106539271911726,0.4913125047304267,0.4886204602240356,0.19993547052361865,0.2027644439671272,0.17254680848751944,0.1702291443938032,0.09546819386737132
