front_type,budget,scheme,pair,source_family,source_best,source_run,source_solution_id,source_EP,source_HV,target_family,target_best,target_run,target_solution_id,target_EP,target_HV,distance
extremePointsFronts,5000,gower_unweighted,EP_vs_EP,RE3D,EP,7,7,0.1497808890460213,0.8509919023389033,RWA3D,EP,4,0,0.3904617926537913,0.585698269170282,0.39736596865857315
extremePointsFronts,5000,gower_unweighted,EP_vs_HV,RE3D,EP,7,7,0.1497808890460213,0.8509919023389033,RWA3D,HV,7,5,0.3918686865140166,0.5859993698435643,0.45592324565229847
extremePointsFronts,5000,gower_unweighted,HV_vs_EP,RE3D,HV,26,3,0.15172507556909,0.8515979503856183,RWA3D,EP,4,0,0.3904617926537913,0.585698269170282,0.37969434702781923
extremePointsFronts,5000,gower_unweighted,HV_vs_HV,RE3D,HV,26,3,0.15172507556909,0.8515979503856183,RWA3D,HV,7,5,0.3918686865140166,0.5859993698435643,0.46057305259297304
extremePointsFronts,5000,gower_consensus_weighted,EP_vs_EP,RE3D,EP,7,7,0.1497808890460213,0.8509919023389033,RWA3D,EP,4,0,0.3904617926537913,0.585698269170282,0.6453893343127293
extremePointsFronts,5000,gower_consensus_weighted,EP_vs_HV,RE3D,EP,7,7,0.1497808890460213,0.8509919023389033,RWA3D,HV,7,5,0.3918686865140166,0.5859993698435643,0.7083363112882843
extremePointsFronts,5000,gower_consensus_weighted,HV_vs_EP,RE3D,HV,26,3,0.15172507556909,0.8515979503856183,RWA3D,EP,4,0,0.3904617926537913,0.585698269170282,0.6155220321189839
extremePointsFronts,5000,gower_consensus_weighted,HV_vs_HV,RE3D,HV,26,3,0.15172507556909,0.8515979503856183,RWA3D,HV,7,5,0.3918686865140166,0.5859993698435643,0.749067996425438
