front_type,budget,scheme,pair,source_family,source_best,source_run,source_solution_id,source_EP,source_HV,target_family,target_best,target_run,target_solution_id,target_EP,target_HV,distance
referenceFronts,5000,gower_unweighted,EP_vs_EP,RE3D,EP,20,2,0.0148617108589565,0.8514656902906802,RWA3D,EP,28,0,0.174212215524828,0.5849331120488714,0.21669529786413247
referenceFronts,5000,gower_unweighted,EP_vs_HV,RE3D,EP,20,2,0.0148617108589565,0.8514656902906802,RWA3D,HV,4,3,0.1771964565895933,0.5860135174946729,0.3577278136046362
referenceFronts,5000,gower_unweighted,HV_vs_EP,RE3D,HV,20,1,0.0162123588107818,0.8516609022816289,RWA3D,EP,28,0,0.174212215524828,0.5849331120488714,0.2479905367636094
referenceFronts,5000,gower_unweighted,HV_vs_HV,RE3D,HV,20,1,0.0162123588107818,0.8516609022816289,RWA3D,HV,4,3,0.1771964565895933,0.5860135174946729,0.35777305250411306
referenceFronts,5000,gower_consensus_weighted,EP_vs_EP,RE3D,EP,20,2,0.0148617108589565,0.8514656902906802,RWA3D,EP,28,0,0.174212215524828,0.5849331120488714,0.3881916572092276
referenceFronts,5000,gower_consensus_weighted,EP_vs_HV,RE3D,EP,20,2,0.0148617108589565,0.8514656902906802,RWA3D,HV,4,3,0.1771964565895933,0.5860135174946729,0.565211791114905
referenceFronts,5000,gower_consensus_weighted,HV_vs_EP,RE3D,HV,20,1,0.0162123588107818,0.8516609022816289,RWA3D,EP,28,0,0.174212215524828,0.5849331120488714,0.4216249253628159
referenceFronts,5000,gower_consensus_weighted,HV_vs_HV,RE3D,HV,20,1,0.0162123588107818,0.8516609022816289,RWA3D,HV,4,3,0.1771964565895933,0.5860135174946729,0.565010157804976
