front_type,budget,scheme,n_RE3D,n_RWA3D,within_RE3D_mean,within_RE3D_median,within_RWA3D_mean,within_RWA3D_median,between_mean,between_median,nearest_cross_RE3D_mean,nearest_cross_RE3D_median,nearest_cross_RWA3D_mean,nearest_cross_RWA3D_median,between_minus_mean_within
referenceFronts,5000,gower_unweighted,238,451,0.2760302348107579,0.2797370702414436,0.21583297476986676,0.2144707488579783,0.3429668605814147,0.35156872391187666,0.16893614369619225,0.1793935781087028,0.1354794099849472,0.12789256988330186,0.09703525579110234
referenceFronts,5000,gower_consensus_weighted,238,451,0.3830318490858956,0.3922687445233728,0.30215824813798353,0.29331720654440163,0.49446042378571853,0.49850427918555523,0.23735317924395527,0.2447322979053843,0.23843693313328812,0.24364438265260382,0.15186537517377896
