front_type,budget,scheme,pair,source_family,source_best,source_run,source_solution_id,source_EP,source_HV,target_family,target_best,target_run,target_solution_id,target_EP,target_HV,distance
estimatedReferenceFronts,5000,gower_unweighted,EP_vs_EP,RE3D,EP,2,3,-0.3000101864882358,0.9972147409484788,RWA3D,EP,11,18,-0.1135228820782501,0.829358267388852,0.3856630977603187
estimatedReferenceFronts,5000,gower_unweighted,EP_vs_HV,RE3D,EP,2,3,-0.3000101864882358,0.9972147409484788,RWA3D,HV,8,9,-0.1107480699815373,0.8300694658560528,0.33679672639053404
estimatedReferenceFronts,5000,gower_unweighted,HV_vs_EP,RE3D,HV,20,28,-0.2623754508109212,0.9974201165588468,RWA3D,EP,11,18,-0.1135228820782501,0.829358267388852,0.42765088428860826
estimatedReferenceFronts,5000,gower_unweighted,HV_vs_HV,RE3D,HV,20,28,-0.2623754508109212,0.9974201165588468,RWA3D,HV,8,9,-0.1107480699815373,0.8300694658560528,0.4371124625975114
estimatedReferenceFronts,5000,gower_consensus_weighted,EP_vs_EP,RE3D,EP,2,3,-0.3000101864882358,0.9972147409484788,RWA3D,EP,11,18,-0.1135228820782501,0.829358267388852,0.46144693729154007
estimatedReferenceFronts,5000,gower_consensus_weighted,EP_vs_HV,RE3D,EP,2,3,-0.3000101864882358,0.9972147409484788,RWA3D,HV,8,9,-0.1107480699815373,0.8300694658560528,0.3444380108334803
estimatedReferenceFronts,5000,gower_consensus_weighted,HV_vs_EP,RE3D,HV,20,28,-0.2623754508109212,0.9974201165588468,RWA3D,EP,11,18,-0.1135228820782501,0.829358267388852,0.4950732534471429
estimatedReferenceFronts,5000,gower_consensus_weighted,HV_vs_HV,RE3D,HV,20,28,-0.2623754508109212,0.9974201165588468,RWA3D,HV,8,9,-0.1107480699815373,0.8300694658560528,0.5446143463323885
