front_type,budget,scheme,n_RE3D,n_RWA3D,within_RE3D_mean,within_RE3D_median,within_RWA3D_mean,within_RWA3D_median,between_mean,between_median,nearest_cross_RE3D_mean,nearest_cross_RE3D_median,nearest_cross_RWA3D_mean,nearest_cross_RWA3D_median,between_minus_mean_within
extremePointsFronts,5000,gower_unweighted,283,279,0.28870271908186956,0.29512957091409836,0.22696161801596215,0.23698988538639754,0.3566850503760026,0.36478264435838476,0.18904588450221366,0.20667031610635997,0.13253442778849223,0.13075833147850904,0.09885288182708674
extremePointsFronts,5000,gower_consensus_weighted,283,279,0.4010417471586773,0.4124320732315373,0.32489100329623927,0.3471668809174026,0.5482238711224505,0.5565006392711228,0.31202847603289324,0.3384643186562132,0.23126492085395203,0.22601486110842903,0.18525749589499224
