front_type,budget,scheme,n_RE3D,n_RWA3D,within_RE3D_mean,within_RE3D_median,within_RWA3D_mean,within_RWA3D_median,between_mean,between_median,nearest_cross_RE3D_mean,nearest_cross_RE3D_median,nearest_cross_RWA3D_mean,nearest_cross_RWA3D_median,between_minus_mean_within
estimatedReferenceFronts,5000,gower_unweighted,716,537,0.38019746979051106,0.387867540496479,0.3259338811588334,0.3313825482902253,0.402828739346664,0.40622535649294084,0.18880725508702506,0.18106349748227624,0.15095925594411647,0.14781134679409544,0.04976306387199175
estimatedReferenceFronts,5000,gower_consensus_weighted,716,537,0.4509725544680639,0.47181150604727096,0.3472135733635477,0.3473987317158915,0.497787375977457,0.5042251926566715,0.20910747811516084,0.2268263428272138,0.09740423466934381,0.08644935777604536,0.09869431206165119
