Evaluation,SolutionId,EP,IGD+
100,0,0.49875836781624094,0.4116549875386217
100,1,0.44895446520011756,0.5174286628763959
200,0,0.21451793263020738,0.15298891022017516
300,0,0.21451793263020738,0.15298891022017516
300,1,0.2076792354609681,0.1883324606797029
