Evaluation,SolutionId,EP,IGD+
100,0,0.49875836781624094,0.4116549875386217
100,1,0.44895446520011756,0.5174286628763959
200,0,0.21451793263020738,0.15298891022017516
300,0,0.21451793263020738,0.15298891022017516
300,1,0.2076792354609681,0.1883324606797029
400,0,0.11290896507503109,0.05514139457383889
400,1,0.18418547349073375,0.054076831508424995
500,0,0.0982913541655041,0.044167759478989044
500,1,0.08883590725178828,0.06525646725360697
