1.7320508075688776,1.7320508075688772,0.0000000000000000
1.7258981690111150,1.7196790160862425,0.0123717914826348
1.7198125194453078,1.7073072246036076,0.0247435829652696
1.7137945725012362,1.6949354331209727,0.0371153744479045
1.7078450438718240,1.6825636416383378,0.0494871659305393
1.7019646510634080,1.6701918501557032,0.0618589574131742
1.6961541131365996,1.6578200586730680,0.0742307488958090
1.6904141504376966,1.6454482671904334,0.0866025403784439
1.6847454843206366,1.6330764757077987,0.0989743318610787
1.6791488368594760,1.6207046842251638,0.1113461233437135
1.6736249305514261,1.6083328927425290,0.1237179148263483
1.6681744880104659,1.5959611012598942,0.1360897063089832
1.6627982316515960,1.5835893097772590,0.1484614977916181
1.6574968833658021,1.5712175182946244,0.1608332892742529
1.6522711641858310,1.5588457268119895,0.1732050807568877
1.6471217939428868,1.5464739353293548,0.1855768722395225
1.6420494909144017,1.5341021438467197,0.1979486637221575
1.6370549714630347,1.5217303523640848,0.2103204552047923
1.6321389496670953,1.5093585608814502,0.2226922466874271
1.6273021369426024,1.4969867693988155,0.2350640381700619
1.6225452416572212,1.4846149779161804,0.2474358296526967
1.6178689687363440,1.4722431864335460,0.2598076211353316
1.6132740192616040,1.4598713949509110,0.2721794126179664
1.6087610900621507,1.4474996034682760,0.2845512041006012
1.6043308732990240,1.4351278119856412,0.2969229955832361
1.5999840560430085,1.4227560205030063,0.3092947870658709
1.5957213198463716,1.4103842290203712,0.3216665785485058
1.5915433403089072,1.3980124375377365,0.3340383700311406
1.5874507866387546,1.3856406460551016,0.3464101615137754
1.5834443212084686,1.3732688545724667,0.3587819529964103
1.5795245991068558,1.3608970630898320,0.3711537444790451
1.5756922676871203,1.3485252716071972,0.3835255359616799
1.5719479661118767,1.3361534801245625,0.3958973274443147
1.5682923248956270,1.3237816886419276,0.4082691189269497
1.5647259654453160,1.3114098971592930,0.4206409104095845
1.5612494995995998,1.2990381056766578,0.4330127018922194
1.5578635291674956,1.2866663141940230,0.4453844933748541
1.5545686454670917,1.2742945227113882,0.4577562848574890
1.5513654288650214,1.2619227312287533,0.4701280763401238
1.5482544483174252,1.2495509397461184,0.4824998678227587
1.5452362609131387,1.2371791482634835,0.4948716593053935
1.5423114114198595,1.2248073567808488,0.5072434507880283
1.5394804318340654,1.2124355652982140,0.5196152422706631
1.5367438409354572,1.2000637738155790,0.5319870337532979
1.5341021438467200,1.1876919823329444,0.5443588252359327
1.5315558315993978,1.1753201908503095,0.5567306167185676
1.5291053807066808,1.1629483993676748,0.5691024082012024
1.5267512527439115,1.1505766078850400,0.5814741996838372
1.5244938939376116,1.1382048164024050,0.5938459911664722
1.5223337347638333,1.1258330249197700,0.6062177826491070
1.5202711895566260,1.1134612334371352,0.6185895741317419
1.5183066561274163,1.1010894419545005,0.6309613656143767
1.5164405153960687,1.0887176504718656,0.6433331570970114
1.5146731310343995,1.0763458589892307,0.6557049485796463
1.5130048491228930,1.0639740675065958,0.6680767400622812
1.5114359978213450,1.0516022760239612,0.6804485315449160
1.5099668870541500,1.0392304845413263,0.6928203230275510
1.5085978082109148,1.0268586930586914,0.7051921145101857
1.5073290338630552,1.0144869015760565,0.7175639059928206
1.5061608174970114,1.0021151100934218,0.7299356974754555
1.5050933932646770,0.9897433186107869,0.7423074889580902
1.5041269757516065,0.9773715271281521,0.7546792804407251
1.5032617597635310,0.9649997356455173,0.7670510719233599
1.5024979201316722,0.9526279441628825,0.7794228634059946
1.5018356115373060,0.9402561526802476,0.7917946548886294
1.5012749683559790,0.9278843611976128,0.8041664463712646
1.5008161045217490,0.9155125697149780,0.8165382378538993
1.5004591134117613,0.9031407782323430,0.8289100293365342
1.5002040677514372,0.8907689867497082,0.8412818208191690
1.5000510195404988,0.8783971952670734,0.8536536123018038
1.5000000000000002,0.8660254037844386,0.8660254037844386
1.5000510195404990,0.8536536123018038,0.8783971952670734
1.5002040677514372,0.8412818208191690,0.8907689867497082
1.5004591134117613,0.8289100293365340,0.9031407782323432
1.5008161045217487,0.8165382378538993,0.9155125697149780
1.5012749683559787,0.8041664463712646,0.9278843611976128
1.5018356115373057,0.7917946548886298,0.9402561526802475
1.5024979201316720,0.7794228634059946,0.9526279441628825
1.5032617597635307,0.7670510719233599,0.9649997356455173
1.5041269757516065,0.7546792804407251,0.9773715271281521
1.5050933932646770,0.7423074889580902,0.9897433186107869
1.5061608174970114,0.7299356974754552,1.0021151100934220
1.5073290338630552,0.7175639059928204,1.0144869015760567
1.5085978082109148,0.7051921145101856,1.0268586930586916
1.5099668870541500,0.6928203230275508,1.0392304845413263
1.5114359978213447,0.6804485315449160,1.0516022760239612
1.5130048491228930,0.6680767400622811,1.0639740675065960
1.5146731310343995,0.6557049485796463,1.0763458589892307
1.5164405153960685,0.6433331570970117,1.0887176504718654
1.5183066561274163,0.6309613656143768,1.1010894419545003
1.5202711895566259,0.6185895741317418,1.1134612334371354
1.5223337347638328,0.6062177826491070,1.1258330249197700
1.5244938939376114,0.5938459911664722,1.1382048164024050
1.5267512527439113,0.5814741996838374,1.1505766078850397
1.5291053807066808,0.5691024082012026,1.1629483993676746
1.5315558315993976,0.5567306167185676,1.1753201908503095
1.5341021438467200,0.5443588252359328,1.1876919823329444
1.5367438409354572,0.5319870337532980,1.2000637738155790
1.5394804318340651,0.5196152422706632,1.2124355652982140
1.5423114114198595,0.5072434507880282,1.2248073567808488
1.5452362609131383,0.4948716593053935,1.2371791482634835
1.5482544483174250,0.4824998678227587,1.2495509397461184
1.5513654288650212,0.4701280763401239,1.2619227312287533
1.5545686454670915,0.4577562848574889,1.2742945227113882
1.5578635291674954,0.4453844933748541,1.2866663141940229
1.5612494995995994,0.4330127018922193,1.2990381056766578
1.5647259654453156,0.4206409104095845,1.3114098971592927
1.5682923248956269,0.4082691189269497,1.3237816886419274
1.5719479661118765,0.3958973274443147,1.3361534801245625
1.5756922676871203,0.3835255359616799,1.3485252716071972
1.5795245991068558,0.3711537444790451,1.3608970630898320
1.5834443212084683,0.3587819529964103,1.3732688545724667
1.5874507866387544,0.3464101615137754,1.3856406460551020
1.5915433403089068,0.3340383700311406,1.3980124375377367
1.5957213198463713,0.3216665785485057,1.4103842290203714
1.5999840560430085,0.3092947870658709,1.4227560205030063
1.6043308732990240,0.2969229955832360,1.4351278119856412
1.6087610900621505,0.2845512041006012,1.4474996034682760
1.6132740192616037,0.2721794126179664,1.4598713949509110
1.6178689687363434,0.2598076211353316,1.4722431864335457
1.6225452416572208,0.2474358296526968,1.4846149779161804
1.6273021369426020,0.2350640381700618,1.4969867693988155
1.6321389496670948,0.2226922466874270,1.5093585608814502
1.6370549714630345,0.2103204552047923,1.5217303523640848
1.6420494909144014,0.1979486637221575,1.5341021438467197
1.6471217939428864,0.1855768722395225,1.5464739353293548
1.6522711641858305,0.1732050807568877,1.5588457268119895
1.6574968833658020,0.1608332892742529,1.5712175182946244
1.6627982316515957,0.1484614977916181,1.5835893097772590
1.6681744880104656,0.1360897063089833,1.5959611012598940
1.6736249305514261,0.1237179148263483,1.6083328927425290
1.6791488368594758,0.1113461233437136,1.6207046842251638
1.6847454843206362,0.0989743318610787,1.6330764757077987
1.6904141504376964,0.0866025403784440,1.6454482671904334
1.6961541131365994,0.0742307488958090,1.6578200586730680
1.7019646510634077,0.0618589574131742,1.6701918501557032
1.7078450438718233,0.0494871659305394,1.6825636416383378
1.7137945725012358,0.0371153744479046,1.6949354331209725
1.7198125194453073,0.0247435829652696,1.7073072246036076
1.7258981690111146,0.0123717914826348,1.7196790160862425
1.7320508075688772,0.0000000000000000,1.7320508075688772
1.7196790160862427,1.7258981690111146,0.0123717914826348
1.7135266176478720,1.7135266176478716,0.0214285714285714
1.7074416953024030,1.7011550697771710,0.0327326835353987
1.7014249730080700,1.6887835254757688,0.0446071285599885
1.6954771768274728,1.6764119848226875,0.0566946709513841
1.6895990346704108,1.6640404478992983,0.0688832197213782
1.6837912760269578,1.6516689147894117,0.0811272620828610
1.6780546316907492,1.6392973855793667,0.0934049773615859
1.6723898334724596,1.6269258603581298,0.1057046327639196
1.6667976139034655,1.6145543392173936,0.1180193688704164
1.6612787059297158,1.6021828222516827,0.1303449113635332
1.6558338425958430,1.5898113095584647,0.1426784596817012
1.6504637567195770,1.5774398012382636,0.1550181029586479
1.6451691805565354,1.5650682973947827,0.1673624930551425
1.6399508454554987,1.5526967981350304,0.1797106517915589
1.6348094815042906,1.5403253035694524,0.1920618522821250
1.6297458171664159,1.5279538138120723,0.2044155431607741
1.6247605789086315,1.5155823289806354,0.2167712986499074
1.6198544908196453,1.5032108491967642,0.2291287847477919
1.6150282742201800,1.4908393745861177,0.2414877357768137
1.6102826472646450,1.4784679052785608,0.2538479377702407
1.6056183245347050,1.4660964414083420,0.2662092164797746
1.6010360166250517,1.4537249831142796,0.2785714285714285
1.5965364297217186,1.4413535305399574,0.2909344550630899
1.5921202651733035,1.4289820838339322,0.3032981963651735
1.5877882190554977,1.4166106431499494,0.3156625684854907
1.5835409817293418,1.4042392086471736,0.3280275000915724
1.5793792373936681,1.3918677804904267,0.3403929302126815
1.5753036636322100,1.3794963588504439,0.3527588064247355
1.5713149309558851,1.3671249439041400,0.3651250834037731
1.5674137023408068,1.3547535358348923,0.3774917217635375
1.5636006327625704,1.3423821348328377,0.3898586871141482
1.5598763687274342,1.3300107410951880,0.4022259492943167
1.5562415478009965,1.3176393548265606,0.4145934817408986
1.5526967981350306,1.3052679762393307,0.4269612609679560
1.5492427379931430,1.2928966055540020,0.4393292661337652
1.5458799752759540,1.2805252429995995,0.4516974786789250
1.5426091070465187,1.2681538888140846,0.4640658820223081
1.5394307190567270,1.2557825432447958,0.4764344613043511
1.5363453852754412,1.2434112065489150,0.4888032031693035
1.5333536674191495,1.2310398789939623,0.5011720955797071
1.5304561144859226,1.2186685608583203,0.5135411276576768
1.5276532622934824,1.2062972524317916,0.5259102895485704
1.5249456330221970,1.1939259540161900,0.5382795723034488
1.5223337347638330,1.1815546659259692,0.5506489677773723
1.5198180610768877,1.1691833884888920,0.5630184685411015
1.5173990905493520,1.1568121220467418,0.5753880678041807
1.5150772863697317,1.1444408669560800,0.5877577593477344
1.5128530959071733,1.1320696235890535,0.6001275374655706
1.5107269503015255,1.1196983923342563,0.6124973969124192
1.5086992640641659,1.1073271735976475,0.6248673328583191
1.5067704346904154,1.0949559678035330,0.6372373408483125
1.5049408422843440,1.0825847753956117,0.6496074167667479
1.5032108491967646,1.0702135968380997,0.6619775568055806
1.5015807996771884,1.0578424326169271,0.6743477574361640
1.5000510195404990,1.0454712832410236,0.6867180153840885
1.4986218158490740,1.0331001492436960,0.6990883276066897
1.4972934766110622,1.0207290311841046,0.7114586912729053
1.4960662704954906,1.0083579296488494,0.7238291037451945
1.4949404465648493,0.9959868452536745,0.7361995625632817
1.4939162340257617,0.9836157786453000,0.7485700654295112
1.4929938419983180,0.9712447305033949,0.7609406101956301
1.4921734593046017,0.9588737015427027,0.7733111948508391
1.4914552542769108,0.9465026925153333,0.7856818175109735
1.4908393745861180,0.9341317042132371,0.7980524764086886
1.4903259470905783,0.9217607374708780,0.8104231698845451
1.4899150777059444,0.9093897931681261,0.8227938963788971
1.4896068512961975,0.8970188722333867,0.8351646544245033
1.4894013315861554,0.8846479756469950,0.8475354426397825
1.4892985610956702,0.8722771044448979,0.8599062597226538
1.4892985610956700,0.8599062597226537,0.8722771044448979
1.4894013315861554,0.8475354426397826,0.8846479756469950
1.4896068512961975,0.8351646544245034,0.8970188722333866
1.4899150777059444,0.8227938963788971,0.9093897931681262
1.4903259470905783,0.8104231698845451,0.9217607374708780
1.4908393745861177,0.7980524764086888,0.9341317042132369
1.4914552542769106,0.7856818175109738,0.9465026925153331
1.4921734593046017,0.7733111948508391,0.9588737015427027
1.4929938419983180,0.7609406101956301,0.9712447305033949
1.4939162340257617,0.7485700654295112,0.9836157786453000
1.4949404465648493,0.7361995625632818,0.9959868452536745
1.4960662704954906,0.7238291037451942,1.0083579296488496
1.4972934766110622,0.7114586912729052,1.0207290311841046
1.4986218158490740,0.6990883276066896,1.0331001492436960
1.5000510195404988,0.6867180153840885,1.0454712832410236
1.5015807996771882,0.6743477574361642,1.0578424326169270
1.5032108491967642,0.6619775568055806,1.0702135968380997
1.5049408422843440,0.6496074167667478,1.0825847753956117
1.5067704346904152,0.6372373408483127,1.0949559678035328
1.5086992640641657,0.6248673328583193,1.1073271735976475
1.5107269503015253,0.6124973969124193,1.1196983923342563
1.5128530959071730,0.6001275374655706,1.1320696235890535
1.5150772863697315,0.5877577593477346,1.1444408669560797
1.5173990905493520,0.5753880678041810,1.1568121220467416
1.5198180610768877,0.5630184685411017,1.1691833884888918
1.5223337347638330,0.5506489677773724,1.1815546659259692
1.5249456330221970,0.5382795723034487,1.1939259540161900
1.5276532622934822,0.5259102895485706,1.2062972524317916
1.5304561144859223,0.5135411276576770,1.2186685608583203
1.5333536674191495,0.5011720955797071,1.2310398789939620
1.5363453852754407,0.4888032031693035,1.2434112065489150
1.5394307190567265,0.4764344613043512,1.2557825432447955
1.5426091070465184,0.4640658820223083,1.2681538888140844
1.5458799752759538,0.4516974786789250,1.2805252429995995
1.5492427379931428,0.4393292661337652,1.2928966055540020
1.5526967981350304,0.4269612609679560,1.3052679762393307
1.5562415478009960,0.4145934817408987,1.3176393548265606
1.5598763687274340,0.4022259492943169,1.3300107410951878
1.5636006327625702,0.3898586871141482,1.3423821348328377
1.5674137023408063,0.3774917217635375,1.3547535358348920
1.5713149309558851,0.3651250834037731,1.3671249439041400
1.5753036636322095,0.3527588064247357,1.3794963588504436
1.5793792373936680,0.3403929302126815,1.3918677804904270
1.5835409817293415,0.3280275000915724,1.4042392086471738
1.5877882190554977,0.3156625684854907,1.4166106431499497
1.5921202651733033,0.3032981963651736,1.4289820838339320
1.5965364297217184,0.2909344550630899,1.4413535305399574
1.6010360166250515,0.2785714285714285,1.4537249831142796
1.6056183245347047,0.2662092164797746,1.4660964414083420
1.6102826472646448,0.2538479377702410,1.4784679052785608
1.6150282742201796,0.2414877357768139,1.4908393745861177
1.6198544908196448,0.2291287847477920,1.5032108491967642
1.6247605789086310,0.2167712986499074,1.5155823289806354
1.6297458171664159,0.2044155431607742,1.5279538138120723
1.6348094815042902,0.1920618522821252,1.5403253035694524
1.6399508454554985,0.1797106517915589,1.5526967981350304
1.6451691805565350,0.1673624930551426,1.5650682973947827
1.6504637567195766,0.1550181029586480,1.5774398012382633
1.6558338425958428,0.1426784596817014,1.5898113095584645
1.6612787059297152,0.1303449113635335,1.6021828222516825
1.6667976139034655,0.1180193688704165,1.6145543392173936
1.6723898334724594,0.1057046327639197,1.6269258603581298
1.6780546316907490,0.0934049773615859,1.6392973855793667
1.6837912760269570,0.0811272620828612,1.6516689147894115
1.6895990346704106,0.0688832197213782,1.6640404478992985
1.6954771768274726,0.0566946709513841,1.6764119848226875
1.7014249730080693,0.0446071285599886,1.6887835254757688
1.7074416953024025,0.0327326835353990,1.7011550697771707
1.7135266176478714,0.0214285714285714,1.7135266176478716
1.7196790160862423,0.0123717914826349,1.7258981690111146
1.7073072246036078,1.7198125194453073,0.0247435829652696
1.7011550697771713,1.7074416953024025,0.0327326835353987
1.6950708852795657,1.6950708852795653,0.0428571428571427
1.6890554056233050,1.6827000896882172,0.0539273888233625
1.6831093674675879,1.6703293088490065,0.0654653670707977
1.6772335093534114,1.6579585430921502,0.0772618130456569
1.6714285714285717,1.6455877927577942,0.0892142571199770
1.6656952951625130,1.6332170581963910,0.1012674777054130
1.6600344230510060,1.6208463397690902,0.1133893419027681
1.6544466983106532,1.6084756378481524,0.1255599702231924
1.6489328645632408,1.5961049528173776,0.1377664394427564
1.6434936655099799,1.5837342850725578,0.1499999999999999
1.6381298445956910,1.5713636350219473,0.1622545241657220
1.6328421446630280,1.5589930030867583,0.1745255960410088
1.6276313075968367,1.5466223897016782,0.1868099547231717
1.6224980739587955,1.5342517953154140,0.1991051409252335
1.6174431826124813,1.5218812203912602,0.2114092655278392
1.6124673703390602,1.5095106654076982,0.2237208537623689
1.6075713714438047,1.4971401308590224,0.2360387377408329
1.6027559173536832,1.4847696172560005,0.2483619807244815
1.5980217362062870,1.4723991251265636,0.2606898227270664
1.5933695524303977,1.4600286550165336,0.2730216407659484
1.5888000863185132,1.4476582074903890,0.2853569193634025
1.5843140535917000,1.4352877831320670,0.2976952283453529
1.5799121649571513,1.4229173825458103,0.3100362059172958
1.5755951256588734,1.4105470063570573,0.3223795456113359
1.5713636350219478,1.3981766552133792,0.3347249861102851
1.5672183859908473,1.3858063297854680,0.3470723032358954
1.5631600646623185,1.3734360307681770,0.3594213035831177
1.5591893498133667,1.3610657588816200,0.3717718194192315
1.5553069124249193,1.3486955148723283,0.3841237045642500
1.5515134152017576,1.3363252995144740,0.3964768310393690
1.5478095120893550,1.3239551136111611,0.4088310863215480
1.5441958477882691,1.3115849579957892,0.4211863710801591
1.5406730572667764,1.2992148335334956,0.4335425972998148
1.5372417652724506,1.2868447411226818,0.4458996867146745
1.5339025858434243,1.2744746816966253,0.4582575694955839
1.5306561218200865,1.2621046562251905,0.4706161831436894
1.5275029643579910,1.2497346657166384,0.4829754715536275
1.5244436924427784,1.2373647112195452,0.4953353842167373
1.5214788724079196,1.2249947938248387,0.5076958755404816
1.5186090574561169,1.2126249146679566,0.5200569042647827
1.5158347871852054,1.2002550749311411,0.5324184329595492
1.5131565871194090,1.1878852758458740,0.5447804275905241
1.5105749682468188,1.1755155186954690,0.5571428571428570
1.5080904265639636,1.1631458048178251,0.5695056932936470
1.5057034426283475,1.1507761356083617,0.5818689101261799
1.5034144811198331,1.1384065125231417,0.5942324838798019
1.5012239904117424,1.1260369370822030,0.6065963927303469
1.4991324021525498,1.1136674108731100,0.6189606165968551
1.4971401308590229,1.1012979355547448,0.6313251369709815
1.4952475735216726,1.0889285128613582,0.6436899367660469
1.4934551092233428,1.0765591446068974,0.6560550001831448
1.4917630987717667,1.0641898326896380,0.6684203125920952
1.4901718843468899,1.0518205790971409,0.6807858604253630
1.4886817891637405,1.0394513859115630,0.6931516310833217
1.4872931171516026,1.0270822553153536,0.7055176128494712
1.4860061526502124,1.0147131895973645,0.7178837948144133
1.4848211601236767,1.0023441911594142,0.7302501668075462
1.4837383838927720,0.9899752625233436,0.7426167193355767
1.4827580478862452,0.9776064063386071,0.7549834435270749
1.4818803554116988,0.9652376253904464,0.7673503310823843
1.4811054889466029,0.9528689226087025,0.7797173742282963
1.4804336099499324,0.9405003010773206,0.7920845656769693
1.4798648586948744,0.9281317640446165,0.8044518985886333
1.4793993541230144,0.9157633149343730,0.8168193665376822
1.4790371937203486,0.9033949573578501,0.8291869634817971
1.4787784534154245,0.8910266951267910,0.8415546837337938
1.4786231874998599,0.8786585322675303,0.8539225219359118
1.4785714285714286,0.8662904730363074,0.8662904730363075
1.4786231874998597,0.8539225219359117,0.8786585322675303
1.4787784534154245,0.8415546837337938,0.8910266951267910
1.4790371937203486,0.8291869634817972,0.9033949573578500
1.4793993541230144,0.8168193665376821,0.9157633149343731
1.4798648586948744,0.8044518985886334,0.9281317640446163
1.4804336099499320,0.7920845656769695,0.9405003010773204
1.4811054889466029,0.7797173742282966,0.9528689226087023
1.4818803554116986,0.7673503310823844,0.9652376253904463
1.4827580478862452,0.7549834435270749,0.9776064063386070
1.4837383838927720,0.7426167193355767,0.9899752625233436
1.4848211601236767,0.7302501668075462,1.0023441911594142
1.4860061526502122,0.7178837948144132,1.0147131895973647
1.4872931171516026,0.7055176128494711,1.0270822553153536
1.4886817891637405,0.6931516310833217,1.0394513859115630
1.4901718843468896,0.6807858604253632,1.0518205790971409
1.4917630987717667,0.6684203125920952,1.0641898326896380
1.4934551092233428,0.6560550001831447,1.0765591446068976
1.4952475735216726,0.6436899367660468,1.0889285128613582
1.4971401308590229,0.6313251369709815,1.1012979355547448
1.4991324021525496,0.6189606165968552,1.1136674108731097
1.5012239904117424,0.6065963927303469,1.1260369370822030
1.5034144811198330,0.5942324838798020,1.1384065125231415
1.5057034426283475,0.5818689101261800,1.1507761356083615
1.5080904265639634,0.5695056932936471,1.1631458048178250
1.5105749682468188,0.5571428571428573,1.1755155186954689
1.5131565871194088,0.5447804275905240,1.1878852758458742
1.5158347871852054,0.5324184329595492,1.2002550749311411
1.5186090574561166,0.5200569042647827,1.2126249146679566
1.5214788724079193,0.5076958755404818,1.2249947938248384
1.5244436924427782,0.4953353842167372,1.2373647112195452
1.5275029643579910,0.4829754715536276,1.2497346657166382
1.5306561218200863,0.4706161831436895,1.2621046562251903
1.5339025858434240,0.4582575694955841,1.2744746816966250
1.5372417652724506,0.4458996867146744,1.2868447411226820
1.5406730572667762,0.4335425972998148,1.2992148335334959
1.5441958477882690,0.4211863710801591,1.3115849579957892
1.5478095120893547,0.4088310863215481,1.3239551136111611
1.5515134152017571,0.3964768310393692,1.3363252995144740
1.5553069124249193,0.3841237045642499,1.3486955148723280
1.5591893498133664,0.3717718194192315,1.3610657588816197
1.5631600646623178,0.3594213035831179,1.3734360307681770
1.5672183859908468,0.3470723032358956,1.3858063297854680
1.5713636350219473,0.3347249861102851,1.3981766552133794
1.5755951256588730,0.3223795456113359,1.4105470063570575
1.5799121649571510,0.3100362059172958,1.4229173825458106
1.5843140535916997,0.2976952283453530,1.4352877831320667
1.5888000863185130,0.2853569193634024,1.4476582074903890
1.5933695524303975,0.2730216407659484,1.4600286550165336
1.5980217362062870,0.2606898227270665,1.4723991251265633
1.6027559173536827,0.2483619807244816,1.4847696172560005
1.6075713714438045,0.2360387377408330,1.4971401308590224
1.6124673703390602,0.2237208537623689,1.5095106654076982
1.6174431826124810,0.2114092655278391,1.5218812203912602
1.6224980739587950,0.1991051409252337,1.5342517953154140
1.6276313075968365,0.1868099547231718,1.5466223897016782
1.6328421446630272,0.1745255960410087,1.5589930030867583
1.6381298445956907,0.1622545241657221,1.5713636350219473
1.6434936655099794,0.1500000000000000,1.5837342850725575
1.6489328645632406,0.1377664394427565,1.5961049528173774
1.6544466983106527,0.1255599702231926,1.6084756378481520
1.6600344230510058,0.1133893419027681,1.6208463397690902
1.6656952951625128,0.1012674777054130,1.6332170581963910
1.6714285714285715,0.0892142571199771,1.6455877927577942
1.6772335093534112,0.0772618130456570,1.6579585430921500
1.6831093674675877,0.0654653670707976,1.6703293088490065
1.6890554056233045,0.0539273888233625,1.6827000896882172
1.6950708852795653,0.0428571428571428,1.6950708852795650
1.7011550697771707,0.0327326835353989,1.7074416953024023
1.7073072246036076,0.0247435829652696,1.7198125194453076
1.6949354331209732,1.7137945725012358,0.0371153744479045
1.6887835254757693,1.7014249730080693,0.0446071285599886
1.6827000896882176,1.6890554056233045,0.0539273888233625
1.6766858710575698,1.6766858710575698,0.0642857142857144
1.6707416170732110,1.6643163700426180,0.0752546696632339
1.6648680771417640,1.6519469033321172,0.0866025403784439
1.6590660023037060,1.6395774717024767,0.0981980506061966
1.6533361449394572,1.6272080759537113,0.1099628879881476
1.6476792584649207,1.6148387169103460,0.1218480150659427
1.6420960970164733,1.6024693954223606,0.1338213856799657
1.6365874151254310,1.5901001123661802,0.1458612704047295
1.6311539673820260,1.5777308686457112,0.1579524599106857
1.6257965080889694,1.5653616651934281,0.1700840128541524
1.6205157909046828,1.5529925029715095,0.1822478688881868
1.6153125684763157,1.5406233829730305,0.1944379655545172
1.6101875920626931,1.5282543062232137,0.2066496591641348
1.6051416111473578,1.5158852737807390,0.2188793349434938
1.6001753730419037,1.5035162867391214,0.2311241383909063
1.5952896224798296,1.4911473462281537,0.2433817862485831
1.5904851012011580,1.4787784534154242,0.2556504309739039
1.5857625475281152,1.4664096095079104,0.2679285619073007
1.5811226959321776,1.4540408157536537,0.2802149320847576
1.5765662765928354,1.4416720734435202,0.2925085032777610
1.5720940149484495,1.4293033839130533,0.3048084041907410
1.5677066312396124,1.4169347485444248,0.3171138982917587
1.5634048400454540,1.4045661687684847,0.3294243587885773
1.5591893498133667,1.3921976460669245,0.3417392489687339
1.5550608623826550,1.3798291819745556,0.3540581066112494
1.5510200725026490,1.3674607780817103,0.3663805315209189
1.5470676673458530,1.3550924360367750,0.3787061754803304
1.5432043260167252,1.3427241575488638,0.3910347340905998
1.5394307190567267,1.3303559443906394,0.4033659400998714
1.5357475079462983,1.3179877984012953,0.4156995579128989
1.5321553446044565,1.3056197214897058,0.4280353790451039
1.5286548708867267,1.2932517156377560,0.4403732183370958
1.5252467180821630,1.2808837829038675,0.4527129107854521
1.5219315064102203,1.2685159254267264,0.4650543088759436
1.5187098445182790,1.2561481454292347,0.4773972803287699
1.5155823289806356,1.2437804452226957,0.4897417061834842
1.5125495437997990,1.2314128272112517,0.5020874791654277
1.5096120599109466,1.2190452938965920,0.5144345022865954
1.5067704346904152,1.2066778478829503,0.5267826876426369
1.5040252114691075,1.1943104918824117,0.5391319553746767
1.5013769190517166,1.1819432287205536,0.5514822327702177
1.4988260712426693,1.1695760613424446,0.5638334534818825
1.4963731663797050,1.1572089928190257,0.5761855568463752
1.4940186868760021,1.1448420263539079,0.5885384872889863
1.4917630987717663,1.1324751652906124,0.6008921938013745
1.4896068512961975,1.1201084131202914,0.6132466294823222
1.4875503764407376,1.1077417734899653,0.6256017511327858
1.4855940885445014,1.0953752502113192,0.6379575188979023
1.4837383838927720,1.0830088472700976,0.6503138959497222
1.4819836403294342,1.0706425688361552,0.6626708482053700
1.4803302168841952,1.0582764192742067,0.6750283440761007
1.4787784534154245,1.0459104031553423,0.6873863542433761
1.4773286702694160,1.0335445252693690,0.6997448514586279
1.4759811679568497,1.0211787906380445,0.7121038103638359
1.4747362268471980,1.0088132045292888,0.7244632073304414
1.4735941068817884,0.9964477724724492,0.7368230203144485
1.4725550473061915,0.9840825002747171,0.7491832287258449
1.4716192664225770,0.9717173940387972,0.7615438133107225
1.4707869613626190,0.9593524601819409,0.7739047560446773
1.4700583078815033,0.9469877054564722,0.7862660400362499
1.4694334601735293,0.9346231369719374,0.7986276494393240
1.4689125507097600,0.9222587622190399,0.8109895693735235
1.4684956900981136,0.9098945890955203,0.8233517858517744
1.4681829669662416,0.8975306259341771,0.8357142857142857
1.4679744478674814,0.8851668815332310,0.8480770565682998
1.4678701772101161,0.8728033651892699,0.8604400867330293
1.4678701772101161,0.8604400867330292,0.8728033651892700
1.4679744478674817,0.8480770565682997,0.8851668815332311
1.4681829669662416,0.8357142857142857,0.8975306259341772
1.4684956900981136,0.8233517858517745,0.9098945890955205
1.4689125507097600,0.8109895693735233,0.9222587622190401
1.4694334601735295,0.7986276494393237,0.9346231369719377
1.4700583078815033,0.7862660400362498,0.9469877054564723
1.4707869613626188,0.7739047560446772,0.9593524601819410
1.4716192664225767,0.7615438133107224,0.9717173940387973
1.4725550473061910,0.7491832287258448,0.9840825002747173
1.4735941068817882,0.7368230203144484,0.9964477724724493
1.4747362268471980,0.7244632073304413,1.0088132045292890
1.4759811679568493,0.7121038103638355,1.0211787906380450
1.4773286702694157,0.6997448514586277,1.0335445252693691
1.4787784534154245,0.6873863542433759,1.0459104031553428
1.4803302168841952,0.6750283440761005,1.0582764192742067
1.4819836403294342,0.6626708482053699,1.0706425688361554
1.4837383838927720,0.6503138959497221,1.0830088472700978
1.4855940885445014,0.6379575188979022,1.0953752502113192
1.4875503764407374,0.6256017511327858,1.1077417734899653
1.4896068512961975,0.6132466294823222,1.1201084131202912
1.4917630987717663,0.6008921938013743,1.1324751652906127
1.4940186868760021,0.5885384872889861,1.1448420263539080
1.4963731663797050,0.5761855568463751,1.1572089928190260
1.4988260712426690,0.5638334534818824,1.1695760613424449
1.5013769190517166,0.5514822327702177,1.1819432287205536
1.5040252114691075,0.5391319553746766,1.1943104918824117
1.5067704346904152,0.5267826876426369,1.2066778478829500
1.5096120599109466,0.5144345022865954,1.2190452938965919
1.5125495437997990,0.5020874791654278,1.2314128272112514
1.5155823289806356,0.4897417061834841,1.2437804452226957
1.5187098445182787,0.4773972803287698,1.2561481454292347
1.5219315064102201,0.4650543088759436,1.2685159254267264
1.5252467180821625,0.4527129107854522,1.2808837829038675
1.5286548708867267,0.4403732183370956,1.2932517156377563
1.5321553446044562,0.4280353790451038,1.3056197214897058
1.5357475079462983,0.4156995579128988,1.3179877984012955
1.5394307190567265,0.4033659400998714,1.3303559443906394
1.5432043260167250,0.3910347340905999,1.3427241575488638
1.5470676673458530,0.3787061754803302,1.3550924360367753
1.5510200725026488,0.3663805315209188,1.3674607780817105
1.5550608623826545,0.3540581066112494,1.3798291819745558
1.5591893498133664,0.3417392489687339,1.3921976460669245
1.5634048400454537,0.3294243587885771,1.4045661687684850
1.5677066312396122,0.3171138982917586,1.4169347485444252
1.5720940149484492,0.3048084041907409,1.4293033839130538
1.5765662765928350,0.2925085032777610,1.4416720734435202
1.5811226959321774,0.2802149320847574,1.4540408157536540
1.5857625475281150,0.2679285619073006,1.4664096095079104
1.5904851012011578,0.2556504309739039,1.4787784534154242
1.5952896224798292,0.2433817862485831,1.4911473462281537
1.6001753730419037,0.2311241383909062,1.5035162867391212
1.6051416111473575,0.2188793349434936,1.5158852737807391
1.6101875920626930,0.2066496591641346,1.5282543062232137
1.6153125684763152,0.1944379655545171,1.5406233829730305
1.6205157909046823,0.1822478688881868,1.5529925029715095
1.6257965080889691,0.1700840128541521,1.5653616651934286
1.6311539673820254,0.1579524599106855,1.5777308686457114
1.6365874151254305,0.1458612704047295,1.5901001123661802
1.6420960970164730,0.1338213856799657,1.6024693954223608
1.6476792584649205,0.1218480150659428,1.6148387169103460
1.6533361449394570,0.1099628879881474,1.6272080759537115
1.6590660023037058,0.0981980506061966,1.6395774717024767
1.6648680771417639,0.0866025403784438,1.6519469033321170
1.6707416170732110,0.0752546696632339,1.6643163700426180
1.6766858710575698,0.0642857142857142,1.6766858710575698
1.6827000896882174,0.0539273888233625,1.6890554056233045
1.6887835254757688,0.0446071285599885,1.7014249730080695
1.6949354331209725,0.0371153744479046,1.7137945725012358
1.6825636416383380,1.7078450438718233,0.0494871659305394
1.6764119848226877,1.6954771768274726,0.0566946709513841
1.6703293088490068,1.6831093674675874,0.0654653670707977
1.6643163700426180,1.6707416170732110,0.0752546696632339
1.6583739269635946,1.6583739269635944,0.0857142857142857
1.6525027401255494,1.6460062984976327,0.0966267804176335
1.6467035717035490,1.6336387330753643,0.1078547776467250
1.6409771852310988,1.6212712321395408,0.1193092363463576
1.6353243452861927,1.6089037971772668,0.1309307341415954
1.6297458171664163,1.5965364297217184,0.1426784596817012
1.6242423665531334,1.5841691313539390,0.1545236260913138
1.6188147591648020,1.5718019037047244,0.1664454313961579
1.6134637603994860,1.5594347484565930,0.1784285142399543
1.6081901349666594,1.5470676673458528,0.1904613089424769
1.6029946465084326,1.5347006621647687,0.2025349554108261
1.5978780572103388,1.5223337347638328,0.2146425600188102
1.5928411274018690,1.5099668870541498,0.2267786838055364
1.5878846151469599,1.4976001210099377,0.2389389811953961
1.5830092758246679,1.4852334386711534,0.2511199404463849
1.5782158617003093,1.4728668421462536,0.2633186941595252
1.5735051214873560,1.4605003336150923,0.2755328788855130
1.5688777999004284,1.4481339153319672,0.2877605296926241
1.5643346371997450,1.4357675896288267,0.3000000000000000
1.5598763687274342,1.4234013589186390,0.3122498999199199
1.5555037244361374,1.4110352256989422,0.3245090483314441
1.5512174284103704,1.3986691925555812,0.3367764352607510
1.5470181983811468,1.3863032621666433,0.3490511920820176
1.5429067452343959,1.3739374373066093,0.3613325677126211
1.5388837725137408,1.3615717208507260,0.3736199094463436
1.5349499759182477,1.3492061157796250,0.3859126474068601
1.5311060427957677,1.3368406251841902,0.3982102818504673
1.5273526516325495,1.3244752522707062,0.4105123727286004
1.5236904715398154,1.3121100003662896,0.4228185310556784
1.5201201617380284,1.2997448729246357,0.4351284117290866
1.5166423710396110,1.2873798735320938,0.4474417075247379
1.5132577373309009,1.2750150059140960,0.4597581440501170
1.5099668870541503,1.2626502739419630,0.4720774754816658
1.5067704346904154,1.2502856816401144,0.4843994809481707
1.5036689822441860,1.2379212331937104,0.4967239614489631
1.5006631187306390,1.2255569329567546,0.5090507372170523
1.4977534196664180,1.2131927854606939,0.5213796454541331
1.4949404465648490,1.2008287954235470,0.5337105383777898
1.4922247464365250,1.1884649677596042,0.5460432815318969
1.4896068512961975,1.1761013075897355,0.5583777523198021
1.4870872776769264,1.1637378202523600,0.5707138387268050
1.4846665261524392,1.1513745113151160,0.5830514382040720
1.4823450808686587,1.1390113865872940,0.5953904566907059
1.4801234090853537,1.1266484521330855,0.6077308077544510
1.4780019607288644,1.1142857142857143,0.6200724118345915
1.4759811679568495,1.1019231796625166,0.6324151955731587
1.4740614447359863,1.0895608551810480,0.6447590912226718
1.4722431864335460,1.0771987480762977,0.6571040361203956
1.4705267694237454,1.0648368659190983,0.6694499722205705
1.4689125507097600,1.0524752166358373,0.6817968456772957
1.4674008675622519,1.0401138085295654,0.6941446064717910
1.4659920371752450,1.0277526503026306,0.7064932080786229
1.4646863563401484,1.0153917510809634,0.7188426071662357
1.4634841011386883,1.0030311204401530,0.7311927633277404
1.4623855266554810,0.9906707684334748,0.7435436388384630
1.4613908667109299,0.9783107056220400,0.7558951984371961
1.4605003336150926,0.9659509431072553,0.7682474091285000
1.4597141179431161,0.9535914925658038,0.7806002400037280
1.4590323883327887,0.9412323662873789,0.7929536620787382
1.4584552913047057,0.9288735772154245,0.8053076481465113
1.4579829511054940,0.9165151389911679,0.8176621726430963
1.4576154695744887,0.9041570660012561,0.8300172115255029
1.4573529260341878,0.8917993734293491,0.8423727421603181
1.4571953772047657,0.8794420773120527,0.8547287432219628
1.4571428571428573,0.8670851945996295,0.8670851945996295
1.4571953772047657,0.8547287432219627,0.8794420773120528
1.4573529260341878,0.8423727421603181,0.8917993734293490
1.4576154695744887,0.8300172115255030,0.9041570660012561
1.4579829511054943,0.8176621726430964,0.9165151389911678
1.4584552913047057,0.8053076481465112,0.9288735772154247
1.4590323883327887,0.7929536620787381,0.9412323662873789
1.4597141179431161,0.7806002400037279,0.9535914925658038
1.4605003336150923,0.7682474091285001,0.9659509431072552
1.4613908667109299,0.7558951984371960,0.9783107056220401
1.4623855266554808,0.7435436388384630,0.9906707684334748
1.4634841011386883,0.7311927633277404,1.0030311204401530
1.4646863563401482,0.7188426071662357,1.0153917510809634
1.4659920371752448,0.7064932080786228,1.0277526503026309
1.4674008675622519,0.6941446064717909,1.0401138085295654
1.4689125507097600,0.6817968456772956,1.0524752166358375
1.4705267694237454,0.6694499722205703,1.0648368659190983
1.4722431864335460,0.6571040361203957,1.0771987480762975
1.4740614447359863,0.6447590912226718,1.0895608551810483
1.4759811679568495,0.6324151955731587,1.1019231796625166
1.4780019607288644,0.6200724118345916,1.1142857142857140
1.4801234090853537,0.6077308077544511,1.1266484521330855
1.4823450808686587,0.5953904566907059,1.1390113865872942
1.4846665261524390,0.5830514382040719,1.1513745113151161
1.4870872776769260,0.5707138387268051,1.1637378202523600
1.4896068512961975,0.5583777523198021,1.1761013075897355
1.4922247464365248,0.5460432815318971,1.1884649677596040
1.4949404465648488,0.5337105383777897,1.2008287954235470
1.4977534196664180,0.5213796454541331,1.2131927854606939
1.5006631187306387,0.5090507372170523,1.2255569329567544
1.5036689822441858,0.4967239614489632,1.2379212331937102
1.5067704346904152,0.4843994809481705,1.2502856816401144
1.5099668870541500,0.4720774754816658,1.2626502739419630
1.5132577373309006,0.4597581440501171,1.2750150059140961
1.5166423710396109,0.4474417075247379,1.2873798735320938
1.5201201617380284,0.4351284117290866,1.2997448729246357
1.5236904715398152,0.4228185310556783,1.3121100003662896
1.5273526516325493,0.4105123727286004,1.3244752522707062
1.5311060427957675,0.3982102818504673,1.3368406251841904
1.5349499759182474,0.3859126474068600,1.3492061157796250
1.5388837725137408,0.3736199094463433,1.3615717208507263
1.5429067452343954,0.3613325677126211,1.3739374373066093
1.5470181983811466,0.3490511920820176,1.3863032621666436
1.5512174284103701,0.3367764352607510,1.3986691925555812
1.5555037244361370,0.3245090483314441,1.4110352256989425
1.5598763687274340,0.3122498999199199,1.4234013589186392
1.5643346371997449,0.2999999999999999,1.4357675896288270
1.5688777999004282,0.2877605296926241,1.4481339153319674
1.5735051214873559,0.2755328788855128,1.4605003336150923
1.5782158617003090,0.2633186941595251,1.4728668421462536
1.5830092758246677,0.2511199404463849,1.4852334386711534
1.5878846151469597,0.2389389811953962,1.4976001210099372
1.5928411274018690,0.2267786838055364,1.5099668870541498
1.5978780572103384,0.2146425600188102,1.5223337347638328
1.6029946465084322,0.2025349554108260,1.5347006621647687
1.6081901349666590,0.1904613089424770,1.5470676673458528
1.6134637603994857,0.1784285142399543,1.5594347484565930
1.6188147591648019,0.1664454313961577,1.5718019037047246
1.6242423665531330,0.1545236260913138,1.5841691313539390
1.6297458171664156,0.1426784596817013,1.5965364297217184
1.6353243452861925,0.1309307341415955,1.6089037971772670
1.6409771852310986,0.1193092363463578,1.6212712321395408
1.6467035717035485,0.1078547776467249,1.6336387330753643
1.6525027401255494,0.0966267804176335,1.6460062984976325
1.6583739269635944,0.0857142857142857,1.6583739269635942
1.6643163700426178,0.0752546696632340,1.6707416170732108
1.6703293088490068,0.0654653670707977,1.6831093674675877
1.6764119848226875,0.0566946709513841,1.6954771768274726
1.6825636416383378,0.0494871659305394,1.7078450438718236
1.6701918501557034,1.7019646510634079,0.0618589574131742
1.6640404478992987,1.6895990346704106,0.0688832197213782
1.6579585430921504,1.6772335093534112,0.0772618130456569
1.6519469033321172,1.6648680771417639,0.0866025403784439
1.6460062984976327,1.6525027401255494,0.0966267804176335
1.6401375004578620,1.6401375004578620,0.1071428571428571
1.6343412827715726,1.6277723603572020,0.1180193688704164
1.6286184203746665,1.6154073221099780,0.1291652951430366
1.6229696892563640,1.6030423880731237,0.1405165398064714
1.6173958661240306,1.5906775606768380,0.1520271189556626
1.6118977280566800,1.5783128424274535,0.1636634176769943
1.6064760521471988,1.5659482359104402,0.1754004165401240
1.6011316151333694,1.5535837437935527,0.1872191774583023
1.5958651930177920,1.5412193688301294,0.1991051409252336
1.5906775606768384,1.5288551138625508,0.2110469528956308
1.5855694914587941,1.5164909818258674,0.2230356427999427
1.5805417567713798,1.5041269757516065,0.2350640381700619
1.5755951256588734,1.4917630987717663,0.2471263413143741
1.5707303643690795,1.4793993541230144,0.2592178187374865
1.5659482359104406,1.4670357451510923,0.2713345701888940
1.5612494995995998,1.4546722753154500,0.2834733547569205
1.5566349105997720,1.4423089481941154,0.2956314583796411
1.5521052194503113,1.4299457674888174,0.3078065918059321
1.5476611715878954,1.4175827370303753,0.3199968112086016
1.5433035068597867,1.4052198607843744,0.3322004558352423
1.5390329590296603,1.3928571428571428,0.3444160986068912
1.5348502552765366,1.3804945875020476,0.3566425066519979
1.5307561156873706,1.3681321991261350,0.3688786095335815
1.5267512527439113,1.3557699822971294,0.3811234734844030
1.5228363708044599,1.3434079417508233,0.3933762803718390
1.5190121655811960,1.3310460823988730,0.4056363104143053
1.5152793236137783,1.3186844093370373,0.4179029278945736
1.5116385217399575,1.3063229278538804,0.4301755692832442
1.5080904265639636,1.2939616434399737,0.4424537333128165
1.5046356939234733,1.2816005617976294,0.4547369726399144
1.5012749683559790,1.2692396888512043,0.4670248868079293
1.4980088825654200,1.2568790307580056,0.4793171162802176
1.4948380568899530,1.2445185939198518,0.4916133373591361
1.4917630987717667,1.2321583849953242,0.5039132578416362
1.4887846022298640,1.2197984109127646,0.5162166132901330
1.4859031473367659,1.2074386788840692,0.5285231638195980
1.4831192997000808,1.1950791964193360,0.5408326913195983
1.4804336099499322,1.1827199713424328,0.5531449970442668
1.4778466132332200,1.1703610118075463,0.5654598995147080
1.4753588287157090,1.1580023263167920,0.5777772326876898
1.4729707590929488,1.1456439237389600,0.5900968443520823
1.4706828901110214,1.1332858133294872,0.6024185947207358
1.4684956900981136,1.1209280047517480,0.6147423551906165
1.4664096095079107,1.1085705080997650,0.6270680072482455
1.4644250804757923,1.0962133339224567,0.6393954415009891
1.4625425163888050,1.0838564932495370,0.6517245568176663
1.4607623114703656,1.0714999976192063,0.6640552595643693
1.4590848403806314,1.0591438591077769,0.6763874629234341
1.4575104578334517,1.0467880903613915,0.6887210862852085
1.4560394982307876,1.0344327046300126,0.7010560547037125
1.4546722753154502,1.0220777158038700,0.7133922984085064
1.4534090818429870,1.0097231384525810,0.7257297523661185
1.4522501892734940,0.9973689878671702,0.7380683558852686
1.4511958474841025,0.9850152801052460,0.7504080522608744
1.4502462845028379,0.9726620320396127,0.7627487884524722
1.4494017062645020,0.9603092614106251,0.7750905147932394
1.4486622963891866,0.9479569868826284,0.7874331847262745
1.4480282159839686,0.9356052281048577,0.7997767545652080
1.4474996034682760,0.9232540057772147,0.8121211832765666
1.4470765744233780,0.9109033417213834,0.8244664322816203
1.4467592214663638,0.8985532589577946,0.8368124652757130
1.4465476141489433,0.8862037817890098,0.8491592480632996
1.4464417988813172,0.8738549358901577,0.8615067484071267
1.4464417988813172,0.8615067484071267,0.8738549358901577
1.4465476141489433,0.8491592480632997,0.8862037817890097
1.4467592214663640,0.8368124652757130,0.8985532589577945
1.4470765744233780,0.8244664322816204,0.9109033417213834
1.4474996034682760,0.8121211832765667,0.9232540057772146
1.4480282159839686,0.7997767545652080,0.9356052281048577
1.4486622963891866,0.7874331847262745,0.9479569868826284
1.4494017062645017,0.7750905147932394,0.9603092614106251
1.4502462845028379,0.7627487884524723,0.9726620320396125
1.4511958474841025,0.7504080522608741,0.9850152801052461
1.4522501892734936,0.7380683558852686,0.9973689878671703
1.4534090818429866,0.7257297523661185,1.0097231384525810
1.4546722753154500,0.7133922984085064,1.0220777158038703
1.4560394982307878,0.7010560547037124,1.0344327046300128
1.4575104578334517,0.6887210862852083,1.0467880903613915
1.4590848403806311,0.6763874629234341,1.0591438591077769
1.4607623114703656,0.6640552595643694,1.0714999976192063
1.4625425163888050,0.6517245568176664,1.0838564932495370
1.4644250804757923,0.6393954415009891,1.0962133339224567
1.4664096095079109,0.6270680072482455,1.1085705080997650
1.4684956900981136,0.6147423551906166,1.1209280047517478
1.4706828901110214,0.6024185947207359,1.1332858133294870
1.4729707590929486,0.5900968443520823,1.1456439237389600
1.4753588287157087,0.5777772326876899,1.1580023263167920
1.4778466132332198,0.5654598995147080,1.1703610118075463
1.4804336099499320,0.5531449970442670,1.1827199713424326
1.4831192997000804,0.5408326913195985,1.1950791964193357
1.4859031473367657,0.5285231638195979,1.2074386788840690
1.4887846022298640,0.5162166132901330,1.2197984109127644
1.4917630987717663,0.5039132578416363,1.2321583849953240
1.4948380568899530,0.4916133373591363,1.2445185939198515
1.4980088825654200,0.4793171162802176,1.2568790307580056
1.5012749683559787,0.4670248868079294,1.2692396888512043
1.5046356939234730,0.4547369726399144,1.2816005617976296
1.5080904265639634,0.4424537333128167,1.2939616434399734
1.5116385217399575,0.4301755692832442,1.3063229278538804
1.5152793236137778,0.4179029278945736,1.3186844093370373
1.5190121655811955,0.4056363104143053,1.3310460823988730
1.5228363708044597,0.3933762803718390,1.3434079417508233
1.5267512527439109,0.3811234734844030,1.3557699822971294
1.5307561156873704,0.3688786095335815,1.3681321991261350
1.5348502552765362,0.3566425066519980,1.3804945875020476
1.5390329590296600,0.3444160986068913,1.3928571428571428
1.5433035068597862,0.3322004558352426,1.4052198607843744
1.5476611715878950,0.3199968112086016,1.4175827370303755
1.5521052194503109,0.3078065918059321,1.4299457674888176
1.5566349105997717,0.2956314583796411,1.4423089481941158
1.5612494995995996,0.2834733547569205,1.4546722753154500
1.5659482359104404,0.2713345701888939,1.4670357451510923
1.5707303643690790,0.2592178187374865,1.4793993541230142
1.5755951256588732,0.2471263413143742,1.4917630987717663
1.5805417567713795,0.2350640381700620,1.5041269757516063
1.5855694914587937,0.2230356427999429,1.5164909818258674
1.5906775606768380,0.2110469528956308,1.5288551138625508
1.5958651930177918,0.1991051409252336,1.5412193688301294
1.6011316151333692,0.1872191774583024,1.5535837437935527
1.6064760521471984,0.1754004165401240,1.5659482359104402
1.6118977280566795,0.1636634176769943,1.5783128424274540
1.6173958661240302,0.1520271189556626,1.5906775606768382
1.6229696892563636,0.1405165398064715,1.6030423880731237
1.6286184203746663,0.1291652951430367,1.6154073221099780
1.6343412827715722,0.1180193688704167,1.6277723603572019
1.6401375004578620,0.1071428571428571,1.6401375004578620
1.6460062984976325,0.0966267804176335,1.6525027401255492
1.6519469033321172,0.0866025403784439,1.6648680771417637
1.6579585430921500,0.0772618130456571,1.6772335093534110
1.6640404478992985,0.0688832197213782,1.6895990346704106
1.6701918501557030,0.0618589574131743,1.7019646510634077
1.6578200586730685,1.6961541131365994,0.0742307488958090
1.6516689147894120,1.6837912760269576,0.0811272620828610
1.6455877927577947,1.6714285714285715,0.0892142571199770
1.6395774717024770,1.6590660023037058,0.0981980506061966
1.6336387330753646,1.6467035717035488,0.1078547776467250
1.6277723603572025,1.6343412827715724,0.1180193688704164
1.6219791387470472,1.6219791387470470,0.1285714285714285
1.6162598548399785,1.6096171429687170,0.1394230092567367
1.6106152962930231,1.5972552988786475,0.1505093393264677
1.6050462514793011,1.5848936100262503,0.1617821664700875
1.5995535091304165,1.5725320800724996,0.1732050807568877
1.5941378579671466,1.5601707127943480,0.1847502450911081
1.5888000863185132,1.5478095120893545,0.1963961012123932
1.5835409817293415,1.5354484819805340,0.2081257469190495
1.5783613305564475,1.5230876266214450,0.2199257759762950
1.5732619175536193,1.5107269503015253,0.2317854391369706
1.5682435254455993,1.4983664574516897,0.2436960301318854
1.5633069344912955,1.4860061526502122,0.2556504309739040
1.5584529220364927,1.4736460406288970,0.2676427713599314
1.5536822620563615,1.4612861262795670,0.2796681707207412
1.5489957246881096,1.4489264146608827,0.2917225408094591
1.5443940757541421,1.4365669110055117,0.3038024331162391
1.5398780762761444,1.4242076207276715,0.3159049198213711
1.5354484819805345,1.4118485494310684,0.3280275000915723
1.5311060427957680,1.3994897029172555,0.3401680257083044
1.5268515023420195,1.3871310871944382,0.3523246415753863
1.5226855974138027,1.3747727084867520,0.3644957377763735
1.5186090574561169,1.3624145732440456,0.3766799106695774
1.5146226040347681,1.3500566881522010,0.3888759311090344
1.5107269503015253,1.3376990601440235,0.4010827183247560
1.5069228004548252,1.3253416964107398,0.4132993183282695
1.5032108491967646,1.3129846044141460,0.4255248859601851
1.4995917811871613,1.3006277918994444,0.4377586698869874
1.4960662704954908,1.2882712669088203,0.4499999999999999
1.4926349800515430,1.2759150377958044,0.4622482767818124
1.4892985610956702,1.2635591132404770,0.4745029622926392
1.4860576526295257,1.2512035022655716,0.4867635724971662
1.4829128808682250,1.2388482142535395,0.4990296707059590
1.4798648586948744,1.2264932589646445,0.5113008619478079
1.4769141851184455,1.2141386465561600,0.5235767881230264
1.4740614447359863,1.2017843876027490,0.5358571238146014
1.4713072072001770,1.1894304931181072,0.5481415726557047
1.4686520266932548,1.1770769745779723,0.5604298641695150
1.4660964414083422,1.1647238439445897,0.5727217510114598
1.4636409730392164,1.1523711136927501,0.5850170065555219
1.4612861262795673,1.1400187968375157,0.5973154227757008
1.4590323883327890,1.1276669069637648,0.6096168083814819
1.4568802284333466,1.1153154582576947,0.6219209871725782
1.4548300973807553,1.1029644655404351,0.6342277965835175
1.4528824270871940,1.0906139443039430,0.6465370863930642
1.4510376301397676,1.0782639107493535,0.6588487175771545
1.4492960993784085,1.0659143818279944,0.6711625612871066
1.4476582074903890,1.0535653752852738,0.6834784979374677
1.4461243066223880,1.0412169097076864,0.6957964163900417
1.4446947280110278,1.0288690045731907,0.7081162132224987
1.4433697816327640,1.0165216803052515,0.7204377920715278
1.4421497558739687,1.0041749583308555,0.7327610630418376
1.4410349172220158,0.9918288611428477,0.7450859421734446
1.4400255099781238,0.9794834123669685,0.7574123509606606
1.4391217559926710,0.9671386368340078,0.7697402159170325
1.4383238544236420,0.9547945606575399,0.7820694681811995
1.4376319815188150,0.9424512113177455,0.7944000431592565
1.4370462904222420,0.9301086177518874,0.8067318801997427
1.4365669110055120,0.9177668104520597,0.8190649222978453
1.4361939497242320,0.9054258215709042,0.8313991158257978
1.4359274895000935,0.8930856850360588,0.8437344102868158
1.4357675896288270,0.8807464366741915,0.8560707580902077
1.4357142857142857,0.8684081143455676,0.8684081143455675
1.4357675896288271,0.8560707580902077,0.8807464366741915
1.4359274895000935,0.8437344102868157,0.8930856850360588
1.4361939497242322,0.8313991158257978,0.9054258215709042
1.4365669110055121,0.8190649222978453,0.9177668104520595
1.4370462904222420,0.8067318801997430,0.9301086177518871
1.4376319815188152,0.7944000431592565,0.9424512113177453
1.4383238544236419,0.7820694681811997,0.9547945606575396
1.4391217559926710,0.7697402159170327,0.9671386368340077
1.4400255099781238,0.7574123509606608,0.9794834123669682
1.4410349172220156,0.7450859421734446,0.9918288611428477
1.4421497558739687,0.7327610630418376,1.0041749583308555
1.4433697816327637,0.7204377920715278,1.0165216803052515
1.4446947280110276,0.7081162132224988,1.0288690045731907
1.4461243066223880,0.6957964163900416,1.0412169097076867
1.4476582074903888,0.6834784979374676,1.0535653752852738
1.4492960993784083,0.6711625612871067,1.0659143818279944
1.4510376301397674,0.6588487175771546,1.0782639107493535
1.4528824270871940,0.6465370863930642,1.0906139443039429
1.4548300973807555,0.6342277965835175,1.1029644655404354
1.4568802284333466,0.6219209871725782,1.1153154582576947
1.4590323883327890,0.6096168083814820,1.1276669069637648
1.4612861262795673,0.5973154227757009,1.1400187968375155
1.4636409730392164,0.5850170065555219,1.1523711136927501
1.4660964414083422,0.5727217510114598,1.1647238439445897
1.4686520266932546,0.5604298641695151,1.1770769745779723
1.4713072072001767,0.5481415726557048,1.1894304931181072
1.4740614447359860,0.5358571238146016,1.2017843876027487
1.4769141851184455,0.5235767881230263,1.2141386465561603
1.4798648586948742,0.5113008619478080,1.2264932589646445
1.4829128808682246,0.4990296707059591,1.2388482142535395
1.4860576526295255,0.4867635724971664,1.2512035022655716
1.4892985610956697,0.4745029622926391,1.2635591132404773
1.4926349800515428,0.4622482767818125,1.2759150377958046
1.4960662704954903,0.4500000000000000,1.2882712669088203
1.4995917811871609,0.4377586698869875,1.3006277918994444
1.5032108491967642,0.4255248859601850,1.3129846044141460
1.5069228004548252,0.4132993183282694,1.3253416964107398
1.5107269503015253,0.4010827183247559,1.3376990601440235
1.5146226040347681,0.3888759311090342,1.3500566881522010
1.5186090574561166,0.3766799106695775,1.3624145732440454
1.5226855974138027,0.3644957377763734,1.3747727084867520
1.5268515023420193,0.3523246415753863,1.3871310871944382
1.5311060427957675,0.3401680257083045,1.3994897029172557
1.5354484819805339,0.3280275000915724,1.4118485494310684
1.5398780762761441,0.3159049198213710,1.4242076207276717
1.5443940757541417,0.3038024331162391,1.4365669110055120
1.5489957246881092,0.2917225408094590,1.4489264146608830
1.5536822620563613,0.2796681707207414,1.4612861262795669
1.5584529220364924,0.2676427713599312,1.4736460406288970
1.5633069344912955,0.2556504309739039,1.4860061526502120
1.5682435254455989,0.2436960301318854,1.4983664574516897
1.5732619175536189,0.2317854391369708,1.5107269503015248
1.5783613305564472,0.2199257759762950,1.5230876266214450
1.5835409817293415,0.2081257469190494,1.5354484819805340
1.5888000863185132,0.1963961012123930,1.5478095120893545
1.5941378579671464,0.1847502450911081,1.5601707127943480
1.5995535091304160,0.1732050807568878,1.5725320800724996
1.6050462514793010,0.1617821664700874,1.5848936100262507
1.6106152962930227,0.1505093393264676,1.5972552988786477
1.6162598548399780,0.1394230092567367,1.6096171429687170
1.6219791387470468,0.1285714285714286,1.6219791387470468
1.6277723603572020,0.1180193688704166,1.6343412827715722
1.6336387330753643,0.1078547776467249,1.6467035717035485
1.6395774717024767,0.0981980506061966,1.6590660023037056
1.6455877927577942,0.0892142571199771,1.6714285714285713
1.6516689147894115,0.0811272620828611,1.6837912760269570
1.6578200586730683,0.0742307488958089,1.6961541131365994
1.6454482671904334,1.6904141504376966,0.0866025403784439
1.6392973855793669,1.6780546316907490,0.0934049773615859
1.6332170581963912,1.6656952951625128,0.1012674777054130
1.6272080759537115,1.6533361449394570,0.1099628879881476
1.6212712321395410,1.6409771852310986,0.1193092363463576
1.6154073221099785,1.6286184203746663,0.1291652951430366
1.6096171429687174,1.6162598548399778,0.1394230092567367
1.6039014932345441,1.6039014932345440,0.1500000000000001
1.5982611724965994,1.5915433403089065,0.1608332892742530
1.5926969810574103,1.5791854009622317,0.1718744202216567
1.5872097195637227,1.5668276802481620,0.1830857945425186
1.5818001886251927,1.5544701833809510,0.1944379655545171
1.5764691884210160,1.5421129157418918,0.2059076472199940
1.5712175182946246,1.5297558828860536,0.2174762478234047
1.5660459763365826,1.5173990905493515,0.2291287847477921
1.5609553589558742,1.5050425446559605,0.2408530757155338
1.5559464604397872,1.4926862513260981,0.2526391311975342
1.5510200725026493,1.4803302168841947,0.2644786940224804
1.5461769838236900,1.4679744478674812,0.2763648874593301
1.5414179795743603,1.4556189510350037,0.2882919438658652
1.5367438409354572,1.4432637333771094,0.3002549936711957
1.5321553446044565,1.4309088021254184,0.3122498999199200
1.5276532622934822,1.4185541647633150,0.3242731275090334
1.5232383602183925,1.4061998290369948,0.3363216390569587
1.5189113985794873,1.3938458029670928,0.3483928113787772
1.5146731310343995,1.3814920948609386,0.3604843680270156
1.5105243041637522,1.3691387133254724,0.3725943244498566
1.5064656569302217,1.3567856672808625,0.3847209431284352
1.5024979201316722,1.3444329659748750,0.3968626966596887
1.4986218158490740,1.3320806189980408,0.4090182372062975
1.4948380568899533,1.3197286362996700,0.4211863710801592
1.4911473462281540,1.3073770282047756,0.4333660374890718
1.4875503764407376,1.2950258054319588,0.4455562906785912
1.4840478291428731,1.2826749791123300,0.4577562848574890
1.4806403744216040,1.2703245608095273,0.4699652614170281
1.4773286702694157,1.2579745625409124,0.4821825380496477
1.4741133620185500,1.2456249968000246,0.4944074994477774
1.4709950817770414,1.2332758765803788,0.5066395893230096
1.4679744478674814,1.2209272154007063,0.5188783035332573
1.4650520642695290,1.2085790273317347,0.5311231841434658
1.4622285200672156,1.1962313270246276,0.5433738142759700
1.4595043889020993,1.1838841297411926,0.5556298136312688
1.4568802284333466,1.1715374513859980,0.5678908345800273
1.4543565798058227,1.1591913085405350,0.5801565587434665
1.4519339671272793,1.1468457184995793,0.5924266939926847
1.4496128969557385,1.1345006993099183,0.6047009718084819
1.4473938577981589,1.1221562698116296,0.6169791449523415
1.4452773196214785,1.1098124496821016,0.6292609854067722
1.4432637333771100,1.0974692594830180,0.6415462825494832
1.4413535305399574,1.0851267207105350,0.6538348415311010
1.4395471226630085,1.0727848558489140,0.6661264818305294
1.4378449009485250,1.0604436884278818,0.6784210359657314
1.4362472358368457,1.0481032430840318,0.6907183483408370
1.4347544766137743,1.0357635456265968,0.7030182742130897
1.4333669510374973,1.0234246231079616,0.7153206787653966
1.4320849649859384,1.0110865038993186,0.7276254362721275
1.4309088021254186,0.9987492177719087,0.7399324293474372
1.4298387236014434,0.9864127959843345,0.7522415482667623
1.4288749677523882,0.9740772713764778,0.7645526903533404
1.4280177498468118,0.9617426784706169,0.7768657594226079
1.4272672618450597,0.9494090535803879,0.7891806652782236
1.4266236721857720,0.9370764349283142,0.8014973232542162
1.4260871255978433,0.9247448627726945,0.8138156537984182
1.4256577429383253,0.9124143795447328,0.8261355820929154
1.4253356210566905,0.9000850299968829,0.8384570377077365
1.4251208326858120,0.8877568613634923,0.8507799542844465
1.4250134263599492,0.8754299235349497,0.8631042692466748
1.4250134263599492,0.8631042692466747,0.8754299235349500
1.4251208326858120,0.8507799542844464,0.8877568613634925
1.4253356210566905,0.8384570377077364,0.9000850299968830
1.4256577429383253,0.8261355820929153,0.9124143795447329
1.4260871255978433,0.8138156537984182,0.9247448627726946
1.4266236721857720,0.8014973232542162,0.9370764349283142
1.4272672618450597,0.7891806652782234,0.9494090535803882
1.4280177498468118,0.7768657594226077,0.9617426784706171
1.4288749677523880,0.7645526903533402,0.9740772713764781
1.4298387236014432,0.7522415482667622,0.9864127959843346
1.4309088021254184,0.7399324293474370,0.9987492177719091
1.4320849649859382,0.7276254362721275,1.0110865038993186
1.4333669510374973,0.7153206787653966,1.0234246231079618
1.4347544766137740,0.7030182742130897,1.0357635456265968
1.4362472358368457,0.6907183483408369,1.0481032430840320
1.4378449009485250,0.6784210359657314,1.0604436884278818
1.4395471226630085,0.6661264818305291,1.0727848558489141
1.4413535305399574,0.6538348415311010,1.0851267207105350
1.4432637333771097,0.6415462825494831,1.0974692594830180
1.4452773196214783,0.6292609854067721,1.1098124496821018
1.4473938577981589,0.6169791449523414,1.1221562698116296
1.4496128969557385,0.6047009718084819,1.1345006993099183
1.4519339671272795,0.5924266939926847,1.1468457184995793
1.4543565798058227,0.5801565587434663,1.1591913085405352
1.4568802284333466,0.5678908345800272,1.1715374513859982
1.4595043889020990,0.5556298136312686,1.1838841297411926
1.4622285200672156,0.5433738142759700,1.1962313270246276
1.4650520642695288,0.5311231841434658,1.2085790273317347
1.4679744478674814,0.5188783035332570,1.2209272154007063
1.4709950817770414,0.5066395893230095,1.2332758765803788
1.4741133620185500,0.4944074994477775,1.2456249968000244
1.4773286702694155,0.4821825380496478,1.2579745625409122
1.4806403744216037,0.4699652614170279,1.2703245608095273
1.4840478291428727,0.4577562848574889,1.2826749791123300
1.4875503764407376,0.4455562906785912,1.2950258054319590
1.4911473462281537,0.4333660374890718,1.3073770282047756
1.4948380568899530,0.4211863710801589,1.3197286362996705
1.4986218158490738,0.4090182372062973,1.3320806189980410
1.5024979201316720,0.3968626966596885,1.3444329659748753
1.5064656569302217,0.3847209431284351,1.3567856672808625
1.5105243041637522,0.3725943244498565,1.3691387133254724
1.5146731310343995,0.3604843680270153,1.3814920948609390
1.5189113985794870,0.3483928113787770,1.3938458029670928
1.5232383602183920,0.3363216390569586,1.4061998290369948
1.5276532622934820,0.3242731275090334,1.4185541647633153
1.5321553446044562,0.3122498999199198,1.4309088021254186
1.5367438409354568,0.3002549936711956,1.4432637333771094
1.5414179795743599,0.2882919438658651,1.4556189510350037
1.5461769838236896,0.2763648874593300,1.4679744478674812
1.5510200725026488,0.2644786940224801,1.4803302168841952
1.5559464604397872,0.2526391311975341,1.4926862513260981
1.5609553589558740,0.2408530757155337,1.5050425446559610
1.5660459763365824,0.2291287847477920,1.5173990905493517
1.5712175182946244,0.2174762478234047,1.5297558828860536
1.5764691884210160,0.2059076472199938,1.5421129157418920
1.5818001886251922,0.1944379655545170,1.5544701833809513
1.5872097195637225,0.1830857945425186,1.5668276802481620
1.5926969810574099,0.1718744202216567,1.5791854009622317
1.5982611724965992,0.1608332892742528,1.5915433403089068
1.6039014932345441,0.1499999999999999,1.6039014932345440
1.6096171429687170,0.1394230092567367,1.6162598548399778
1.6154073221099780,0.1291652951430366,1.6286184203746663
1.6212712321395408,0.1193092363463577,1.6409771852310986
1.6272080759537113,0.1099628879881475,1.6533361449394570
1.6332170581963910,0.1012674777054131,1.6656952951625128
1.6392973855793667,0.0934049773615859,1.6780546316907490
1.6454482671904334,0.0866025403784440,1.6904141504376966
1.6330764757077987,1.6847454843206362,0.0989743318610787
1.6269258603581300,1.6723898334724594,0.1057046327639196
1.6208463397690904,1.6600344230510058,0.1133893419027681
1.6148387169103464,1.6476792584649205,0.1218480150659427
1.6089037971772673,1.6353243452861925,0.1309307341415954
1.6030423880731240,1.6229696892563634,0.1405165398064715
1.5972552988786481,1.6106152962930225,0.1505093393264677
1.5915433403089070,1.5982611724965990,0.1608332892742530
1.5859073241574764,1.5859073241574762,0.1714285714285715
1.5803480629279110,1.5735537577634353,0.1822478688881868
1.5748663694525495,1.5612004800074557,0.1932535608352669
1.5694630564987142,1.5488474977958842,0.2044155431607740
1.5641389363623994,1.5364948182570002,0.2157095552934500
1.5588948204495678,1.5241424487499953,0.2271159013654950
1.5537315188452160,1.5117903968743922,0.2386184726927153
1.5486498398703992,1.4994386704799274,0.2502039984019571
1.5436505896274402,1.4870872776769260,0.2618614682831910
1.5387345715335876,1.4747362268471977,0.2735816857457937
1.5339025858434245,1.4623855266554808,0.2853569193634026
1.5291554291603626,1.4500351860614713,0.2971806294673531
1.5244938939376116,1.4376852143324712,0.3090472521826276
1.5199187679690290,1.4253356210566900,0.3209520276951567
1.5154308338703217,1.4129864161572459,0.3328908627923155
1.5110308685510982,1.4006376099069002,0.3448602201306660
1.5067196426783096,1.3882892129435818,0.3568570284799086
1.5024979201316720,1.3759412362867410,0.3688786095335817
1.4983664574516902,1.3635936913545912,0.3809226178849539
1.4943260032809553,1.3512465899822930,0.3929869915279692
1.4903772977994258,1.3388999444411407,0.4050699108216522
1.4865210721544395,1.3265537674588177,0.4171697642985383
1.4827580478862454,1.3142080722407912,0.4292851200376205
1.4790889363498916,1.3018628724929173,0.4414147015851536
1.4755144381343268,1.2895181824453437,0.4535573676110726
1.4720352424796226,1.2771740168777920,0.4657120946486583
1.4686520266932548,1.2648303911463175,0.4778779623907923
1.4653654555664084,1.2524873212116434,0.4900541411155401
1.4621761807913127,1.2401448236691832,0.5022398808927698
1.4590848403806310,1.2278029157808674,0.5144345022865954
1.4560920580899592,1.2154616155089022,0.5266373883190503
1.4531984428445120,1.2031209415515964,0.5388479775012085
1.4504045881710920,1.1907809133814118,0.5510657577710260
1.4477110716364558,1.1784415512853905,0.5632902612040680
1.4451184542932027,1.1661028764081438,0.5755210593852482
1.4426272801343234,1.1537649107975831,0.5877577593477346
1.4402380755575497,1.1414276774536100,0.6000000000000001
1.4379513488406530,1.1290912003799825,0.6122474489742772
1.4357675896288271,1.1167555046396040,0.6244997998398398
1.4336872684352993,1.1044206164135038,0.6367567696330124
1.4317108361562916,1.0920865630637937,0.6490180966628885
1.4298387236014434,1.0797533732009246,0.6612835385576651
1.4280713410407901,1.0674210767555794,0.6735528705215019
1.4264090777693672,1.0550897050555870,0.6858258837760083
1.4248523016904780,1.0427592909082661,0.6981023841640351
1.4234013589186394,1.0304298686886528,0.7103821908964618
1.4220565734031765,1.0181014744341046,0.7226651354252421
1.4208182465734030,1.0057741459458287,0.7349510604281687
1.4196866570062680,0.9934479228979262,0.7472398188926870
1.4186620601173230,0.9811228469546137,0.7595312732877040
1.4177446878757827,0.9687989618963411,0.7718252948137201
1.4169347485444252,0.9564763137556046,0.7841217627227995
1.4162324264449980,0.9441549509633317,0.7964205637009345
1.4156378817497428,0.9318349245068098,0.8087215913062407
1.4151512502995889,0.9195162881002341,0.8210247454572007
1.4147726434494912,0.9071990983690584,0.8333299319658476
1.4145021479413218,0.8948834150494757,0.8456370621113567
1.4143398258046556,0.8825693012044841,0.8579460522500401
1.4142857142857146,0.8702568234581732,0.8702568234581732
1.4143398258046556,0.8579460522500398,0.8825693012044843
1.4145021479413216,0.8456370621113565,0.8948834150494758
1.4147726434494912,0.8333299319658475,0.9071990983690585
1.4151512502995889,0.8210247454572006,0.9195162881002340
1.4156378817497426,0.8087215913062406,0.9318349245068099
1.4162324264449980,0.7964205637009345,0.9441549509633317
1.4169347485444250,0.7841217627227992,0.9564763137556049
1.4177446878757827,0.7718252948137198,0.9687989618963413
1.4186620601173230,0.7595312732877038,0.9811228469546138
1.4196866570062680,0.7472398188926869,0.9934479228979262
1.4208182465734030,0.7349510604281686,1.0057741459458287
1.4220565734031765,0.7226651354252421,1.0181014744341046
1.4234013589186394,0.7103821908964618,1.0304298686886528
1.4248523016904782,0.6981023841640351,1.0427592909082661
1.4264090777693674,0.6858258837760082,1.0550897050555872
1.4280713410407904,0.6735528705215018,1.0674210767555796
1.4298387236014434,0.6612835385576650,1.0797533732009248
1.4317108361562914,0.6490180966628885,1.0920865630637937
1.4336872684352990,0.6367567696330125,1.1044206164135038
1.4357675896288270,0.6244997998398396,1.1167555046396043
1.4379513488406530,0.6122474489742771,1.1290912003799827
1.4402380755575500,0.6000000000000000,1.1414276774536100
1.4426272801343234,0.5877577593477346,1.1537649107975831
1.4451184542932027,0.5755210593852481,1.1661028764081438
1.4477110716364560,0.5632902612040678,1.1784415512853907
1.4504045881710920,0.5510657577710260,1.1907809133814116
1.4531984428445120,0.5388479775012085,1.2031209415515962
1.4560920580899590,0.5266373883190504,1.2154616155089020
1.4590848403806310,0.5144345022865954,1.2278029157808674
1.4621761807913125,0.5022398808927698,1.2401448236691830
1.4653654555664082,0.4900541411155402,1.2524873212116432
1.4686520266932546,0.4778779623907924,1.2648303911463175
1.4720352424796224,0.4657120946486582,1.2771740168777923
1.4755144381343264,0.4535573676110726,1.2895181824453437
1.4790889363498914,0.4414147015851536,1.3018628724929173
1.4827580478862452,0.4292851200376206,1.3142080722407912
1.4865210721544393,0.4171697642985381,1.3265537674588181
1.4903772977994258,0.4050699108216521,1.3388999444411410
1.4943260032809549,0.3929869915279691,1.3512465899822932
1.4983664574516900,0.3809226178849538,1.3635936913545914
1.5024979201316720,0.3688786095335817,1.3759412362867411
1.5067196426783098,0.3568570284799084,1.3882892129435820
1.5110308685510980,0.3448602201306660,1.4006376099069004
1.5154308338703213,0.3328908627923155,1.4129864161572459
1.5199187679690285,0.3209520276951568,1.4253356210566903
1.5244938939376114,0.3090472521826275,1.4376852143324714
1.5291554291603622,0.2971806294673531,1.4500351860614715
1.5339025858434239,0.2853569193634025,1.4623855266554808
1.5387345715335874,0.2735816857457937,1.4747362268471977
1.5436505896274397,0.2618614682831907,1.4870872776769264
1.5486498398703990,0.2502039984019570,1.4994386704799274
1.5537315188452157,0.2386184726927152,1.5117903968743922
1.5588948204495676,0.2271159013654950,1.5241424487499955
1.5641389363623994,0.2157095552934500,1.5364948182570002
1.5694630564987140,0.2044155431607740,1.5488474977958842
1.5748663694525490,0.1932535608352669,1.5612004800074560
1.5803480629279107,0.1822478688881868,1.5735537577634353
1.5859073241574762,0.1714285714285715,1.5859073241574764
1.5915433403089068,0.1608332892742529,1.5982611724965992
1.5972552988786477,0.1505093393264677,1.6106152962930225
1.6030423880731237,0.1405165398064715,1.6229696892563636
1.6089037971772668,0.1309307341415955,1.6353243452861923
1.6148387169103460,0.1218480150659429,1.6476792584649202
1.6208463397690902,0.1133893419027681,1.6600344230510058
1.6269258603581296,0.1057046327639196,1.6723898334724594
1.6330764757077985,0.0989743318610787,1.6847454843206362
1.6207046842251640,1.6791488368594758,0.1113461233437135
1.6145543392173938,1.6667976139034655,0.1180193688704164
1.6084756378481526,1.6544466983106530,0.1255599702231924
1.6024693954223610,1.6420960970164729,0.1338213856799658
1.5965364297217188,1.6297458171664156,0.1426784596817013
1.5906775606768384,1.6173958661240302,0.1520271189556626
1.5848936100262510,1.6050462514793007,0.1617821664700875
1.5791854009622321,1.5926969810574099,0.1718744202216567
1.5735537577634358,1.5803480629279107,0.1822478688881868
1.5679995054143330,1.5679995054143328,0.1928571428571428
1.5625234692114980,1.5556513171042420,0.2036653918483321
1.5571264743568065,1.5433035068597862,0.2146425600188102
1.5518093455376403,1.5309560838287440,0.2257640089897016
1.5465729064942402,1.5186090574561166,0.2370094289005295
1.5414179795743600,1.5062624374962832,0.2483619807244816
1.5363453852754412,1.4939162340257617,0.2598076211353316
1.5313559417745320,1.4815704574566013,0.2713345701888940
1.5264504644462473,1.4692251185504526,0.2829328902905480
1.5216297653690742,1.4568802284333464,0.2945941518185897
1.5168946528203937,1.4445357986112310,0.3063111663198795
1.5122459307606160,1.4321918409863097,0.3180777725458902
1.5076843983068737,1.4198483678742255,0.3298886639644426
1.5032108491967646,1.4075053920221507,0.3417392489687338
1.4988260712426693,1.3951629266278310,0.3536255369853303
1.4945308457772266,1.3828209853596451,0.3655440451978282
1.4903259470905783,1.3704795823777476,0.3774917217635376
1.4862121418600530,1.3581387323563563,0.3894658822918739
1.4821901885729920,1.3457984505072649,0.4014641570398970
1.4782608369434730,1.3334587526046537,0.4134844468116086
1.4744248273237168,1.3211196550112871,0.4255248859601852
1.4706828901110214,1.3087811747061866,0.4375838112141887
1.4670357451510925,1.2964433293138766,0.4496597353010611
1.4634841011386883,1.2841061371353115,0.4617513245398282
1.4600286550165338,1.2717696171805934,0.4738573797320567
1.4566700913734865,1.2594337892036067,0.4859768198049729
1.4534090818429868,1.2470986737386967,0.4981086677603183
1.4502462845028377,1.2347642921395392,0.5102520385624567
1.4471823432774038,1.2224306666203517,0.5224061286636156
1.4442178873433362,1.2100978202996142,0.5345702069162187
1.4413535305399576,1.1977657772464770,0.5467436066645603
1.4385898707854616,1.1854345625300522,0.5589257188425608
1.4359274895000935,1.1731042022717992,0.5711159859325907
1.4333669510374973,1.1607747237012327,0.5833138966635515
1.4309088021254186,1.1484461552151980,0.5955189813455631
1.4285535713169630,1.1361185264409910,0.6077308077544510
1.4263017684536041,1.1237918683036046,0.6199489774924042
1.4241538841411367,1.1114662130974307,0.6321731227621569
1.4221103892397644,1.0991415945627565,0.6444029035012305
1.4201717343694884,1.0868180479674392,0.6566380048304812
1.4183383494319641,1.0744956101941647,0.6688781347776839
1.4166106431499499,1.0621743198337480,0.6811230222423637
1.4149890026254692,1.0498542172849620,0.6933724151727186
1.4134737929177557,1.0375353448614340,0.7056260789294185
1.4120653566420258,1.0252177469062016,0.7178837948144133
1.4107640135900890,1.0129014699145726,0.7301453587457495
1.4095700603737442,1.0005865626659969,0.7424105800618381
1.4084837700918833,0.9882730763657318,0.7546792804407251
1.4075053920221510,0.9759610647971567,0.7669512929217120
1.4066351513379696,0.9636505844856794,0.7792264610182463
1.4058732488516648,0.9513416948752761,0.7915046379123338
1.4052198607843749,0.9390344585188097,0.8037856857219022
1.4046751385633476,0.9267289412833963,0.8160694748335475
1.4042392086471738,0.9144252125722230,0.8283558832939831
1.4039121723794200,0.9021233455643662,0.8406447962542728
1.4036941058710560,0.8898234174743404,0.8529361054615990
1.4035850599119968,0.8775255098332828,0.8652297087939086
1.4035850599119968,0.8652297087939085,0.8775255098332829
1.4036941058710560,0.8529361054615988,0.8898234174743405
1.4039121723794200,0.8406447962542726,0.9021233455643662
1.4042392086471738,0.8283558832939831,0.9144252125722229
1.4046751385633476,0.8160694748335475,0.9267289412833963
1.4052198607843747,0.8037856857219022,0.9390344585188096
1.4058732488516648,0.7915046379123338,0.9513416948752761
1.4066351513379693,0.7792264610182461,0.9636505844856796
1.4075053920221510,0.7669512929217119,0.9759610647971567
1.4084837700918833,0.7546792804407251,0.9882730763657318
1.4095700603737442,0.7424105800618381,1.0005865626659969
1.4107640135900890,0.7301453587457494,1.0129014699145729
1.4120653566420258,0.7178837948144133,1.0252177469062016
1.4134737929177557,0.7056260789294185,1.0375353448614340
1.4149890026254694,0.6933724151727187,1.0498542172849620
1.4166106431499499,0.6811230222423634,1.0621743198337483
1.4183383494319640,0.6688781347776838,1.0744956101941650
1.4201717343694884,0.6566380048304812,1.0868180479674392
1.4221103892397640,0.6444029035012305,1.0991415945627565
1.4241538841411365,0.6321731227621569,1.1114662130974304
1.4263017684536037,0.6199489774924042,1.1237918683036046
1.4285535713169630,0.6077308077544510,1.1361185264409910
1.4309088021254186,0.5955189813455631,1.1484461552151983
1.4333669510374973,0.5833138966635514,1.1607747237012327
1.4359274895000935,0.5711159859325906,1.1731042022717995
1.4385898707854616,0.5589257188425608,1.1854345625300520
1.4413535305399576,0.5467436066645603,1.1977657772464767
1.4442178873433362,0.5345702069162188,1.2100978202996142
1.4471823432774038,0.5224061286636157,1.2224306666203515
1.4502462845028379,0.5102520385624566,1.2347642921395392
1.4534090818429866,0.4981086677603183,1.2470986737386969
1.4566700913734862,0.4859768198049729,1.2594337892036070
1.4600286550165333,0.4738573797320568,1.2717696171805934
1.4634841011386883,0.4617513245398280,1.2841061371353115
1.4670357451510920,0.4496597353010611,1.2964433293138766
1.4706828901110212,0.4375838112141886,1.3087811747061866
1.4744248273237166,0.4255248859601852,1.3211196550112871
1.4782608369434727,0.4134844468116085,1.3334587526046537
1.4821901885729918,0.4014641570398969,1.3457984505072649
1.4862121418600525,0.3894658822918738,1.3581387323563563
1.4903259470905780,0.3774917217635374,1.3704795823777476
1.4945308457772266,0.3655440451978282,1.3828209853596451
1.4988260712426693,0.3536255369853302,1.3951629266278311
1.5032108491967644,0.3417392489687338,1.4075053920221510
1.5076843983068735,0.3298886639644425,1.4198483678742255
1.5122459307606155,0.3180777725458903,1.4321918409863097
1.5168946528203937,0.3063111663198793,1.4445357986112313
1.5216297653690738,0.2945941518185896,1.4568802284333464
1.5264504644462470,0.2829328902905479,1.4692251185504526
1.5313559417745317,0.2713345701888940,1.4815704574566013
1.5363453852754412,0.2598076211353314,1.4939162340257617
1.5414179795743597,0.2483619807244815,1.5062624374962832
1.5465729064942397,0.2370094289005293,1.5186090574561166
1.5518093455376403,0.2257640089897016,1.5309560838287442
1.5571264743568060,0.2146425600188103,1.5433035068597862
1.5625234692114978,0.2036653918483321,1.5556513171042423
1.5679995054143328,0.1928571428571427,1.5679995054143328
1.5735537577634355,0.1822478688881868,1.5803480629279107
1.5791854009622320,0.1718744202216566,1.5926969810574100
1.5848936100262507,0.1617821664700874,1.6050462514793007
1.5906775606768384,0.1520271189556625,1.6173958661240302
1.5965364297217184,0.1426784596817013,1.6297458171664156
1.6024693954223608,0.1338213856799656,1.6420960970164730
1.6084756378481522,0.1255599702231925,1.6544466983106527
1.6145543392173936,0.1180193688704164,1.6667976139034655
1.6207046842251636,0.1113461233437135,1.6791488368594758
1.6083328927425290,1.6736249305514260,0.1237179148263483
1.6021828222516830,1.6612787059297154,0.1303449113635333
1.5961049528173779,1.6489328645632406,0.1377664394427565
1.5901001123661804,1.6365874151254305,0.1458612704047296
1.5841691313539394,1.6242423665531330,0.1545236260913138
1.5783128424274542,1.6118977280566795,0.1636634176769943
1.5725320800725000,1.5995535091304160,0.1732050807568877
1.5668276802481622,1.5872097195637225,0.1830857945425186
1.5612004800074561,1.5748663694525490,0.1932535608352669
1.5556513171042423,1.5625234692114978,0.2036653918483321
1.5501810295864790,1.5501810295864789,0.2142857142857142
1.5447904553758770,1.5378390616679747,0.2250850179512675
1.5394804318340656,1.5254975769049444,0.2360387377408330
1.5342517953154144,1.5131565871194088,0.2471263413143742
1.5291053807066808,1.5008161045217487,0.2583305902860732
1.5240420209537051,1.4884761417267647,0.2696369441168124
1.5190625465754082,1.4761367117705373,0.2810330796129429
1.5141677851653872,1.4637978281281376,0.2925085032777610
1.5093585608814506,1.4514595047322370,0.3040542379113251
1.5046356939234735,1.4391217559926708,0.3156625684854906
1.5000000000000002,1.4267845968170128,0.3273268353539885
1.4954522897840670,1.4144480426322215,0.3390412653230233
1.4909933683587586,1.4021121094074250,0.3508008330802478
1.4866240346530670,1.3897768136779138,0.3626011470427730
1.4823450808686590,1.3774421725704167,0.3744383549166045
1.4781572918982058,1.3651082038297424,0.3863090652282846
1.4740614447359863,1.3527749258468682,0.3982102818504673
1.4700583078815037,1.3404423576885782,0.4101393491415883
1.4661486407369120,1.3281105191287388,0.4220939057912616
1.4623331929990988,1.3157794306813286,0.4340718458353857
1.4586127040472956,1.3034491136353326,0.4460712855998856
1.4549879023271526,1.2911195900916255,0.4580905355663990
1.4514595047322372,1.2787908830019783,0.4701280763401238
1.4480282159839684,1.2664630162103319,0.4821825380496478
1.4446947280110276,1.2541360144964910,0.4942526826287484
1.4414597193293262,1.2418099036224080,0.5063373885270652
1.4383238544236420,1.2294847103812330,0.5184356374749729
1.4352877831320672,1.2171604626493313,0.5305465029917119
1.4323521400344348,1.2048371894414716,0.5426691403777878
1.4295175438459180,1.1925149209694166,0.5548027779751824
1.4267845968170130,1.1801936887041649,0.5669467095138407
1.4241538841411365,1.1678735254421050,0.5791002873916943
1.4216259733710780,1.1555544653753795,0.5912629167592822
1.4192014138455560,1.1432365441667647,0.6034340502998025
1.4168807361271320,1.1309197990294160,0.6156131836118641
1.4146644514527402,1.1186042688118445,0.6277998511159623
1.4125530511980710,1.1062899940885338,0.6399936224172033
1.4105470063570578,1.0939770172566305,0.6521940990664840
1.4086467670376823,1.0816653826391966,0.6644009116704848
1.4068527619753075,1.0693551365955396,0.6766137173077260
1.4051653980647145,1.0570463276391957,0.6888321972137824
1.4035850599119968,1.0447390065641917,0.7010560547037125
1.4021121094074251,1.0324332265802658,0.7132850133039960
1.4007468853203617,1.0201290434577980,0.7255188150698837
1.3994897029172560,1.0078265156832726,0.7377572190671632
1.3983408536037067,0.9955257046261681,0.7499999999999999
1.3973006045915235,0.9832266747182721,0.7622469469688057
1.3963691985916584,0.9709294936465022,0.7744978623440546
1.3955468535338265,0.9586342325604351,0.7867525607436780
1.3948337623135583,0.9463409662958672,0.7990108681031435
1.3942300925673670,0.9340497736158585,0.8112726208286105
1.3937359864766357,0.9217607374708780,0.8235376650246701
1.3933515606007596,0.9094739452798287,0.8358058557891471
1.3930769057399965,0.8971894892339279,0.8480770565682997
1.3929120868284020,0.8849074666256331,0.8603511385664884
1.3928571428571430,0.8726279802050440,0.8726279802050440
1.3929120868284020,0.8603511385664884,0.8849074666256330
1.3930769057399963,0.8480770565682997,0.8971894892339280
1.3933515606007596,0.8358058557891470,0.9094739452798288
1.3937359864766357,0.8235376650246700,0.9217607374708780
1.3942300925673667,0.8112726208286105,0.9340497736158585
1.3948337623135583,0.7990108681031434,0.9463409662958672
1.3955468535338267,0.7867525607436780,0.9586342325604351
1.3963691985916584,0.7744978623440545,0.9709294936465022
1.3973006045915235,0.7622469469688056,0.9832266747182722
1.3983408536037067,0.7500000000000000,0.9955257046261681
1.3994897029172560,0.7377572190671632,1.0078265156832724
1.4007468853203615,0.7255188150698835,1.0201290434577983
1.4021121094074251,0.7132850133039957,1.0324332265802660
1.4035850599119968,0.7010560547037125,1.0447390065641920
1.4051653980647145,0.6888321972137824,1.0570463276391960
1.4068527619753077,0.6766137173077260,1.0693551365955398
1.4086467670376823,0.6644009116704848,1.0816653826391966
1.4105470063570578,0.6521940990664840,1.0939770172566305
1.4125530511980706,0.6399936224172034,1.1062899940885338
1.4146644514527398,0.6277998511159624,1.1186042688118447
1.4168807361271318,0.6156131836118640,1.1309197990294160
1.4192014138455558,0.6034340502998023,1.1432365441667650
1.4216259733710780,0.5912629167592822,1.1555544653753795
1.4241538841411365,0.5791002873916943,1.1678735254421050
1.4267845968170130,0.5669467095138407,1.1801936887041646
1.4295175438459180,0.5548027779751824,1.1925149209694166
1.4323521400344348,0.5426691403777879,1.2048371894414716
1.4352877831320672,0.5305465029917120,1.2171604626493313
1.4383238544236419,0.5184356374749731,1.2294847103812330
1.4414597193293264,0.5063373885270651,1.2418099036224080
1.4446947280110276,0.4942526826287484,1.2541360144964910
1.4480282159839684,0.4821825380496477,1.2664630162103319
1.4514595047322370,0.4701280763401239,1.2787908830019783
1.4549879023271526,0.4580905355663988,1.2911195900916257
1.4586127040472954,0.4460712855998856,1.3034491136353326
1.4623331929990984,0.4340718458353856,1.3157794306813286
1.4661486407369115,0.4220939057912617,1.3281105191287386
1.4700583078815030,0.4101393491415882,1.3404423576885782
1.4740614447359863,0.3982102818504672,1.3527749258468682
1.4781572918982053,0.3863090652282846,1.3651082038297424
1.4823450808686587,0.3744383549166044,1.3774421725704170
1.4866240346530670,0.3626011470427731,1.3897768136779136
1.4909933683587584,0.3508008330802477,1.4021121094074250
1.4954522897840667,0.3390412653230233,1.4144480426322215
1.5000000000000002,0.3273268353539885,1.4267845968170128
1.5046356939234730,0.3156625684854908,1.4391217559926708
1.5093585608814504,0.3040542379113250,1.4514595047322370
1.5141677851653870,0.2925085032777610,1.4637978281281376
1.5190625465754080,0.2810330796129428,1.4761367117705373
1.5240420209537047,0.2696369441168125,1.4884761417267645
1.5291053807066806,0.2583305902860730,1.5008161045217487
1.5342517953154140,0.2471263413143741,1.5131565871194088
1.5394804318340651,0.2360387377408329,1.5254975769049444
1.5447904553758764,0.2250850179512676,1.5378390616679745
1.5501810295864789,0.2142857142857143,1.5501810295864789
1.5556513171042420,0.2036653918483321,1.5625234692114978
1.5612004800074557,0.1932535608352668,1.5748663694525490
1.5668276802481620,0.1830857945425186,1.5872097195637227
1.5725320800724998,0.1732050807568878,1.5995535091304160
1.5783128424274540,0.1636634176769942,1.6118977280566797
1.5841691313539392,0.1545236260913138,1.6242423665531330
1.5901001123661800,0.1458612704047296,1.6365874151254305
1.5961049528173776,0.1377664394427565,1.6489328645632404
1.6021828222516825,0.1303449113635334,1.6612787059297152
1.6083328927425289,0.1237179148263483,1.6736249305514260
1.5959611012598944,1.6681744880104656,0.1360897063089832
1.5898113095584647,1.6558338425958428,0.1426784596817013
1.5837342850725580,1.6434936655099794,0.1499999999999999
1.5777308686457117,1.6311539673820254,0.1579524599106856
1.5718019037047248,1.6188147591648017,0.1664454313961578
1.5659482359104409,1.6064760521471986,0.1754004165401239
1.5601707127943487,1.5941378579671461,0.1847502450911079
1.5544701833809516,1.5818001886251922,0.1944379655545171
1.5488474977958844,1.5694630564987140,0.2044155431607740
1.5433035068597867,1.5571264743568060,0.2146425600188102
1.5378390616679751,1.5447904553758767,0.2250850179512675
1.5324550131559944,1.5324550131559944,0.2357142857142857
1.5271522116511573,1.5201201617380280,0.2465061989533914
1.5219315064102203,1.5077859156216238,0.2574403041562871
1.5167937451433942,1.4954522897840667,0.2684992304173214
1.5117397735249092,1.4831192997000804,0.2796681707207412
1.5067704346904154,1.4707869613626186,0.2909344550630900
1.5018865687215275,1.4584552913047055,0.3022871995642689
1.4970890121178777,1.4461243066223877,0.3137170179428249
1.4923785972570838,1.4337940249988660,0.3252157839380631
1.4877561518430833,1.4214644647298769,0.3367764352607509
1.4832224983433324,1.4091356447503989,0.3483928113787772
1.4787784534154245,1.3968075846627654,0.3600595188893874
1.4744248273237168,1.3844803047662737,0.3717718194192315
1.4701624233466208,1.3721538260883797,0.3835255359616800
1.4659920371752450,1.3598281704175805,0.3953169743434775
1.4619144563041373,1.3475033603380917,0.4071428571428571
1.4579304594149190,1.3351794192664344,0.4190002678874989
1.4540408157536542,1.3228563714900559,0.4308866037673048
1.4502462845028379,1.3105342422081154,0.4427995354236820
1.4465476141489433,1.2982130575745812,0.4547369726399144
1.4429455418465016,1.2858928447437854,0.4666970349691324
1.4394407927797406,1.2735736319186130,0.4786780265076144
1.4360340795228435,1.2612554484014922,0.4906784141598741
1.4327261013999337,1.2489383246483832,0.5026968088546545
1.4295175438459180,1.2366222923259758,0.5147319492627562
1.4264090777693677,1.2243073843723118,0.5267826876426368
1.4234013589186394,1.2119936350610805,0.5388479775012083
1.4204950272524646,1.1996810800698454,0.5509268628078187
1.4176907063162651,1.1873697565524860,0.5630184685411015
1.4149890026254694,1.1750597032161596,0.5751219923828760
1.4123905050571215,1.1627509604031154,0.5872366974019166
1.4098957842510842,1.1504435701777227,0.5993619055942336
1.4075053920221510,1.1381375764191000,0.6114969921664140
1.4052198607843749,1.1258330249197700,0.6236413804652248
1.4030397029889303,1.1135299634908065,0.6357945374706760
1.4009654105768115,1.1012284420739655,0.6479559697815199
1.3989974544476558,1.0889285128613582,0.6601252200321154
1.3971362839459749,1.0766302304232520,0.6723018636880067
1.3953823263660374,1.0643336518446553,0.6844855061747218
1.3937359864766354,1.0520388368713933,0.6966757803003796
1.3921976460669248,1.0397458480664534,0.7088723439378911
1.3907676635144892,1.0274547509774443,0.7210748779369842
1.3894463733767477,1.0151656143161054,0.7332830842400859
1.3882340860067588,1.0028785101508800,0.7454966841793790
1.3871310871944385,0.9905935141136760,0.7577154169351605
1.3861376378341397,0.9783107056220400,0.7699390381380720
1.3852539736194847,0.9660301681181006,0.7821673185998723
1.3844803047662740,0.9537519893257664,0.7944000431592566
1.3838168157642243,0.9414762615278242,0.8066370096308020
1.3832636651582153,0.9292030818647443,0.8188780278465138
1.3828209853596454,0.9169325526572000,0.8311229187806393
1.3824888824884207,0.9046647817545119,0.8433715137494754
1.3822674362460121,0.8923998829114715,0.8556236536788202
1.3821566998199384,0.8801379761962650,0.8678791884325177
1.3821566998199384,0.8678791884325178,0.8801379761962650
1.3822674362460120,0.8556236536788203,0.8923998829114714
1.3824888824884205,0.8433715137494754,0.9046647817545119
1.3828209853596454,0.8311229187806392,0.9169325526572000
1.3832636651582153,0.8188780278465138,0.9292030818647442
1.3838168157642240,0.8066370096308019,0.9414762615278240
1.3844803047662737,0.7944000431592566,0.9537519893257663
1.3852539736194847,0.7821673185998725,0.9660301681181004
1.3861376378341397,0.7699390381380720,0.9783107056220400
1.3871310871944385,0.7577154169351606,0.9905935141136760
1.3882340860067588,0.7454966841793792,1.0028785101508800
1.3894463733767477,0.7332830842400860,1.0151656143161054
1.3907676635144892,0.7210748779369842,1.0274547509774445
1.3921976460669248,0.7088723439378912,1.0397458480664534
1.3937359864766354,0.6966757803003796,1.0520388368713933
1.3953823263660372,0.6844855061747219,1.0643336518446551
1.3971362839459749,0.6723018636880067,1.0766302304232520
1.3989974544476558,0.6601252200321155,1.0889285128613582
1.4009654105768112,0.6479559697815200,1.1012284420739655
1.4030397029889300,0.6357945374706762,1.1135299634908065
1.4052198607843744,0.6236413804652250,1.1258330249197700
1.4075053920221507,0.6114969921664140,1.1381375764191000
1.4098957842510842,0.5993619055942335,1.1504435701777227
1.4123905050571213,0.5872366974019166,1.1627509604031154
1.4149890026254692,0.5751219923828761,1.1750597032161594
1.4176907063162650,0.5630184685411015,1.1873697565524860
1.4204950272524643,0.5509268628078189,1.1996810800698454
1.4234013589186394,0.5388479775012085,1.2119936350610803
1.4264090777693674,0.5267826876426370,1.2243073843723116
1.4295175438459178,0.5147319492627564,1.2366222923259755
1.4327261013999337,0.5026968088546545,1.2489383246483832
1.4360340795228435,0.4906784141598742,1.2612554484014922
1.4394407927797404,0.4786780265076145,1.2735736319186133
1.4429455418465014,0.4666970349691325,1.2858928447437854
1.4465476141489433,0.4547369726399144,1.2982130575745812
1.4502462845028377,0.4427995354236820,1.3105342422081154
1.4540408157536537,0.4308866037673050,1.3228563714900556
1.4579304594149185,0.4190002678874991,1.3351794192664341
1.4619144563041369,0.4071428571428571,1.3475033603380917
1.4659920371752446,0.3953169743434775,1.3598281704175805
1.4701624233466206,0.3835255359616800,1.3721538260883797
1.4744248273237166,0.3717718194192316,1.3844803047662737
1.4787784534154242,0.3600595188893875,1.3968075846627652
1.4832224983433324,0.3483928113787770,1.4091356447503989
1.4877561518430830,0.3367764352607510,1.4214644647298769
1.4923785972570838,0.3252157839380632,1.4337940249988660
1.4970890121178770,0.3137170179428251,1.4461243066223877
1.5018865687215273,0.3022871995642689,1.4584552913047055
1.5067704346904152,0.2909344550630900,1.4707869613626186
1.5117397735249090,0.2796681707207413,1.4831192997000804
1.5167937451433937,0.2684992304173215,1.4954522897840665
1.5219315064102201,0.2574403041562870,1.5077859156216238
1.5271522116511569,0.2465061989533914,1.5201201617380280
1.5324550131559942,0.2357142857142857,1.5324550131559942
1.5378390616679745,0.2250850179512677,1.5447904553758764
1.5433035068597862,0.2146425600188103,1.5571264743568058
1.5488474977958842,0.2044155431607740,1.5694630564987140
1.5544701833809513,0.1944379655545171,1.5818001886251922
1.5601707127943480,0.1847502450911081,1.5941378579671461
1.5659482359104404,0.1754004165401240,1.6064760521471986
1.5718019037047246,0.1664454313961578,1.6188147591648019
1.5777308686457114,0.1579524599106855,1.6311539673820254
1.5837342850725575,0.1500000000000001,1.6434936655099794
1.5898113095584643,0.1426784596817013,1.6558338425958423
1.5959611012598938,0.1360897063089833,1.6681744880104654
1.5835893097772595,1.6627982316515952,0.1484614977916181
1.5774398012382638,1.6504637567195766,0.1550181029586479
1.5713636350219478,1.6381298445956907,0.1622545241657221
1.5653616651934286,1.6257965080889690,0.1700840128541523
1.5594347484565934,1.6134637603994857,0.1784285142399543
1.5535837437935531,1.6011316151333692,0.1872191774583022
1.5478095120893550,1.5888000863185130,0.1963961012123931
1.5421129157418920,1.5764691884210158,0.2059076472199940
1.5364948182570004,1.5641389363623992,0.2157095552934501
1.5309560838287444,1.5518093455376400,0.2257640089897016
1.5254975769049448,1.5394804318340651,0.2360387377408330
1.5201201617380284,1.5271522116511569,0.2465061989533915
1.5148247019213217,1.5148247019213212,0.2571428571428572
1.5096120599109468,1.5024979201316717,0.2679285619073007
1.5044830965335247,1.4901718843468892,0.2788460185134734
1.4994386704799276,1.4778466132332195,0.2898803412529003
1.4944796377853740,1.4655221260836753,0.3010186786529355
1.4896068512961975,1.4531984428445120,0.3122498999199199
1.4848211601236767,1.4408755841430556,0.3235643329401750
1.4801234090853537,1.4285535713169628,0.3349535453626672
1.4755144381343266,1.4162324264449975,0.3464101615137756
1.4709950817770416,1.4039121723794197,0.3579277090390730
1.4665661684801723,1.3915928327800835,0.3695004901822161
1.4622285200672156,1.3792744321503510,0.3811234734844028
1.4579829511054943,1.3669569958749355,0.3927922024247863
1.4538302682842976,1.3546405502597960,0.4045027181362220
1.4497712697849540,1.3423251225742134,0.4162514938380990
1.4458067446436760,1.3300107410951878,0.4280353790451039
1.4419374721080620,1.3176974351543090,0.4398515519525901
1.4381642209882057,1.3053852351872600,0.4516974786789252
1.4344877490033914,1.2930741727861284,0.4635708782739416
1.4309088021254184,1.2807642807547153,0.4754696925897892
1.4274281139196340,1.2684555931670350,0.4873920602637709
1.4240464048847938,1.2561481454292347,0.4993362941884733
1.4207643817929236,1.2438419743451563,0.5113008619478080
1.4175827370303757,1.2315371181858008,0.5232843687826390
1.4145021479413218,1.2192336167629638,0.5352855427198627
1.4115232761749534,1.2069315115073378,0.5473032215568722
1.4086467670376823,1.1946308455514016,0.5593363414414827
1.4058732488516648,1.1823316638174357,0.5713839268274308
1.4032033323209914,1.1700340131110438,0.5834450816189183
1.4006376099069004,1.1577379422205798,0.5955189813455631
1.3981766552133796,1.1454435020229197,0.6076048662324782
1.3958210223845364,1.1331507455960560,0.6197020350498278
1.3935712455151086,1.1208597283390302,0.6318098396427423
1.3914278380754890,1.1085705080997650,0.6439276800564309
1.3893912923526281,1.0962831453114097,0.6560550001831449
1.3874620789081638,1.0839977031378631,0.6681912838676771
1.3856406460551020,1.0717142476292028,0.6803360514166090
1.3839274193543594,1.0594328478878090,0.6924888564637921
1.3823228011324318,1.0471535762460529,0.7046492831507728
1.3808271700214287,1.0348765084564930,0.7168169435861884
1.3794408805226643,1.0226017238956158,0.7289914755527471
1.3781642625949484,1.0103293057822527,0.7411725404343293
1.3769976212686760,0.9980593414119180,0.7533598213391549
1.3759412362867414,0.9857919224084329,0.7655530213978837
1.3749953617732533,0.9735271449943325,0.7777518622180687
1.3741602259309547,0.9612651102817046,0.7899560824785755
1.3734360307681770,0.9490059245852783,0.8021654366495119
1.3728229518560860,0.9367496997597597,0.8143796938248680
1.3723211381168947,0.9244965535636249,0.8265986366565390
1.3719307116436386,0.9122466100518106,0.8388220603796683
1.3716517675520168,0.9000000000000000,0.8510497719203702
1.3714843738647198,0.8877568613634922,0.8632815890778723
1.3714285714285717,0.8755173397739748,0.8755173397739750
1.3714843738647198,0.8632815890778721,0.8877568613634924
1.3716517675520168,0.8510497719203702,0.9000000000000000
1.3719307116436386,0.8388220603796682,0.9122466100518107
1.3723211381168947,0.8265986366565389,0.9244965535636249
1.3728229518560860,0.8143796938248679,0.9367496997597599
1.3734360307681772,0.8021654366495117,0.9490059245852784
1.3741602259309547,0.7899560824785754,0.9612651102817047
1.3749953617732530,0.7777518622180685,0.9735271449943326
1.3759412362867411,0.7655530213978835,0.9857919224084332
1.3769976212686760,0.7533598213391547,0.9980593414119181
1.3781642625949484,0.7411725404343292,1.0103293057822529
1.3794408805226641,0.7289914755527470,1.0226017238956160
1.3808271700214287,0.7168169435861883,1.0348765084564930
1.3823228011324318,0.7046492831507727,1.0471535762460529
1.3839274193543594,0.6924888564637922,1.0594328478878090
1.3856406460551018,0.6803360514166090,1.0717142476292028
1.3874620789081638,0.6681912838676769,1.0839977031378634
1.3893912923526281,0.6560550001831447,1.0962831453114097
1.3914278380754888,0.6439276800564308,1.1085705080997652
1.3935712455151086,0.6318098396427423,1.1208597283390302
1.3958210223845364,0.6197020350498278,1.1331507455960560
1.3981766552133796,0.6076048662324781,1.1454435020229200
1.4006376099069004,0.5955189813455630,1.1577379422205800
1.4032033323209914,0.5834450816189182,1.1700340131110438
1.4058732488516648,0.5713839268274307,1.1823316638174357
1.4086467670376823,0.5593363414414825,1.1946308455514016
1.4115232761749532,0.5473032215568719,1.2069315115073380
1.4145021479413216,0.5352855427198627,1.2192336167629638
1.4175827370303757,0.5232843687826390,1.2315371181858008
1.4207643817929236,0.5113008619478081,1.2438419743451563
1.4240464048847938,0.4993362941884732,1.2561481454292347
1.4274281139196339,0.4873920602637709,1.2684555931670350
1.4309088021254184,0.4754696925897892,1.2807642807547150
1.4344877490033910,0.4635708782739416,1.2930741727861284
1.4381642209882055,0.4516974786789250,1.3053852351872600
1.4419374721080618,0.4398515519525901,1.3176974351543091
1.4458067446436755,0.4280353790451039,1.3300107410951880
1.4497712697849539,0.4162514938380991,1.3423251225742134
1.4538302682842970,0.4045027181362219,1.3546405502597962
1.4579829511054940,0.3927922024247863,1.3669569958749357
1.4622285200672154,0.3811234734844028,1.3792744321503512
1.4665661684801720,0.3695004901822161,1.3915928327800837
1.4709950817770414,0.3579277090390730,1.4039121723794200
1.4755144381343264,0.3464101615137754,1.4162324264449975
1.4801234090853537,0.3349535453626673,1.4285535713169628
1.4848211601236765,0.3235643329401750,1.4408755841430556
1.4896068512961973,0.3122498999199200,1.4531984428445117
1.4944796377853740,0.3010186786529353,1.4655221260836755
1.4994386704799274,0.2898803412529003,1.4778466132332198
1.5044830965335243,0.2788460185134734,1.4901718843468894
1.5096120599109464,0.2679285619073008,1.5024979201316720
1.5148247019213215,0.2571428571428570,1.5148247019213217
1.5201201617380280,0.2465061989533914,1.5271522116511570
1.5254975769049444,0.2360387377408329,1.5394804318340654
1.5309560838287440,0.2257640089897016,1.5518093455376400
1.5364948182570002,0.2157095552934500,1.5641389363623992
1.5421129157418918,0.2059076472199939,1.5764691884210158
1.5478095120893545,0.1963961012123931,1.5888000863185130
1.5535837437935530,0.1872191774583023,1.6011316151333692
1.5594347484565930,0.1784285142399543,1.6134637603994855
1.5653616651934283,0.1700840128541523,1.6257965080889691
1.5713636350219473,0.1622545241657221,1.6381298445956907
1.5774398012382633,0.1550181029586480,1.6504637567195766
1.5835893097772590,0.1484614977916181,1.6627982316515957
1.5712175182946246,1.6574968833658017,0.1608332892742529
1.5650682973947831,1.6451691805565350,0.1673624930551426
1.5589930030867587,1.6328421446630272,0.1745255960410088
1.5529925029715100,1.6205157909046823,0.1822478688881868
1.5470676673458532,1.6081901349666592,0.1904613089424769
1.5412193688301299,1.5958651930177918,0.1991051409252336
1.5354484819805343,1.5835409817293415,0.2081257469190495
1.5297558828860540,1.5712175182946242,0.2174762478234048
1.5241424487499957,1.5588948204495674,0.2271159013654950
1.5186090574561169,1.5465729064942397,0.2370094289005295
1.5131565871194090,1.5342517953154140,0.2471263413143742
1.5077859156216242,1.5219315064102197,0.2574403041562872
1.5024979201316722,1.5096120599109464,0.2679285619073007
1.4972934766110622,1.4972934766110617,0.2785714285714286
1.4921734593046019,1.4849757779925197,0.2893518442932728
1.4871387402166154,1.4726589862544273,0.3002549936711957
1.4821901885729920,1.4603431243431546,0.3112679795642989
1.4773286702694160,1.4480282159839684,0.3223795456113359
1.4725550473061912,1.4357142857142857,0.3335798408238748
1.4678701772101161,1.4234013589186392,0.3448602201306660
1.4632749124439180,1.4110894618654604,0.3562130754226196
1.4587700998038153,1.3987786217457931,0.3676316923559364
1.4543565798058230,1.3864688667140517,0.3791101288490171
1.4500351860614717,1.3741602259309544,0.3906431118250091
1.4458067446436760,1.3618527296087697,0.4022259492943167
1.4416720734435202,1.3495464090590146,0.4138544553391708
1.4376319815188152,1.3372412967427700,0.4255248859601852
1.4336872684352993,1.3249374263237752,0.4372338840800826
1.4298387236014432,1.3126348327244834,0.4489784322805065
1.4260871255978431,1.3003335521852750,0.4607558120820041
1.4224332415022551,1.2880336223270330,0.4725635687720884
1.4188778262113642,1.2757350822173072,0.4843994809481707
1.4154216217604347,1.2634379724403100,0.4962615340766214
1.4120653566420258,1.2511423351710000,0.5081478974809259
1.4088097451250060,1.2388482142535393,0.5200569042647827
1.4056554865751338,1.2265556552844246,0.5319870337532980
1.4026032647785145,1.2142647057006162,0.5439368960998835
1.3996537472692658,1.2019754148730262,0.5559052187602650
1.3968075846627654,1.1896878342057393,0.5678908345800274
1.3940654099958651,1.1774020172413844,0.5798926712798512
1.3914278380754890,1.1651180197731041,0.5919097421542772
1.3888954648370404,1.1528358999636061,0.6039411378265134
1.3864688667140520,1.1405557184718227,0.6159860189242967
1.3841486000205236,1.1282775385877502,0.6280436095608364
1.3819352003473910,1.1160014263760910,0.6401131915209869
1.3798291819745558,1.1037274508293637,0.6521940990664841
1.3778310372999076,1.0914556840312306,0.6642857142857143
1.3759412362867414,1.0791862013308255,0.6763874629234341
1.3741602259309549,1.0669190815289660,0.6884988106343378
1.3724884297493800,1.0546544070771937,0.7006192596116491
1.3709262472905697,1.0423922642906849,0.7127483455481552
1.3694740536693164,1.0301327435761640,0.7248856348924768
1.3681321991261350,1.0178759396760630,0.7370307223679932
1.3669010086128912,1.0056219519302876,0.7491832287258449
1.3657807814056921,0.9933708845570791,0.7613427987069014
1.3647717907461037,0.9811228469546136,0.7735090991905735
1.3638742835116770,0.9688779540251280,0.7856818175109738
1.3630884799167047,0.9566363265235591,0.7978606599231856
1.3624145732440458,0.9443980914328663,0.8100453502043914
1.3618527296087700,0.9321633823684404,0.8222356283763362
1.3614030877542989,0.9199323400142434,0.8344312495371212
1.3610657588816202,0.9077051125936062,0.8466319827916462
1.3608408265120653,0.8954818563779172,0.8588376102711888
1.3607283463840465,0.8832627362367834,0.8710479262336364
1.3607283463840465,0.8710479262336362,0.8832627362367835
1.3608408265120655,0.8588376102711888,0.8954818563779172
1.3610657588816202,0.8466319827916461,0.9077051125936062
1.3614030877542989,0.8344312495371212,0.9199323400142435
1.3618527296087700,0.8222356283763362,0.9321633823684405
1.3624145732440458,0.8100453502043913,0.9443980914328665
1.3630884799167047,0.7978606599231856,0.9566363265235592
1.3638742835116768,0.7856818175109737,0.9688779540251281
1.3647717907461037,0.7735090991905733,0.9811228469546137
1.3657807814056920,0.7613427987069011,0.9933708845570794
1.3669010086128910,0.7491832287258448,1.0056219519302876
1.3681321991261350,0.7370307223679930,1.0178759396760630
1.3694740536693164,0.7248856348924769,1.0301327435761640
1.3709262472905697,0.7127483455481552,1.0423922642906850
1.3724884297493798,0.7006192596116491,1.0546544070771937
1.3741602259309547,0.6884988106343379,1.0669190815289660
1.3759412362867414,0.6763874629234341,1.0791862013308255
1.3778310372999074,0.6642857142857140,1.0914556840312306
1.3798291819745558,0.6521940990664840,1.1037274508293637
1.3819352003473913,0.6401131915209868,1.1160014263760910
1.3841486000205236,0.6280436095608362,1.1282775385877504
1.3864688667140520,0.6159860189242967,1.1405557184718225
1.3888954648370402,0.6039411378265133,1.1528358999636064
1.3914278380754890,0.5919097421542770,1.1651180197731044
1.3940654099958647,0.5798926712798512,1.1774020172413846
1.3968075846627654,0.5678908345800273,1.1896878342057393
1.3996537472692658,0.5559052187602648,1.2019754148730264
1.4026032647785143,0.5439368960998834,1.2142647057006162
1.4056554865751336,0.5319870337532979,1.2265556552844246
1.4088097451250057,0.5200569042647827,1.2388482142535395
1.4120653566420258,0.5081478974809260,1.2511423351709998
1.4154216217604347,0.4962615340766212,1.2634379724403100
1.4188778262113642,0.4843994809481706,1.2757350822173072
1.4224332415022551,0.4725635687720882,1.2880336223270330
1.4260871255978431,0.4607558120820040,1.3003335521852748
1.4298387236014434,0.4489784322805062,1.3126348327244834
1.4336872684352990,0.4372338840800825,1.3249374263237752
1.4376319815188150,0.4255248859601851,1.3372412967427703
1.4416720734435200,0.4138544553391708,1.3495464090590148
1.4458067446436758,0.4022259492943166,1.3618527296087700
1.4500351860614713,0.3906431118250090,1.3741602259309547
1.4543565798058224,0.3791101288490170,1.3864688667140517
1.4587700998038150,0.3676316923559362,1.3987786217457934
1.4632749124439177,0.3562130754226195,1.4110894618654604
1.4678701772101160,0.3448602201306659,1.4234013589186392
1.4725550473061910,0.3335798408238747,1.4357142857142857
1.4773286702694157,0.3223795456113359,1.4480282159839684
1.4821901885729918,0.3112679795642989,1.4603431243431544
1.4871387402166154,0.3002549936711956,1.4726589862544277
1.4921734593046017,0.2893518442932727,1.4849757779925200
1.4972934766110622,0.2785714285714285,1.4972934766110620
1.5024979201316720,0.2679285619073007,1.5096120599109466
1.5077859156216242,0.2574403041562869,1.5219315064102201
1.5131565871194088,0.2471263413143741,1.5342517953154142
1.5186090574561166,0.2370094289005293,1.5465729064942400
1.5241424487499953,0.2271159013654949,1.5588948204495676
1.5297558828860536,0.2174762478234047,1.5712175182946244
1.5354484819805339,0.2081257469190494,1.5835409817293415
1.5412193688301294,0.1991051409252335,1.5958651930177920
1.5470676673458530,0.1904613089424769,1.6081901349666592
1.5529925029715095,0.1822478688881867,1.6205157909046821
1.5589930030867583,0.1745255960410087,1.6328421446630275
1.5650682973947827,0.1673624930551425,1.6451691805565350
1.5712175182946244,0.1608332892742529,1.6574968833658020
1.5588457268119900,1.6522711641858305,0.1732050807568877
1.5526967981350308,1.6399508454554983,0.1797106517915589
1.5466223897016789,1.6276313075968363,0.1868099547231717
1.5406233829730307,1.6153125684763152,0.1944379655545171
1.5347006621647690,1.6029946465084324,0.2025349554108261
1.5288551138625512,1.5906775606768382,0.2110469528956308
1.5230876266214453,1.5783613305564472,0.2199257759762950
1.5173990905493520,1.5660459763365824,0.2291287847477921
1.5117903968743924,1.5537315188452157,0.2386184726927153
1.5062624374962836,1.5414179795743599,0.2483619807244816
1.5008161045217490,1.5291053807066806,0.2583305902860732
1.4954522897840670,1.5167937451433935,0.2684992304173215
1.4901718843468899,1.5044830965335243,0.2788460185134734
1.4849757779925203,1.4921734593046012,0.2893518442932727
1.4798648586948744,1.4798648586948740,0.3000000000000000
1.4748400120774083,1.4675573207871364,0.3107758559686727
1.4699021208563379,1.4552508725442552,0.3216665785485057
1.4650520642695293,1.4429455418465014,0.3326608863484291
1.4602907174914990,1.4306413575307932,0.3437488404433133
1.4556189510350040,1.4183383494319640,0.3549216642515670
1.4510376301397676,1.4060365484261794,0.3661715890850371
1.4465476141489435,1.3937359864766354,0.3774917217635375
1.4421497558739687,1.3814366966816740,0.3888759311090342
1.4378449009485252,1.3691387133254724,0.4003187505486300
1.4336338871723773,1.3568420719314630,0.4118152944399878
1.4295175438459180,1.3445468093186563,0.4233611860782128
1.4254966910963110,1.3322529636610583,0.4349524956468094
1.4215721391961704,1.3199605745503715,0.4465856866383025
1.4177446878757827,1.3076696830622019,0.4582575694955841
1.4140151256299220,1.2953803318259980,0.4699652614170281
1.4103842290203716,1.2830925650989662,0.4817061514310676
1.4068527619753075,1.2708064288442344,0.4934778699833107
1.4034214750867589,1.2585219708135444,0.5052782623950683
1.4000911049073974,1.2462392406347824,0.5171053656496646
1.3968623732479584,1.2339582899046830,0.5289573880449605
1.3937359864766357,1.2216791722870615,0.5408326913195983
1.3907126348218246,1.2094019436169638,0.5527297749186600
1.3877929916796317,1.1971266620111503,0.5646472621134765
1.3849777129275844,1.1848533879853693,0.5765838877317304
1.3822674362460120,1.1725821845789046,0.5885384872889862
1.3796627804485786,1.1603131174869328,0.6005099873423915
1.3771643448234716,1.1480462552012582,0.6124973969124193
1.3747727084867523,1.1357816691600546,0.6244997998398397
1.3724884297493798,1.1235194339072851,0.6365163479632632
1.3703120454994244,1.1112596272625375,0.6485462550180666
1.3682440706009633,1.0990023305020693,0.6605887911707313
1.3662849973111582,1.0867476285519400,0.6726432781139173
1.3644352947169713,1.0744956101941647,0.6847090846573052
1.3626954081929699,1.0622463682869314,0.6967856227575543
1.3610657588816202,1.0499999999999998,0.7088723439378912
1.3595467431974437,1.0377566070665145,0.7209687360540309
1.3581387323563565,1.0255162960525728,0.7330743203684558
1.3568420719314631,1.0132791786460191,0.7451886488997129
1.3556570814365188,1.0010453719660732,0.7573113020173838
1.3545840539382092,0.9888149988955548,0.7694418862568705
1.3536232556983303,0.9765881884376434,0.7815800323311590
1.3527749258468684,0.9643650760992953,0.7937253933193773
1.3520392760869164,0.9521458043036586,0.8058776430142507
1.3514164904322594,0.9399305228340560,0.8180364744125947
1.3509067249783890,0.9277193893123731,0.8302015983347363
1.3505101077076056,0.9155125697149781,0.8423727421603181
1.3502267383287740,0.9033102389296281,0.8545496486692954
1.3500566881522014,0.8911125813571825,0.8667320749781435
1.3500000000000000,0.8789197915623472,0.8789197915623472
1.3500566881522014,0.8667320749781435,0.8911125813571824
1.3502267383287740,0.8545496486692954,0.9033102389296281
1.3505101077076058,0.8423727421603181,0.9155125697149779
1.3509067249783893,0.8302015983347362,0.9277193893123732
1.3514164904322594,0.8180364744125946,0.9399305228340561
1.3520392760869164,0.8058776430142507,0.9521458043036588
1.3527749258468684,0.7937253933193771,0.9643650760992954
1.3536232556983303,0.7815800323311589,0.9765881884376435
1.3545840539382092,0.7694418862568704,0.9888149988955548
1.3556570814365188,0.7573113020173837,1.0010453719660732
1.3568420719314630,0.7451886488997128,1.0132791786460191
1.3581387323563563,0.7330743203684558,1.0255162960525726
1.3595467431974435,0.7209687360540309,1.0377566070665145
1.3610657588816200,0.7088723439378911,1.0500000000000000
1.3626954081929696,0.6967856227575542,1.0622463682869316
1.3644352947169711,0.6847090846573053,1.0744956101941647
1.3662849973111582,0.6726432781139173,1.0867476285519400
1.3682440706009633,0.6605887911707312,1.0990023305020693
1.3703120454994244,0.6485462550180665,1.1112596272625375
1.3724884297493800,0.6365163479632630,1.1235194339072854
1.3747727084867520,0.6244997998398398,1.1357816691600546
1.3771643448234714,0.6124973969124193,1.1480462552012582
1.3796627804485784,0.6005099873423914,1.1603131174869330
1.3822674362460120,0.5885384872889861,1.1725821845789048
1.3849777129275844,0.5765838877317304,1.1848533879853693
1.3877929916796314,0.5646472621134764,1.1971266620111503
1.3907126348218244,0.5527297749186600,1.2094019436169638
1.3937359864766354,0.5408326913195983,1.2216791722870617
1.3968623732479584,0.5289573880449605,1.2339582899046830
1.4000911049073972,0.5171053656496648,1.2462392406347824
1.4034214750867589,0.5052782623950686,1.2585219708135444
1.4068527619753075,0.4934778699833106,1.2708064288442344
1.4103842290203716,0.4817061514310676,1.2830925650989662
1.4140151256299220,0.4699652614170281,1.2953803318259978
1.4177446878757824,0.4582575694955841,1.3076696830622019
1.4215721391961704,0.4465856866383023,1.3199605745503715
1.4254966910963107,0.4349524956468094,1.3322529636610583
1.4295175438459176,0.4233611860782127,1.3445468093186563
1.4336338871723766,0.4118152944399879,1.3568420719314630
1.4378449009485250,0.4003187505486300,1.3691387133254727
1.4421497558739684,0.3888759311090342,1.3814366966816740
1.4465476141489430,0.3774917217635375,1.3937359864766354
1.4510376301397674,0.3661715890850370,1.4060365484261794
1.4556189510350037,0.3549216642515670,1.4183383494319640
1.4602907174914990,0.3437488404433132,1.4306413575307932
1.4650520642695290,0.3326608863484291,1.4429455418465014
1.4699021208563376,0.3216665785485057,1.4552508725442550
1.4748400120774083,0.3107758559686728,1.4675573207871362
1.4798648586948742,0.2999999999999999,1.4798648586948742
1.4849757779925200,0.2893518442932727,1.4921734593046014
1.4901718843468896,0.2788460185134733,1.5044830965335243
1.4954522897840667,0.2684992304173215,1.5167937451433937
1.5008161045217490,0.2583305902860731,1.5291053807066806
1.5062624374962832,0.2483619807244815,1.5414179795743600
1.5117903968743922,0.2386184726927152,1.5537315188452157
1.5173990905493515,0.2291287847477920,1.5660459763365824
1.5230876266214450,0.2199257759762950,1.5783613305564470
1.5288551138625508,0.2110469528956308,1.5906775606768384
1.5347006621647685,0.2025349554108260,1.6029946465084324
1.5406233829730305,0.1944379655545171,1.6153125684763152
1.5466223897016784,0.1868099547231717,1.6276313075968363
1.5526967981350304,0.1797106517915589,1.6399508454554983
1.5588457268119895,0.1732050807568877,1.6522711641858305
1.5464739353293550,1.6471217939428864,0.1855768722395225
1.5403253035694530,1.6348094815042902,0.1920618522821250
1.5342517953154144,1.6224980739587950,0.1991051409252335
1.5282543062232140,1.6101875920626930,0.2066496591641347
1.5223337347638333,1.5978780572103384,0.2146425600188102
1.5164909818258676,1.5855694914587937,0.2230356427999428
1.5107269503015253,1.5732619175536189,0.2317854391369707
1.5050425446559610,1.5609553589558738,0.2408530757155338
1.4994386704799276,1.5486498398703987,0.2502039984019571
1.4939162340257620,1.5363453852754407,0.2598076211353316
1.4884761417267651,1.5240420209537050,0.2696369441168124
1.4831192997000808,1.5117397735249085,0.2796681707207413
1.4778466132332202,1.4994386704799272,0.2898803412529003
1.4726589862544280,1.4871387402166150,0.3002549936711958
1.4675573207871366,1.4748400120774081,0.3107758559686727
1.4625425163888050,1.4625425163888050,0.3214285714285714
1.4576154695744887,1.4502462845028377,0.3322004558352425
1.4527770732255505,1.4379513488406530,0.3430802845292237
1.4480282159839686,1.4256577429383253,0.3540581066112494
1.4433697816327640,1.4133655014950404,0.3651250834037730
1.4388026484631210,1.4010746604237878,0.3762733483161693
1.4343276886288390,1.3887852569047232,0.3874958854291098
1.4299457674888179,1.3764973294413554,0.3987864243487959
1.4256577429383255,1.3642109179197432,0.4101393491415882
1.4214644647298773,1.3519260636708847,0.4215496194194142
1.4173667737846023,1.3396428095365036,0.4330127018922194
1.4133655014950406,1.3273611999384496,0.4445245109286174
1.4094614690203708,1.3150812809519432,0.4560813568669878
1.4056554865751336,1.3028031003829192,0.4676799009963101
1.4019483527125634,1.2905267078497327,0.4793171162802177
1.3983408536037067,1.2782521548695200,0.4909902530309828
1.3948337623135583,1.2659794949495244,0.5026968088546545
1.3914278380754890,1.2537087836837206,0.5144345022865953
1.3881238255652992,1.2414400788550992,0.5262012496203717
1.3849224541762740,1.2291734405440005,0.5379951445043012
1.3818244372966504,1.2169089312429158,0.5498144399407374
1.3788304715909625,1.2046466159782110,0.5616575323749066
1.3759412362867414,1.1923865624392596,0.5735229476041664
1.3731573924681015,1.1801288411155169,0.5854093282760816
1.3704795823777478,1.1678735254421050,0.5973154227757008
1.3679084287289685,1.1556206919545310,0.6092400753297135
1.3654445340291947,1.1433704204532085,0.6211822171784825
1.3630884799167051,1.1311227941785118,0.6331408586868923
1.3608408265120655,1.1188778999971536,0.6451150822820337
1.3587021117858868,1.1066358286007447,0.6571040361203957
1.3566728509444700,1.0943966747174687,0.6691069283998283
1.3547535358348923,1.0821605373378889,0.6811230222423637
1.3529446343710705,1.0699275199559939,0.6931516310833217
1.3512465899822934,1.0576977308266848,0.7051921145101857
1.3496598210856918,1.0454712832410236,0.7172438745016956
1.3481847205840627,1.0332482958206737,0.7293063520236477
1.3468216553904129,1.0210288928331068,0.7413790239431224
1.3455709659805375,1.0088132045292890,0.7534614002274124
1.3444329659748755,0.9966013675057273,0.7655530213978836
1.3434079417508236,0.9843935250929364,0.7776534562124596
1.3424961520866074,0.9721898277725856,0.7897622995534279
1.3416978278377327,0.9599904336258049,0.8018791704999155
1.3410131716469502,0.9477955088153838,0.8140037105666820
1.3404423576885784,0.9356052281048577,0.8261355820929153
1.3399855314479319,0.9234197754177961,0.8382744667664959
1.3396428095365038,0.9112393444409339,0.8504200642707611
1.3394142795434496,0.8990641392751754,0.8625720910421911
1.3392999999238104,0.8868943751389233,0.8747302791286521
1.3392999999238104,0.8747302791286521,0.8868943751389232
1.3394142795434496,0.8625720910421910,0.8990641392751754
1.3396428095365038,0.8504200642707612,0.9112393444409338
1.3399855314479319,0.8382744667664959,0.9234197754177960
1.3404423576885784,0.8261355820929150,0.9356052281048578
1.3410131716469502,0.8140037105666819,0.9477955088153838
1.3416978278377327,0.8018791704999155,0.9599904336258050
1.3424961520866072,0.7897622995534279,0.9721898277725857
1.3434079417508233,0.7776534562124595,0.9843935250929364
1.3444329659748753,0.7655530213978837,0.9966013675057271
1.3455709659805373,0.7534614002274124,1.0088132045292890
1.3468216553904129,0.7413790239431224,1.0210288928331068
1.3481847205840622,0.7293063520236477,1.0332482958206737
1.3496598210856918,0.7172438745016956,1.0454712832410236
1.3512465899822932,0.7051921145101856,1.0576977308266848
1.3529446343710705,0.6931516310833217,1.0699275199559939
1.3547535358348923,0.6811230222423637,1.0821605373378889
1.3566728509444700,0.6691069283998284,1.0943966747174687
1.3587021117858868,0.6571040361203955,1.1066358286007450
1.3608408265120653,0.6451150822820336,1.1188778999971536
1.3630884799167050,0.6331408586868924,1.1311227941785118
1.3654445340291945,0.6211822171784825,1.1433704204532085
1.3679084287289685,0.6092400753297136,1.1556206919545310
1.3704795823777478,0.5973154227757008,1.1678735254421050
1.3731573924681015,0.5854093282760815,1.1801288411155169
1.3759412362867414,0.5735229476041664,1.1923865624392596
1.3788304715909623,0.5616575323749068,1.2046466159782108
1.3818244372966504,0.5498144399407374,1.2169089312429158
1.3849224541762737,0.5379951445043013,1.2291734405440005
1.3881238255652990,0.5262012496203718,1.2414400788550992
1.3914278380754888,0.5144345022865955,1.2537087836837206
1.3948337623135583,0.5026968088546546,1.2659794949495244
1.3983408536037065,0.4909902530309828,1.2782521548695200
1.4019483527125631,0.4793171162802177,1.2905267078497324
1.4056554865751336,0.4676799009963101,1.3028031003829190
1.4094614690203706,0.4560813568669879,1.3150812809519430
1.4133655014950404,0.4445245109286174,1.3273611999384496
1.4173667737846020,0.4330127018922194,1.3396428095365036
1.4214644647298770,0.4215496194194144,1.3519260636708847
1.4256577429383250,0.4101393491415885,1.3642109179197430
1.4299457674888176,0.3987864243487959,1.3764973294413556
1.4343276886288385,0.3874958854291098,1.3887852569047234
1.4388026484631202,0.3762733483161693,1.4010746604237878
1.4433697816327637,0.3651250834037731,1.4133655014950401
1.4480282159839684,0.3540581066112495,1.4256577429383253
1.4527770732255500,0.3430802845292236,1.4379513488406528
1.4576154695744887,0.3322004558352424,1.4502462845028374
1.4625425163888050,0.3214285714285715,1.4625425163888048
1.4675573207871366,0.3107758559686728,1.4748400120774080
1.4726589862544275,0.3002549936711956,1.4871387402166152
1.4778466132332200,0.2898803412529004,1.4994386704799272
1.4831192997000806,0.2796681707207413,1.5117397735249087
1.4884761417267645,0.2696369441168126,1.5240420209537047
1.4939162340257617,0.2598076211353315,1.5363453852754410
1.4994386704799272,0.2502039984019571,1.5486498398703990
1.5050425446559608,0.2408530757155338,1.5609553589558738
1.5107269503015248,0.2317854391369708,1.5732619175536187
1.5164909818258674,0.2230356427999429,1.5855694914587937
1.5223337347638328,0.2146425600188103,1.5978780572103384
1.5282543062232135,0.2066496591641347,1.6101875920626930
1.5342517953154140,0.1991051409252337,1.6224980739587950
1.5403253035694524,0.1920618522821251,1.6348094815042900
1.5464739353293546,0.1855768722395226,1.6471217939428864
1.5341021438467202,1.6420494909144012,0.1979486637221574
1.5279538138120725,1.6297458171664156,0.2044155431607741
1.5218812203912606,1.6174431826124810,0.2114092655278392
1.5158852737807391,1.6051416111473573,0.2188793349434939
1.5099668870541500,1.5928411274018688,0.2267786838055365
1.5041269757516065,1.5805417567713795,0.2350640381700620
1.4983664574516902,1.5682435254455989,0.2436960301318855
1.4926862513260983,1.5559464604397868,0.2526391311975343
1.4870872776769264,1.5436505896274395,0.2618614682831910
1.4815704574566018,1.5313559417745315,0.2713345701888940
1.4761367117705377,1.5190625465754075,0.2810330796129429
1.4707869613626192,1.5067704346904150,0.2909344550630900
1.4655221260836757,1.4944796377853735,0.3010186786529354
1.4603431243431548,1.4821901885729918,0.3112679795642989
1.4552508725442554,1.4699021208563374,0.3216665785485058
1.4502462845028379,1.4576154695744885,0.3322004558352424
1.4453302708504847,1.4453302708504843,0.3428571428571430
1.4405037384221409,1.4330465620417192,0.3536255369853305
1.4357675896288271,1.4207643817929236,0.3644957377763736
1.4311227218159734,1.4084837700918830,0.3754589028843264
1.4265700266079921,1.3962047683280703,0.3865071216705338
1.4221103892397642,1.3839274193543590,0.3976333045633367
1.4177446878757827,1.3716517675520166,0.4088310863215483
1.4134737929177559,1.3593778588991752,0.4200947415009319
1.4092985663015456,1.3471057410430036,0.4314191105869000
1.4052198607843747,1.3348354633758102,0.4427995354236821
1.4012385192232986,1.3225670771153302,0.4542318027309900
1.3973553738460116,1.3103006353894668,0.4657120946486583
1.3935712455151086,1.2980361933257767,0.4772369453854305
1.3898869429869880,1.2857738081460073,0.4888032031693037
1.3863032621666438,1.2735135392660248,0.5004079968039141
1.3828209853596456,1.2612554484014920,0.5120487062292223
1.3794408805226643,1.2489995996796797,0.5237229365663817
1.3761637005139487,1.2367460597578348,0.5354284951974333
1.3729901823452078,1.2244948979485544,0.5471633714915874
1.3699210464363953,1.2122461863526444,0.5589257188425609
1.3669569958749357,1.2000000000000000,0.5707138387268051
1.3640987156809619,1.1877564169990615,0.5825261665314937
1.3613468720801650,1.1755155186954690,0.5943612589347063
1.3587021117858868,1.1632773898405684,0.6062177826491071
1.3561650612920937,1.1510421187704962,0.6180945043652554
1.3537363261788933,1.1388097975966138,0.6299902817520607
1.3514164904322594,1.1265805224081356,0.6419040553903135
1.3492061157796251,1.1143543934878680,0.6538348415311012
1.3471057410430038,1.1021315155420520,0.6657817255846310
1.3451158815112836,1.0899119979453873,0.6777438562568292
1.3432370283333148,1.0776959550024168,0.6897204402613321
1.3414696479333890,1.0654835062265469,0.7017107375433793
1.3398141814506692,1.0532747766381005,0.7137140569598170
1.3382710442040888,1.0410698970829215,0.7257297523661185
1.3368406251841904,1.0288690045731907,0.7377572190671633
1.3355232865733164,1.0166722426522676,0.7497958905935804
1.3343193632954993,1.0044797617855397,0.7618452357699077
1.3332291625973385,0.9922917197794492,0.7739047560446773
1.3322529636610587,0.9801082822310803,0.7859739830559384
1.3313910172508776,0.9679296230109091,0.7980524764086888
1.3306435453937164,0.9557559247815844,0.8101398216433043
1.3300107410951882,0.9435873795558855,0.8222356283763363
1.3294927680917124,0.9314241892973163,0.8343395285970766
1.3290897606394894,0.9192665665671536,0.8464511751050587
1.3288018233409697,0.9071147352221453,0.8585702400752411
1.3286290310093394,0.8949689311675025,0.8706964137390019
1.3285714285714287,0.8828294031703071,0.8828294031703071
1.3286290310093396,0.8706964137390019,0.8949689311675026
1.3288018233409697,0.8585702400752411,0.9071147352221454
1.3290897606394894,0.8464511751050585,0.9192665665671538
1.3294927680917124,0.8343395285970764,0.9314241892973165
1.3300107410951882,0.8222356283763361,0.9435873795558856
1.3306435453937164,0.8101398216433042,0.9557559247815846
1.3313910172508778,0.7980524764086887,0.9679296230109092
1.3322529636610585,0.7859739830559382,0.9801082822310804
1.3332291625973385,0.7739047560446772,0.9922917197794493
1.3343193632954990,0.7618452357699076,1.0044797617855397
1.3355232865733162,0.7497958905935802,1.0166722426522679
1.3368406251841904,0.7377572190671631,1.0288690045731910
1.3382710442040886,0.7257297523661185,1.0410698970829215
1.3398141814506690,0.7137140569598168,1.0532747766381005
1.3414696479333890,0.7017107375433792,1.0654835062265470
1.3432370283333148,0.6897204402613320,1.0776959550024170
1.3451158815112836,0.6777438562568291,1.0899119979453873
1.3471057410430038,0.6657817255846310,1.1021315155420520
1.3492061157796250,0.6538348415311007,1.1143543934878681
1.3514164904322594,0.6419040553903134,1.1265805224081358
1.3537363261788933,0.6299902817520605,1.1388097975966140
1.3561650612920935,0.6180945043652553,1.1510421187704962
1.3587021117858868,0.6062177826491070,1.1632773898405684
1.3613468720801650,0.5943612589347061,1.1755155186954690
1.3640987156809616,0.5825261665314936,1.1877564169990618
1.3669569958749355,0.5707138387268050,1.2000000000000002
1.3699210464363951,0.5589257188425609,1.2122461863526446
1.3729901823452078,0.5471633714915872,1.2244948979485544
1.3761637005139489,0.5354284951974331,1.2367460597578350
1.3794408805226640,0.5237229365663817,1.2489995996796797
1.3828209853596454,0.5120487062292223,1.2612554484014920
1.3863032621666436,0.5004079968039141,1.2735135392660248
1.3898869429869878,0.4888032031693034,1.2857738081460073
1.3935712455151084,0.4772369453854304,1.2980361933257770
1.3973553738460116,0.4657120946486582,1.3103006353894668
1.4012385192232986,0.4542318027309898,1.3225670771153302
1.4052198607843747,0.4427995354236818,1.3348354633758106
1.4092985663015456,0.4314191105868999,1.3471057410430038
1.4134737929177557,0.4200947415009317,1.3593778588991754
1.4177446878757824,0.4088310863215481,1.3716517675520166
1.4221103892397644,0.3976333045633364,1.3839274193543591
1.4265700266079920,0.3865071216705337,1.3962047683280703
1.4311227218159732,0.3754589028843263,1.4084837700918833
1.4357675896288270,0.3644957377763734,1.4207643817929236
1.4405037384221404,0.3536255369853303,1.4330465620417192
1.4453302708504847,0.3428571428571426,1.4453302708504845
1.4502462845028377,0.3322004558352423,1.4576154695744887
1.4552508725442552,0.3216665785485057,1.4699021208563376
1.4603431243431546,0.3112679795642989,1.4821901885729918
1.4655221260836755,0.3010186786529352,1.4944796377853740
1.4707869613626188,0.2909344550630899,1.5067704346904152
1.4761367117705375,0.2810330796129428,1.5190625465754080
1.4815704574566015,0.2713345701888940,1.5313559417745320
1.4870872776769264,0.2618614682831907,1.5436505896274400
1.4926862513260981,0.2526391311975341,1.5559464604397872
1.4983664574516900,0.2436960301318853,1.5682435254455989
1.5041269757516063,0.2350640381700619,1.5805417567713795
1.5099668870541498,0.2267786838055363,1.5928411274018688
1.5158852737807391,0.2188793349434937,1.6051416111473578
1.5218812203912604,0.2114092655278391,1.6174431826124813
1.5279538138120720,0.2044155431607741,1.6297458171664159
1.5341021438467197,0.1979486637221574,1.6420494909144014
1.5217303523640853,1.6370549714630342,0.2103204552047923
1.5155823289806358,1.6247605789086310,0.2167712986499074
1.5095106654076984,1.6124673703390600,0.2237208537623690
1.5035162867391214,1.6001753730419037,0.2311241383909063
1.4976001210099377,1.5878846151469594,0.2389389811953962
1.4917630987717667,1.5755951256588730,0.2471263413143742
1.4860061526502124,1.5633069344912953,0.2556504309739040
1.4803302168841954,1.5510200725026486,0.2644786940224803
1.4747362268471984,1.5387345715335874,0.2735816857457937
1.4692251185504530,1.5264504644462469,0.2829328902905480
1.4637978281281379,1.5141677851653865,0.2925085032777611
1.4584552913047060,1.5018865687215270,0.3022871995642690
1.4531984428445120,1.4896068512961973,0.3122498999199200
1.4480282159839686,1.4773286702694155,0.3223795456113360
1.4429455418465016,1.4650520642695290,0.3326608863484291
1.4379513488406530,1.4527770732255503,0.3430802845292237
1.4330465620417197,1.4405037384221404,0.3536255369853305
1.4282321025573925,1.4282321025573925,0.3642857142857143
1.4235088868779180,1.4159622098035798,0.3750510169378593
1.4188778262113644,1.4036941058710557,0.3859126474068599
1.4143398258046556,1.3914278380754885,0.3968626966596885
1.4098957842510842,1.3791634554086378,0.4078940438648354
1.4055465927850974,1.3669010086128908,0.4190002678874991
1.4012931345652102,1.3546405502597960,0.4301755692832443
1.3971362839459747,1.3423821348328377,0.4414147015851537
1.3930769057399963,1.3301258188147280,0.4527129107854522
1.3891158544710580,1.3178716607794987,0.4640658820223082
1.3852539736194847,1.3056197214897058,0.4754696925897892
1.3814920948609390,1.2933700639990782,0.4869207704901218
1.3778310372999076,1.2811227537609662,0.4984158578405575
1.3742716066991970,1.2688778587429772,0.5099519785314723
1.3708145947068207,1.2566354495482070,0.5215264096077660
1.3674607780817105,1.2443955995435154,0.5331366559124883
1.3642109179197432,1.2321583849953242,0.5447804275905241
1.3610657588816202,1.2199238852134526,0.5564556201017806
1.3580260284241799,1.2076921827035500,0.5681602964384079
1.3550924360367753,1.1954633633287237,0.5798926712798512
1.3522656724843651,1.1832375164810163,0.5916510968536804
1.3495464090590150,1.1710147352634301,0.6034340502998023
1.3469352968415191,1.1587951166832640,0.6152401223613959
1.3444329659748753,1.1465787618575780,0.6270680072482456
1.3420400249513530,1.1343657762316852,0.6389164935375248
1.3397570599149076,1.1221562698116296,0.6507844559938916
1.3375846339806783,1.1099503574117030,0.6626708482053700
1.3355232865733164,1.0977481589181386,0.6745746959441655
1.3335735327858527,1.0855497995702170,0.6864950911726039
1.3317358627608050,1.0733554102601308,0.6984311866239791
1.3300107410951882,1.0611651278530730,0.7103821908964618
1.3283986062710460,1.0489790955291450,0.7223473640055138
1.3268998701130854,1.0367974631488237,0.7343260133466273
1.3255149172749312,1.0246203876438873,0.7463174900257715
1.3242441047554610,1.0124480334358712,0.7583211855198057
1.3230877614466081,1.0002805728843260,0.7703365286333882
1.3220461877139467,0.9881181867673562,0.7823629827226579
1.3211196550112876,0.9759610647971566,0.7944000431592565
1.3203084055304224,0.9638094061735294,0.8064472350111586
1.3196126518870637,0.9516634201786481,0.8185041109193263
1.3190325768439195,0.9395233268166644,0.8305702491514550
1.3185683330717420,0.9273893575021027,0.8426452518160672
1.3182200429490720,0.9152617558013952,0.8547287432219628
1.3179877984012958,0.9031407782323431,0.8668203683695995
1.3178716607794990,0.8910266951267909,0.8789197915623472
1.3178716607794990,0.8789197915623472,0.8910266951267909
1.3179877984012955,0.8668203683695994,0.9031407782323432
1.3182200429490720,0.8547287432219627,0.9152617558013953
1.3185683330717420,0.8426452518160671,0.9273893575021029
1.3190325768439195,0.8305702491514550,0.9395233268166645
1.3196126518870634,0.8185041109193262,0.9516634201786482
1.3203084055304224,0.8064472350111584,0.9638094061735294
1.3211196550112874,0.7944000431592563,0.9759610647971568
1.3220461877139467,0.7823629827226578,0.9881181867673564
1.3230877614466080,0.7703365286333880,1.0002805728843263
1.3242441047554610,0.7583211855198054,1.0124480334358714
1.3255149172749310,0.7463174900257713,1.0246203876438875
1.3268998701130852,0.7343260133466272,1.0367974631488240
1.3283986062710460,0.7223473640055137,1.0489790955291450
1.3300107410951880,0.7103821908964618,1.0611651278530730
1.3317358627608050,0.6984311866239790,1.0733554102601308
1.3335735327858522,0.6864950911726037,1.0855497995702172
1.3355232865733162,0.6745746959441653,1.0977481589181388
1.3375846339806780,0.6626708482053699,1.1099503574117030
1.3397570599149073,0.6507844559938912,1.1221562698116296
1.3420400249513530,0.6389164935375244,1.1343657762316854
1.3444329659748753,0.6270680072482454,1.1465787618575782
1.3469352968415191,0.6152401223613958,1.1587951166832640
1.3495464090590150,0.6034340502998023,1.1710147352634301
1.3522656724843651,0.5916510968536803,1.1832375164810165
1.3550924360367753,0.5798926712798511,1.1954633633287240
1.3580260284241799,0.5681602964384079,1.2076921827035503
1.3610657588816200,0.5564556201017805,1.2199238852134529
1.3642109179197432,0.5447804275905240,1.2321583849953242
1.3674607780817105,0.5331366559124882,1.2443955995435154
1.3708145947068202,0.5215264096077660,1.2566354495482070
1.3742716066991967,0.5099519785314723,1.2688778587429772
1.3778310372999074,0.4984158578405575,1.2811227537609662
1.3814920948609388,0.4869207704901217,1.2933700639990784
1.3852539736194844,0.4754696925897891,1.3056197214897058
1.3891158544710578,0.4640658820223081,1.3178716607794987
1.3930769057399963,0.4527129107854522,1.3301258188147280
1.3971362839459747,0.4414147015851535,1.3423821348328380
1.4012931345652100,0.4301755692832442,1.3546405502597962
1.4055465927850974,0.4190002678874990,1.3669010086128910
1.4098957842510840,0.4078940438648353,1.3791634554086378
1.4143398258046556,0.3968626966596884,1.3914278380754888
1.4188778262113640,0.3859126474068599,1.4036941058710557
1.4235088868779175,0.3750510169378593,1.4159622098035796
1.4282321025573925,0.3642857142857142,1.4282321025573923
1.4330465620417194,0.3536255369853304,1.4405037384221404
1.4379513488406530,0.3430802845292235,1.4527770732255505
1.4429455418465014,0.3326608863484290,1.4650520642695290
1.4480282159839684,0.3223795456113359,1.4773286702694155
1.4531984428445120,0.3122498999199199,1.4896068512961973
1.4584552913047055,0.3022871995642688,1.5018865687215273
1.4637978281281376,0.2925085032777609,1.5141677851653870
1.4692251185504526,0.2829328902905479,1.5264504644462470
1.4747362268471980,0.2735816857457937,1.5387345715335874
1.4803302168841952,0.2644786940224801,1.5510200725026490
1.4860061526502122,0.2556504309739039,1.5633069344912955
1.4917630987717665,0.2471263413143741,1.5755951256588732
1.4976001210099374,0.2389389811953962,1.5878846151469597
1.5035162867391214,0.2311241383909062,1.6001753730419037
1.5095106654076982,0.2237208537623689,1.6124673703390602
1.5155823289806354,0.2167712986499073,1.6247605789086312
1.5217303523640848,0.2103204552047923,1.6370549714630345
1.5093585608814506,1.6321389496670950,0.2226922466874270
1.5032108491967644,1.6198544908196450,0.2291287847477921
1.4971401308590229,1.6075713714438045,0.2360387377408330
1.4911473462281540,1.5952896224798292,0.2433817862485832
1.4852334386711536,1.5830092758246677,0.2511199404463850
1.4793993541230146,1.5707303643690790,0.2592178187374865
1.4736460406288971,1.5584529220364924,0.2676427713599313
1.4679744478674819,1.5461769838236894,0.2763648874593301
1.4623855266554815,1.5339025858434239,0.2853569193634025
1.4568802284333469,1.5216297653690736,0.2945941518185897
1.4514595047322374,1.5093585608814502,0.3040542379113252
1.4461243066223880,1.4970890121178773,0.3137170179428250
1.4408755841430556,1.4848211601236763,0.3235643329401751
1.4357142857142857,1.4725550473061910,0.3335798408238748
1.4306413575307935,1.4602907174914990,0.3437488404433133
1.4256577429383255,1.4480282159839684,0.3540581066112494
1.4207643817929239,1.4357675896288267,0.3644957377763736
1.4159622098035800,1.4235088868779175,0.3750510169378593
1.4112521578588375,1.4112521578588370,0.3857142857142857
1.4066351513379696,1.3989974544476556,0.3964768310393690
1.4021121094074251,1.3867448303454373,0.4073307836966643
1.3976839443033129,1.3744943411587953,0.4182690277702101
1.3933515606007596,1.3622460444847270,0.4292851200376206
1.3891158544710580,1.3499999999999999,0.4403732183370958
1.3849777129275844,1.3377562695553677,0.4515280179794032
1.3809380130615450,1.3255149172749310,0.4627446953355863
1.3769976212686760,1.3132760096609626,0.4740188578010588
1.3731573924681015,1.3010396157045538,0.4853464994102624
1.3694181693146108,1.2888058070024610,0.4967239614489632
1.3657807814056924,1.2765746578805552,0.5081478974809260
1.3622460444847275,1.2643462455243137,0.5196152422706631
1.3588147596418023,1.2521206501168245,0.5311231841434657
1.3554877125136586,1.2398979549848084,0.5426691403777878
1.3522656724843651,1.2276782467532037,0.5542507352733242
1.3491493918883310,1.2154616155089020,0.5658657805810959
1.3461396052173396,1.2032481549742677,0.5775122580199188
1.3432370283333150,1.1910379626911260,0.5891883036371793
1.3404423576885784,1.1788311402159586,0.6008921938013744
1.3377562695553680,1.1666277933271028,0.6126223326397590
1.3351794192664346,1.1544280322448224,0.6243772407571486
1.3327124404685327,1.1422319718651812,0.6361555450917805
1.3303559443906394,1.1300397320087320,0.6479559697815203
1.3281105191287388,1.1178514376851219,0.6597773279288852
1.3259767289489985,1.1056672193747990,0.6716185141666574
1.3239551136111614,1.0934872133291205,0.6834784979374677
1.3220461877139467,1.0813115618902587,0.6953563174109122
1.3202504400642314,1.0691404138324376,0.7072510739706607
1.3185683330717420,1.0569739247261591,0.7191619272118208
1.3170003021709478,1.0448122573272312,0.7310880903956563
1.3155467552717854,1.0326555819925674,0.7430288263147626
1.3142080722407914,1.0205040771249134,0.7549834435270751
1.3129846044141460,1.0083579296488494,0.7669512929217120
1.3118766741440544,0.9962173355206365,0.7789317645837478
1.3108845743798114,0.9840825002747171,0.7909242849285865
1.3100085682848004,0.9719536396099457,0.8029283140797940
1.3092488888905827,0.9598309800189205,0.8149433434670317
1.3086057387891270,0.9477147594641133,0.8269688936232173
1.3080792898641231,0.9356052281048577,0.8390045121622239
1.3076696830622023,0.9235026490796562,0.8510497719203703
1.3073770282047759,0.9114072993487172,0.8631042692466749
1.3072014038410769,0.8993194706021223,0.8751676224283773
1.3071428571428574,0.8872394702395854,0.8872394702395856
1.3072014038410766,0.8751676224283773,0.8993194706021223
1.3073770282047756,0.8631042692466748,0.9114072993487174
1.3076696830622020,0.8510497719203701,0.9235026490796563
1.3080792898641231,0.8390045121622238,0.9356052281048577
1.3086057387891270,0.8269688936232172,0.9477147594641134
1.3092488888905824,0.8149433434670317,0.9598309800189205
1.3100085682848002,0.8029283140797940,0.9719536396099457
1.3108845743798114,0.7909242849285864,0.9840825002747172
1.3118766741440544,0.7789317645837477,0.9962173355206366
1.3129846044141462,0.7669512929217119,1.0083579296488496
1.3142080722407914,0.7549834435270750,1.0205040771249134
1.3155467552717854,0.7430288263147626,1.0326555819925676
1.3170003021709475,0.7310880903956563,1.0448122573272312
1.3185683330717420,0.7191619272118208,1.0569739247261591
1.3202504400642310,0.7072510739706608,1.0691404138324374
1.3220461877139467,0.6953563174109120,1.0813115618902587
1.3239551136111611,0.6834784979374677,1.0934872133291207
1.3259767289489985,0.6716185141666573,1.1056672193747990
1.3281105191287388,0.6597773279288851,1.1178514376851216
1.3303559443906394,0.6479559697815199,1.1300397320087323
1.3327124404685327,0.6361555450917804,1.1422319718651814
1.3351794192664344,0.6243772407571485,1.1544280322448226
1.3377562695553680,0.6126223326397591,1.1666277933271028
1.3404423576885784,0.6008921938013745,1.1788311402159586
1.3432370283333148,0.5891883036371793,1.1910379626911263
1.3461396052173393,0.5775122580199188,1.2032481549742680
1.3491493918883308,0.5658657805810960,1.2154616155089020
1.3522656724843650,0.5542507352733241,1.2276782467532037
1.3554877125136584,0.5426691403777878,1.2398979549848084
1.3588147596418020,0.5311231841434657,1.2521206501168245
1.3622460444847273,0.5196152422706632,1.2643462455243137
1.3657807814056920,0.5081478974809260,1.2765746578805552
1.3694181693146106,0.4967239614489633,1.2888058070024610
1.3731573924681015,0.4853464994102624,1.3010396157045538
1.3769976212686759,0.4740188578010588,1.3132760096609624
1.3809380130615447,0.4627446953355862,1.3255149172749310
1.3849777129275844,0.4515280179794032,1.3377562695553677
1.3891158544710578,0.4403732183370957,1.3500000000000000
1.3933515606007594,0.4292851200376205,1.3622460444847273
1.3976839443033127,0.4182690277702100,1.3744943411587953
1.4021121094074250,0.4073307836966644,1.3867448303454373
1.4066351513379693,0.3964768310393690,1.3989974544476556
1.4112521578588370,0.3857142857142857,1.4112521578588370
1.4159622098035798,0.3750510169378593,1.4235088868779175
1.4207643817929236,0.3644957377763735,1.4357675896288267
1.4256577429383253,0.3540581066112495,1.4480282159839684
1.4306413575307932,0.3437488404433132,1.4602907174914990
1.4357142857142855,0.3335798408238748,1.4725550473061910
1.4408755841430556,0.3235643329401750,1.4848211601236763
1.4461243066223877,0.3137170179428250,1.4970890121178770
1.4514595047322370,0.3040542379113251,1.5093585608814502
1.4568802284333464,0.2945941518185897,1.5216297653690738
1.4623855266554808,0.2853569193634025,1.5339025858434240
1.4679744478674812,0.2763648874593301,1.5461769838236896
1.4736460406288970,0.2676427713599313,1.5584529220364927
1.4793993541230144,0.2592178187374865,1.5707303643690793
1.4852334386711534,0.2511199404463849,1.5830092758246677
1.4911473462281537,0.2433817862485832,1.5952896224798292
1.4971401308590224,0.2360387377408330,1.6075713714438045
1.5032108491967642,0.2291287847477920,1.6198544908196450
1.5093585608814502,0.2226922466874270,1.6321389496670950
1.4969867693988155,1.6273021369426020,0.2350640381700619
1.4908393745861180,1.6150282742201798,0.2414877357768138
1.4847696172560010,1.6027559173536827,0.2483619807244815
1.4787784534154245,1.5904851012011576,0.2556504309739040
1.4728668421462539,1.5782158617003090,0.2633186941595251
1.4670357451510925,1.5659482359104404,0.2713345701888940
1.4612861262795673,1.5536822620563613,0.2796681707207412
1.4556189510350042,1.5414179795743597,0.2882919438658652
1.4500351860614720,1.5291554291603622,0.2971806294673531
1.4445357986112315,1.5168946528203933,0.3063111663198795
1.4391217559926712,1.5046356939234730,0.3156625684854907
1.4337940249988663,1.4923785972570833,0.3252157839380631
1.4285535713169630,1.4801234090853537,0.3349535453626673
1.4234013589186394,1.4678701772101160,0.3448602201306660
1.4183383494319641,1.4556189510350037,0.3549216642515670
1.4133655014950406,1.4433697816327637,0.3651250834037730
1.4084837700918835,1.4311227218159730,0.3754589028843264
1.4036941058710561,1.4188778262113640,0.3859126474068599
1.3989974544476560,1.4066351513379691,0.3964768310393690
1.3943947556893200,1.3943947556893197,0.4071428571428570
1.3898869429869880,1.3821566998199382,0.4179029278945734
1.3854749425112427,1.3699210464363950,0.4287499628131120
1.3811596724551174,1.3576878604932034,0.4396775256146398
1.3769420422643441,1.3454572092938580,0.4506797586956387
1.3728229518560860,1.3332291625973383,0.4617513245398282
1.3688032908272805,1.3210037927304235,0.4728873533724410
1.3648839376537870,1.3087811747061868,0.4840833964244978
1.3610657588816202,1.2965613863490721,0.4953353842167374
1.3573496083116074,1.2843445084269760,0.5066395893230096
1.3537363261788935,1.2721306247907924,0.5179925931233111
1.3502267383287743,1.2599198225219228,0.5293912561053651
1.3468216553904129,1.2477121920882692,0.5408326913195983
1.3435218719500490,1.2355078275092937,0.5523142406349516
1.3403281657253700,1.2233068265307500,0.5638334534818825
1.3372412967427705,1.2111092908097576,0.5753880678041808
1.3342620065192656,1.1989153261109282,0.5869759929729074
1.3313910172508778,1.1867250425143190,0.5985952944440944
1.3286290310093396,1.1745385546360454,0.6102441799670631
1.3259767289489988,1.1623559818624536,0.6219209871725782
1.3234347705258220,1.1501774485988263,0.6336241723898598
1.3210037927304235,1.1380030845336770,0.6453523005589541
1.3186844093370378,1.1258330249197700,0.6571040361203958
1.3164772101703697,1.1136674108731100,0.6688781347776839
1.3143827603922410,1.1015063896912320,0.6806734360400825
1.3124015998099339,1.0893501151922589,0.6924888564637921
1.3105342422081159,1.0771987480762977,0.7043233835188410
1.3087811747061870,1.0650524563108980,0.7161760700172172
1.3071428571428574,1.0529114155424435,0.7280460290449794
1.3056197214897060,1.0407758095355049,0.7399324293474370
1.3042121712954156,1.0286458306423836,0.7518344911220928
1.3029205811623081,1.0165216803052515,0.7637514821789955
1.3017452962567335,1.0044035695935398,0.7756827144325106
1.3006866318547734,0.9922917197794492,0.7876275406923903
1.2997448729246360,0.9801863629547438,0.7995853517254287
1.2989202737470151,0.9680877426922728,0.8115555735620277
1.2982130575745814,0.9559961147560022,0.8235376650246700
1.2976234163316587,0.9439117478636981,0.8355311154576825
1.2971515103550266,0.9318349245068098,0.8475354426397826
1.2967974681766572,0.9197659418325413,0.8595501908627820
1.2965613863490726,0.9077051125936062,0.8715749291614905
1.2964433293138768,0.8956527661717013,0.8836092496813559
1.2964433293138768,0.8836092496813560,0.8956527661717014
1.2965613863490726,0.8715749291614905,0.9077051125936061
1.2967974681766572,0.8595501908627817,0.9197659418325415
1.2971515103550266,0.8475354426397825,0.9318349245068099
1.2976234163316587,0.8355311154576824,0.9439117478636982
1.2982130575745814,0.8235376650246701,0.9559961147560022
1.2989202737470151,0.8115555735620277,0.9680877426922729
1.2997448729246357,0.7995853517254287,0.9801863629547438
1.3006866318547732,0.7876275406923900,0.9922917197794494
1.3017452962567335,0.7756827144325105,1.0044035695935398
1.3029205811623081,0.7637514821789952,1.0165216803052517
1.3042121712954156,0.7518344911220929,1.0286458306423834
1.3056197214897060,0.7399324293474370,1.0407758095355049
1.3071428571428572,0.7280460290449795,1.0529114155424433
1.3087811747061868,0.7161760700172173,1.0650524563108980
1.3105342422081159,0.7043233835188412,1.0771987480762975
1.3124015998099339,0.6924888564637921,1.0893501151922589
1.3143827603922410,0.6806734360400823,1.1015063896912318
1.3164772101703694,0.6688781347776839,1.1136674108731100
1.3186844093370376,0.6571040361203957,1.1258330249197700
1.3210037927304235,0.6453523005589540,1.1380030845336770
1.3234347705258218,0.6336241723898597,1.1501774485988265
1.3259767289489985,0.6219209871725782,1.1623559818624536
1.3286290310093396,0.6102441799670633,1.1745385546360454
1.3313910172508776,0.5985952944440945,1.1867250425143190
1.3342620065192656,0.5869759929729073,1.1989153261109284
1.3372412967427703,0.5753880678041807,1.2111092908097578
1.3403281657253698,0.5638334534818825,1.2233068265307500
1.3435218719500488,0.5523142406349517,1.2355078275092937
1.3468216553904127,0.5408326913195983,1.2477121920882692
1.3502267383287738,0.5293912561053651,1.2599198225219226
1.3537363261788930,0.5179925931233113,1.2721306247907924
1.3573496083116072,0.5066395893230096,1.2843445084269758
1.3610657588816197,0.4953353842167375,1.2965613863490721
1.3648839376537870,0.4840833964244978,1.3087811747061866
1.3688032908272800,0.4728873533724409,1.3210037927304232
1.3728229518560860,0.4617513245398282,1.3332291625973383
1.3769420422643440,0.4506797586956389,1.3454572092938580
1.3811596724551172,0.4396775256146397,1.3576878604932034
1.3854749425112425,0.4287499628131119,1.3699210464363951
1.3898869429869878,0.4179029278945735,1.3821566998199382
1.3943947556893197,0.4071428571428573,1.3943947556893195
1.3989974544476558,0.3964768310393689,1.4066351513379691
1.4036941058710557,0.3859126474068600,1.4188778262113640
1.4084837700918830,0.3754589028843264,1.4311227218159728
1.4133655014950401,0.3651250834037731,1.4433697816327635
1.4183383494319640,0.3549216642515670,1.4556189510350037
1.4234013589186392,0.3448602201306660,1.4678701772101160
1.4285535713169630,0.3349535453626672,1.4801234090853534
1.4337940249988660,0.3252157839380631,1.4923785972570833
1.4391217559926708,0.3156625684854909,1.5046356939234729
1.4445357986112315,0.3063111663198794,1.5168946528203935
1.4500351860614715,0.2971806294673532,1.5291554291603624
1.4556189510350037,0.2882919438658652,1.5414179795743599
1.4612861262795669,0.2796681707207413,1.5536822620563610
1.4670357451510923,0.2713345701888939,1.5659482359104404
1.4728668421462539,0.2633186941595251,1.5782158617003090
1.4787784534154245,0.2556504309739039,1.5904851012011578
1.4847696172560005,0.2483619807244817,1.6027559173536825
1.4908393745861175,0.2414877357768139,1.6150282742201796
1.4969867693988153,0.2350640381700619,1.6273021369426022
1.4846149779161808,1.6225452416572210,0.2474358296526968
1.4784679052785612,1.6102826472646448,0.2538479377702408
1.4723991251265636,1.5980217362062867,0.2606898227270665
1.4664096095079109,1.5857625475281150,0.2679285619073007
1.4605003336150926,1.5735051214873559,0.2755328788855130
1.4546722753154504,1.5612494995995996,0.2834733547569203
1.4489264146608833,1.5489957246881092,0.2917225408094590
1.4432637333771100,1.5367438409354568,0.3002549936711958
1.4376852143324717,1.5244938939376111,0.3090472521826277
1.4321918409863100,1.5122459307606155,0.3180777725458903
1.4267845968170130,1.5000000000000000,0.3273268353539885
1.4214644647298773,1.4877561518430830,0.3367764352607509
1.4162324264449980,1.4755144381343264,0.3464101615137755
1.4110894618654608,1.4632749124439177,0.3562130754226195
1.4060365484261796,1.4510376301397674,0.3661715890850370
1.4010746604237883,1.4388026484631202,0.3762733483161693
1.3962047683280707,1.4265700266079917,0.3865071216705338
1.3914278380754890,1.4143398258046553,0.3968626966596885
1.3867448303454377,1.4021121094074250,0.4073307836966643
1.3821566998199386,1.3898869429869876,0.4179029278945735
1.3776643944275653,1.3776643944275648,0.4285714285714285
1.3732688545724672,1.3654445340291945,0.4393292661337652
1.3689710123494440,1.3532274346154523,0.4501700359025351
1.3647717907461039,1.3410131716469500,0.4610878883860716
1.3606721028332183,1.3288018233409697,0.4720774754816659
1.3566728509444700,1.3165934707976257,0.4831339020881673
1.3527749258468684,1.3043881981329681,0.4942526826287484
1.3489792059031838,1.2921860926194737,0.5054297020095568
1.3452865562278349,1.2799872448344065,0.5166611805721464
1.3416978278377327,1.2677917488165582,0.5279436426323537
1.3382138567996569,1.2555997022319247,0.5392738882336250
1.3348354633758106,1.2434112065489150,0.5506489677773724
1.3315634511692624,1.2312263672237282,0.5620661592258857
1.3283986062710460,1.2190452938965920,0.5735229476041664
1.3253416964107400,1.2068681005996047,0.5850170065555219
1.3223934701124016,1.1946949059769807,0.5965461817317880
1.3195546558577704,1.1825258335185644,0.6081084758226503
1.3168259612586999,1.1703610118075465,0.6197020350498276
1.3142080722407916,1.1582005747833886,0.6313251369709812
1.3117016522402480,1.1460446620210483,0.6429761794553036
1.3093073414159544,1.1338934190276817,0.6546536707079771
1.3070257558788245,1.1217469975581000,0.6663562202342663
1.3048574869404284,1.1096055559503648,0.6780825306460467
1.3028031003829195,1.0974692594830180,0.6898313902242892
1.3008631357522527,1.0853382807555758,0.7016016661604957
1.2990381056766582,1.0732128000940513,0.7133922984085064
1.2973284952122945,1.0610930059834240,0.7252022940855460
1.2957347612179630,1.0489790955291450,0.7370307223679929
1.2942573317607002,1.0368712749499460,0.7488767098332089
1.2928966055540023,1.0247697601044294,0.7607394362039595
1.2916529514303660,1.0126747770541302,0.7726181304565691
1.2905267078497330,1.0005865626659969,0.7845120672580310
1.2895181824453439,0.9885053652574968,0.7964205637009345
1.2886276516084065,0.9764314452878597,0.8083429763082863
1.2878553601128617,0.9643650760992953,0.8202786982831767
1.2872015207814358,0.9523065447123844,0.8322271569807888
1.2866663141940233,0.9402561526802475,0.8441878115825232
1.2862498884393360,0.9282142170065384,0.8561601509540331
1.2859523589106074,0.9161810711327978,0.8681436916707712
1.2857738081460075,0.9041570660012561,0.8801379761962649
1.2857142857142858,0.8921425711997711,0.8921425711997710
1.2857738081460075,0.8801379761962649,0.9041570660012561
1.2859523589106074,0.8681436916707712,0.9161810711327978
1.2862498884393360,0.8561601509540329,0.9282142170065384
1.2866663141940230,0.8441878115825232,0.9402561526802475
1.2872015207814356,0.8322271569807888,0.9523065447123844
1.2878553601128617,0.8202786982831767,0.9643650760992953
1.2886276516084063,0.8083429763082863,0.9764314452878597
1.2895181824453439,0.7964205637009345,0.9885053652574967
1.2905267078497330,0.7845120672580310,1.0005865626659970
1.2916529514303660,0.7726181304565691,1.0126747770541304
1.2928966055540023,0.7607394362039597,1.0247697601044292
1.2942573317607002,0.7488767098332090,1.0368712749499458
1.2957347612179630,0.7370307223679929,1.0489790955291450
1.2973284952122945,0.7252022940855459,1.0610930059834240
1.2990381056766580,0.7133922984085064,1.0732128000940513
1.3008631357522527,0.7016016661604957,1.0853382807555758
1.3028031003829195,0.6898313902242891,1.0974692594830180
1.3048574869404284,0.6780825306460466,1.1096055559503648
1.3070257558788243,0.6663562202342662,1.1217469975581000
1.3093073414159542,0.6546536707079771,1.1338934190276815
1.3117016522402480,0.6429761794553034,1.1460446620210483
1.3142080722407914,0.6313251369709814,1.1582005747833886
1.3168259612586994,0.6197020350498277,1.1703610118075463
1.3195546558577702,0.6081084758226504,1.1825258335185642
1.3223934701124014,0.5965461817317881,1.1946949059769807
1.3253416964107400,0.5850170065555219,1.2068681005996050
1.3283986062710460,0.5735229476041663,1.2190452938965920
1.3315634511692622,0.5620661592258858,1.2312263672237282
1.3348354633758106,0.5506489677773724,1.2434112065489150
1.3382138567996569,0.5392738882336249,1.2555997022319245
1.3416978278377327,0.5279436426323536,1.2677917488165580
1.3452865562278347,0.5166611805721464,1.2799872448344065
1.3489792059031835,0.5054297020095568,1.2921860926194737
1.3527749258468682,0.4942526826287484,1.3043881981329680
1.3566728509444700,0.4831339020881671,1.3165934707976257
1.3606721028332180,0.4720774754816658,1.3288018233409695
1.3647717907461034,0.4610878883860717,1.3410131716469500
1.3689710123494438,0.4501700359025352,1.3532274346154520
1.3732688545724670,0.4393292661337651,1.3654445340291945
1.3776643944275650,0.4285714285714286,1.3776643944275648
1.3821566998199382,0.4179029278945735,1.3898869429869878
1.3867448303454375,0.4073307836966644,1.4021121094074250
1.3914278380754888,0.3968626966596884,1.4143398258046556
1.3962047683280705,0.3865071216705338,1.4265700266079920
1.4010746604237880,0.3762733483161692,1.4388026484631204
1.4060365484261796,0.3661715890850370,1.4510376301397674
1.4110894618654604,0.3562130754226195,1.4632749124439175
1.4162324264449980,0.3464101615137753,1.4755144381343266
1.4214644647298770,0.3367764352607509,1.4877561518430830
1.4267845968170128,0.3273268353539885,1.5000000000000000
1.4321918409863095,0.3180777725458903,1.5122459307606155
1.4376852143324714,0.3090472521826275,1.5244938939376114
1.4432637333771094,0.3002549936711957,1.5367438409354570
1.4489264146608830,0.2917225408094590,1.5489957246881092
1.4546722753154500,0.2834733547569204,1.5612494995995994
1.4605003336150923,0.2755328788855128,1.5735051214873559
1.4664096095079104,0.2679285619073007,1.5857625475281150
1.4723991251265636,0.2606898227270665,1.5980217362062867
1.4784679052785608,0.2538479377702408,1.6102826472646448
1.4846149779161806,0.2474358296526967,1.6225452416572210
1.4722431864335460,1.6178689687363434,0.2598076211353317
1.4660964414083424,1.6056183245347047,0.2662092164797746
1.4600286550165338,1.5933695524303972,0.2730216407659484
1.4540408157536540,1.5811226959321771,0.2802149320847576
1.4481339153319677,1.5688777999004280,0.2877605296926241
1.4423089481941158,1.5566349105997714,0.2956314583796412
1.4365669110055121,1.5443940757541417,0.3038024331162392
1.4309088021254184,1.5321553446044560,0.3122498999199200
1.4253356210566905,1.5199187679690285,0.3209520276951568
1.4198483678742255,1.5076843983068735,0.3298886639644426
1.4144480426322215,1.4954522897840667,0.3390412653230234
1.4091356447503990,1.4832224983433322,0.3483928113787772
1.4039121723794201,1.4709950817770412,0.3579277090390730
1.3987786217457936,1.4587700998038150,0.3676316923559364
1.3937359864766357,1.4465476141489433,0.3774917217635375
1.3887852569047237,1.4343276886288385,0.3874958854291098
1.3839274193543594,1.4221103892397640,0.3976333045633367
1.3791634554086380,1.4098957842510840,0.4078940438648354
1.3744943411587955,1.3976839443033124,0.4182690277702101
1.3699210464363953,1.3854749425112425,0.4287499628131120
1.3654445340291945,1.3732688545724670,0.4393292661337653
1.3610657588816200,1.3610657588816200,0.4500000000000001
1.3567856672808627,1.3488657366506882,0.4607558120820040
1.3526051960296954,1.3366688720357738,0.4715908811498304
1.3485252716071976,1.3244752522707060,0.4824998678227587
1.3445468093186568,1.3122849678079427,0.4934778699833107
1.3406707124360082,1.3000981124672153,0.5045203824688658
1.3368978713302477,1.2879147835924230,0.5156232606649700
1.3332291625973385,1.2757350822173072,0.5267826876426370
1.3296654481792152,1.2635591132404770,0.5379951445043014
1.3262075744815536,1.2513869856104074,0.5492573836275556
1.3228563714900560,1.2392188125210666,0.5605664045209551
1.3196126518870637,1.2270547116188920,0.5719194320310281
1.3164772101703697,1.2148948052218769,0.5833138966635514
1.3134508217761676,1.2027392205515960,0.5947474168047462
1.3105342422081159,1.1905880899790655,0.6062177826491071
1.3077282061745437,1.1784415512853907,0.6177229416599818
1.3050334267358670,1.1662997479382458,0.6292609854067723
1.3024505944643000,1.1541628293853055,0.6408301376387682
1.2999803766179847,1.1420309513658335,0.6524287434702142
1.2976234163316587,1.1299042762417477,0.6640552595643694
1.2953803318259982,1.1177829733495692,0.6757082452161297
1.2932517156377563,1.1056672193747990,0.6873863542433759
1.2912381338728140,1.0935571987503787,0.6990883276066898
1.2893401254842236,1.0814531040810462,0.7108129866855390
1.2875582015773033,1.0693551365955396,0.7225592271466016
1.2858928447437856,1.0572635066287777,0.7343260133466274
1.2843445084269760,1.0451784341363313,0.7461123732182626
1.2829136163198112,1.0331001492436960,0.7579173935926027
1.2816005617976296,1.0210288928331068,0.7697402159170327
1.2804057073873907,1.0089649171708759,0.7815800323311590
1.2793293842749756,0.9969084865785048,0.7934360820674408
1.2783718918521132,0.9848598781511188,0.8053076481465113
1.2775334973043540,0.9728193825271000,0.8171940543402035
1.2768144352414006,0.9607873047131498,0.8290946623779902
1.2762149073709799,0.9487639649694173,0.8410088693749591
1.2757350822173075,0.9367496997597595,0.8529361054615991
1.2753750948850544,0.9247448627726944,0.8648758315975957
1.2751350468695863,0.9127498260191336,0.8768275375535631
1.2750150059140961,0.9007649810135870,0.8887907400461804
1.2750150059140961,0.8887907400461802,0.9007649810135873
1.2751350468695863,0.8768275375535629,0.9127498260191339
1.2753750948850544,0.8648758315975956,0.9247448627726946
1.2757350822173075,0.8529361054615989,0.9367496997597597
1.2762149073709799,0.8410088693749590,0.9487639649694173
1.2768144352414006,0.8290946623779899,0.9607873047131500
1.2775334973043540,0.8171940543402034,0.9728193825271001
1.2783718918521132,0.8053076481465112,0.9848598781511189
1.2793293842749756,0.7934360820674408,0.9969084865785048
1.2804057073873907,0.7815800323311588,1.0089649171708760
1.2816005617976296,0.7697402159170325,1.0210288928331068
1.2829136163198112,0.7579173935926025,1.0331001492436960
1.2843445084269760,0.7461123732182624,1.0451784341363313
1.2858928447437856,0.7343260133466271,1.0572635066287777
1.2875582015773035,0.7225592271466013,1.0693551365955396
1.2893401254842236,0.7108129866855390,1.0814531040810462
1.2912381338728140,0.6990883276066897,1.0935571987503787
1.2932517156377563,0.6873863542433759,1.1056672193747992
1.2953803318259980,0.6757082452161296,1.1177829733495694
1.2976234163316587,0.6640552595643693,1.1299042762417477
1.2999803766179845,0.6524287434702141,1.1420309513658335
1.3024505944643000,0.6408301376387678,1.1541628293853057
1.3050334267358668,0.6292609854067721,1.1662997479382462
1.3077282061745437,0.6177229416599817,1.1784415512853910
1.3105342422081157,0.6062177826491070,1.1905880899790657
1.3134508217761676,0.5947474168047461,1.2027392205515960
1.3164772101703694,0.5833138966635513,1.2148948052218769
1.3196126518870634,0.5719194320310280,1.2270547116188921
1.3228563714900559,0.5605664045209551,1.2392188125210666
1.3262075744815536,0.5492573836275556,1.2513869856104074
1.3296654481792152,0.5379951445043012,1.2635591132404773
1.3332291625973385,0.5267826876426368,1.2757350822173075
1.3368978713302475,0.5156232606649699,1.2879147835924232
1.3406707124360080,0.5045203824688658,1.3000981124672153
1.3445468093186563,0.4934778699833108,1.3122849678079430
1.3485252716071974,0.4824998678227586,1.3244752522707064
1.3526051960296952,0.4715908811498304,1.3366688720357738
1.3567856672808625,0.4607558120820039,1.3488657366506882
1.3610657588816200,0.4500000000000000,1.3610657588816200
1.3654445340291945,0.4393292661337650,1.3732688545724670
1.3699210464363950,0.4287499628131119,1.3854749425112425
1.3744943411587953,0.4182690277702100,1.3976839443033124
1.3791634554086378,0.4078940438648353,1.4098957842510840
1.3839274193543591,0.3976333045633365,1.4221103892397642
1.3887852569047234,0.3874958854291098,1.4343276886288387
1.3937359864766354,0.3774917217635375,1.4465476141489433
1.3987786217457934,0.3676316923559362,1.4587700998038150
1.4039121723794200,0.3579277090390728,1.4709950817770414
1.4091356447503990,0.3483928113787770,1.4832224983433324
1.4144480426322215,0.3390412653230233,1.4954522897840667
1.4198483678742255,0.3298886639644425,1.5076843983068735
1.4253356210566900,0.3209520276951567,1.5199187679690285
1.4309088021254186,0.3122498999199198,1.5321553446044565
1.4365669110055117,0.3038024331162391,1.5443940757541420
1.4423089481941156,0.2956314583796411,1.5566349105997717
1.4481339153319674,0.2877605296926241,1.5688777999004282
1.4540408157536537,0.2802149320847575,1.5811226959321778
1.4600286550165333,0.2730216407659484,1.5933695524303977
1.4660964414083420,0.2662092164797746,1.6056183245347049
1.4722431864335457,0.2598076211353316,1.6178689687363437
1.4598713949509110,1.6132740192616037,0.2721794126179665
1.4537249831142798,1.6010360166250515,0.2785714285714286
1.4476582074903892,1.5888000863185130,0.2853569193634025
1.4416720734435204,1.5765662765928348,0.2925085032777610
1.4357675896288271,1.5643346371997446,0.3000000000000001
1.4299457674888179,1.5521052194503109,0.3078065918059321
1.4242076207276720,1.5398780762761440,0.3159049198213712
1.4185541647633153,1.5276532622934820,0.3242731275090334
1.4129864161572460,1.5154308338703213,0.3328908627923156
1.4075053920221510,1.5032108491967642,0.3417392489687339
1.4021121094074251,1.4909933683587584,0.3508008330802478
1.3968075846627657,1.4787784534154240,0.3600595188893875
1.3915928327800840,1.4665661684801720,0.3695004901822161
1.3864688667140520,1.4543565798058224,0.3791101288490171
1.3814366966816742,1.4421497558739684,0.3888759311090342
1.3764973294413558,1.4299457674888176,0.3987864243487959
1.3716517675520168,1.4177446878757824,0.4088310863215482
1.3669010086128912,1.4055465927850972,0.4190002678874991
1.3622460444847275,1.3933515606007592,0.4292851200376206
1.3576878604932037,1.3811596724551172,0.4396775256146398
1.3532274346154525,1.3689710123494438,0.4501700359025352
1.3488657366506884,1.3567856672808625,0.4607558120820040
1.3446037273760139,1.3446037273760139,0.4714285714285714
1.3404423576885782,1.3324252860318820,0.4821825380496478
1.3363825677353545,1.3202504400642310,0.4930123979067828
1.3324252860318824,1.3080792898641230,0.5039132578416363
1.3285714285714287,1.2959119395630400,0.5148806083125743
1.3248218979260910,1.2837484972071562,0.5259102895485704
1.3211775823414629,1.2715890749413520,0.5369984608346430
1.3176393548265608,1.2594337892036067,0.5481415726557050
1.3142080722407914,1.2472827609304498,0.5593363414414827
1.3108845743798114,1.2351361157742071,0.5705797266726149
1.3076696830622023,1.2229939843328280,0.5818689101261800
1.3045642012189518,1.2108565023931428,0.5932012770569873
1.3015689119877831,1.1987238111884670,0.6045743991285379
1.2986845778144365,1.1865960576715366,0.6159860189242968
1.2959119395630403,1.1744733948038333,0.6274340358856499
1.2932517156377563,1.1623559818624534,0.6389164935375247
1.2907046011179084,1.1502439847657522,0.6504315678761263
1.2882712669088205,1.1381375764191000,0.6619775568055806
1.2859523589106074,1.1260369370822030,0.6735528705215019
1.2837484972071567,1.1139422547595432,0.6851560227497122
1.2816602752775363,1.1018537256156378,0.6967856227575543
1.2796882592320393,1.0897715544169460,0.7084403680635659
1.2778329870750493,1.0776959550024170,0.7201190377787747
1.2760949679968723,1.0656271507848303,0.7318204865196083
1.2744746816966255,1.0535653752852738,0.7435436388384632
1.2729725777382126,1.0415108727032971,0.7552874841234094
1.2715890749413525,1.0294638985255125,0.7670510719233600
1.2703245608095275,1.0174247201756450,0.7788335076594106
1.2691793909966442,1.0053936177093090,0.7906339486869549
1.2681538888140846,0.9933708845570793,0.8024516006766833
1.2672483447797196,0.9813568283197481,0.8142857142857144
1.2664630162103319,0.9693517716200124,0.8261355820929154
1.2657981268587750,0.9573560530152289,0.8380005357749980
1.2652538665970460,0.9453700279763042,0.8498799435022261
1.2648303911463177,0.9333940699382647,0.8617732075346100
1.2645278218548210,0.9214285714285713,0.8736797620012794
1.2643462455243140,0.9094739452798286,0.8855990708473640
1.2642857142857145,0.8975306259341770,0.8975306259341773
1.2643462455243140,0.8855990708473638,0.9094739452798288
1.2645278218548210,0.8736797620012793,0.9214285714285714
1.2648303911463180,0.8617732075346098,0.9333940699382648
1.2652538665970460,0.8498799435022260,0.9453700279763043
1.2657981268587752,0.8380005357749979,0.9573560530152290
1.2664630162103320,0.8261355820929150,0.9693517716200127
1.2672483447797194,0.8142857142857142,0.9813568283197482
1.2681538888140846,0.8024516006766834,0.9933708845570793
1.2691793909966440,0.7906339486869548,1.0053936177093090
1.2703245608095273,0.7788335076594105,1.0174247201756452
1.2715890749413523,0.7670510719233599,1.0294638985255127
1.2729725777382126,0.7552874841234094,1.0415108727032971
1.2744746816966255,0.7435436388384632,1.0535653752852738
1.2760949679968725,0.7318204865196080,1.0656271507848305
1.2778329870750493,0.7201190377787747,1.0776959550024168
1.2796882592320393,0.7084403680635658,1.0897715544169460
1.2816602752775361,0.6967856227575543,1.1018537256156375
1.2837484972071567,0.6851560227497120,1.1139422547595434
1.2859523589106072,0.6735528705215018,1.1260369370822030
1.2882712669088203,0.6619775568055806,1.1381375764191000
1.2907046011179082,0.6504315678761263,1.1502439847657522
1.2932517156377563,0.6389164935375244,1.1623559818624536
1.2959119395630400,0.6274340358856499,1.1744733948038333
1.2986845778144365,0.6159860189242967,1.1865960576715366
1.3015689119877830,0.6045743991285379,1.1987238111884673
1.3045642012189513,0.5932012770569876,1.2108565023931428
1.3076696830622020,0.5818689101261799,1.2229939843328280
1.3108845743798112,0.5705797266726148,1.2351361157742071
1.3142080722407914,0.5593363414414827,1.2472827609304495
1.3176393548265608,0.5481415726557048,1.2594337892036067
1.3211775823414629,0.5369984608346429,1.2715890749413523
1.3248218979260910,0.5259102895485703,1.2837484972071564
1.3285714285714285,0.5148806083125743,1.2959119395630400
1.3324252860318822,0.5039132578416363,1.3080792898641230
1.3363825677353540,0.4930123979067829,1.3202504400642310
1.3404423576885782,0.4821825380496477,1.3324252860318822
1.3446037273760136,0.4714285714285714,1.3446037273760136
1.3488657366506882,0.4607558120820040,1.3567856672808625
1.3532274346154523,0.4501700359025353,1.3689710123494438
1.3576878604932032,0.4396775256146397,1.3811596724551172
1.3622460444847273,0.4292851200376205,1.3933515606007592
1.3669010086128910,0.4190002678874990,1.4055465927850970
1.3716517675520166,0.4088310863215482,1.4177446878757822
1.3764973294413556,0.3987864243487959,1.4299457674888176
1.3814366966816740,0.3888759311090343,1.4421497558739684
1.3864688667140517,0.3791101288490171,1.4543565798058224
1.3915928327800837,0.3695004901822160,1.4665661684801719
1.3968075846627652,0.3600595188893875,1.4787784534154240
1.4021121094074250,0.3508008330802478,1.4909933683587584
1.4075053920221507,0.3417392489687339,1.5032108491967642
1.4129864161572459,0.3328908627923155,1.5154308338703213
1.4185541647633150,0.3242731275090334,1.5276532622934820
1.4242076207276717,0.3159049198213710,1.5398780762761441
1.4299457674888174,0.3078065918059321,1.5521052194503109
1.4357675896288267,0.3000000000000000,1.5643346371997449
1.4416720734435200,0.2925085032777611,1.5765662765928350
1.4476582074903888,0.2853569193634025,1.5888000863185132
1.4537249831142793,0.2785714285714286,1.6010360166250515
1.4598713949509108,0.2721794126179664,1.6132740192616040
1.4474996034682763,1.6087610900621505,0.2845512041006013
1.4413535305399576,1.5965364297217184,0.2909344550630900
1.4352877831320672,1.5843140535916997,0.2976952283453529
1.4293033839130540,1.5720940149484488,0.3048084041907411
1.4234013589186394,1.5598763687274337,0.3122498999199200
1.4175827370303757,1.5476611715878950,0.3199968112086017
1.4118485494310686,1.5354484819805340,0.3280275000915724
1.4061998290369948,1.5232383602183920,0.3363216390569587
1.4006376099069004,1.5110308685510980,0.3448602201306660
1.3951629266278311,1.4988260712426690,0.3536255369853304
1.3897768136779138,1.4866240346530670,0.3626011470427730
1.3844803047662740,1.4744248273237166,0.3717718194192316
1.3792744321503514,1.4622285200672156,0.3811234734844028
1.3741602259309549,1.4500351860614715,0.3906431118250090
1.3691387133254729,1.4378449009485246,0.4003187505486301
1.3642109179197437,1.4256577429383253,0.4101393491415883
1.3593778588991754,1.4134737929177554,0.4200947415009319
1.3546405502597962,1.4012931345652100,0.4301755692832443
1.3500000000000003,1.3891158544710578,0.4403732183370958
1.3454572092938581,1.3769420422643437,0.4506797586956387
1.3410131716469500,1.3647717907461037,0.4610878883860717
1.3366688720357738,1.3526051960296952,0.4715908811498305
1.3324252860318822,1.3404423576885780,0.4821825380496478
1.3282833789119992,1.3282833789119992,0.4928571428571429
1.3242441047554610,1.3161283666690800,0.5036094210592091
1.3203084055304224,1.3039774318818338,0.5144345022865955
1.3164772101703697,1.2918306896076763,0.5253278859484827
1.3127514336425660,1.2796882592320389,0.5362854098484561
1.3091319760101520,1.2675502646717356,0.5473032215568722
1.3056197214897060,1.2554168345897820,0.5583777523198021
1.3022155375061570,1.2432881026224165,0.5695056932936470
1.2989202737470151,1.2311642076191334,0.5806839739057902
1.2957347612179630,1.2190452938965920,0.5919097421542770
1.2926598113019150,1.2069315115073380,0.6031803466727382
1.2896962148237130,1.1948230165243412,0.6144933204000891
1.2868447411226820,1.1827199713424326,0.6258463657075815
1.2841061371353115,1.1706225449978072,0.6372373408483126
1.2814811264903674,1.1585309135068516,0.6486642476061472
1.2789704086187645,1.1464452602256583,0.6601252200321155
1.2765746578805555,1.1343657762316854,0.6716185141666574
1.2742945227113884,1.1222926607291570,0.6831424986555790
1.2721306247907926,1.1102261214799112,0.6946956461763141
1.2700835582346381,1.0981663752615547,0.7062765255990353
1.2681538888140849,1.0861136483549300,0.7178837948144136
1.2663421532033088,1.0740681770630724,0.7295161941663942
1.2646488582582431,1.0620302082640145,0.7411725404343295
1.2630744803285130,1.0499999999999998,0.7528517213141738
1.2616194646046754,1.0379778221058835,0.7645526903533403
1.2602842245027954,1.0259639568797370,0.7762744622981788
1.2590691410882950,1.0139586997989412,0.7880161088170101
1.2579745625409127,1.0019623602853410,0.7997767545652080
1.2570008036624971,0.9899752625233438,0.8115555735620277
1.2561481454292347,0.9779977463352021,0.8233517858517745
1.2554168345897823,0.9660301681181005,0.8351646544245033
1.2548070833106302,0.9540729018480800,0.8469934823737862
1.2543190688698840,0.9421263401563118,0.8588376102711888
1.2539529334004820,0.9301908954837260,0.8706964137390020
1.2537087836837209,0.9182670013205776,0.8825693012044841
1.2535866909937800,0.9063551135381398,0.8944557118204140
1.2535866909937800,0.8944557118204137,0.9063551135381400
1.2537087836837209,0.8825693012044841,0.9182670013205776
1.2539529334004822,0.8706964137390019,0.9301908954837261
1.2543190688698840,0.8588376102711890,0.9421263401563118
1.2548070833106302,0.8469934823737862,0.9540729018480801
1.2554168345897823,0.8351646544245033,0.9660301681181005
1.2561481454292350,0.8233517858517743,0.9779977463352023
1.2570008036624971,0.8115555735620277,0.9899752625233437
1.2579745625409127,0.7997767545652080,1.0019623602853410
1.2590691410882948,0.7880161088170101,1.0139586997989410
1.2602842245027952,0.7762744622981786,1.0259639568797370
1.2616194646046754,0.7645526903533403,1.0379778221058835
1.2630744803285130,0.7528517213141738,1.0500000000000000
1.2646488582582431,0.7411725404343293,1.0620302082640145
1.2663421532033086,0.7295161941663942,1.0740681770630724
1.2681538888140849,0.7178837948144132,1.0861136483549303
1.2700835582346381,0.7062765255990353,1.0981663752615547
1.2721306247907926,0.6946956461763141,1.1102261214799110
1.2742945227113884,0.6831424986555790,1.1222926607291570
1.2765746578805555,0.6716185141666574,1.1343657762316854
1.2789704086187643,0.6601252200321155,1.1464452602256583
1.2814811264903672,0.6486642476061472,1.1585309135068516
1.2841061371353115,0.6372373408483125,1.1706225449978072
1.2868447411226818,0.6258463657075812,1.1827199713424328
1.2896962148237128,0.6144933204000890,1.1948230165243414
1.2926598113019148,0.6031803466727385,1.2069315115073380
1.2957347612179628,0.5919097421542772,1.2190452938965920
1.2989202737470150,0.5806839739057901,1.2311642076191334
1.3022155375061568,0.5695056932936470,1.2432881026224165
1.3056197214897058,0.5583777523198021,1.2554168345897820
1.3091319760101519,0.5473032215568720,1.2675502646717356
1.3127514336425660,0.5362854098484561,1.2796882592320390
1.3164772101703697,0.5253278859484827,1.2918306896076763
1.3203084055304222,0.5144345022865955,1.3039774318818338
1.3242441047554607,0.5036094210592091,1.3161283666690800
1.3282833789119992,0.4928571428571430,1.3282833789119990
1.3324252860318820,0.4821825380496477,1.3404423576885782
1.3366688720357738,0.4715908811498304,1.3526051960296954
1.3410131716469500,0.4610878883860717,1.3647717907461034
1.3454572092938577,0.4506797586956388,1.3769420422643437
1.3500000000000000,0.4403732183370957,1.3891158544710578
1.3546405502597960,0.4301755692832442,1.4012931345652098
1.3593778588991752,0.4200947415009318,1.4134737929177554
1.3642109179197432,0.4101393491415884,1.4256577429383250
1.3691387133254724,0.4003187505486300,1.4378449009485250
1.3741602259309547,0.3906431118250090,1.4500351860614717
1.3792744321503512,0.3811234734844028,1.4622285200672156
1.3844803047662737,0.3717718194192314,1.4744248273237166
1.3897768136779136,0.3626011470427731,1.4866240346530670
1.3951629266278311,0.3536255369853302,1.4988260712426690
1.4006376099069002,0.3448602201306661,1.5110308685510980
1.4061998290369946,0.3363216390569587,1.5232383602183920
1.4118485494310684,0.3280275000915724,1.5354484819805339
1.4175827370303755,0.3199968112086016,1.5476611715878952
1.4234013589186392,0.3122498999199198,1.5598763687274340
1.4293033839130538,0.3048084041907408,1.5720940149484492
1.4352877831320667,0.2976952283453531,1.5843140535916997
1.4413535305399574,0.2909344550630899,1.5965364297217184
1.4474996034682759,0.2845512041006013,1.6087610900621507
1.4351278119856414,1.6043308732990236,0.2969229955832362
1.4289820838339324,1.5921202651733033,0.3032981963651736
1.4229173825458106,1.5799121649571508,0.3100362059172959
1.4169347485444250,1.5677066312396117,0.3171138982917589
1.4110352256989425,1.5555037244361370,0.3245090483314443
1.4052198607843747,1.5433035068597862,0.3322004558352426
1.3994897029172557,1.5311060427957675,0.3401680257083046
1.3938458029670928,1.5189113985794870,0.3483928113787772
1.3882892129435822,1.5067196426783094,0.3568570284799085
1.3828209853596456,1.4945308457772264,0.3655440451978282
1.3774421725704171,1.4823450808686585,0.3744383549166045
1.3721538260883800,1.4701624233466206,0.3835255359616799
1.3669569958749357,1.4579829511054938,0.3927922024247865
1.3618527296087700,1.4458067446436755,0.4022259492943169
1.3568420719314631,1.4336338871723768,0.4118152944399879
1.3519260636708850,1.4214644647298769,0.4215496194194144
1.3471057410430038,1.4092985663015454,0.4314191105869001
1.3423821348328380,1.3971362839459747,0.4414147015851537
1.3377562695553680,1.3849777129275844,0.4515280179794032
1.3332291625973385,1.3728229518560860,0.4617513245398282
1.3288018233409697,1.3606721028332178,0.4720774754816660
1.3244752522707064,1.3485252716071972,0.4824998678227587
1.3202504400642312,1.3363825677353540,0.4930123979067828
1.3161283666690802,1.3242441047554607,0.5036094210592091
1.3121100003662898,1.3121100003662893,0.5142857142857145
1.3081962968226168,1.2999803766179843,0.5250364418839158
1.3043881981329684,1.2878553601128615,0.5358571238146015
1.3006866318547734,1.2757350822173072,0.5467436066645603
1.2970925100361337,1.2636196792854846,0.5576920370269467
1.2936067282396682,1.2515092928956144,0.5686988371246586
1.2902301645640675,1.2394040700996554,0.5797606825058008
1.2869636786654401,1.2273041636872586,0.5908744816466731
1.2838081107806270,1.2152097324649562,0.6020373573058709
1.2807642807547153,1.2031209415515964,0.6132466294823223
1.2778329870750493,1.1910379626911260,0.6244997998398399
1.2750150059140961,1.1789609745839074,0.6357945374706763
1.2723110901835613,1.1668901632378363,0.6471286658803500
1.2697219686021899,1.1548257223406446,0.6585001510854738
1.2672483447797196,1.1427678536548613,0.6699070907253346
1.2648908963194560,1.1307167674370380,0.6813477040964849
1.2626502739419632,1.1186726828829652,0.6928203230275509
1.2605271006323393,1.1066358286007445,0.7043233835188413
1.2585219708135444,1.0946064431137439,0.7158554180781459
1.2566354495482070,1.0825847753956117,0.7274150486903778
1.2548680717713000,1.0705710854397252,0.7390009803644322
1.2532203415560235,1.0585656448656340,0.7506119952058712
1.2516927314151630,1.0465687375652777,0.7622469469688057
1.2502856816401147,1.0345806603919980,0.7739047560446773
1.2489995996796797,1.0226017238956158,0.7855844048495726
1.2478348595606288,1.0106322531071370,0.7972849335752699
1.2467918013519208,0.9986725883769464,0.8090054362724440
1.2458707306743428,0.9867230862707084,0.8207450572373810
1.2450719182571959,0.9747841205275417,0.8325029876761980
1.2443955995435156,0.9628560830854701,0.8442784626229545
1.2438419743451568,0.9509393851795781,0.8560707580902078
1.2434112065489150,0.9390344585188096,0.8678791884325179
1.2431034238746910,0.9271417565478828,0.8797031039051803
1.2429187176865228,0.9152617558013952,0.8915418884020595
1.2428571428571429,0.9033949573578499,0.9033949573578502
1.2429187176865228,0.8915418884020593,0.9152617558013955
1.2431034238746912,0.8797031039051800,0.9271417565478830
1.2434112065489151,0.8678791884325175,0.9390344585188098
1.2438419743451565,0.8560707580902075,0.9509393851795783
1.2443955995435154,0.8442784626229544,0.9628560830854702
1.2450719182571959,0.8325029876761979,0.9747841205275418
1.2458707306743428,0.8207450572373809,0.9867230862707085
1.2467918013519208,0.8090054362724438,0.9986725883769467
1.2478348595606288,0.7972849335752696,1.0106322531071370
1.2489995996796794,0.7855844048495725,1.0226017238956160
1.2502856816401144,0.7739047560446771,1.0345806603919983
1.2516927314151627,0.7622469469688056,1.0465687375652780
1.2532203415560235,0.7506119952058712,1.0585656448656342
1.2548680717713000,0.7390009803644321,1.0705710854397255
1.2566354495482070,0.7274150486903775,1.0825847753956120
1.2585219708135444,0.7158554180781456,1.0946064431137440
1.2605271006323393,0.7043233835188410,1.1066358286007450
1.2626502739419632,0.6928203230275508,1.1186726828829652
1.2648908963194560,0.6813477040964846,1.1307167674370384
1.2672483447797196,0.6699070907253344,1.1427678536548616
1.2697219686021899,0.6585001510854738,1.1548257223406448
1.2723110901835610,0.6471286658803499,1.1668901632378366
1.2750150059140963,0.6357945374706759,1.1789609745839076
1.2778329870750490,0.6244997998398396,1.1910379626911263
1.2807642807547153,0.6132466294823220,1.2031209415515964
1.2838081107806267,0.6020373573058707,1.2152097324649564
1.2869636786654397,0.5908744816466729,1.2273041636872586
1.2902301645640673,0.5797606825058005,1.2394040700996556
1.2936067282396682,0.5686988371246583,1.2515092928956149
1.2970925100361335,0.5576920370269467,1.2636196792854846
1.3006866318547732,0.5467436066645602,1.2757350822173072
1.3043881981329681,0.5358571238146014,1.2878553601128617
1.3081962968226168,0.5250364418839156,1.2999803766179845
1.3121100003662898,0.5142857142857142,1.3121100003662898
1.3161283666690802,0.5036094210592090,1.3242441047554610
1.3202504400642310,0.4930123979067828,1.3363825677353542
1.3244752522707064,0.4824998678227585,1.3485252716071974
1.3288018233409697,0.4720774754816658,1.3606721028332180
1.3332291625973383,0.4617513245398281,1.3728229518560860
1.3377562695553675,0.4515280179794031,1.3849777129275842
1.3423821348328380,0.4414147015851535,1.3971362839459747
1.3471057410430036,0.4314191105868999,1.4092985663015456
1.3519260636708845,0.4215496194194143,1.4214644647298770
1.3568420719314630,0.4118152944399878,1.4336338871723768
1.3618527296087697,0.4022259492943167,1.4458067446436758
1.3669569958749355,0.3927922024247862,1.4579829511054943
1.3721538260883799,0.3835255359616799,1.4701624233466206
1.3774421725704170,0.3744383549166044,1.4823450808686587
1.3828209853596454,0.3655440451978281,1.4945308457772264
1.3882892129435820,0.3568570284799083,1.5067196426783098
1.3938458029670928,0.3483928113787770,1.5189113985794873
1.3994897029172557,0.3401680257083044,1.5311060427957675
1.4052198607843744,0.3322004558352424,1.5433035068597862
1.4110352256989427,0.3245090483314441,1.5555037244361374
1.4169347485444250,0.3171138982917587,1.5677066312396122
1.4229173825458106,0.3100362059172957,1.5799121649571510
1.4289820838339320,0.3032981963651735,1.5921202651733035
1.4351278119856412,0.2969229955832360,1.6043308732990238
1.4227560205030065,1.5999840560430080,0.3092947870658711
1.4166106431499499,1.5877882190554975,0.3156625684854909
1.4105470063570578,1.5755951256588730,0.3223795456113360
1.4045661687684847,1.5634048400454537,0.3294243587885774
1.3986691925555814,1.5512174284103701,0.3367764352607510
1.3928571428571430,1.5390329590296600,0.3444160986068913
1.3871310871944385,1.5268515023420193,0.3523246415753864
1.3814920948609390,1.5146731310343993,0.3604843680270156
1.3759412362867414,1.5024979201316717,0.3688786095335817
1.3704795823777478,1.4903259470905780,0.3774917217635375
1.3651082038297426,1.4781572918982053,0.3863090652282846
1.3598281704175808,1.4659920371752446,0.3953169743434776
1.3546405502597962,1.4538302682842970,0.4045027181362221
1.3495464090590150,1.4416720734435200,0.4138544553391708
1.3445468093186568,1.4295175438459176,0.4233611860782127
1.3396428095365038,1.4173667737846020,0.4330127018922194
1.3348354633758104,1.4052198607843744,0.4427995354236821
1.3301258188147282,1.3930769057399960,0.4527129107854522
1.3255149172749312,1.3809380130615447,0.4627446953355863
1.3210037927304235,1.3688032908272800,0.4728873533724410
1.3165934707976260,1.3566728509444697,0.4831339020881673
1.3122849678079431,1.3445468093186560,0.4934778699833108
1.3080792898641231,1.3324252860318820,0.5039132578416363
1.3039774318818340,1.3203084055304220,0.5144345022865955
1.2999803766179845,1.3081962968226166,0.5250364418839158
1.2960890936874325,1.2960890936874323,0.5357142857142858
1.2923045385698230,1.2839869348944293,0.5464635843124332
1.2886276516084065,1.2718899644358599,0.5572802028511294
1.2850593570027840,1.2597983317716743,0.5681602964384079
1.2816005617976298,1.2477121920882692,0.5791002873916944
1.2782521548695200,1.2356317065718710,0.5900968443520825
1.2750150059140961,1.2235570426975170,0.6011468631045231
1.2718899644358600,1.2114883745346683,0.6122474489742773
1.2688778587429774,1.1994258830705595,0.6233959006759605
1.2659794949495244,1.1873697565524860,0.6345896954983221
1.2631956559876711,1.1753201908503095,0.6458264757151830
1.2605271006323393,1.1632773898405684,0.6571040361203957
1.2579745625409127,1.1512415658136839,0.6684203125920953
1.2555387493105932,1.1392129399058717,0.6797733715987219
1.2532203415560235,1.1271917425574922,0.6911614005662159
1.2510199920097853,1.1151782139997140,0.7025826990323571
1.2489383246483832,1.1031726047715140,0.7140356705203953
1.2469759338462940,1.0911751762692012,0.7255188150698838
1.2451333835606300,1.0791862013308253,0.7370307223679932
1.2434112065489151,1.0672059648580359,0.7485700654295114
1.2418099036224080,1.0552347644781540,0.7601355947783130
1.2403299429373376,1.0432729112494672,0.7717261330872474
1.2389717593263228,1.0313207304129940,0.7833405702372319
1.2377357536721510,1.0193785621942537,0.7949778587598321
1.2366222923259758,1.0074467626588695,0.8066370096308020
1.2356317065718710,0.9955257046261681,0.8183170883849714
1.2347642921395394,0.9836157786453000,0.8300172115255029
1.2340203087668289,0.9717173940387970,0.8417365432029582
1.2333999798135566,0.9598309800189204,0.8534742921417955
1.2329034919279627,0.9479569868826282,0.8652297087939087
1.2325309947669570,0.9360958872915110,0.8770020827006197
1.2322826007711320,0.9242481776436190,0.8887907400461803
1.2321583849953244,0.9124143795447328,0.9005950413873199
1.2321583849953244,0.9005950413873198,0.9124143795447330
1.2322826007711323,0.8887907400461801,0.9242481776436192
1.2325309947669572,0.8770020827006195,0.9360958872915112
1.2329034919279624,0.8652297087939084,0.9479569868826285
1.2333999798135566,0.8534742921417954,0.9598309800189206
1.2340203087668289,0.8417365432029580,0.9717173940387972
1.2347642921395392,0.8300172115255029,0.9836157786453001
1.2356317065718710,0.8183170883849713,0.9955257046261682
1.2366222923259758,0.8066370096308019,1.0074467626588697
1.2377357536721510,0.7949778587598318,1.0193785621942540
1.2389717593263228,0.7833405702372319,1.0313207304129940
1.2403299429373376,0.7717261330872472,1.0432729112494672
1.2418099036224077,0.7601355947783128,1.0552347644781541
1.2434112065489150,0.7485700654295112,1.0672059648580359
1.2451333835606300,0.7370307223679930,1.0791862013308253
1.2469759338462940,0.7255188150698837,1.0911751762692015
1.2489383246483832,0.7140356705203950,1.1031726047715142
1.2510199920097853,0.7025826990323571,1.1151782139997140
1.2532203415560235,0.6911614005662159,1.1271917425574922
1.2555387493105932,0.6797733715987215,1.1392129399058720
1.2579745625409124,0.6684203125920951,1.1512415658136840
1.2605271006323390,0.6571040361203957,1.1632773898405684
1.2631956559876710,0.6458264757151830,1.1753201908503097
1.2659794949495247,0.6345896954983218,1.1873697565524860
1.2688778587429772,0.6233959006759603,1.1994258830705595
1.2718899644358599,0.6122474489742771,1.2114883745346685
1.2750150059140960,0.6011468631045230,1.2235570426975170
1.2782521548695198,0.5900968443520823,1.2356317065718710
1.2816005617976296,0.5791002873916941,1.2477121920882692
1.2850593570027837,0.5681602964384078,1.2597983317716746
1.2886276516084060,0.5572802028511293,1.2718899644358599
1.2923045385698230,0.5464635843124332,1.2839869348944293
1.2960890936874325,0.5357142857142856,1.2960890936874325
1.2999803766179845,0.5250364418839156,1.3081962968226168
1.3039774318818340,0.5144345022865954,1.3203084055304222
1.3080792898641231,0.5039132578416363,1.3324252860318820
1.3122849678079430,0.4934778699833108,1.3445468093186563
1.3165934707976260,0.4831339020881671,1.3566728509444699
1.3210037927304232,0.4728873533724409,1.3688032908272800
1.3255149172749310,0.4627446953355862,1.3809380130615447
1.3301258188147278,0.4527129107854522,1.3930769057399960
1.3348354633758104,0.4427995354236818,1.4052198607843747
1.3396428095365034,0.4330127018922193,1.4173667737846020
1.3445468093186563,0.4233611860782127,1.4295175438459176
1.3495464090590146,0.4138544553391708,1.4416720734435200
1.3546405502597960,0.4045027181362219,1.4538302682842974
1.3598281704175805,0.3953169743434775,1.4659920371752448
1.3651082038297422,0.3863090652282846,1.4781572918982055
1.3704795823777476,0.3774917217635375,1.4903259470905780
1.3759412362867411,0.3688786095335817,1.5024979201316720
1.3814920948609388,0.3604843680270154,1.5146731310343995
1.3871310871944382,0.3523246415753863,1.5268515023420195
1.3928571428571428,0.3444160986068912,1.5390329590296603
1.3986691925555812,0.3367764352607510,1.5512174284103701
1.4045661687684850,0.3294243587885772,1.5634048400454540
1.4105470063570575,0.3223795456113359,1.5755951256588732
1.4166106431499497,0.3156625684854907,1.5877882190554975
1.4227560205030060,0.3092947870658710,1.5999840560430085
1.4103842290203716,1.5957213198463711,0.3216665785485058
1.4042392086471740,1.5835409817293413,0.3280275000915724
1.3981766552133796,1.5713636350219470,0.3347249861102852
1.3921976460669245,1.5591893498133664,0.3417392489687340
1.3863032621666436,1.5470181983811466,0.3490511920820176
1.3804945875020478,1.5348502552765364,0.3566425066519980
1.3747727084867523,1.5226855974138025,0.3644957377763735
1.3691387133254729,1.5105243041637520,0.3725943244498565
1.3635936913545919,1.4983664574516897,0.3809226178849539
1.3581387323563567,1.4862121418600525,0.3894658822918738
1.3527749258468686,1.4740614447359859,0.3982102818504673
1.3475033603380920,1.4619144563041369,0.4071428571428571
1.3423251225742137,1.4497712697849539,0.4162514938380991
1.3372412967427705,1.4376319815188148,0.4255248859601852
1.3322529636610587,1.4254966910963105,0.4349524956468094
1.3273611999384498,1.4133655014950401,0.4445245109286174
1.3225670771153302,1.4012385192232983,0.4542318027309900
1.3178716607794990,1.3891158544710576,0.4640658820223083
1.3132760096609626,1.3769976212686756,0.4740188578010589
1.3087811747061868,1.3648839376537867,0.4840833964244979
1.3043881981329684,1.3527749258468682,0.4942526826287484
1.3000981124672155,1.3406707124360080,0.5045203824688659
1.2959119395630405,1.3285714285714283,0.5148806083125743
1.2918306896076766,1.3164772101703692,0.5253278859484827
1.2878553601128617,1.3043881981329681,0.5358571238146015
1.2839869348944295,1.2923045385698229,0.5464635843124332
1.2802263830419740,1.2802263830419736,0.5571428571428572
1.2765746578805557,1.2681538888140844,0.5678908345800273
1.2730326959265263,1.2560872191216723,0.5787036885865455
1.2696014158396490,1.2440265434532842,0.5895778496656118
1.2662817173737850,1.2319720378485932,0.6005099873423916
1.2630744803285130,1.2199238852134526,0.6114969921664141
1.2599805635041215,1.2078822756530267,0.6225359591285978
1.2570008036624971,1.1958474068241998,0.6336241723898598
1.2541360144964913,1.1838194843085540,0.6447590912226719
1.2513869856104076,1.1717987220073076,0.6559383370720272
1.2487544815142972,1.1597853425597024,0.6671596816477495
1.2462392406347826,1.1477795777864640,0.6784210359657316
1.2438419743451568,1.1357816691600546,0.6897204402613321
1.2415633660175123,1.1237918683036043,0.7010560547037126
1.2394040700996556,1.1118104375205298,0.7124261508452391
1.2373647112195454,1.0998376503570229,0.7238291037451946
1.2354458833199635,1.0878737921997670,0.7352633847118727
1.2336481488260910,1.0759191609114165,0.7467275546116714
1.2319720378485937,1.0639740675065958,0.7582202576980343
1.2304180474247652,1.0520388368713933,0.7697402159170327
1.2289866408001784,1.0401138085295654,0.7812862236500181
1.2276782467532040,1.0281993374589484,0.7928571428571427
1.2264932589646447,1.0162957949618519,0.8044518985886336
1.2254320354346004,1.0044035695935398,0.8160694748335476
1.2244948979485546,0.9925230681532428,0.8277089106783414
1.2236821315945060,0.9806547167425381,0.8393692967499649
1.2229939843328281,0.9687989618963412,0.8510497719203703
1.2224306666203520,0.9569562717922113,0.8627495202513169
1.2219923510899933,0.9451271375441764,0.8744677681601652
1.2216791722870617,0.9333120745878242,0.8862037817890098
1.2214912264631830,0.9215116241640077,0.8979568645610126
1.2214285714285715,0.9097263549091706,0.9097263549091708
1.2214912264631828,0.8979568645610124,0.9215116241640081
1.2216791722870617,0.8862037817890096,0.9333120745878245
1.2219923510899930,0.8744677681601650,0.9451271375441768
1.2224306666203520,0.8627495202513168,0.9569562717922115
1.2229939843328281,0.8510497719203701,0.9687989618963413
1.2236821315945060,0.8393692967499647,0.9806547167425381
1.2244948979485546,0.8277089106783413,0.9925230681532428
1.2254320354346007,0.8160694748335474,1.0044035695935398
1.2264932589646445,0.8044518985886334,1.0162957949618520
1.2276782467532040,0.7928571428571427,1.0281993374589484
1.2289866408001782,0.7812862236500180,1.0401138085295654
1.2304180474247652,0.7697402159170325,1.0520388368713933
1.2319720378485937,0.7582202576980340,1.0639740675065960
1.2336481488260909,0.7467275546116713,1.0759191609114165
1.2354458833199635,0.7352633847118726,1.0878737921997670
1.2373647112195452,0.7238291037451944,1.0998376503570230
1.2394040700996556,0.7124261508452390,1.1118104375205298
1.2415633660175120,0.7010560547037125,1.1237918683036046
1.2438419743451565,0.6897204402613320,1.1357816691600546
1.2462392406347824,0.6784210359657312,1.1477795777864641
1.2487544815142970,0.6671596816477493,1.1597853425597024
1.2513869856104074,0.6559383370720271,1.1717987220073076
1.2541360144964910,0.6447590912226718,1.1838194843085543
1.2570008036624971,0.6336241723898595,1.1958474068241998
1.2599805635041212,0.6225359591285978,1.2078822756530267
1.2630744803285128,0.6114969921664140,1.2199238852134529
1.2662817173737848,0.6005099873423914,1.2319720378485934
1.2696014158396490,0.5895778496656116,1.2440265434532842
1.2730326959265261,0.5787036885865453,1.2560872191216728
1.2765746578805555,0.5678908345800272,1.2681538888140849
1.2802263830419738,0.5571428571428572,1.2802263830419738
1.2839869348944295,0.5464635843124332,1.2923045385698230
1.2878553601128615,0.5358571238146014,1.3043881981329681
1.2918306896076763,0.5253278859484826,1.3164772101703694
1.2959119395630400,0.5148806083125742,1.3285714285714285
1.3000981124672155,0.5045203824688657,1.3406707124360080
1.3043881981329681,0.4942526826287484,1.3527749258468682
1.3087811747061868,0.4840833964244978,1.3648839376537867
1.3132760096609624,0.4740188578010588,1.3769976212686756
1.3178716607794987,0.4640658820223081,1.3891158544710576
1.3225670771153302,0.4542318027309900,1.4012385192232981
1.3273611999384496,0.4445245109286173,1.4133655014950404
1.3322529636610585,0.4349524956468094,1.4254966910963110
1.3372412967427703,0.4255248859601851,1.4376319815188150
1.3423251225742134,0.4162514938380991,1.4497712697849540
1.3475033603380917,0.4071428571428570,1.4619144563041370
1.3527749258468682,0.3982102818504673,1.4740614447359863
1.3581387323563563,0.3894658822918738,1.4862121418600525
1.3635936913545914,0.3809226178849537,1.4983664574516897
1.3691387133254724,0.3725943244498564,1.5105243041637522
1.3747727084867520,0.3644957377763735,1.5226855974138027
1.3804945875020478,0.3566425066519978,1.5348502552765364
1.3863032621666436,0.3490511920820175,1.5470181983811468
1.3921976460669243,0.3417392489687340,1.5591893498133664
1.3981766552133794,0.3347249861102850,1.5713636350219475
1.4042392086471736,0.3280275000915724,1.5835409817293415
1.4103842290203714,0.3216665785485058,1.5957213198463711
1.3980124375377370,1.5915433403089065,0.3340383700311407
1.3918677804904271,1.5793792373936677,0.3403929302126816
1.3858063297854681,1.5672183859908466,0.3470723032358954
1.3798291819745558,1.5550608623826545,0.3540581066112495
1.3739374373066093,1.5429067452343954,0.3613325677126211
1.3681321991261350,1.5307561156873704,0.3688786095335816
1.3624145732440458,1.5186090574561166,0.3766799106695775
1.3567856672808630,1.5064656569302213,0.3847209431284353
1.3512465899822936,1.4943260032809547,0.3929869915279692
1.3457984505072650,1.4821901885729916,0.4014641570398971
1.3404423576885784,1.4700583078815030,0.4101393491415884
1.3351794192664348,1.4579304594149185,0.4190002678874990
1.3300107410951882,1.4458067446436755,0.4280353790451039
1.3249374263237754,1.4336872684352990,0.4372338840800826
1.3199605745503717,1.4215721391961702,0.4465856866383025
1.3150812809519437,1.4094614690203706,0.4560813568669877
1.3103006353894670,1.3973553738460112,0.4657120946486584
1.3056197214897060,1.3852539736194844,0.4754696925897892
1.3010396157045540,1.3731573924681013,0.4853464994102625
1.2965613863490726,1.3610657588816197,0.4953353842167374
1.2921860926194741,1.3489792059031835,0.5054297020095568
1.2879147835924234,1.3368978713302473,0.5156232606649700
1.2837484972071567,1.3248218979260908,0.5259102895485704
1.2796882592320393,1.3127514336425659,0.5362854098484561
1.2757350822173075,1.3006866318547732,0.5467436066645603
1.2718899644358600,1.2886276516084060,0.5572802028511293
1.2681538888140849,1.2765746578805552,0.5678908345800273
1.2645278218548213,1.2645278218548210,0.5785714285714285
1.2610127125546713,1.2524873212116432,0.5893181809238087
1.2576094913179772,1.2404533404348257,0.6001275374655707
1.2543190688698840,1.2284260711352952,0.6109961755449966
1.2511423351710003,1.2164057123932200,0.6219209871725783
1.2480801583362560,1.2043924711196910,0.6328990634293875
1.2451333835606302,1.1923865624392596,0.6439276800564309
1.2423028320544924,1.1803882100947178,0.6550042841424001
1.2395892999913567,1.1683976468756214,0.6661264818305294
1.2369935574708908,1.1564151150721556,0.6772920269691047
1.2345163475000638,1.1444408669560797,0.6884988106343380
1.2321583849953244,1.1324751652906124,0.6997448514586279
1.2299203558087220,1.1205182838712608,0.7110282867015882
1.2278029157808676,1.1085705080997652,0.7223473640055138
1.2258066898236144,1.0966321355934843,0.7337004337811260
1.2239322710353024,1.0847034768327521,0.7450859421734448
1.2221802198513600,1.0727848558489141,0.7565024245614465
1.2205510632329908,1.0608766109559910,0.7679484995487548
1.2190452938965923,1.0489790955291447,0.7794228634059948
1.2176633695864605,1.0370926788333796,0.7909242849285866
1.2164057123932202,1.0252177469062016,0.8024516006766834
1.2152727081202972,1.0133547034982570,0.8140037105666820
1.2142647057006162,1.0015039710763170,0.8255795737862348
1.2133820166655458,0.9896659918933275,0.8371782050070197
1.2126249146679569,0.9778412291306575,0.8487986708716440
1.2119936350610805,0.9660301681181005,0.8604400867330292
1.2114883745346685,0.9542333176376707,0.8721016136264145
1.2111092908097578,0.9424512113177453,0.8837824554557693
1.2108565023931430,0.9306844091246800,0.8954818563779172
1.2107300883924443,0.9189334989596385,0.9071990983690584
1.2107300883924443,0.9071990983690584,0.9189334989596385
1.2108565023931428,0.8954818563779171,0.9306844091246803
1.2111092908097576,0.8837824554557690,0.9424512113177456
1.2114883745346685,0.8721016136264144,0.9542333176376708
1.2119936350610805,0.8604400867330292,0.9660301681181006
1.2126249146679569,0.8487986708716440,0.9778412291306575
1.2133820166655460,0.8371782050070197,0.9896659918933276
1.2142647057006164,0.8255795737862349,1.0015039710763170
1.2152727081202972,0.8140037105666817,1.0133547034982573
1.2164057123932200,0.8024516006766833,1.0252177469062016
1.2176633695864605,0.7909242849285864,1.0370926788333799
1.2190452938965920,0.7794228634059948,1.0489790955291450
1.2205510632329906,0.7679484995487545,1.0608766109559910
1.2221802198513600,0.7565024245614462,1.0727848558489141
1.2239322710353022,0.7450859421734447,1.0847034768327521
1.2258066898236142,0.7337004337811258,1.0966321355934843
1.2278029157808674,0.7223473640055137,1.1085705080997652
1.2299203558087220,0.7110282867015881,1.1205182838712610
1.2321583849953244,0.6997448514586279,1.1324751652906124
1.2345163475000638,0.6884988106343379,1.1444408669560797
1.2369935574708908,0.6772920269691045,1.1564151150721556
1.2395892999913567,0.6661264818305290,1.1683976468756216
1.2423028320544924,0.6550042841424000,1.1803882100947180
1.2451333835606302,0.6439276800564308,1.1923865624392596
1.2480801583362557,0.6328990634293873,1.2043924711196912
1.2511423351710000,0.6219209871725782,1.2164057123932202
1.2543190688698840,0.6109961755449964,1.2284260711352954
1.2576094913179772,0.6001275374655706,1.2404533404348260
1.2610127125546713,0.5893181809238086,1.2524873212116434
1.2645278218548210,0.5785714285714284,1.2645278218548210
1.2681538888140846,0.5678908345800272,1.2765746578805557
1.2718899644358599,0.5572802028511293,1.2886276516084060
1.2757350822173072,0.5467436066645602,1.3006866318547732
1.2796882592320390,0.5362854098484560,1.3127514336425660
1.2837484972071564,0.5259102895485703,1.3248218979260908
1.2879147835924232,0.5156232606649699,1.3368978713302475
1.2921860926194740,0.5054297020095567,1.3489792059031835
1.2965613863490724,0.4953353842167374,1.3610657588816200
1.3010396157045538,0.4853464994102623,1.3731573924681015
1.3056197214897060,0.4754696925897891,1.3852539736194844
1.3103006353894670,0.4657120946486582,1.3973553738460116
1.3150812809519432,0.4560813568669878,1.4094614690203706
1.3199605745503717,0.4465856866383023,1.4215721391961704
1.3249374263237752,0.4372338840800826,1.4336872684352993
1.3300107410951880,0.4280353790451038,1.4458067446436758
1.3351794192664341,0.4190002678874990,1.4579304594149187
1.3404423576885782,0.4101393491415882,1.4700583078815033
1.3457984505072647,0.4014641570398970,1.4821901885729918
1.3512465899822930,0.3929869915279691,1.4943260032809549
1.3567856672808625,0.3847209431284351,1.5064656569302215
1.3624145732440456,0.3766799106695774,1.5186090574561166
1.3681321991261350,0.3688786095335815,1.5307561156873704
1.3739374373066093,0.3613325677126211,1.5429067452343954
1.3798291819745556,0.3540581066112494,1.5550608623826545
1.3858063297854680,0.3470723032358954,1.5672183859908466
1.3918677804904270,0.3403929302126814,1.5793792373936680
1.3980124375377367,0.3340383700311406,1.5915433403089068
1.3856406460551020,1.5874507866387542,0.3464101615137755
1.3794963588504440,1.5753036636322093,0.3527588064247356
1.3734360307681772,1.5631600646623178,0.3594213035831178
1.3674607780817105,1.5510200725026488,0.3663805315209189
1.3615717208507265,1.5388837725137405,0.3736199094463434
1.3557699822971299,1.5267512527439109,0.3811234734844029
1.3500566881522014,1.5146226040347677,0.3888759311090343
1.3444329659748755,1.5024979201316717,0.3968626966596887
1.3388999444411411,1.4903772977994256,0.4050699108216522
1.3334587526046542,1.4782608369434724,0.4134844468116087
1.3281105191287390,1.4661486407369115,0.4220939057912616
1.3228563714900563,1.4540408157536537,0.4308866037673049
1.3176974351543094,1.4419374721080618,0.4398515519525901
1.3126348327244837,1.4298387236014432,0.4489784322805063
1.3076696830622023,1.4177446878757824,0.4582575694955839
1.3028031003829195,1.4056554865751336,0.4676799009963100
1.2980361933257770,1.3935712455151084,0.4772369453854305
1.2933700639990784,1.3814920948609386,0.4869207704901219
1.2888058070024613,1.3694181693146106,0.4967239614489631
1.2843445084269762,1.3573496083116070,0.5066395893230095
1.2799872448344070,1.3452865562278347,0.5166611805721464
1.2757350822173075,1.3332291625973383,0.5267826876426369
1.2715890749413525,1.3211775823414627,0.5369984608346429
1.2675502646717360,1.3091319760101519,0.5473032215568720
1.2636196792854848,1.2970925100361332,0.5576920370269467
1.2597983317716746,1.2850593570027837,0.5681602964384079
1.2560872191216728,1.2730326959265261,0.5787036885865454
1.2524873212116436,1.2610127125546710,0.5893181809238087
1.2489995996796799,1.2489995996796794,0.6000000000000000
1.2456249968000248,1.2369935574708906,0.6107456132315915
1.2423644343569653,1.2249947938248387,0.6215517119373455
1.2392188125210668,1.2130035247353603,0.6324151955731587
1.2361890087305107,1.2010199746847830,0.6433331570970114
1.2332758765803793,1.1890443770575785,0.6543028693945635
1.2304802447227918,1.1770769745779723,0.6653217726968582
1.2278029157808676,1.1651180197731041,0.6763874629234342
1.2252446652795181,1.1531677754634608,0.6874976808866265
1.2228062405961202,1.1412265152824277,0.6986503022957616
1.2204883599341267,1.1292945242269528,0.7098433285031339
1.2182917113226830,1.1173720992414590,0.7210748779369843
1.2162169516453010,1.1054595498373200,0.7323431781700741
1.2142647057006164,1.0935571987503787,0.7436465585758014
1.2124355652982142,1.0816653826391966,0.7549834435270750
1.2107300883924443,1.0697844528269254,0.7663523460963285
1.2091487982570759,1.0579147760899210,0.7777518622180685
1.2076921827035503,1.0460567354964792,0.7891806652782236
1.2063606933454771,1.0342107312993294,0.8006375010972602
1.2051547449119029,1.0223771818858323,0.8121211832765665
1.2040747146117419,1.0105565247901367,0.8236305888799756
1.2031209415515967,0.9987492177719088,0.8351646544245033
1.2022937262090463,0.9869557399666214,0.8467223721564252
1.2015933299632806,0.9751765931128075,0.8583027865907157
1.2010199746847832,0.9634123028621352,0.8699049912936188
1.2005738423855520,0.9516634201786484,0.8815281258897493
1.2002550749311411,0.9399305228340560,0.8931713732766049
1.2000637738155795,0.9282142170065383,0.9048339570307462
1.2000000000000002,0.9165151389911678,0.9165151389911681
1.2000637738155795,0.9048339570307461,0.9282142170065384
1.2002550749311411,0.8931713732766047,0.9399305228340562
1.2005738423855519,0.8815281258897493,0.9516634201786484
1.2010199746847830,0.8699049912936188,0.9634123028621352
1.2015933299632806,0.8583027865907157,0.9751765931128075
1.2022937262090463,0.8467223721564253,0.9869557399666213
1.2031209415515967,0.8351646544245033,0.9987492177719088
1.2040747146117419,0.8236305888799756,1.0105565247901367
1.2051547449119029,0.8121211832765663,1.0223771818858325
1.2063606933454771,0.8006375010972602,1.0342107312993294
1.2076921827035503,0.7891806652782235,1.0460567354964792
1.2091487982570759,0.7777518622180685,1.0579147760899210
1.2107300883924441,0.7663523460963285,1.0697844528269254
1.2124355652982142,0.7549834435270749,1.0816653826391966
1.2142647057006164,0.7436465585758012,1.0935571987503787
1.2162169516453005,0.7323431781700741,1.1054595498373200
1.2182917113226830,0.7210748779369841,1.1173720992414590
1.2204883599341263,0.7098433285031339,1.1292945242269528
1.2228062405961202,0.6986503022957617,1.1412265152824277
1.2252446652795181,0.6874976808866265,1.1531677754634606
1.2278029157808674,0.6763874629234341,1.1651180197731044
1.2304802447227916,0.6653217726968581,1.1770769745779723
1.2332758765803790,0.6543028693945634,1.1890443770575785
1.2361890087305107,0.6433331570970116,1.2010199746847830
1.2392188125210666,0.6324151955731586,1.2130035247353605
1.2423644343569653,0.6215517119373454,1.2249947938248390
1.2456249968000248,0.6107456132315914,1.2369935574708908
1.2489995996796797,0.6000000000000000,1.2489995996796797
1.2524873212116434,0.5893181809238087,1.2610127125546713
1.2560872191216723,0.5787036885865454,1.2730326959265263
1.2597983317716746,0.5681602964384078,1.2850593570027840
1.2636196792854846,0.5576920370269467,1.2970925100361332
1.2675502646717358,0.5473032215568720,1.3091319760101516
1.2715890749413520,0.5369984608346429,1.3211775823414627
1.2757350822173072,0.5267826876426369,1.3332291625973383
1.2799872448344067,0.5166611805721464,1.3452865562278347
1.2843445084269760,0.5066395893230096,1.3573496083116070
1.2888058070024610,0.4967239614489633,1.3694181693146104
1.2933700639990782,0.4869207704901217,1.3814920948609388
1.2980361933257770,0.4772369453854304,1.3935712455151086
1.3028031003829195,0.4676799009963100,1.4056554865751336
1.3076696830622019,0.4582575694955841,1.4177446878757824
1.3126348327244834,0.4489784322805063,1.4298387236014434
1.3176974351543091,0.4398515519525901,1.4419374721080620
1.3228563714900559,0.4308866037673049,1.4540408157536540
1.3281105191287386,0.4220939057912617,1.4661486407369118
1.3334587526046537,0.4134844468116086,1.4782608369434727
1.3388999444411405,0.4050699108216522,1.4903772977994258
1.3444329659748750,0.3968626966596885,1.5024979201316720
1.3500566881522010,0.3888759311090342,1.5146226040347677
1.3557699822971294,0.3811234734844029,1.5267512527439109
1.3615717208507263,0.3736199094463433,1.5388837725137408
1.3674607780817103,0.3663805315209188,1.5510200725026488
1.3734360307681770,0.3594213035831178,1.5631600646623178
1.3794963588504439,0.3527588064247356,1.5753036636322093
1.3856406460551018,0.3464101615137754,1.5874507866387546
1.3732688545724670,1.5834443212084681,0.3587819529964104
1.3671249439041402,1.5713149309558850,0.3651250834037731
1.3610657588816202,1.5591893498133662,0.3717718194192317
1.3550924360367753,1.5470676673458528,0.3787061754803304
1.3492061157796251,1.5349499759182470,0.3859126474068602
1.3434079417508236,1.5228363708044594,0.3933762803718391
1.3376990601440240,1.5107269503015248,0.4010827183247560
1.3320806189980412,1.4986218158490738,0.4090182372062975
1.3265537674588181,1.4865210721544390,0.4171697642985384
1.3211196550112876,1.4744248273237166,0.4255248859601852
1.3157794306813290,1.4623331929990984,0.4340718458353857
1.3105342422081157,1.4502462845028377,0.4427995354236821
1.3053852351872600,1.4381642209882055,0.4516974786789252
1.3003335521852752,1.4260871255978430,0.4607558120820041
1.2953803318259980,1.4140151256299218,0.4699652614170282
1.2905267078497330,1.4019483527125630,0.4793171162802177
1.2857738081460075,1.3898869429869876,0.4888032031693037
1.2811227537609666,1.3778310372999070,0.4984158578405576
1.2765746578805557,1.3657807814056920,0.5081478974809261
1.2721306247907926,1.3537363261788930,0.5179925931233113
1.2677917488165582,1.3416978278377323,0.5279436426323537
1.2635591132404773,1.3296654481792150,0.5379951445043014
1.2594337892036070,1.3176393548265606,0.5481415726557050
1.2554168345897825,1.3056197214897058,0.5583777523198021
1.2515092928956150,1.2936067282396682,0.5686988371246584
1.2477121920882694,1.2816005617976294,0.5791002873916944
1.2440265434532847,1.2696014158396487,0.5895778496656118
1.2404533404348261,1.2576094913179770,0.6001275374655706
1.2369935574708908,1.2456249968000244,0.6107456132315916
1.2336481488260909,1.2336481488260906,0.6214285714285716
1.2304180474247650,1.2216791722870615,0.6321731227621570
1.2273041636872590,1.2097183008233523,0.6429761794553037
1.2243073843723118,1.1977657772464767,0.6538348415311012
1.2214285714285715,1.1858218539847183,0.6647463840458562
1.2186685608583205,1.1738867935544859,0.6757082452161297
1.2160281615965638,1.1619608690590615,0.6867180153840886
1.2135081544086660,1.1500443647165643,0.6977734267669133
1.2111092908097578,1.1381375764191000,0.7088723439378914
1.2088322920091445,1.1262408123252055,0.7200127549890619
1.2066778478829503,1.1143543934878680,0.7311927633277406
1.2046466159782110,1.1024786545205623,0.7424105800618384
1.2027392205515963,1.0906139443039429,0.7536645169315277
1.2009562516458905,1.0787606267360328,0.7649529797474416
1.1992982642072874,1.0669190815289658,0.7762744622981790
1.1977657772464771,1.0550897050555870,0.7876275406923904
1.1963592730463880,1.0432729112494672,0.7990108681031435
1.1950791964193360,1.0314691325621776,0.8104231698845452
1.1939259540161902,1.0196788209819714,0.8218632390327902
1.1928999136900098,1.0079024491183535,0.8333299319658477
1.1920014039164448,0.9961405113573821,0.8448221645979220
1.1912307132729991,0.9843935250929364,0.8563389086866323
1.1905880899790657,0.9726620320396125,0.8678791884325179
1.1900737414984341,0.9609465996333711,0.8794420773120529
1.1896878342057395,0.9492478225265667,0.8910266951267910
1.1894304931181072,0.9375663241845333,0.9026322052526068
1.1893018016929950,0.9259027585914984,0.9142578120742397
1.1893018016929950,0.9142578120742394,0.9259027585914987
1.1894304931181072,0.9026322052526063,0.9375663241845337
1.1896878342057395,0.8910266951267909,0.9492478225265669
1.1900737414984341,0.8794420773120527,0.9609465996333714
1.1905880899790657,0.8678791884325178,0.9726620320396127
1.1912307132729990,0.8563389086866321,0.9843935250929368
1.1920014039164448,0.8448221645979219,0.9961405113573822
1.1928999136900098,0.8333299319658475,1.0079024491183540
1.1939259540161900,0.8218632390327901,1.0196788209819716
1.1950791964193360,0.8104231698845449,1.0314691325621776
1.1963592730463880,0.7990108681031433,1.0432729112494672
1.1977657772464771,0.7876275406923900,1.0550897050555872
1.1992982642072871,0.7762744622981785,1.0669190815289660
1.2009562516458903,0.7649529797474414,1.0787606267360328
1.2027392205515963,0.7536645169315274,1.0906139443039430
1.2046466159782110,0.7424105800618381,1.1024786545205623
1.2066778478829500,0.7311927633277405,1.1143543934878680
1.2088322920091445,0.7200127549890616,1.1262408123252057
1.2111092908097576,0.7088723439378911,1.1381375764191002
1.2135081544086659,0.6977734267669131,1.1500443647165646
1.2160281615965636,0.6867180153840885,1.1619608690590617
1.2186685608583203,0.6757082452161295,1.1738867935544860
1.2214285714285713,0.6647463840458561,1.1858218539847185
1.2243073843723118,0.6538348415311009,1.1977657772464770
1.2273041636872588,0.6429761794553036,1.2097183008233520
1.2304180474247650,0.6321731227621568,1.2216791722870620
1.2336481488260909,0.6214285714285713,1.2336481488260910
1.2369935574708908,0.6107456132315914,1.2456249968000248
1.2404533404348260,0.6001275374655706,1.2576094913179774
1.2440265434532842,0.5895778496656116,1.2696014158396490
1.2477121920882692,0.5791002873916942,1.2816005617976296
1.2515092928956146,0.5686988371246583,1.2936067282396682
1.2554168345897820,0.5583777523198020,1.3056197214897058
1.2594337892036065,0.5481415726557048,1.3176393548265606
1.2635591132404770,0.5379951445043013,1.3296654481792150
1.2677917488165582,0.5279436426323536,1.3416978278377325
1.2721306247907924,0.5179925931233113,1.3537363261788930
1.2765746578805555,0.5081478974809260,1.3657807814056920
1.2811227537609662,0.4984158578405575,1.3778310372999072
1.2857738081460073,0.4888032031693034,1.3898869429869880
1.2905267078497327,0.4793171162802176,1.4019483527125634
1.2953803318259980,0.4699652614170280,1.4140151256299223
1.3003335521852750,0.4607558120820041,1.4260871255978431
1.3053852351872600,0.4516974786789250,1.4381642209882057
1.3105342422081157,0.4427995354236819,1.4502462845028377
1.3157794306813286,0.4340718458353856,1.4623331929990986
1.3211196550112870,0.4255248859601852,1.4744248273237166
1.3265537674588180,0.4171697642985381,1.4865210721544395
1.3320806189980408,0.4090182372062974,1.4986218158490738
1.3376990601440233,0.4010827183247559,1.5107269503015253
1.3434079417508231,0.3933762803718390,1.5228363708044597
1.3492061157796250,0.3859126474068600,1.5349499759182474
1.3550924360367750,0.3787061754803303,1.5470676673458532
1.3610657588816197,0.3717718194192316,1.5591893498133667
1.3671249439041400,0.3651250834037731,1.5713149309558851
1.3732688545724670,0.3587819529964104,1.5834443212084683
1.3608970630898323,1.5795245991068558,0.3711537444790451
1.3547535358348923,1.5674137023408063,0.3774917217635375
1.3486955148723285,1.5553069124249190,0.3841237045642501
1.3427241575488640,1.5432043260167247,0.3910347340905999
1.3368406251841907,1.5311060427957670,0.3982102818504674
1.3310460823988735,1.5190121655811955,0.4056363104143053
1.3253416964107403,1.5069228004548247,0.4132993183282696
1.3197286362996707,1.4948380568899529,0.4211863710801592
1.3142080722407916,1.4827580478862452,0.4292851200376207
1.3087811747061870,1.4706828901110212,0.4375838112141887
1.3034491136353330,1.4586127040472954,0.4460712855998856
1.2982130575745814,1.4465476141489433,0.4547369726399145
1.2930741727861286,1.4344877490033910,0.4635708782739416
1.2880336223270330,1.4224332415022547,0.4725635687720884
1.2830925650989664,1.4103842290203714,0.4817061514310677
1.2782521548695203,1.3983408536037065,0.4909902530309829
1.2735135392660253,1.3863032621666431,0.5004079968039142
1.2688778587429774,1.3742716066991967,0.5099519785314724
1.2643462455243142,1.3622460444847273,0.5196152422706632
1.2599198225219230,1.3502267383287738,0.5293912561053652
1.2555997022319247,1.3382138567996567,0.5392738882336250
1.2513869856104076,1.3262075744815531,0.5492573836275556
1.2472827609304500,1.3142080722407912,0.5593363414414826
1.2432881026224170,1.3022155375061568,0.5695056932936470
1.2394040700996558,1.2902301645640673,0.5797606825058006
1.2356317065718710,1.2782521548695198,0.5900968443520825
1.2319720378485937,1.2662817173737846,0.6005099873423916
1.2284260711352957,1.2543190688698835,0.6109961755449966
1.2249947938248390,1.2423644343569649,0.6215517119373456
1.2216791722870620,1.2304180474247650,0.6321731227621570
1.2184801506594274,1.2184801506594270,0.6428571428571429
1.2153986496417630,1.2065509960720470,0.6536007019205383
1.2124355652982142,1.1946308455514016,0.6644009116704850
1.2095917678696229,1.1827199713424326,0.6752550538538028
1.2068681005996051,1.1708186565521630,0.6861605690584474
1.2042653785776691,1.1589271956848535,0.6971150462836835
1.2017843876027490,1.1470458952083327,0.7081162132224988
1.1994258830705598,1.1351750741535824,0.7191619272118210
1.1971905888881890,1.1233150647498134,0.7302501668075463
1.1950791964193361,1.1114662130974304,0.7413790239431226
1.1930923634635762,1.0996288798814750,0.7525466966323385
1.1912307132729991,1.0878034411283188,0.7637514821789955
1.1894948336094922,1.0759902890086026,0.7749917708582197
1.1878852758458742,1.0641898326896377,0.7862660400362500
1.1864025541139750,1.0524024992407435,0.7975728486975920
1.1850471445026471,1.0406287345952474,0.8089108323504375
1.1838194843085543,1.0288690045731907,0.8202786982831767
1.1827199713424328,1.0171237959690702,0.8316752211466852
1.1817489632933460,1.0053936177093090,0.8430992388388288
1.1809067771532733,0.9936790020845129,0.8545496486692955
1.1801936887041649,0.9819805060619655,0.8660254037844388
1.1796099320693831,0.9702987126842612,0.8775255098332830
1.1791556993312233,0.9586342325604351,0.8890490218572349
1.1788311402159588,0.9469877054564722,0.9005950413873199
1.1786363618476177,0.9353598019926199,0.9121627137339757
1.1785714285714286,0.9237512254555400,0.9237512254555402
1.1786363618476174,0.9121627137339754,0.9353598019926201
1.1788311402159588,0.9005950413873198,0.9469877054564724
1.1791556993312233,0.8890490218572348,0.9586342325604353
1.1796099320693834,0.8775255098332829,0.9702987126842613
1.1801936887041649,0.8660254037844386,0.9819805060619656
1.1809067771532733,0.8545496486692954,0.9936790020845131
1.1817489632933460,0.8430992388388285,1.0053936177093090
1.1827199713424328,0.8316752211466850,1.0171237959690702
1.1838194843085543,0.8202786982831767,1.0288690045731907
1.1850471445026471,0.8089108323504374,1.0406287345952474
1.1864025541139750,0.7975728486975917,1.0524024992407435
1.1878852758458742,0.7862660400362497,1.0641898326896382
1.1894948336094922,0.7749917708582196,1.0759902890086026
1.1912307132729991,0.7637514821789952,1.0878034411283190
1.1930923634635762,0.7525466966323383,1.0996288798814750
1.1950791964193360,0.7413790239431226,1.1114662130974304
1.1971905888881890,0.7302501668075462,1.1233150647498134
1.1994258830705598,0.7191619272118207,1.1351750741535827
1.2017843876027490,0.7081162132224986,1.1470458952083329
1.2042653785776690,0.6971150462836834,1.1589271956848537
1.2068681005996047,0.6861605690584472,1.1708186565521632
1.2095917678696226,0.6752550538538026,1.1827199713424326
1.2124355652982142,0.6644009116704848,1.1946308455514016
1.2153986496417628,0.6536007019205383,1.2065509960720470
1.2184801506594272,0.6428571428571428,1.2184801506594270
1.2216791722870617,0.6321731227621566,1.2304180474247655
1.2249947938248390,0.6215517119373453,1.2423644343569655
1.2284260711352954,0.6109961755449964,1.2543190688698840
1.2319720378485937,0.6005099873423914,1.2662817173737850
1.2356317065718712,0.5900968443520822,1.2782521548695200
1.2394040700996556,0.5797606825058005,1.2902301645640675
1.2432881026224170,0.5695056932936469,1.3022155375061568
1.2472827609304498,0.5593363414414826,1.3142080722407914
1.2513869856104074,0.5492573836275555,1.3262075744815534
1.2555997022319247,0.5392738882336248,1.3382138567996567
1.2599198225219228,0.5293912561053650,1.3502267383287738
1.2643462455243137,0.5196152422706631,1.3622460444847273
1.2688778587429772,0.5099519785314723,1.3742716066991967
1.2735135392660250,0.5004079968039141,1.3863032621666433
1.2782521548695200,0.4909902530309827,1.3983408536037067
1.2830925650989662,0.4817061514310675,1.4103842290203716
1.2880336223270330,0.4725635687720882,1.4224332415022551
1.2930741727861286,0.4635708782739415,1.4344877490033914
1.2982130575745812,0.4547369726399143,1.4465476141489433
1.3034491136353328,0.4460712855998855,1.4586127040472954
1.3087811747061868,0.4375838112141886,1.4706828901110212
1.3142080722407912,0.4292851200376205,1.4827580478862452
1.3197286362996705,0.4211863710801589,1.4948380568899530
1.3253416964107398,0.4132993183282694,1.5069228004548252
1.3310460823988730,0.4056363104143052,1.5190121655811957
1.3368406251841904,0.3982102818504672,1.5311060427957675
1.3427241575488638,0.3910347340905998,1.5432043260167250
1.3486955148723283,0.3841237045642499,1.5553069124249193
1.3547535358348920,0.3774917217635375,1.5674137023408066
1.3608970630898320,0.3711537444790450,1.5795245991068558
1.3485252716071976,1.5756922676871203,0.3835255359616799
1.3423821348328382,1.5636006327625702,0.3898586871141483
1.3363252995144743,1.5515134152017571,0.3964768310393691
1.3303559443906396,1.5394307190567265,0.4033659400998715
1.3244752522707066,1.5273526516325490,0.4105123727286004
1.3186844093370378,1.5152793236137776,0.4179029278945736
1.3129846044141464,1.5032108491967642,0.4255248859601852
1.3073770282047759,1.4911473462281535,0.4333660374890719
1.3018628724929175,1.4790889363498911,0.4414147015851536
1.2964433293138768,1.4670357451510920,0.4496597353010612
1.2911195900916260,1.4549879023271524,0.4580905355663989
1.2858928447437856,1.4429455418465014,0.4666970349691326
1.2807642807547153,1.4309088021254184,0.4754696925897893
1.2757350822173075,1.4188778262113640,0.4843994809481707
1.2708064288442350,1.4068527619753073,0.4934778699833108
1.2659794949495247,1.3948337623135580,0.5026968088546545
1.2612554484014924,1.3828209853596451,0.5120487062292224
1.2566354495482073,1.3708145947068202,0.5215264096077661
1.2521206501168250,1.3588147596418019,0.5311231841434658
1.2477121920882697,1.3468216553904127,0.5408326913195983
1.2434112065489151,1.3348354633758102,0.5506489677773725
1.2392188125210668,1.3228563714900556,0.5605664045209551
1.2351361157742076,1.3108845743798110,0.5705797266726148
1.2311642076191338,1.2989202737470150,0.5806839739057901
1.2273041636872590,1.2869636786654397,0.5908744816466730
1.2235570426975173,1.2750150059140960,0.6011468631045231
1.2199238852134530,1.2630744803285128,0.6114969921664141
1.2164057123932204,1.2511423351709998,0.6219209871725783
1.2130035247353605,1.2392188125210664,0.6324151955731590
1.2097183008233525,1.2273041636872586,0.6429761794553037
1.2065509960720470,1.2153986496417626,0.6536007019205384
1.2035025414792189,1.2035025414792186,0.6642857142857144
1.2005738423855520,1.1916161209012894,0.6750283440761007
1.1977657772464771,1.1797396807286402,0.6858258837760084
1.1950791964193361,1.1678735254421050,0.6966757803003798
1.1925149209694168,1.1560179717549410,0.7075756251497944
1.1900737414984344,1.1441733492182136,0.7185231452111210
1.1877564169990620,1.1323400008614992,0.7295161941663945
1.1855636737391190,1.1205182838712610,0.7405527444733014
1.1834962041790091,1.1087085703094168,0.7516308798817654
1.1815546659259695,1.0969112478748158,0.7627487884524722
1.1797396807286404,1.0851267207105350,0.7739047560446773
1.1780518335153933,1.0733554102601308,0.7850971602422265
1.1764916714797538,1.0615977561762115,0.7963244646883736
1.1750597032161598,1.0498542172849619,0.8075852138016276
1.1737563979091460,1.0381252726105132,0.8188780278465139
1.1725821845789048,1.0264114224633634,0.8302015983347364
1.1715374513859982,1.0147131895973645,0.8415546837337937
1.1706225449978072,1.0030311204401530,0.8529361054615990
1.1698377700191020,0.9913657864022640,0.8643447441470873
1.1691833884888920,0.9797177852705901,0.8757795361381582
1.1686596194454780,0.9680877426922728,0.8872394702395856
1.1682666385613820,0.9564763137556047,0.8987235846647472
1.1680045778495698,0.9448841846750211,0.9102309641861593
1.1678735254421053,0.9333120745878242,0.9217607374708783
1.1678735254421053,0.9217607374708780,0.9333120745878244
1.1680045778495698,0.9102309641861592,0.9448841846750212
1.1682666385613818,0.8987235846647471,0.9564763137556048
1.1686596194454780,0.8872394702395854,0.9680877426922730
1.1691833884888920,0.8757795361381580,0.9797177852705902
1.1698377700191020,0.8643447441470873,0.9913657864022641
1.1706225449978072,0.8529361054615988,1.0030311204401530
1.1715374513859982,0.8415546837337936,1.0147131895973647
1.1725821845789046,0.8302015983347363,1.0264114224633634
1.1737563979091459,0.8188780278465138,1.0381252726105135
1.1750597032161596,0.8075852138016274,1.0498542172849620
1.1764916714797538,0.7963244646883734,1.0615977561762115
1.1780518335153930,0.7850971602422263,1.0733554102601308
1.1797396807286404,0.7739047560446771,1.0851267207105353
1.1815546659259692,0.7627487884524721,1.0969112478748160
1.1834962041790091,0.7516308798817652,1.1087085703094168
1.1855636737391189,0.7405527444733013,1.1205182838712610
1.1877564169990618,0.7295161941663943,1.1323400008614992
1.1900737414984341,0.7185231452111208,1.1441733492182138
1.1925149209694166,0.7075756251497943,1.1560179717549413
1.1950791964193360,0.6966757803003796,1.1678735254421050
1.1977657772464770,0.6858258837760083,1.1797396807286402
1.2005738423855520,0.6750283440761004,1.1916161209012897
1.2035025414792186,0.6642857142857141,1.2035025414792189
1.2065509960720470,0.6536007019205383,1.2153986496417628
1.2097183008233523,0.6429761794553036,1.2273041636872588
1.2130035247353603,0.6324151955731586,1.2392188125210668
1.2164057123932202,0.6219209871725782,1.2511423351710003
1.2199238852134529,0.6114969921664140,1.2630744803285130
1.2235570426975173,0.6011468631045229,1.2750150059140961
1.2273041636872588,0.5908744816466729,1.2869636786654400
1.2311642076191336,0.5806839739057901,1.2989202737470151
1.2351361157742073,0.5705797266726148,1.3108845743798112
1.2392188125210666,0.5605664045209551,1.3228563714900559
1.2434112065489150,0.5506489677773724,1.3348354633758102
1.2477121920882692,0.5408326913195983,1.3468216553904129
1.2521206501168247,0.5311231841434657,1.3588147596418020
1.2566354495482070,0.5215264096077660,1.3708145947068204
1.2612554484014920,0.5120487062292223,1.3828209853596454
1.2659794949495244,0.5026968088546546,1.3948337623135583
1.2708064288442344,0.4934778699833106,1.4068527619753075
1.2757350822173072,0.4843994809481707,1.4188778262113642
1.2807642807547150,0.4754696925897891,1.4309088021254186
1.2858928447437856,0.4666970349691325,1.4429455418465014
1.2911195900916257,0.4580905355663988,1.4549879023271526
1.2964433293138766,0.4496597353010611,1.4670357451510923
1.3018628724929175,0.4414147015851536,1.4790889363498914
1.3073770282047756,0.4333660374890718,1.4911473462281537
1.3129846044141460,0.4255248859601850,1.5032108491967644
1.3186844093370373,0.4179029278945736,1.5152793236137780
1.3244752522707062,0.4105123727286003,1.5273526516325493
1.3303559443906394,0.4033659400998714,1.5394307190567265
1.3363252995144739,0.3964768310393691,1.5515134152017571
1.3423821348328380,0.3898586871141481,1.5636006327625702
1.3485252716071972,0.3835255359616799,1.5756922676871203
1.3361534801245627,1.5719479661118763,0.3958973274443149
1.3300107410951882,1.5598763687274340,0.4022259492943168
1.3239551136111616,1.5478095120893545,0.4088310863215481
1.3179877984012958,1.5357475079462979,0.4156995579128990
1.3121100003662900,1.5236904715398150,0.4228185310556784
1.3063229278538808,1.5116385217399570,0.4301755692832442
1.3006277918994447,1.4995917811871606,0.4377586698869875
1.2950258054319592,1.4875503764407372,0.4455562906785913
1.2895181824453439,1.4755144381343264,0.4535573676110727
1.2841061371353117,1.4634841011386880,0.4617513245398282
1.2787908830019787,1.4514595047322370,0.4701280763401238
1.2735736319186133,1.4394407927797401,0.4786780265076146
1.2684555931670352,1.4274281139196336,0.4873920602637710
1.2634379724403102,1.4154216217604343,0.4962615340766214
1.2585219708135447,1.4034214750867586,0.5052782623950685
1.2537087836837209,1.3914278380754885,0.5144345022865954
1.2489995996796799,1.3794408805226640,0.5237229365663818
1.2443955995435156,1.3674607780817103,0.5331366559124884
1.2398979549848086,1.3554877125136584,0.5426691403777879
1.2355078275092939,1.3435218719500486,0.5523142406349517
1.2312263672237282,1.3315634511692620,0.5620661592258858
1.2270547116188923,1.3196126518870634,0.5719194320310281
1.2229939843328284,1.3076696830622019,0.5818689101261799
1.2190452938965923,1.2957347612179628,0.5919097421542772
1.2152097324649567,1.2838081107806267,0.6020373573058707
1.2114883745346685,1.2718899644358599,0.6122474489742773
1.2078822756530270,1.2599805635041212,0.6225359591285978
1.2043924711196914,1.2480801583362555,0.6328990634293875
1.2010199746847832,1.2361890087305103,0.6433331570970117
1.1977657772464771,1.2243073843723116,0.6538348415311012
1.1946308455514019,1.2124355652982140,0.6644009116704849
1.1916161209012897,1.2005738423855519,0.6750283440761007
1.1887225178694127,1.1887225178694125,0.6857142857142857
1.1859509230304326,1.1768819058886761,0.6964560434142009
1.1833021937073613,1.1650523330629874,0.7072510739706608
1.1807771567393872,1.1532341391026526,0.7180969748621160
1.1783766072743591,1.1414276774536100,0.7289914755527470
1.1761013075897357,1.1296333159797600,0.7399324293474372
1.1739519859458147,1.1178514376851219,0.7509178057686527
1.1719293354750273,1.1060824414784545,0.7619456834248723
1.1700340131110443,1.0943267429831747,0.7730142433410676
1.1682666385613818,1.0825847753956115,0.7841217627227995
1.1666277933271030,1.0708569903948664,0.7952666091266732
1.1651180197731046,1.0591438591077769,0.8064472350111587
1.1637378202523600,1.0474458731327634,0.8176621726430963
1.1624876562873296,1.0357635456265968,0.8289100293365341
1.1613679478115806,1.0240974124584445,0.8401894830018635
1.1603790724744802,1.0124480334358712,0.8514992779845224
1.1595213650116016,1.0008159936078280,0.8628382211737999
1.1587951166832642,0.9892019046500392,0.8742051783634954
1.1582005747833886,0.9776064063386070,0.8855990708473639
1.1577379422205800,0.9660301681181005,0.8970188722333868
1.1574073771730913,0.9544738907708608,0.9084636054619798
1.1572089928190261,0.9429383081947749,0.9199323400142435
1.1571428571428573,0.9314241892973163,0.9314241892973166
1.1572089928190261,0.9199323400142434,0.9429383081947751
1.1574073771730913,0.9084636054619797,0.9544738907708610
1.1577379422205800,0.8970188722333867,0.9660301681181006
1.1582005747833886,0.8855990708473638,0.9776064063386072
1.1587951166832642,0.8742051783634954,0.9892019046500392
1.1595213650116016,0.8628382211737998,1.0008159936078282
1.1603790724744802,0.8514992779845224,1.0124480334358714
1.1613679478115806,0.8401894830018635,1.0240974124584445
1.1624876562873296,0.8289100293365340,1.0357635456265970
1.1637378202523600,0.8176621726430962,1.0474458731327634
1.1651180197731044,0.8064472350111584,1.0591438591077766
1.1666277933271028,0.7952666091266731,1.0708569903948661
1.1682666385613818,0.7841217627227993,1.0825847753956120
1.1700340131110440,0.7730142433410675,1.0943267429831747
1.1719293354750273,0.7619456834248722,1.1060824414784545
1.1739519859458147,0.7509178057686527,1.1178514376851219
1.1761013075897355,0.7399324293474370,1.1296333159797600
1.1783766072743590,0.7289914755527471,1.1414276774536100
1.1807771567393872,0.7180969748621158,1.1532341391026528
1.1833021937073611,0.7072510739706607,1.1650523330629874
1.1859509230304326,0.6964560434142009,1.1768819058886764
1.1887225178694125,0.6857142857142857,1.1887225178694125
1.1916161209012897,0.6750283440761005,1.2005738423855520
1.1946308455514016,0.6644009116704848,1.2124355652982142
1.1977657772464770,0.6538348415311009,1.2243073843723118
1.2010199746847830,0.6433331570970116,1.2361890087305107
1.2043924711196912,0.6328990634293874,1.2480801583362560
1.2078822756530267,0.6225359591285977,1.2599805635041215
1.2114883745346685,0.6122474489742771,1.2718899644358600
1.2152097324649564,0.6020373573058708,1.2838081107806270
1.2190452938965920,0.5919097421542772,1.2957347612179630
1.2229939843328281,0.5818689101261800,1.3076696830622020
1.2270547116188921,0.5719194320310281,1.3196126518870634
1.2312263672237280,0.5620661592258858,1.3315634511692620
1.2355078275092937,0.5523142406349517,1.3435218719500486
1.2398979549848084,0.5426691403777879,1.3554877125136584
1.2443955995435154,0.5331366559124883,1.3674607780817105
1.2489995996796794,0.5237229365663817,1.3794408805226641
1.2537087836837204,0.5144345022865954,1.3914278380754888
1.2585219708135444,0.5052782623950685,1.4034214750867586
1.2634379724403100,0.4962615340766213,1.4154216217604347
1.2684555931670350,0.4873920602637709,1.4274281139196340
1.2735736319186130,0.4786780265076145,1.4394407927797404
1.2787908830019783,0.4701280763401239,1.4514595047322370
1.2841061371353115,0.4617513245398281,1.4634841011386883
1.2895181824453437,0.4535573676110727,1.4755144381343264
1.2950258054319590,0.4455562906785913,1.4875503764407374
1.3006277918994442,0.4377586698869876,1.4995917811871606
1.3063229278538806,0.4301755692832442,1.5116385217399573
1.3121100003662896,0.4228185310556784,1.5236904715398152
1.3179877984012953,0.4156995579128989,1.5357475079462980
1.3239551136111611,0.4088310863215481,1.5478095120893545
1.3300107410951878,0.4022259492943168,1.5598763687274337
1.3361534801245625,0.3958973274443147,1.5719479661118767
1.3237816886419278,1.5682923248956266,0.4082691189269498
1.3176393548265610,1.5562415478009960,0.4145934817408987
1.3115849579957897,1.5441958477882690,0.4211863710801592
1.3056197214897060,1.5321553446044560,0.4280353790451040
1.2997448729246360,1.5201201617380280,0.4351284117290867
1.2939616434399739,1.5080904265639634,0.4424537333128166
1.2882712669088208,1.4960662704954901,0.4500000000000000
1.2826749791123300,1.4840478291428725,0.4577562848574892
1.2771740168777923,1.4720352424796221,0.4657120946486584
1.2717696171805937,1.4600286550165331,0.4738573797320569
1.2664630162103320,1.4480282159839681,0.4821825380496478
1.2612554484014924,1.4360340795228435,0.4906784141598742
1.2561481454292350,1.4240464048847936,0.4993362941884734
1.2511423351710003,1.4120653566420254,0.5081478974809261
1.2462392406347826,1.4000911049073970,0.5171053656496648
1.2414400788550994,1.3881238255652988,0.5262012496203718
1.2367460597578350,1.3761637005139484,0.5354284951974333
1.2321583849953244,1.3642109179197430,0.5447804275905241
1.2276782467532040,1.3522656724843650,0.5542507352733241
1.2233068265307503,1.3403281657253698,0.5638334534818825
1.2190452938965923,1.3283986062710458,0.5735229476041666
1.2148948052218769,1.3164772101703692,0.5833138966635516
1.2108565023931430,1.3045642012189511,0.5932012770569876
1.2069315115073382,1.2926598113019145,0.6031803466727385
1.2031209415515967,1.2807642807547150,0.6132466294823223
1.1994258830705598,1.2688778587429772,0.6233959006759605
1.1958474068241998,1.2570008036624970,0.6336241723898600
1.1923865624392596,1.2451333835606297,0.6439276800564310
1.1890443770575785,1.2332758765803788,0.6543028693945636
1.1858218539847185,1.2214285714285710,0.6647463840458563
1.1827199713424328,1.2095917678696224,0.6752550538538029
1.1797396807286404,1.1977657772464767,0.6858258837760084
1.1768819058886764,1.1859509230304324,0.6964560434142010
1.1741475414016724,1.1741475414016720,0.7071428571428573
1.1715374513859982,1.1623559818624534,0.7178837948144136
1.1690524682277472,1.1505766078850400,0.7286764630170939
1.1666933913362822,1.1388097975966138,0.7395185968601743
1.1644609859308737,1.1270559445035620,0.7504080522608746
1.1623559818624538,1.1153154582576945,0.7613427987069014
1.1603790724744802,1.1035887654671488,0.7723209124688616
1.1585309135068518,1.0918763105549180,0.7833405702372321
1.1568121220467418,1.0801785566681620,0.7944000431592566
1.1552232755301162,1.0684959866416848,0.8054976912519644
1.1537649107975834,1.0568291040192073,0.8166319581684525
1.1524375232080737,1.0451784341363313,0.8278013662955724
1.1512415658136840,1.0335445252693690,0.8390045121622242
1.1501774485988265,1.0219279498545273,0.8502400621385153
1.1492455377866164,1.0103293057822527,0.8615067484071269
1.1484461552151985,0.9987492177719088,0.8728033651892702
1.1477795777864640,0.9871883388323277,0.8841287652086588
1.1472460369893440,0.9756473518141893,0.8954818563779174
1.1468457184995793,0.9641269710606225,0.9068615986928070
1.1465787618575782,0.9526279441628824,0.9182670013205777
1.1464452602256585,0.9411510538284747,0.9296971198696260
1.1464452602256585,0.9296971198696258,0.9411510538284750
1.1465787618575785,0.9182670013205775,0.9526279441628825
1.1468457184995795,0.9068615986928066,0.9641269710606227
1.1472460369893440,0.8954818563779171,0.9756473518141896
1.1477795777864641,0.8841287652086586,0.9871883388323278
1.1484461552151985,0.8728033651892699,0.9987492177719091
1.1492455377866164,0.8615067484071266,1.0103293057822529
1.1501774485988265,0.8502400621385150,1.0219279498545273
1.1512415658136840,0.8390045121622238,1.0335445252693691
1.1524375232080737,0.8278013662955721,1.0451784341363315
1.1537649107975831,0.8166319581684522,1.0568291040192075
1.1552232755301160,0.8054976912519642,1.0684959866416850
1.1568121220467418,0.7944000431592565,1.0801785566681623
1.1585309135068518,0.7833405702372319,1.0918763105549185
1.1603790724744800,0.7723209124688613,1.1035887654671492
1.1623559818624536,0.7613427987069011,1.1153154582576947
1.1644609859308737,0.7504080522608741,1.1270559445035622
1.1666933913362822,0.7395185968601740,1.1388097975966138
1.1690524682277470,0.7286764630170938,1.1505766078850400
1.1715374513859982,0.7178837948144132,1.1623559818624536
1.1741475414016722,0.7071428571428571,1.1741475414016722
1.1768819058886764,0.6964560434142009,1.1859509230304324
1.1797396807286404,0.6858258837760082,1.1977657772464770
1.1827199713424328,0.6752550538538026,1.2095917678696230
1.1858218539847185,0.6647463840458558,1.2214285714285718
1.1890443770575785,0.6543028693945634,1.2332758765803790
1.1923865624392596,0.6439276800564309,1.2451333835606302
1.1958474068242000,0.6336241723898595,1.2570008036624971
1.1994258830705595,0.6233959006759603,1.2688778587429774
1.2031209415515964,0.6132466294823221,1.2807642807547153
1.2069315115073380,0.6031803466727382,1.2926598113019150
1.2108565023931428,0.5932012770569873,1.3045642012189513
1.2148948052218769,0.5833138966635513,1.3164772101703697
1.2190452938965920,0.5735229476041662,1.3283986062710460
1.2233068265307500,0.5638334534818825,1.3403281657253698
1.2276782467532037,0.5542507352733241,1.3522656724843650
1.2321583849953242,0.5447804275905240,1.3642109179197437
1.2367460597578350,0.5354284951974331,1.3761637005139489
1.2414400788550992,0.5262012496203716,1.3881238255652992
1.2462392406347824,0.5171053656496647,1.4000911049073974
1.2511423351709998,0.5081478974809260,1.4120653566420258
1.2561481454292350,0.4993362941884732,1.4240464048847938
1.2612554484014920,0.4906784141598741,1.4360340795228435
1.2664630162103319,0.4821825380496477,1.4480282159839684
1.2717696171805934,0.4738573797320568,1.4600286550165333
1.2771740168777920,0.4657120946486581,1.4720352424796226
1.2826749791123300,0.4577562848574889,1.4840478291428730
1.2882712669088203,0.4500000000000000,1.4960662704954906
1.2939616434399734,0.4424537333128166,1.5080904265639636
1.2997448729246357,0.4351284117290865,1.5201201617380284
1.3056197214897058,0.4280353790451039,1.5321553446044565
1.3115849579957890,0.4211863710801591,1.5441958477882691
1.3176393548265606,0.4145934817408986,1.5562415478009963
1.3237816886419276,0.4082691189269497,1.5682923248956270
1.3114098971592931,1.5647259654453156,0.4206409104095846
1.3052679762393310,1.5526967981350301,0.4269612609679560
1.2992148335334960,1.5406730572667760,0.4335425972998149
1.2932517156377565,1.5286548708867262,0.4403732183370959
1.2873798735320940,1.5166423710396109,0.4474417075247379
1.2816005617976298,1.5046356939234730,0.4547369726399144
1.2759150377958048,1.4926349800515426,0.4622482767818125
1.2703245608095275,1.4806403744216035,0.4699652614170282
1.2648303911463177,1.4686520266932543,0.4778779623907924
1.2594337892036070,1.4566700913734860,0.4859768198049730
1.2541360144964913,1.4446947280110274,0.4942526826287484
1.2489383246483834,1.4327261013999333,0.5026968088546546
1.2438419743451568,1.4207643817929234,0.5113008619478081
1.2388482142535395,1.4088097451250057,0.5200569042647828
1.2339582899046833,1.3968623732479581,0.5289573880449605
1.2291734405440007,1.3849224541762735,0.5379951445043014
1.2244948979485546,1.3729901823452075,0.5471633714915873
1.2199238852134530,1.3610657588816197,0.5564556201017806
1.2154616155089024,1.3491493918883308,0.5658657805810959
1.2111092908097578,1.3372412967427700,0.5753880678041810
1.2068681005996050,1.3253416964107398,0.5850170065555220
1.2027392205515963,1.3134508217761673,0.5947474168047462
1.1987238111884675,1.3015689119877830,0.6045743991285379
1.1948230165243416,1.2896962148237126,0.6144933204000891
1.1910379626911265,1.2778329870750490,0.6244997998398399
1.1873697565524860,1.2659794949495242,0.6345896954983222
1.1838194843085543,1.2541360144964910,0.6447590912226719
1.1803882100947183,1.2423028320544922,0.6550042841424002
1.1770769745779726,1.2304802447227914,0.6653217726968582
1.1738867935544860,1.2186685608583203,0.6757082452161298
1.1708186565521632,1.2068681005996047,0.6861605690584475
1.1678735254421053,1.1950791964193357,0.6966757803003798
1.1650523330629876,1.1833021937073610,0.7072510739706608
1.1623559818624536,1.1715374513859980,0.7178837948144136
1.1597853425597027,1.1597853425597024,0.7285714285714286
1.1573412528334952,1.1480462552012582,0.7393115937499299
1.1550245160398378,1.1363205928768159,0.7501020338757186
1.1528358999636064,1.1246087755122594,0.7609406101956302
1.1507761356083620,1.1129112402035610,0.7718252948137200
1.1488459160285640,1.1012284420739653,0.7827541642384620
1.1470458952083329,1.0895608551810480,0.7937253933193773
1.1453766869908089,1.0779089734769076,0.8047372495518811
1.1438388640620567,1.0662733118249765,0.8157880877296705
1.1424329569933152,1.0546544070771935,0.8268763449246318
1.1411594533452298,1.0430528192155320,0.8380005357749980
1.1400187968375160,1.0314691325621776,0.8491592480632999
1.1390113865872942,1.0199039570629447,0.8603511385664886
1.1381375764191002,1.0083579296488496,0.8715749291614905
1.1373976742493170,0.9968317156811148,0.8828294031703072
1.1367919415475056,0.9853260104852481,0.8941134019296456
1.1363205928768159,0.9738415409802434,0.9054258215709045
1.1359837955153540,0.9623790674093836,0.9167656099971626
1.1357816691600546,0.9509393851795782,0.9281317640446164
1.1357142857142857,0.9395233268166645,0.9395233268166646
1.1357816691600546,0.9281317640446163,0.9509393851795784
1.1359837955153540,0.9167656099971623,0.9623790674093837
1.1363205928768160,0.9054258215709040,0.9738415409802438
1.1367919415475056,0.8941134019296455,0.9853260104852484
1.1373976742493170,0.8828294031703071,0.9968317156811150
1.1381375764191002,0.8715749291614903,1.0083579296488496
1.1390113865872942,0.8603511385664884,1.0199039570629447
1.1400187968375160,0.8491592480632996,1.0314691325621776
1.1411594533452298,0.8380005357749979,1.0430528192155320
1.1424329569933152,0.8268763449246315,1.0546544070771937
1.1438388640620565,0.8157880877296705,1.0662733118249768
1.1453766869908086,0.8047372495518810,1.0779089734769078
1.1470458952083329,0.7937253933193771,1.0895608551810483
1.1488459160285638,0.7827541642384618,1.1012284420739655
1.1507761356083617,0.7718252948137199,1.1129112402035612
1.1528358999636064,0.7609406101956300,1.1246087755122596
1.1550245160398378,0.7501020338757185,1.1363205928768159
1.1573412528334952,0.7393115937499297,1.1480462552012582
1.1597853425597024,0.7285714285714285,1.1597853425597024
1.1623559818624536,0.7178837948144132,1.1715374513859984
1.1650523330629874,0.7072510739706606,1.1833021937073611
1.1678735254421050,0.6966757803003796,1.1950791964193361
1.1708186565521632,0.6861605690584472,1.2068681005996050
1.1738867935544860,0.6757082452161295,1.2186685608583208
1.1770769745779723,0.6653217726968580,1.2304802447227918
1.1803882100947178,0.6550042841424000,1.2423028320544924
1.1838194843085540,0.6447590912226718,1.2541360144964913
1.1873697565524860,0.6345896954983218,1.2659794949495244
1.1910379626911260,0.6244997998398396,1.2778329870750493
1.1948230165243412,0.6144933204000889,1.2896962148237128
1.1987238111884673,0.6045743991285378,1.3015689119877830
1.2027392205515960,0.5947474168047460,1.3134508217761676
1.2068681005996050,0.5850170065555218,1.3253416964107400
1.2111092908097578,0.5753880678041806,1.3372412967427703
1.2154616155089022,0.5658657805810959,1.3491493918883310
1.2199238852134529,0.5564556201017805,1.3610657588816200
1.2244948979485546,0.5471633714915872,1.3729901823452078
1.2291734405440007,0.5379951445043012,1.3849224541762737
1.2339582899046830,0.5289573880449605,1.3968623732479584
1.2388482142535395,0.5200569042647826,1.4088097451250060
1.2438419743451563,0.5113008619478080,1.4207643817929236
1.2489383246483832,0.5026968088546544,1.4327261013999337
1.2541360144964910,0.4942526826287483,1.4446947280110276
1.2594337892036067,0.4859768198049728,1.4566700913734862
1.2648303911463175,0.4778779623907923,1.4686520266932546
1.2703245608095270,0.4699652614170279,1.4806403744216040
1.2759150377958044,0.4622482767818124,1.4926349800515428
1.2816005617976296,0.4547369726399144,1.5046356939234730
1.2873798735320940,0.4474417075247379,1.5166423710396110
1.2932517156377563,0.4403732183370957,1.5286548708867267
1.2992148335334959,0.4335425972998148,1.5406730572667764
1.3052679762393309,0.4269612609679558,1.5526967981350306
1.3114098971592930,0.4206409104095844,1.5647259654453158
1.2990381056766582,1.5612494995995994,0.4330127018922194
1.2928966055540025,1.5492427379931426,0.4393292661337652
1.2868447411226822,1.5372417652724502,0.4458996867146746
1.2808837829038677,1.5252467180821625,0.4527129107854522
1.2750150059140963,1.5132577373309006,0.4597581440501171
1.2692396888512045,1.5012749683559787,0.4670248868079293
1.2635591132404775,1.4892985610956697,0.4745029622926392
1.2579745625409124,1.4773286702694155,0.4821825380496479
1.2524873212116436,1.4653654555664080,0.4900541411155403
1.2470986737386969,1.4534090818429866,0.4981086677603184
1.2418099036224082,1.4414597193293260,0.5063373885270652
1.2366222923259760,1.4295175438459176,0.5147319492627563
1.2315371181858012,1.4175827370303750,0.5232843687826390
1.2265556552844248,1.4056554865751334,0.5319870337532980
1.2216791722870617,1.3937359864766352,0.5408326913195984
1.2169089312429160,1.3818244372966502,0.5498144399407376
1.2122461863526448,1.3699210464363950,0.5589257188425609
1.2076921827035503,1.3580260284241796,0.5681602964384080
1.2032481549742680,1.3461396052173390,0.5775122580199189
1.1989153261109284,1.3342620065192652,0.5869759929729074
1.1946949059769810,1.3223934701124012,0.5965461817317881
1.1905880899790660,1.3105342422081157,0.6062177826491071
1.1865960576715366,1.2986845778144365,0.6159860189242968
1.1827199713424330,1.2868447411226818,0.6258463657075815
1.1789609745839076,1.2750150059140960,0.6357945374706764
1.1753201908503097,1.2631956559876710,0.6458264757151831
1.1717987220073076,1.2513869856104074,0.6559383370720273
1.1683976468756219,1.2395892999913565,0.6661264818305292
1.1651180197731046,1.2278029157808674,0.6763874629234342
1.1619608690590617,1.2160281615965634,0.6867180153840886
1.1589271956848537,1.2042653785776690,0.6971150462836835
1.1560179717549415,1.1925149209694164,0.7075756251497944
1.1532341391026530,1.1807771567393870,0.7180969748621160
1.1505766078850401,1.1690524682277470,0.7286764630170939
1.1480462552012585,1.1573412528334950,0.7393115937499299
1.1456439237389602,1.1456439237389600,0.7500000000000000
1.1433704204532087,1.1339609106749560,0.7607394362039597
1.1412265152824280,1.1222926607291568,0.7715277713995891
1.1392129399058720,1.1106396392004316,0.7823629827226580
1.1373303865470514,1.0990023305020690,0.7932431492786756
1.1355795068274748,1.0873812391170234,0.8041664463712646
1.1339609106749562,1.0757768906085250,0.8151311400690100
1.1324751652906127,1.0641898326896380,0.8261355820929153
1.1311227941785118,1.0526206363555828,0.8371782050070198
1.1299042762417480,1.0410698970829215,0.8482575176952637
1.1288200449485077,1.0295382360999694,0.8593721011082833
1.1278704875714650,1.0180263017331173,0.8705206042644710
1.1270559445035622,1.0065347708340526,0.8817017404903279
1.1263767086529792,0.9950643502932308,0.8929142838858314
1.1258330249197703,0.9836157786453000,0.9041570660012563
1.1254250897563380,0.9721898277725856,0.9154289727125927
1.1251530508135779,0.9607873047131498,0.9267289412833966
1.1250170066741758,0.9494090535803880,0.9380559576015904
1.1250170066741758,0.9380559576015903,0.9494090535803881
1.1251530508135780,0.9267289412833963,0.9607873047131500
1.1254250897563380,0.9154289727125925,0.9721898277725858
1.1258330249197703,0.9041570660012560,0.9836157786453003
1.1263767086529792,0.8929142838858312,0.9950643502932310
1.1270559445035622,0.8817017404903277,1.0065347708340528
1.1278704875714651,0.8705206042644708,1.0180263017331173
1.1288200449485077,0.8593721011082831,1.0295382360999696
1.1299042762417477,0.8482575176952636,1.0410698970829215
1.1311227941785120,0.8371782050070197,1.0526206363555830
1.1324751652906127,0.8261355820929152,1.0641898326896382
1.1339609106749562,0.8151311400690100,1.0757768906085252
1.1355795068274748,0.8041664463712643,1.0873812391170234
1.1373303865470514,0.7932431492786755,1.0990023305020693
1.1392129399058717,0.7823629827226578,1.1106396392004318
1.1412265152824277,0.7715277713995888,1.1222926607291570
1.1433704204532085,0.7607394362039596,1.1339609106749560
1.1456439237389600,0.7499999999999999,1.1456439237389600
1.1480462552012582,0.7393115937499296,1.1573412528334950
1.1505766078850401,0.7286764630170938,1.1690524682277470
1.1532341391026528,0.7180969748621158,1.1807771567393872
1.1560179717549413,0.7075756251497943,1.1925149209694168
1.1589271956848537,0.6971150462836834,1.2042653785776691
1.1619608690590617,0.6867180153840885,1.2160281615965638
1.1651180197731044,0.6763874629234341,1.2278029157808676
1.1683976468756216,0.6661264818305291,1.2395892999913567
1.1717987220073076,0.6559383370720271,1.2513869856104076
1.1753201908503095,0.6458264757151830,1.2631956559876711
1.1789609745839076,0.6357945374706759,1.2750150059140961
1.1827199713424326,0.6258463657075813,1.2868447411226818
1.1865960576715366,0.6159860189242966,1.2986845778144365
1.1905880899790657,0.6062177826491071,1.3105342422081157
1.1946949059769807,0.5965461817317881,1.3223934701124012
1.1989153261109282,0.5869759929729073,1.3342620065192656
1.2032481549742677,0.5775122580199187,1.3461396052173393
1.2076921827035503,0.5681602964384079,1.3580260284241799
1.2122461863526446,0.5589257188425609,1.3699210464363951
1.2169089312429158,0.5498144399407374,1.3818244372966504
1.2216791722870617,0.5408326913195983,1.3937359864766354
1.2265556552844243,0.5319870337532980,1.4056554865751336
1.2315371181858010,0.5232843687826390,1.4175827370303755
1.2366222923259755,0.5147319492627563,1.4295175438459178
1.2418099036224080,0.5063373885270651,1.4414597193293262
1.2470986737386964,0.4981086677603183,1.4534090818429866
1.2524873212116432,0.4900541411155402,1.4653654555664082
1.2579745625409122,0.4821825380496478,1.4773286702694155
1.2635591132404770,0.4745029622926391,1.4892985610956700
1.2692396888512043,0.4670248868079293,1.5012749683559787
1.2750150059140961,0.4597581440501170,1.5132577373309004
1.2808837829038677,0.4527129107854522,1.5252467180821625
1.2868447411226818,0.4458996867146745,1.5372417652724506
1.2928966055540023,0.4393292661337652,1.5492427379931428
1.2990381056766580,0.4330127018922193,1.5612494995995996
1.2866663141940233,1.5578635291674954,0.4453844933748542
1.2805252429996000,1.5458799752759536,0.4516974786789250
1.2744746816966257,1.5339025858434239,0.4582575694955839
1.2685159254267269,1.5219315064102197,0.4650543088759437
1.2626502739419634,1.5099668870541498,0.4720774754816659
1.2568790307580060,1.4980088825654196,0.4793171162802176
1.2512035022655720,1.4860576526295255,0.4867635724971662
1.2456249968000248,1.4741133620185498,0.4944074994477776
1.2401448236691834,1.4621761807913125,0.5022398808927699
1.2347642921395394,1.4502462845028377,0.5102520385624568
1.2294847103812332,1.4383238544236416,0.5184356374749730
1.2243073843723120,1.4264090777693672,0.5267826876426369
1.2192336167629640,1.4145021479413213,0.5352855427198627
1.2142647057006164,1.4026032647785140,0.5439368960998835
1.2094019436169640,1.3907126348218242,0.5527297749186602
1.2046466159782110,1.3788304715909620,0.5616575323749068
1.2000000000000002,1.3669569958749355,0.5707138387268050
1.1954633633287242,1.3550924360367750,0.5798926712798513
1.1910379626911265,1.3432370283333146,0.5891883036371794
1.1867250425143192,1.3313910172508774,0.5985952944440945
1.1825258335185647,1.3195546558577702,0.6081084758226504
1.1784415512853910,1.3077282061745437,0.6177229416599818
1.1744733948038335,1.2959119395630400,0.6274340358856499
1.1706225449978072,1.2841061371353115,0.6372373408483125
1.1668901632378366,1.2723110901835608,0.6471286658803501
1.1632773898405684,1.2605271006323389,0.6571040361203958
1.1597853425597027,1.2487544815142970,0.6671596816477496
1.1564151150721560,1.2369935574708906,0.6772920269691046
1.1531677754634610,1.2252446652795180,0.6874976808866265
1.1500443647165648,1.2135081544086657,0.6977734267669133
1.1470458952083330,1.2017843876027487,0.7081162132224988
1.1441733492182138,1.1900737414984340,0.7185231452111210
1.1414276774536105,1.1783766072743587,0.7289914755527470
1.1388097975966140,1.1666933913362820,0.7395185968601743
1.1363205928768160,1.1550245160398376,0.7501020338757186
1.1339609106749562,1.1433704204532085,0.7607394362039597
1.1317315611621920,1.1317315611621919,0.7714285714285714
1.1296333159797602,1.1201084131202912,0.7821673185998725
1.1276669069637650,1.1085014705466480,0.7929536620787382
1.1258330249197703,1.0969112478748158,0.8037856857219022
1.1241323184517718,1.0853382807555758,0.8146615673933287
1.1225653928500068,1.0737831271172185,0.8255795737862348
1.1211328090419104,1.0622463682869316,0.8365380555404199
1.1198350826103360,1.0507286101771938,0.8475354426397828
1.1186726828829654,1.0392304845413263,0.8585702400752411
1.1176460320965780,1.0277526503026306,0.8696410237587011
1.1167555046396043,1.0162957949618520,0.8807464366741915
1.1160014263760910,1.0048606360880020,0.8918851852528269
1.1153840740538936,0.9934479228979262,0.9030560359588062
1.1149036747995913,0.9820584379303524,0.9142578120742395
1.1145604057022590,0.9706929988205247,0.9254893906711725
1.1143543934878681,0.9593524601819410,0.9367496997597597
1.1142857142857143,0.9480377156021176,0.9480377156021176
1.1143543934878684,0.9367496997597597,0.9593524601819411
1.1145604057022590,0.9254893906711722,0.9706929988205250
1.1149036747995913,0.9142578120742395,0.9820584379303525
1.1153840740538936,0.9030560359588060,0.9934479228979264
1.1160014263760910,0.8918851852528268,1.0048606360880020
1.1167555046396043,0.8807464366741914,1.0162957949618520
1.1176460320965780,0.8696410237587009,1.0277526503026306
1.1186726828829656,0.8585702400752411,1.0392304845413263
1.1198350826103363,0.8475354426397825,1.0507286101771940
1.1211328090419101,0.8365380555404200,1.0622463682869314
1.1225653928500068,0.8255795737862348,1.0737831271172187
1.1241323184517718,0.8146615673933286,1.0853382807555758
1.1258330249197703,0.8037856857219021,1.0969112478748158
1.1276669069637650,0.7929536620787380,1.1085014705466483
1.1296333159797602,0.7821673185998722,1.1201084131202914
1.1317315611621919,0.7714285714285714,1.1317315611621919
1.1339609106749560,0.7607394362039595,1.1433704204532085
1.1363205928768159,0.7501020338757186,1.1550245160398376
1.1388097975966140,0.7395185968601741,1.1666933913362820
1.1414276774536103,0.7289914755527470,1.1783766072743587
1.1441733492182138,0.7185231452111208,1.1900737414984341
1.1470458952083329,0.7081162132224987,1.2017843876027490
1.1500443647165646,0.6977734267669132,1.2135081544086659
1.1531677754634608,0.6874976808866265,1.2252446652795181
1.1564151150721558,0.6772920269691045,1.2369935574708908
1.1597853425597024,0.6671596816477495,1.2487544815142972
1.1632773898405684,0.6571040361203956,1.2605271006323393
1.1668901632378366,0.6471286658803499,1.2723110901835610
1.1706225449978072,0.6372373408483125,1.2841061371353115
1.1744733948038333,0.6274340358856498,1.2959119395630400
1.1784415512853910,0.6177229416599815,1.3077282061745437
1.1825258335185644,0.6081084758226504,1.3195546558577702
1.1867250425143190,0.5985952944440945,1.3313910172508774
1.1910379626911260,0.5891883036371793,1.3432370283333148
1.1954633633287240,0.5798926712798512,1.3550924360367753
1.2000000000000000,0.5707138387268050,1.3669569958749355
1.2046466159782110,0.5616575323749066,1.3788304715909620
1.2094019436169638,0.5527297749186599,1.3907126348218246
1.2142647057006162,0.5439368960998834,1.4026032647785143
1.2192336167629638,0.5352855427198627,1.4145021479413218
1.2243073843723116,0.5267826876426369,1.4264090777693672
1.2294847103812330,0.5184356374749730,1.4383238544236419
1.2347642921395390,0.5102520385624567,1.4502462845028377
1.2401448236691832,0.5022398808927698,1.4621761807913125
1.2456249968000246,0.4944074994477775,1.4741133620185500
1.2512035022655716,0.4867635724971663,1.4860576526295253
1.2568790307580056,0.4793171162802175,1.4980088825654199
1.2626502739419630,0.4720774754816658,1.5099668870541498
1.2685159254267264,0.4650543088759436,1.5219315064102200
1.2744746816966250,0.4582575694955841,1.5339025858434239
1.2805252429995995,0.4516974786789250,1.5458799752759538
1.2866663141940230,0.4453844933748541,1.5578635291674956
1.2742945227113887,1.5545686454670913,0.4577562848574890
1.2681538888140849,1.5426091070465184,0.4640658820223081
1.2621046562251907,1.5306561218200858,0.4706161831436895
1.2561481454292351,1.5187098445182787,0.4773972803287699
1.2502856816401147,1.5067704346904152,0.4843994809481707
1.2445185939198518,1.4948380568899530,0.4916133373591362
1.2388482142535395,1.4829128808682248,0.4990296707059591
1.2332758765803790,1.4709950817770414,0.5066395893230096
1.2278029157808676,1.4590848403806310,0.5144345022865955
1.2224306666203520,1.4471823432774038,0.5224061286636157
1.2171604626493318,1.4352877831320667,0.5305465029917120
1.2119936350610807,1.4234013589186392,0.5388479775012084
1.2069315115073382,1.4115232761749530,0.5473032215568722
1.2019754148730264,1.3996537472692656,0.5559052187602650
1.1971266620111507,1.3877929916796314,0.5646472621134764
1.1923865624392598,1.3759412362867411,0.5735229476041664
1.1877564169990618,1.3640987156809616,0.5825261665314938
1.1832375164810165,1.3522656724843650,0.5916510968536806
1.1788311402159590,1.3404423576885782,0.6008921938013745
1.1745385546360456,1.3286290310093394,0.6102441799670633
1.1703610118075465,1.3168259612586994,0.6197020350498277
1.1662997479382462,1.3050334267358668,0.6292609854067722
1.1623559818624538,1.2932517156377563,0.6389164935375246
1.1585309135068518,1.2814811264903672,0.6486642476061470
1.1548257223406448,1.2697219686021897,0.6585001510854739
1.1512415658136840,1.2579745625409122,0.6684203125920953
1.1477795777864641,1.2462392406347824,0.6784210359657316
1.1444408669560802,1.2345163475000636,0.6884988106343379
1.1412265152824281,1.2228062405961200,0.6986503022957616
1.1381375764191002,1.2111092908097576,0.7088723439378913
1.1351750741535829,1.1994258830705595,0.7191619272118209
1.1323400008614994,1.1877564169990615,0.7295161941663943
1.1296333159797602,1.1761013075897355,0.7399324293474372
1.1270559445035622,1.1644609859308734,0.7504080522608744
1.1246087755122598,1.1528358999636061,0.7609406101956301
1.1222926607291572,1.1412265152824277,0.7715277713995890
1.1201084131202914,1.1296333159797600,0.7821673185998724
1.1180568055372515,1.1180568055372513,0.7928571428571429
1.1161385694090358,1.1064975077666814,0.8035952377425150
1.1143543934878684,1.0949559678035330,0.8143796938248680
1.1127049226537822,1.0834327531564867,0.8252086934558445
1.1111907567826436,1.0719284548163173,0.8360805058395382
1.1098124496821020,1.0604436884278818,0.8469934823737862
1.1085705080997652,1.0489790955291447,0.8579460522500402
1.1074653908076473,1.0375353448614340,0.8689367182989584
1.1064975077666817,1.0261131337553895,0.8799640530691453
1.1056672193747992,1.0147131895973645,0.8910266951267910
1.1049748358017490,1.0033362713813290,0.9021233455643661
1.1044206164135038,0.9919831713516605,0.9132527647069556
1.1040047692887225,0.9806547167425381,0.9244137690052711
1.1037274508293640,0.9693517716200125,0.9356052281048578
1.1035887654671490,0.9580752388332068,0.9468260620814865
1.1035887654671492,0.9468260620814863,0.9580752388332068
1.1037274508293640,0.9356052281048577,0.9693517716200125
1.1040047692887223,0.9244137690052710,0.9806547167425382
1.1044206164135038,0.9132527647069555,0.9919831713516606
1.1049748358017488,0.9021233455643661,1.0033362713813290
1.1056672193747992,0.8910266951267910,1.0147131895973645
1.1064975077666817,0.8799640530691452,1.0261131337553895
1.1074653908076473,0.8689367182989582,1.0375353448614340
1.1085705080997652,0.8579460522500401,1.0489790955291447
1.1098124496821020,0.8469934823737862,1.0604436884278818
1.1111907567826433,0.8360805058395382,1.0719284548163173
1.1127049226537822,0.8252086934558445,1.0834327531564867
1.1143543934878681,0.8143796938248680,1.0949559678035330
1.1161385694090358,0.8035952377425147,1.1064975077666817
1.1180568055372515,0.7928571428571428,1.1180568055372515
1.1201084131202914,0.7821673185998722,1.1296333159797602
1.1222926607291570,0.7715277713995890,1.1412265152824280
1.1246087755122594,0.7609406101956301,1.1528358999636061
1.1270559445035622,0.7504080522608744,1.1644609859308734
1.1296333159797600,0.7399324293474371,1.1761013075897355
1.1323400008614994,0.7295161941663943,1.1877564169990615
1.1351750741535827,0.7191619272118208,1.1994258830705598
1.1381375764191002,0.7088723439378911,1.2111092908097578
1.1412265152824280,0.6986503022957616,1.2228062405961200
1.1444408669560797,0.6884988106343380,1.2345163475000636
1.1477795777864641,0.6784210359657314,1.2462392406347826
1.1512415658136840,0.6684203125920952,1.2579745625409124
1.1548257223406446,0.6585001510854738,1.2697219686021899
1.1585309135068518,0.6486642476061470,1.2814811264903672
1.1623559818624536,0.6389164935375244,1.2932517156377563
1.1662997479382462,0.6292609854067721,1.3050334267358670
1.1703610118075465,0.6197020350498276,1.3168259612586994
1.1745385546360454,0.6102441799670633,1.3286290310093394
1.1788311402159586,0.6008921938013745,1.3404423576885782
1.1832375164810163,0.5916510968536806,1.3522656724843650
1.1877564169990615,0.5825261665314937,1.3640987156809616
1.1923865624392596,0.5735229476041663,1.3759412362867411
1.1971266620111505,0.5646472621134763,1.3877929916796314
1.2019754148730264,0.5559052187602648,1.3996537472692658
1.2069315115073380,0.5473032215568719,1.4115232761749534
1.2119936350610803,0.5388479775012085,1.4234013589186392
1.2171604626493313,0.5305465029917121,1.4352877831320670
1.2224306666203515,0.5224061286636157,1.4471823432774038
1.2278029157808674,0.5144345022865954,1.4590848403806310
1.2332758765803788,0.5066395893230095,1.4709950817770414
1.2388482142535395,0.4990296707059591,1.4829128808682246
1.2445185939198515,0.4916133373591362,1.4948380568899530
1.2502856816401147,0.4843994809481706,1.5067704346904152
1.2561481454292347,0.4773972803287699,1.5187098445182787
1.2621046562251903,0.4706161831436895,1.5306561218200858
1.2681538888140844,0.4640658820223083,1.5426091070465184
1.2742945227113882,0.4577562848574889,1.5545686454670915
1.2619227312287538,1.5513654288650210,0.4701280763401238
1.2557825432447962,1.5394307190567265,0.4764344613043511
1.2497346657166384,1.5275029643579905,0.4829754715536276
1.2437804452226962,1.5155823289806354,0.4897417061834842
1.2379212331937106,1.5036689822441858,0.4967239614489631
1.2321583849953244,1.4917630987717663,0.5039132578416363
1.2264932589646447,1.4798648586948742,0.5113008619478080
1.2209272154007065,1.4679744478674812,0.5188783035332573
1.2154616155089024,1.4560920580899590,0.5266373883190503
1.2100978202996144,1.4442178873433360,0.5345702069162187
1.2048371894414718,1.4323521400344346,0.5426691403777879
1.1996810800698459,1.4204950272524643,0.5509268628078188
1.1946308455514019,1.4086467670376820,0.5593363414414827
1.1896878342057395,1.3968075846627652,0.5678908345800273
1.1848533879853695,1.3849777129275842,0.5765838877317304
1.1801288411155173,1.3731573924681013,0.5854093282760815
1.1755155186954690,1.3613468720801647,0.5943612589347063
1.1710147352634304,1.3495464090590148,0.6034340502998025
1.1666277933271030,1.3377562695553677,0.6126223326397590
1.1623559818624538,1.3259767289489983,0.6219209871725782
1.1582005747833888,1.3142080722407912,0.6313251369709814
1.1541628293853060,1.3024505944642997,0.6408301376387681
1.1502439847657524,1.2907046011179082,0.6504315678761262
1.1464452602256587,1.2789704086187643,0.6601252200321155
1.1427678536548616,1.2672483447797194,0.6699070907253346
1.1392129399058720,1.2555387493105930,0.6797733715987218
1.1357816691600549,1.2438419743451565,0.6897204402613321
1.1324751652906127,1.2321583849953242,0.6997448514586279
1.1292945242269532,1.2204883599341265,0.7098433285031339
1.1262408123252057,1.2088322920091443,0.7200127549890618
1.1233150647498136,1.1971905888881890,0.7302501668075462
1.1205182838712613,1.1855636737391189,0.7405527444733012
1.1178514376851220,1.1739519859458147,0.7509178057686527
1.1153154582576950,1.1623559818624536,0.7613427987069012
1.1129112402035612,1.1507761356083617,0.7718252948137199
1.1106396392004320,1.1392129399058717,0.7823629827226579
1.1085014705466485,1.1276669069637648,0.7929536620787381
1.1064975077666819,1.1161385694090358,0.8035952377425150
1.1046284812699034,1.1046284812699032,0.8142857142857143
1.1028950770678092,1.0931372190131652,0.8250231907686731
1.1012979355547450,1.0816653826391966,0.8358058557891470
1.0998376503570230,1.0702135968380997,0.8466319827916462
1.0985147672551112,1.0587825122107302,0.8574999256262239
1.0973297831833530,1.0473728065585660,0.8684081143455676
1.0962831453114100,1.0359851862466223,0.8793550512292796
1.0953752502113194,1.0246203876438873,0.8903393070243798
1.0946064431137443,1.0132791786460191,0.9013595173912774
1.0939770172566308,1.0019623602853410,0.9124143795447328
1.0934872133291207,0.9906707684334748,0.9235026490796563
1.0931372190131654,0.9794052756022662,0.9346231369719376
1.0929271686248665,0.9681667928489956,0.9457747067448820
1.0928571428571430,0.9569562717922114,0.9569562717922115
1.0929271686248667,0.9457747067448817,0.9681667928489956
1.0931372190131654,0.9346231369719376,0.9794052756022661
1.0934872133291210,0.9235026490796561,0.9906707684334748
1.0939770172566305,0.9124143795447328,1.0019623602853410
1.0946064431137443,0.9013595173912774,1.0132791786460191
1.0953752502113194,0.8903393070243799,1.0246203876438873
1.0962831453114100,0.8793550512292795,1.0359851862466223
1.0973297831833530,0.8684081143455675,1.0473728065585660
1.0985147672551112,0.8574999256262238,1.0587825122107302
1.0998376503570230,0.8466319827916461,1.0702135968381000
1.1012979355547450,0.8358058557891471,1.0816653826391966
1.1028950770678092,0.8250231907686730,1.0931372190131652
1.1046284812699034,0.8142857142857143,1.1046284812699032
1.1064975077666817,0.8035952377425148,1.1161385694090358
1.1085014705466483,0.7929536620787381,1.1276669069637650
1.1106396392004318,0.7823629827226578,1.1392129399058720
1.1129112402035612,0.7718252948137199,1.1507761356083617
1.1153154582576947,0.7613427987069011,1.1623559818624536
1.1178514376851219,0.7509178057686527,1.1739519859458147
1.1205182838712610,0.7405527444733014,1.1855636737391186
1.1233150647498136,0.7302501668075462,1.1971905888881889
1.1262408123252057,0.7200127549890618,1.2088322920091445
1.1292945242269528,0.7098433285031338,1.2204883599341265
1.1324751652906127,0.6997448514586277,1.2321583849953244
1.1357816691600549,0.6897204402613321,1.2438419743451563
1.1392129399058720,0.6797733715987216,1.2555387493105932
1.1427678536548616,0.6699070907253345,1.2672483447797196
1.1464452602256583,0.6601252200321155,1.2789704086187643
1.1502439847657522,0.6504315678761263,1.2907046011179082
1.1541628293853057,0.6408301376387678,1.3024505944643000
1.1582005747833886,0.6313251369709815,1.3142080722407912
1.1623559818624536,0.6219209871725782,1.3259767289489983
1.1666277933271025,0.6126223326397590,1.3377562695553677
1.1710147352634301,0.6034340502998025,1.3495464090590146
1.1755155186954689,0.5943612589347063,1.3613468720801650
1.1801288411155169,0.5854093282760815,1.3731573924681015
1.1848533879853693,0.5765838877317304,1.3849777129275842
1.1896878342057393,0.5678908345800273,1.3968075846627654
1.1946308455514016,0.5593363414414826,1.4086467670376823
1.1996810800698454,0.5509268628078188,1.4204950272524643
1.2048371894414716,0.5426691403777880,1.4323521400344346
1.2100978202996142,0.5345702069162187,1.4442178873433360
1.2154616155089020,0.5266373883190504,1.4560920580899590
1.2209272154007063,0.5188783035332571,1.4679744478674812
1.2264932589646442,0.5113008619478080,1.4798648586948740
1.2321583849953242,0.5039132578416363,1.4917630987717663
1.2379212331937102,0.4967239614489632,1.5036689822441855
1.2437804452226957,0.4897417061834841,1.5155823289806354
1.2497346657166382,0.4829754715536276,1.5275029643579905
1.2557825432447955,0.4764344613043512,1.5394307190567265
1.2619227312287533,0.4701280763401239,1.5513654288650212
1.2495509397461189,1.5482544483174248,0.4824998678227587
1.2434112065489151,1.5363453852754407,0.4888032031693035
1.2373647112195452,1.5244436924427782,0.4953353842167375
1.2314128272112520,1.5125495437997987,0.5020874791654278
1.2255569329567548,1.5006631187306385,0.5090507372170524
1.2197984109127649,1.4887846022298639,0.5162166132901330
1.2141386465561606,1.4769141851184453,0.5235767881230264
1.2085790273317352,1.4650520642695286,0.5311231841434658
1.2031209415515967,1.4531984428445120,0.5388479775012085
1.1977657772464771,1.4413535305399574,0.5467436066645605
1.1925149209694168,1.4295175438459176,0.5548027779751825
1.1873697565524863,1.4176907063162647,0.5630184685411016
1.1823316638174360,1.4058732488516645,0.5713839268274309
1.1774020172413848,1.3940654099958647,0.5798926712798514
1.1725821845789050,1.3822674362460117,0.5885384872889863
1.1678735254421053,1.3704795823777476,0.5973154227757009
1.1632773898405684,1.3587021117858866,0.6062177826491071
1.1587951166832642,1.3469352968415190,0.6152401223613959
1.1544280322448226,1.3351794192664344,0.6243772407571485
1.1501774485988268,1.3234347705258218,0.6336241723898597
1.1460446620210485,1.3117016522402476,0.6429761794553038
1.1420309513658338,1.2999803766179843,0.6524287434702143
1.1381375764191002,1.2882712669088203,0.6619775568055807
1.1343657762316857,1.2765746578805552,0.6716185141666575
1.1307167674370384,1.2648908963194558,0.6813477040964848
1.1271917425574922,1.2532203415560232,0.6911614005662160
1.1237918683036048,1.2415633660175120,0.7010560547037126
1.1205182838712610,1.2299203558087217,0.7110282867015882
1.1173720992414593,1.2182917113226825,0.7210748779369843
1.1143543934878684,1.2066778478829500,0.7311927633277406
1.1114662130974307,1.1950791964193360,0.7413790239431226
1.1087085703094170,1.1834962041790090,0.7516308798817654
1.1060824414784547,1.1719293354750270,0.7619456834248723
1.1035887654671490,1.1603790724744798,0.7723209124688616
1.1012284420739655,1.1488459160285638,0.7827541642384620
1.0990023305020695,1.1373303865470512,0.7932431492786756
1.0969112478748160,1.1258330249197700,0.8037856857219022
1.0949559678035332,1.1143543934878680,0.8143796938248680
1.0931372190131654,1.1028950770678088,0.8250231907686731
1.0914556840312306,1.0914556840312306,0.8357142857142859
1.0899119979453873,1.0800368474439817,0.8464511751050589
1.0885067472347199,1.0686392262678583,0.8572321382073297
1.0872404686796266,1.0572635066287777,0.8680555328798183
1.0861136483549305,1.0459104031553426,0.8789197915623473
1.0851267207105353,1.0345806603919980,0.8898234174743405
1.0842800677436262,1.0232750542912172,0.9007649810135874
1.0835740182660456,1.0119943937894242,0.9117431163458717
1.0830088472700978,1.0007395224716242,0.9227565181762385
1.0825847753956120,0.9895113203300023,0.9338039386928968
1.0823019685006620,0.9783107056220400,0.9448841846750212
1.0821605373378890,0.9671386368340077,0.9559961147560023
1.0821605373378890,0.9559961147560021,0.9671386368340079
1.0823019685006620,0.9448841846750210,0.9783107056220401
1.0825847753956120,0.9338039386928966,0.9895113203300024
1.0830088472700980,0.9227565181762383,1.0007395224716245
1.0835740182660456,0.9117431163458716,1.0119943937894242
1.0842800677436262,0.9007649810135872,1.0232750542912172
1.0851267207105353,0.8898234174743404,1.0345806603919980
1.0861136483549303,0.8789197915623472,1.0459104031553428
1.0872404686796266,0.8680555328798182,1.0572635066287779
1.0885067472347199,0.8572321382073295,1.0686392262678586
1.0899119979453875,0.8464511751050585,1.0800368474439819
1.0914556840312308,0.8357142857142856,1.0914556840312306
1.0931372190131654,0.8250231907686730,1.1028950770678090
1.0949559678035330,0.8143796938248680,1.1143543934878681
1.0969112478748160,0.8037856857219021,1.1258330249197703
1.0990023305020693,0.7932431492786753,1.1373303865470514
1.1012284420739655,0.7827541642384618,1.1488459160285638
1.1035887654671492,0.7723209124688613,1.1603790724744800
1.1060824414784547,0.7619456834248722,1.1719293354750273
1.1087085703094166,0.7516308798817652,1.1834962041790091
1.1114662130974304,0.7413790239431226,1.1950791964193360
1.1143543934878681,0.7311927633277404,1.2066778478829503
1.1173720992414590,0.7210748779369842,1.2182917113226830
1.1205182838712610,0.7110282867015881,1.2299203558087220
1.1237918683036046,0.7010560547037124,1.2415633660175123
1.1271917425574924,0.6911614005662158,1.2532203415560235
1.1307167674370382,0.6813477040964846,1.2648908963194560
1.1343657762316854,0.6716185141666573,1.2765746578805555
1.1381375764191000,0.6619775568055806,1.2882712669088203
1.1420309513658335,0.6524287434702141,1.2999803766179845
1.1460446620210485,0.6429761794553034,1.3117016522402480
1.1501774485988265,0.6336241723898596,1.3234347705258220
1.1544280322448226,0.6243772407571484,1.3351794192664344
1.1587951166832640,0.6152401223613958,1.3469352968415191
1.1632773898405682,0.6062177826491071,1.3587021117858868
1.1678735254421050,0.5973154227757008,1.3704795823777478
1.1725821845789046,0.5885384872889861,1.3822674362460120
1.1774020172413844,0.5798926712798512,1.3940654099958650
1.1823316638174357,0.5713839268274307,1.4058732488516648
1.1873697565524860,0.5630184685411015,1.4176907063162650
1.1925149209694166,0.5548027779751824,1.4295175438459178
1.1977657772464770,0.5467436066645603,1.4413535305399574
1.2031209415515964,0.5388479775012085,1.4531984428445120
1.2085790273317347,0.5311231841434658,1.4650520642695288
1.2141386465561603,0.5235767881230263,1.4769141851184455
1.2197984109127646,0.5162166132901330,1.4887846022298640
1.2255569329567546,0.5090507372170523,1.5006631187306387
1.2314128272112514,0.5020874791654278,1.5125495437997987
1.2373647112195452,0.4953353842167373,1.5244436924427782
1.2434112065489150,0.4888032031693036,1.5363453852754410
1.2495509397461184,0.4824998678227587,1.5482544483174250
1.2371791482634837,1.5452362609131383,0.4948716593053936
1.2310398789939625,1.5333536674191492,0.5011720955797072
1.2249947938248390,1.5214788724079191,0.5076958755404818
1.2190452938965923,1.5096120599109464,0.5144345022865955
1.2131927854606940,1.4977534196664177,0.5213796454541332
1.2074386788840692,1.4859031473367657,0.5285231638195980
1.2017843876027492,1.4740614447359860,0.5358571238146015
1.1962313270246279,1.4622285200672152,0.5433738142759701
1.1907809133814120,1.4504045881710919,0.5510657577710262
1.1854345625300524,1.4385898707854614,0.5589257188425610
1.1801936887041649,1.4267845968170128,0.5669467095138409
1.1750597032161596,1.4149890026254692,0.5751219923828762
1.1700340131110440,1.4032033323209914,0.5834450816189183
1.1651180197731046,1.3914278380754885,0.5919097421542773
1.1603131174869330,1.3796627804485782,0.6005099873423915
1.1556206919545313,1.3679084287289682,0.6092400753297136
1.1510421187704964,1.3561650612920932,0.6180945043652554
1.1465787618575785,1.3444329659748748,0.6270680072482455
1.1422319718651817,1.3327124404685324,0.6361555450917805
1.1380030845336773,1.3210037927304235,0.6453523005589541
1.1338934190276820,1.3093073414159542,0.6546536707079772
1.1299042762417480,1.2976234163316585,0.6640552595643695
1.1260369370822032,1.2859523589106070,0.6735528705215019
1.1222926607291572,1.2742945227113882,0.6831424986555790
1.1186726828829654,1.2626502739419630,0.6928203230275509
1.1151782139997142,1.2510199920097850,0.7025826990323573
1.1118104375205300,1.2394040700996554,0.7124261508452392
1.1085705080997652,1.2278029157808672,0.7223473640055139
1.1054595498373203,1.2162169516453005,0.7323431781700742
1.1024786545205625,1.2046466159782108,0.7424105800618384
1.0996288798814753,1.1930923634635760,0.7525466966323386
1.0969112478748160,1.1815546659259690,0.7627487884524723
1.0943267429831747,1.1700340131110438,0.7730142433410676
1.0918763105549185,1.1585309135068516,0.7833405702372321
1.0895608551810483,1.1470458952083327,0.7937253933193773
1.0873812391170237,1.1355795068274745,0.8041664463712646
1.0853382807555760,1.1241323184517715,0.8146615673933287
1.0834327531564870,1.1127049226537820,0.8252086934558447
1.0816653826391969,1.1012979355547448,0.8358058557891471
1.0800368474439819,1.0899119979453873,0.8464511751050589
1.0785477764672500,1.0785477764672498,0.8571428571428572
1.0771987480762980,1.0672059648580359,0.8678791884325179
1.0759902890086028,1.0558872852647072,0.8786585322675303
1.0749228733604423,1.0445924896282544,0.8894793248793113
1.0739969216692860,1.0333223611442928,0.9003400718050704
1.0732128000940515,1.0220777158038700,0.9112393444409339
1.0725708196969124,1.0108594040191134,0.9221757767721435
1.0720712358299134,0.9996683123385863,0.9331480622722468
1.0717142476292030,0.9885053652574968,0.9441549509633318
1.0714999976192066,0.9773715271281522,0.9551952466295429
1.0714285714285714,0.9662678041763344,0.9662678041763346
1.0714999976192063,0.9551952466295429,0.9773715271281523
1.0717142476292030,0.9441549509633317,0.9885053652574969
1.0720712358299134,0.9331480622722467,0.9996683123385864
1.0725708196969124,0.9221757767721432,1.0108594040191137
1.0732128000940515,0.9112393444409337,1.0220777158038703
1.0739969216692860,0.9003400718050700,1.0333223611442930
1.0749228733604423,0.8894793248793110,1.0445924896282546
1.0759902890086028,0.8786585322675301,1.0558872852647074
1.0771987480762977,0.8678791884325178,1.0672059648580359
1.0785477764672500,0.8571428571428570,1.0785477764672500
1.0800368474439819,0.8464511751050585,1.0899119979453875
1.0816653826391969,0.8358058557891469,1.1012979355547450
1.0834327531564870,0.8252086934558444,1.1127049226537822
1.0853382807555760,0.8146615673933287,1.1241323184517715
1.0873812391170237,0.8041664463712643,1.1355795068274748
1.0895608551810483,0.7937253933193772,1.1470458952083329
1.0918763105549183,0.7833405702372319,1.1585309135068518
1.0943267429831747,0.7730142433410675,1.1700340131110438
1.0969112478748160,0.7627487884524722,1.1815546659259692
1.0996288798814753,0.7525466966323383,1.1930923634635762
1.1024786545205623,0.7424105800618381,1.2046466159782110
1.1054595498373200,0.7323431781700741,1.2162169516453007
1.1085705080997652,0.7223473640055137,1.2278029157808676
1.1118104375205298,0.7124261508452390,1.2394040700996556
1.1151782139997140,0.7025826990323571,1.2510199920097853
1.1186726828829654,0.6928203230275508,1.2626502739419630
1.1222926607291570,0.6831424986555789,1.2742945227113884
1.1260369370822030,0.6735528705215017,1.2859523589106072
1.1299042762417477,0.6640552595643694,1.2976234163316585
1.1338934190276817,0.6546536707079772,1.3093073414159542
1.1380030845336773,0.6453523005589539,1.3210037927304235
1.1422319718651812,0.6361555450917805,1.3327124404685327
1.1465787618575782,0.6270680072482455,1.3444329659748753
1.1510421187704962,0.6180945043652553,1.3561650612920935
1.1556206919545310,0.6092400753297135,1.3679084287289685
1.1603131174869330,0.6005099873423914,1.3796627804485784
1.1651180197731044,0.5919097421542769,1.3914278380754888
1.1700340131110438,0.5834450816189183,1.4032033323209916
1.1750597032161594,0.5751219923828761,1.4149890026254692
1.1801936887041646,0.5669467095138409,1.4267845968170128
1.1854345625300522,0.5589257188425609,1.4385898707854614
1.1907809133814118,0.5510657577710260,1.4504045881710920
1.1962313270246279,0.5433738142759699,1.4622285200672154
1.2017843876027487,0.5358571238146016,1.4740614447359859
1.2074386788840692,0.5285231638195977,1.4859031473367659
1.2131927854606939,0.5213796454541332,1.4977534196664180
1.2190452938965919,0.5144345022865955,1.5096120599109466
1.2249947938248387,0.5076958755404817,1.5214788724079191
1.2310398789939623,0.5011720955797071,1.5333536674191492
1.2371791482634837,0.4948716593053935,1.5452362609131383
1.2248073567808490,1.5423114114198590,0.5072434507880286
1.2186685608583205,1.5304561144859221,0.5135411276576770
1.2126249146679569,1.5186090574561164,0.5200569042647828
1.2066778478829505,1.5067704346904150,0.5267826876426371
1.2008287954235470,1.4949404465648488,0.5337105383777899
1.1950791964193360,1.4831192997000802,0.5408326913195985
1.1894304931181072,1.4713072072001765,0.5481415726557051
1.1838841297411926,1.4595043889020989,0.5556298136312688
1.1784415512853910,1.4477110716364556,0.5632902612040680
1.1731042022717995,1.4359274895000933,0.5711159859325908
1.1678735254421053,1.4241538841411363,0.5791002873916944
1.1627509604031154,1.4123905050571213,0.5872366974019168
1.1577379422205800,1.4006376099069002,0.5955189813455632
1.1528358999636064,1.3888954648370400,0.6039411378265136
1.1480462552012585,1.3771643448234714,0.6124973969124194
1.1433704204532087,1.3654445340291943,0.6211822171784827
1.1388097975966140,1.3537363261788928,0.6299902817520610
1.1343657762316854,1.3420400249513529,0.6389164935375248
1.1300397320087323,1.3303559443906394,0.6479559697815203
1.1258330249197703,1.3186844093370373,0.6571040361203958
1.1217469975581003,1.3070257558788243,0.6663562202342663
1.1177829733495694,1.2953803318259978,0.6757082452161298
1.1139422547595434,1.2837484972071562,0.6851560227497123
1.1102261214799114,1.2721306247907924,0.6946956461763142
1.1066358286007450,1.2605271006323389,0.7043233835188413
1.1031726047715142,1.2489383246483830,0.7140356705203953
1.0998376503570230,1.2373647112195452,0.7238291037451945
1.0966321355934845,1.2258066898236140,0.7337004337811260
1.0935571987503790,1.2142647057006162,0.7436465585758014
1.0906139443039430,1.2027392205515960,0.7536645169315277
1.0878034411283190,1.1912307132729990,0.7637514821789955
1.0851267207105353,1.1797396807286402,0.7739047560446775
1.0825847753956120,1.1682666385613816,0.7841217627227995
1.0801785566681623,1.1568121220467416,0.7944000431592566
1.0779089734769076,1.1453766869908084,0.8047372495518813
1.0757768906085252,1.1339609106749557,0.8151311400690103
1.0737831271172185,1.1225653928500066,0.8255795737862350
1.0719284548163175,1.1111907567826431,0.8360805058395383
1.0702135968381000,1.0998376503570229,0.8466319827916463
1.0686392262678586,1.0885067472347196,0.8572321382073297
1.0672059648580359,1.0771987480762975,0.8678791884325179
1.0659143818279941,1.0659143818279941,0.8785714285714288
1.0647649927547010,1.0546544070771935,0.8893072286554158
1.0637582585592749,1.0434196134805584,0.9000850299968831
1.0628945845939680,1.0322108232689042,0.9109033417213837
1.0621743198337483,1.0210288928331066,0.9217607374708783
1.0615977561762118,1.0098747143955580,0.9326558522710885
1.0611651278530730,0.9987492177719088,0.9435873795558857
1.0608766109559910,0.9876533722280652,0.9545540683417337
1.0607323230789611,0.9765881884376435,0.9655547205453181
1.0607323230789611,0.9655547205453179,0.9765881884376436
1.0608766109559913,0.9545540683417336,0.9876533722280654
1.0611651278530730,0.9435873795558855,0.9987492177719091
1.0615977561762118,0.9326558522710883,1.0098747143955580
1.0621743198337483,0.9217607374708779,1.0210288928331070
1.0628945845939680,0.9109033417213833,1.0322108232689045
1.0637582585592750,0.9000850299968828,1.0434196134805590
1.0647649927547010,0.8893072286554153,1.0546544070771940
1.0659143818279944,0.8785714285714284,1.0659143818279946
1.0672059648580359,0.8678791884325178,1.0771987480762980
1.0686392262678586,0.8572321382073296,1.0885067472347199
1.0702135968381000,0.8466319827916461,1.0998376503570230
1.0719284548163175,0.8360805058395380,1.1111907567826433
1.0737831271172187,0.8255795737862347,1.1225653928500066
1.0757768906085252,0.8151311400690100,1.1339609106749560
1.0779089734769078,0.8047372495518810,1.1453766869908089
1.0801785566681620,0.7944000431592565,1.1568121220467420
1.0825847753956117,0.7841217627227993,1.1682666385613818
1.0851267207105353,0.7739047560446771,1.1797396807286404
1.0878034411283190,0.7637514821789952,1.1912307132729993
1.0906139443039430,0.7536645169315273,1.2027392205515965
1.0935571987503787,0.7436465585758012,1.2142647057006164
1.0966321355934843,0.7337004337811258,1.2258066898236144
1.0998376503570229,0.7238291037451944,1.2373647112195454
1.1031726047715140,0.7140356705203951,1.2489383246483832
1.1066358286007447,0.7043233835188410,1.2605271006323393
1.1102261214799112,0.6946956461763140,1.2721306247907926
1.1139422547595434,0.6851560227497120,1.2837484972071567
1.1177829733495694,0.6757082452161295,1.2953803318259982
1.1217469975581000,0.6663562202342662,1.3070257558788245
1.1258330249197700,0.6571040361203957,1.3186844093370376
1.1300397320087323,0.6479559697815198,1.3303559443906396
1.1343657762316854,0.6389164935375246,1.3420400249513533
1.1388097975966138,0.6299902817520606,1.3537363261788933
1.1433704204532085,0.6211822171784825,1.3654445340291945
1.1480462552012582,0.6124973969124192,1.3771643448234716
1.1528358999636064,0.6039411378265133,1.3888954648370402
1.1577379422205800,0.5955189813455630,1.4006376099069004
1.1627509604031154,0.5872366974019166,1.4123905050571213
1.1678735254421050,0.5791002873916943,1.4241538841411365
1.1731042022717995,0.5711159859325907,1.4359274895000935
1.1784415512853907,0.5632902612040678,1.4477110716364558
1.1838841297411926,0.5556298136312686,1.4595043889020990
1.1894304931181072,0.5481415726557048,1.4713072072001770
1.1950791964193357,0.5408326913195984,1.4831192997000804
1.2008287954235473,0.5337105383777896,1.4949404465648493
1.2066778478829500,0.5267826876426370,1.5067704346904154
1.2126249146679566,0.5200569042647828,1.5186090574561169
1.2186685608583203,0.5135411276576769,1.5304561144859226
1.2248073567808488,0.5072434507880283,1.5423114114198593
1.2124355652982142,1.5394804318340650,0.5196152422706634
1.2062972524317919,1.5276532622934820,0.5259102895485706
1.2002550749311414,1.5158347871852050,0.5324184329595493
1.1943104918824120,1.5040252114691073,0.5391319553746768
1.1884649677596042,1.4922247464365244,0.5460432815318971
1.1827199713424328,1.4804336099499320,0.5531449970442670
1.1770769745779726,1.4686520266932543,0.5604298641695152
1.1715374513859982,1.4568802284333462,0.5678908345800275
1.1661028764081440,1.4451184542932025,0.5755210593852483
1.1607747237012330,1.4333669510374970,0.5833138966635516
1.1555544653753798,1.4216259733710780,0.5912629167592823
1.1504435701777231,1.4098957842510842,0.5993619055942337
1.1454435020229200,1.3981766552133794,0.6076048662324783
1.1405557184718227,1.3864688667140517,0.6159860189242968
1.1357816691600549,1.3747727084867518,0.6244997998398398
1.1311227941785120,1.3630884799167045,0.6331408586868925
1.1265805224081358,1.3514164904322592,0.6419040553903136
1.1221562698116296,1.3397570599149071,0.6507844559938917
1.1178514376851219,1.3281105191287386,0.6597773279288852
1.1136674108731102,1.3164772101703692,0.6688781347776840
1.1096055559503650,1.3048574869404281,0.6780825306460468
1.1056672193747992,1.2932517156377560,0.6873863542433761
1.1018537256156380,1.2816602752775361,0.6967856227575543
1.0981663752615550,1.2700835582346380,0.7062765255990355
1.0946064431137443,1.2585219708135442,0.7158554180781459
1.0911751762692015,1.2469759338462936,0.7255188150698838
1.0878737921997672,1.2354458833199635,0.7352633847118727
1.0847034768327524,1.2239322710353022,0.7450859421734448
1.0816653826391969,1.2124355652982137,0.7549834435270751
1.0787606267360330,1.2009562516458900,0.7649529797474418
1.0759902890086028,1.1894948336094922,0.7749917708582198
1.0733554102601310,1.1780518335153930,0.7850971602422265
1.0708569903948666,1.1666277933271025,0.7952666091266732
1.0684959866416852,1.1552232755301160,0.8054976912519644
1.0662733118249768,1.1438388640620563,0.8157880877296708
1.0641898326896382,1.1324751652906122,0.8261355820929155
1.0622463682869316,1.1211328090419101,0.8365380555404202
1.0604436884278818,1.1098124496821016,0.8469934823737865
1.0587825122107304,1.0985147672551110,0.8574999256262240
1.0572635066287779,1.0872404686796264,0.8680555328798184
1.0558872852647074,1.0759902890086024,0.8786585322675304
1.0546544070771937,1.0647649927547007,0.8893072286554158
1.0535653752852738,1.0535653752852738,0.9000000000000001
1.0526206363555832,1.0423922642906849,0.9107352938753414
1.0518205790971409,1.0312465213299398,0.9215116241640079
1.0511655338679236,1.0201290434577980,0.9323275679060183
1.0506557718969654,1.0090407649377313,0.9431817622996609
1.0502915047252166,0.9979826590452872,0.9540729018480801
1.0500728837678317,0.9869557399666212,0.9649997356455174
1.0500000000000000,0.9759610647971566,0.9759610647971568
1.0500728837678317,0.9649997356455172,0.9869557399666214
1.0502915047252164,0.9540729018480801,0.9979826590452873
1.0506557718969654,0.9431817622996608,1.0090407649377315
1.0511655338679236,0.9323275679060181,1.0201290434577980
1.0518205790971409,0.9215116241640078,1.0312465213299400
1.0526206363555832,0.9107352938753410,1.0423922642906850
1.0535653752852738,0.8999999999999998,1.0535653752852740
1.0546544070771937,0.8893072286554153,1.0647649927547012
1.0558872852647074,0.8786585322675301,1.0759902890086028
1.0572635066287779,0.8680555328798182,1.0872404686796266
1.0587825122107304,0.8574999256262239,1.0985147672551112
1.0604436884278818,0.8469934823737862,1.1098124496821018
1.0622463682869316,0.8365380555404199,1.1211328090419101
1.0641898326896382,0.8261355820929152,1.1324751652906124
1.0662733118249768,0.8157880877296704,1.1438388640620563
1.0684959866416850,0.8054976912519641,1.1552232755301164
1.0708569903948666,0.7952666091266731,1.1666277933271030
1.0733554102601310,0.7850971602422263,1.1780518335153933
1.0759902890086026,0.7749917708582196,1.1894948336094922
1.0787606267360328,0.7649529797474415,1.2009562516458905
1.0816653826391969,0.7549834435270749,1.2124355652982142
1.0847034768327524,0.7450859421734446,1.2239322710353024
1.0878737921997670,0.7352633847118726,1.2354458833199635
1.0911751762692012,0.7255188150698835,1.2469759338462940
1.0946064431137439,0.7158554180781456,1.2585219708135444
1.0981663752615547,0.7062765255990353,1.2700835582346380
1.1018537256156378,0.6967856227575542,1.2816602752775361
1.1056672193747990,0.6873863542433759,1.2932517156377563
1.1096055559503648,0.6780825306460466,1.3048574869404284
1.1136674108731100,0.6688781347776838,1.3164772101703697
1.1178514376851219,0.6597773279288851,1.3281105191287388
1.1221562698116296,0.6507844559938913,1.3397570599149076
1.1265805224081358,0.6419040553903134,1.3514164904322594
1.1311227941785120,0.6331408586868923,1.3630884799167050
1.1357816691600546,0.6244997998398398,1.3747727084867520
1.1405557184718227,0.6159860189242967,1.3864688667140520
1.1454435020229197,0.6076048662324781,1.3981766552133796
1.1504435701777230,0.5993619055942335,1.4098957842510842
1.1555544653753795,0.5912629167592822,1.4216259733710780
1.1607747237012327,0.5833138966635514,1.4333669510374971
1.1661028764081438,0.5755210593852481,1.4451184542932027
1.1715374513859980,0.5678908345800272,1.4568802284333466
1.1770769745779723,0.5604298641695151,1.4686520266932546
1.1827199713424326,0.5531449970442668,1.4804336099499320
1.1884649677596040,0.5460432815318970,1.4922247464365248
1.1943104918824117,0.5391319553746766,1.5040252114691077
1.2002550749311411,0.5324184329595493,1.5158347871852054
1.2062972524317916,0.5259102895485704,1.5276532622934822
1.2124355652982140,0.5196152422706632,1.5394804318340654
1.2000637738155795,1.5367438409354568,0.5319870337532981
1.1939259540161902,1.5249456330221969,0.5382795723034488
1.1878852758458744,1.5131565871194088,0.5447804275905241
1.1819432287205538,1.5013769190517160,0.5514822327702178
1.1761013075897357,1.4896068512961969,0.5583777523198022
1.1703610118075465,1.4778466132332198,0.5654598995147081
1.1647238439445900,1.4660964414083420,0.5727217510114600
1.1591913085405352,1.4543565798058224,0.5801565587434666
1.1537649107975834,1.4426272801343230,0.5877577593477346
1.1484461552151985,1.4309088021254184,0.5955189813455632
1.1432365441667651,1.4192014138455555,0.6034340502998026
1.1381375764191002,1.4075053920221510,0.6114969921664141
1.1331507455960563,1.3958210223845362,0.6197020350498279
1.1282775385877506,1.3841486000205236,0.6280436095608363
1.1235194339072854,1.3724884297493798,0.6365163479632632
1.1188778999971538,1.3608408265120650,0.6451150822820338
1.1143543934878681,1.3492061157796250,0.6538348415311013
1.1099503574117031,1.3375846339806778,0.6626708482053701
1.1056672193747992,1.3259767289489983,0.6716185141666575
1.1015063896912323,1.3143827603922404,0.6806734360400826
1.0974692594830184,1.3028031003829192,0.6898313902242892
1.0935571987503787,1.2912381338728136,0.6990883276066899
1.0897715544169460,1.2796882592320389,0.7084403680635661
1.0861136483549305,1.2681538888140844,0.7178837948144136
1.0825847753956120,1.2566354495482070,0.7274150486903778
1.0791862013308255,1.2451333835606297,0.7370307223679933
1.0759191609114165,1.2336481488260906,0.7467275546116714
1.0727848558489144,1.2221802198513598,0.7565024245614466
1.0697844528269254,1.2107300883924440,0.7663523460963287
1.0669190815289660,1.1992982642072871,0.7762744622981789
1.0641898326896382,1.1878852758458740,0.7862660400362500
1.0615977561762118,1.1764916714797535,0.7963244646883735
1.0591438591077770,1.1651180197731041,0.8064472350111586
1.0568291040192075,1.1537649107975830,0.8166319581684525
1.0546544070771937,1.1424329569933150,0.8268763449246318
1.0526206363555830,1.1311227941785118,0.8371782050070198
1.0507286101771942,1.1198350826103358,0.8475354426397828
1.0489790955291450,1.1085705080997652,0.8579460522500402
1.0473728065585661,1.0973297831833528,0.8684081143455676
1.0459104031553428,1.0861136483549300,0.8789197915623473
1.0445924896282546,1.0749228733604421,0.8894793248793113
1.0434196134805587,1.0637582585592746,0.9000850299968831
1.0423922642906850,1.0526206363555830,0.9107352938753414
1.0415108727032971,1.0415108727032971,0.9214285714285716
1.0407758095355049,1.0304298686886528,0.9321633823684405
1.0401873850025136,1.0193785621942537,0.9429383081947752
1.0397458480664534,1.0083579296488494,0.9537519893257667
1.0394513859115633,0.9973689878671701,0.9646031223635292
1.0393041235482952,0.9864127959843345,0.9754904574894936
1.0393041235482952,0.9754904574894934,0.9864127959843347
1.0394513859115633,0.9646031223635290,0.9973689878671703
1.0397458480664534,0.9537519893257665,1.0083579296488496
1.0401873850025136,0.9429383081947750,1.0193785621942542
1.0407758095355049,0.9321633823684404,1.0304298686886530
1.0415108727032971,0.9214285714285713,1.0415108727032973
1.0423922642906850,0.9107352938753410,1.0526206363555830
1.0434196134805587,0.9000850299968829,1.0637582585592750
1.0445924896282546,0.8894793248793109,1.0749228733604423
1.0459104031553428,0.8789197915623471,1.0861136483549305
1.0473728065585661,0.8684081143455675,1.0973297831833530
1.0489790955291450,0.8579460522500401,1.1085705080997652
1.0507286101771942,0.8475354426397825,1.1198350826103360
1.0526206363555830,0.8371782050070197,1.1311227941785118
1.0546544070771937,0.8268763449246316,1.1424329569933152
1.0568291040192075,0.8166319581684522,1.1537649107975831
1.0591438591077769,0.8064472350111583,1.1651180197731044
1.0615977561762118,0.7963244646883734,1.1764916714797538
1.0641898326896382,0.7862660400362498,1.1878852758458742
1.0669190815289658,0.7762744622981788,1.1992982642072874
1.0697844528269254,0.7663523460963285,1.2107300883924443
1.0727848558489141,0.7565024245614463,1.2221802198513600
1.0759191609114165,0.7467275546116712,1.2336481488260910
1.0791862013308253,0.7370307223679932,1.2451333835606300
1.0825847753956120,0.7274150486903775,1.2566354495482070
1.0861136483549300,0.7178837948144133,1.2681538888140846
1.0897715544169457,0.7084403680635660,1.2796882592320390
1.0935571987503787,0.6990883276066897,1.2912381338728138
1.0974692594830180,0.6898313902242892,1.3028031003829195
1.1015063896912320,0.6806734360400823,1.3143827603922407
1.1056672193747990,0.6716185141666573,1.3259767289489985
1.1099503574117031,0.6626708482053700,1.3375846339806780
1.1143543934878681,0.6538348415311008,1.3492061157796251
1.1188778999971538,0.6451150822820336,1.3608408265120653
1.1235194339072854,0.6365163479632630,1.3724884297493800
1.1282775385877504,0.6280436095608362,1.3841486000205236
1.1331507455960560,0.6197020350498278,1.3958210223845364
1.1381375764191002,0.6114969921664140,1.4075053920221510
1.1432365441667650,0.6034340502998023,1.4192014138455558
1.1484461552151980,0.5955189813455631,1.4309088021254184
1.1537649107975830,0.5877577593477346,1.4426272801343232
1.1591913085405350,0.5801565587434664,1.4543565798058227
1.1647238439445897,0.5727217510114598,1.4660964414083422
1.1703610118075463,0.5654598995147080,1.4778466132332198
1.1761013075897355,0.5583777523198021,1.4896068512961973
1.1819432287205538,0.5514822327702177,1.5013769190517163
1.1878852758458740,0.5447804275905240,1.5131565871194090
1.1939259540161900,0.5382795723034487,1.5249456330221970
1.2000637738155793,0.5319870337532980,1.5367438409354570
1.1876919823329446,1.5341021438467197,0.5443588252359329
1.1815546659259695,1.5223337347638328,0.5506489677773725
1.1755155186954690,1.5105749682468188,0.5571428571428572
1.1695760613424449,1.4988260712426689,0.5638334534818826
1.1637378202523600,1.4870872776769260,0.5707138387268053
1.1580023263167922,1.4753588287157084,0.5777772326876899
1.1523711136927504,1.4636409730392160,0.5850170065555220
1.1468457184995795,1.4519339671272790,0.5924266939926848
1.1414276774536103,1.4402380755575495,0.6000000000000001
1.1361185264409912,1.4285535713169628,0.6077308077544511
1.1309197990294162,1.4168807361271316,0.6156131836118641
1.1258330249197706,1.4052198607843744,0.6236413804652250
1.1208597283390305,1.3935712455151084,0.6318098396427424
1.1160014263760911,1.3819352003473910,0.6401131915209870
1.1112596272625375,1.3703120454994242,0.6485462550180667
1.1066358286007450,1.3587021117858868,0.6571040361203958
1.1021315155420521,1.3471057410430036,0.6657817255846312
1.0977481589181388,1.3355232865733160,0.6745746959441655
1.0934872133291210,1.3239551136111611,0.6834784979374678
1.0893501151922590,1.3124015998099336,0.6924888564637922
1.0853382807555760,1.3008631357522524,0.7016016661604957
1.0814531040810464,1.2893401254842232,0.7108129866855393
1.0776959550024170,1.2778329870750490,0.7201190377787751
1.0740681770630727,1.2663421532033086,0.7295161941663945
1.0705710854397257,1.2548680717712999,0.7390009803644322
1.0672059648580359,1.2434112065489150,0.7485700654295114
1.0639740675065963,1.2319720378485934,0.7582202576980344
1.0608766109559913,1.2205510632329903,0.7679484995487548
1.0579147760899212,1.2091487982570754,0.7777518622180687
1.0550897050555872,1.1977657772464770,0.7876275406923903
1.0524024992407437,1.1864025541139749,0.7975728486975919
1.0498542172849623,1.1750597032161596,0.8075852138016275
1.0474458731327636,1.1637378202523600,0.8176621726430963
1.0451784341363315,1.1524375232080735,0.8278013662955724
1.0430528192155322,1.1411594533452296,0.8380005357749981
1.0410698970829217,1.1299042762417475,0.8482575176952638
1.0392304845413265,1.1186726828829652,0.8585702400752412
1.0375353448614342,1.1074653908076470,0.8689367182989584
1.0359851862466225,1.0962831453114097,0.8793550512292796
1.0345806603919983,1.0851267207105350,0.8898234174743405
1.0333223611442930,1.0739969216692857,0.9003400718050704
1.0322108232689045,1.0628945845939680,0.9109033417213837
1.0312465213299400,1.0518205790971407,0.9215116241640079
1.0304298686886530,1.0407758095355049,0.9321633823684407
1.0297612166251486,1.0297612166251484,0.9428571428571428
1.0292408535876710,1.0187777791379755,0.9535914925658040
1.0288690045731910,1.0078265156832726,0.9643650760992957
1.0286458306423836,0.9969084865785047,0.9751765931128076
1.0285714285714287,0.9860247958135655,0.9860247958135656
1.0286458306423836,0.9751765931128074,0.9969084865785048
1.0288690045731910,0.9643650760992953,1.0078265156832726
1.0292408535876711,0.9535914925658038,1.0187777791379757
1.0297612166251486,0.9428571428571427,1.0297612166251486
1.0304298686886528,0.9321633823684403,1.0407758095355050
1.0312465213299400,0.9215116241640077,1.0518205790971409
1.0322108232689045,0.9109033417213834,1.0628945845939680
1.0333223611442928,0.9003400718050703,1.0739969216692860
1.0345806603919983,0.8898234174743402,1.0851267207105353
1.0359851862466225,0.8793550512292795,1.0962831453114100
1.0375353448614342,0.8689367182989582,1.1074653908076473
1.0392304845413265,0.8585702400752411,1.1186726828829654
1.0410698970829215,0.8482575176952636,1.1299042762417477
1.0430528192155322,0.8380005357749980,1.1411594533452298
1.0451784341363313,0.8278013662955722,1.1524375232080735
1.0474458731327634,0.8176621726430963,1.1637378202523600
1.0498542172849620,0.8075852138016274,1.1750597032161596
1.0524024992407437,0.7975728486975917,1.1864025541139750
1.0550897050555870,0.7876275406923900,1.1977657772464770
1.0579147760899212,0.7777518622180685,1.2091487982570759
1.0608766109559913,0.7679484995487545,1.2205510632329908
1.0639740675065960,0.7582202576980343,1.2319720378485937
1.0672059648580359,0.7485700654295112,1.2434112065489151
1.0705710854397255,0.7390009803644321,1.2548680717712999
1.0740681770630727,0.7295161941663942,1.2663421532033086
1.0776959550024170,0.7201190377787747,1.2778329870750490
1.0814531040810462,0.7108129866855390,1.2893401254842236
1.0853382807555758,0.7016016661604957,1.3008631357522524
1.0893501151922589,0.6924888564637921,1.3124015998099339
1.0934872133291205,0.6834784979374677,1.3239551136111611
1.0977481589181388,0.6745746959441654,1.3355232865733160
1.1021315155420520,0.6657817255846310,1.3471057410430038
1.1066358286007450,0.6571040361203956,1.3587021117858870
1.1112596272625375,0.6485462550180665,1.3703120454994244
1.1160014263760910,0.6401131915209868,1.3819352003473910
1.1208597283390302,0.6318098396427423,1.3935712455151086
1.1258330249197700,0.6236413804652250,1.4052198607843747
1.1309197990294160,0.6156131836118641,1.4168807361271318
1.1361185264409910,0.6077308077544510,1.4285535713169628
1.1414276774536100,0.6000000000000000,1.4402380755575495
1.1468457184995793,0.5924266939926845,1.4519339671272790
1.1523711136927501,0.5850170065555219,1.4636409730392164
1.1580023263167920,0.5777772326876897,1.4753588287157087
1.1637378202523600,0.5707138387268051,1.4870872776769262
1.1695760613424446,0.5638334534818825,1.4988260712426689
1.1755155186954689,0.5571428571428572,1.5105749682468186
1.1815546659259690,0.5506489677773724,1.5223337347638328
1.1876919823329444,0.5443588252359328,1.5341021438467200
1.1753201908503097,1.5315558315993976,0.5567306167185677
1.1691833884888923,1.5198180610768877,0.5630184685411015
1.1631458048178254,1.5080904265639634,0.5695056932936471
1.1572089928190261,1.4963731663797049,0.5761855568463753
1.1513745113151164,1.4846665261524390,0.5830514382040720
1.1456439237389602,1.4729707590929484,0.5900968443520824
1.1400187968375160,1.4612861262795669,0.5973154227757009
1.1345006993099185,1.4496128969557385,0.6047009718084820
1.1290912003799830,1.4379513488406528,0.6122474489742773
1.1237918683036046,1.4263017684536037,0.6199489774924044
1.1186042688118450,1.4146644514527398,0.6277998511159624
1.1135299634908067,1.4030397029889299,0.6357945374706763
1.1085705080997652,1.3914278380754885,0.6439276800564310
1.1037274508293640,1.3798291819745556,0.6521940990664842
1.0990023305020695,1.3682440706009633,0.6605887911707314
1.0943966747174690,1.3566728509444699,0.6691069283998284
1.0899119979453875,1.3451158815112836,0.6777438562568293
1.0855497995702172,1.3335735327858522,0.6864950911726039
1.0813115618902591,1.3220461877139464,0.6953563174109123
1.0771987480762980,1.3105342422081157,0.7043233835188412
1.0732128000940515,1.2990381056766578,0.7133922984085064
1.0693551365955398,1.2875582015773030,0.7225592271466015
1.0656271507848307,1.2760949679968723,0.7318204865196082
1.0620302082640147,1.2646488582582430,0.7411725404343295
1.0585656448656342,1.2532203415560232,0.7506119952058713
1.0552347644781543,1.2418099036224077,0.7601355947783130
1.0520388368713935,1.2304180474247650,0.7697402159170327
1.0489790955291451,1.2190452938965919,0.7794228634059948
1.0460567354964794,1.2076921827035500,0.7891806652782236
1.0432729112494674,1.1963592730463880,0.7990108681031435
1.0406287345952476,1.1850471445026470,0.8089108323504375
1.0381252726105137,1.1737563979091459,0.8188780278465138
1.0357635456265972,1.1624876562873294,0.8289100293365340
1.0335445252693691,1.1512415658136839,0.8390045121622240
1.0314691325621779,1.1400187968375155,0.8491592480632998
1.0295382360999699,1.1288200449485077,0.8593721011082833
1.0277526503026309,1.1176460320965778,0.8696410237587011
1.0261131337553897,1.1064975077666814,0.8799640530691453
1.0246203876438875,1.0953752502113192,0.8903393070243798
1.0232750542912175,1.0842800677436260,0.9007649810135874
1.0220777158038703,1.0732128000940513,0.9112393444409339
1.0210288928331070,1.0621743198337480,0.9217607374708782
1.0201290434577983,1.0511655338679236,0.9323275679060182
1.0193785621942540,1.0401873850025134,0.9429383081947751
1.0187777791379757,1.0292408535876710,0.9535914925658039
1.0183269592416608,1.0183269592416608,0.9642857142857144
1.0180263017331173,1.0074467626588695,0.9750196230364405
1.0178759396760633,0.9966013675057273,0.9857919224084332
1.0178759396760633,0.9857919224084330,0.9966013675057273
1.0180263017331175,0.9750196230364404,1.0074467626588695
1.0183269592416610,0.9642857142857142,1.0183269592416608
1.0187777791379757,0.9535914925658039,1.0292408535876710
1.0193785621942540,0.9429383081947750,1.0401873850025136
1.0201290434577983,0.9323275679060181,1.0511655338679236
1.0210288928331068,0.9217607374708780,1.0621743198337483
1.0220777158038703,0.9112393444409338,1.0732128000940513
1.0232750542912175,0.9007649810135872,1.0842800677436262
1.0246203876438875,0.8903393070243798,1.0953752502113194
1.0261131337553897,0.8799640530691452,1.1064975077666817
1.0277526503026309,0.8696410237587009,1.1176460320965778
1.0295382360999696,0.8593721011082831,1.1288200449485077
1.0314691325621776,0.8491592480632996,1.1400187968375157
1.0335445252693691,0.8390045121622239,1.1512415658136839
1.0357635456265970,0.8289100293365341,1.1624876562873296
1.0381252726105135,0.8188780278465138,1.1737563979091459
1.0406287345952476,0.8089108323504374,1.1850471445026471
1.0432729112494674,0.7990108681031433,1.1963592730463880
1.0460567354964792,0.7891806652782235,1.2076921827035503
1.0489790955291450,0.7794228634059948,1.2190452938965920
1.0520388368713935,0.7697402159170326,1.2304180474247652
1.0552347644781541,0.7601355947783130,1.2418099036224080
1.0585656448656342,0.7506119952058712,1.2532203415560235
1.0620302082640145,0.7411725404343292,1.2646488582582430
1.0656271507848305,0.7318204865196081,1.2760949679968723
1.0693551365955396,0.7225592271466013,1.2875582015773033
1.0732128000940513,0.7133922984085064,1.2990381056766578
1.0771987480762975,0.7043233835188412,1.3105342422081154
1.0813115618902587,0.6953563174109121,1.3220461877139464
1.0855497995702172,0.6864950911726039,1.3335735327858522
1.0899119979453873,0.6777438562568292,1.3451158815112836
1.0943966747174687,0.6691069283998283,1.3566728509444699
1.0990023305020693,0.6605887911707313,1.3682440706009633
1.1037274508293637,0.6521940990664840,1.3798291819745558
1.1085705080997652,0.6439276800564308,1.3914278380754890
1.1135299634908062,0.6357945374706763,1.4030397029889300
1.1186042688118445,0.6277998511159624,1.4146644514527398
1.1237918683036046,0.6199489774924042,1.4263017684536040
1.1290912003799825,0.6122474489742773,1.4379513488406530
1.1345006993099183,0.6047009718084819,1.4496128969557383
1.1400187968375157,0.5973154227757008,1.4612861262795669
1.1456439237389600,0.5900968443520822,1.4729707590929486
1.1513745113151161,0.5830514382040719,1.4846665261524390
1.1572089928190260,0.5761855568463752,1.4963731663797050
1.1631458048178250,0.5695056932936471,1.5080904265639634
1.1691833884888918,0.5630184685411016,1.5198180610768874
1.1753201908503095,0.5567306167185677,1.5315558315993976
1.1629483993676750,1.5291053807066806,0.5691024082012025
1.1568121220467420,1.5173990905493520,0.5753880678041807
1.1507761356083620,1.5057034426283473,0.5818689101261800
1.1448420263539083,1.4940186868760021,0.5885384872889863
1.1390113865872942,1.4823450808686585,0.5953904566907059
1.1332858133294876,1.4706828901110212,0.6024185947207358
1.1276669069637653,1.4590323883327887,0.6096168083814819
1.1221562698116299,1.4473938577981587,0.6169791449523416
1.1167555046396045,1.4357675896288264,0.6244997998398398
1.1114662130974307,1.4241538841411363,0.6321731227621570
1.1062899940885340,1.4125530511980706,0.6399936224172034
1.1012284420739658,1.4009654105768110,0.6479559697815201
1.0962831453114100,1.3893912923526280,0.6560550001831449
1.0914556840312308,1.3778310372999072,0.6642857142857144
1.0867476285519402,1.3662849973111580,0.6726432781139173
1.0821605373378890,1.3547535358348923,0.6811230222423637
1.0776959550024172,1.3432370283333148,0.6897204402613321
1.0733554102601310,1.3317358627608050,0.6984311866239792
1.0691404138324379,1.3202504400642310,0.7072510739706608
1.0650524563108983,1.3087811747061868,0.7161760700172173
1.0610930059834243,1.2973284952122943,0.7252022940855459
1.0572635066287779,1.2858928447437854,0.7343260133466274
1.0535653752852740,1.2744746816966250,0.7435436388384632
1.0500000000000003,1.2630744803285128,0.7528517213141738
1.0465687375652781,1.2516927314151627,0.7622469469688058
1.0432729112494674,1.2403299429373373,0.7717261330872475
1.0401138085295656,1.2289866408001782,0.7812862236500181
1.0370926788333800,1.2176633695864605,0.7909242849285865
1.0342107312993296,1.2063606933454767,0.8006375010972603
1.0314691325621779,1.1950791964193357,0.8104231698845451
1.0288690045731910,1.1838194843085543,0.8202786982831767
1.0264114224633636,1.1725821845789046,0.8302015983347363
1.0240974124584448,1.1613679478115804,0.8401894830018635
1.0219279498545275,1.1501774485988263,0.8502400621385152
1.0199039570629450,1.1390113865872940,0.8603511385664886
1.0180263017331175,1.1278704875714647,0.8705206042644710
1.0162957949618523,1.1167555046396040,0.8807464366741915
1.0147131895973647,1.1056672193747990,0.8910266951267910
1.0132791786460191,1.0946064431137440,0.9013595173912774
1.0119943937894245,1.0835740182660456,0.9117431163458717
1.0108594040191137,1.0725708196969121,0.9221757767721435
1.0098747143955582,1.0615977561762115,0.9326558522710884
1.0090407649377318,1.0506557718969654,0.9431817622996608
1.0083579296488498,1.0397458480664534,0.9537519893257665
1.0078265156832726,1.0288690045731907,0.9643650760992956
1.0074467626588697,1.0180263017331173,0.9750196230364405
1.0072188421184183,1.0072188421184183,0.9857142857142858
1.0071428571428571,0.9964477724724493,0.9964477724724493
1.0072188421184183,0.9857142857142858,1.0072188421184183
1.0074467626588697,0.9750196230364404,1.0180263017331173
1.0078265156832726,0.9643650760992954,1.0288690045731907
1.0083579296488498,0.9537519893257665,1.0397458480664534
1.0090407649377318,0.9431817622996607,1.0506557718969654
1.0098747143955582,0.9326558522710882,1.0615977561762118
1.0108594040191140,0.9221757767721432,1.0725708196969121
1.0119943937894245,0.9117431163458716,1.0835740182660456
1.0132791786460191,0.9013595173912774,1.0946064431137443
1.0147131895973647,0.8910266951267910,1.1056672193747992
1.0162957949618520,0.8807464366741915,1.1167555046396043
1.0180263017331175,0.8705206042644708,1.1278704875714650
1.0199039570629450,0.8603511385664884,1.1390113865872940
1.0219279498545275,0.8502400621385150,1.1501774485988263
1.0240974124584445,0.8401894830018635,1.1613679478115804
1.0264114224633636,0.8302015983347363,1.1725821845789048
1.0288690045731907,0.8202786982831767,1.1838194843085543
1.0314691325621776,0.8104231698845451,1.1950791964193360
1.0342107312993296,0.8006375010972602,1.2063606933454770
1.0370926788333799,0.7909242849285865,1.2176633695864605
1.0401138085295654,0.7812862236500180,1.2289866408001780
1.0432729112494674,0.7717261330872474,1.2403299429373376
1.0465687375652780,0.7622469469688057,1.2516927314151630
1.0499999999999998,0.7528517213141738,1.2630744803285130
1.0535653752852738,0.7435436388384632,1.2744746816966253
1.0572635066287777,0.7343260133466273,1.2858928447437856
1.0610930059834240,0.7252022940855459,1.2973284952122940
1.0650524563108980,0.7161760700172173,1.3087811747061866
1.0691404138324374,0.7072510739706608,1.3202504400642310
1.0733554102601308,0.6984311866239790,1.3317358627608050
1.0776959550024168,0.6897204402613320,1.3432370283333148
1.0821605373378889,0.6811230222423637,1.3547535358348923
1.0867476285519400,0.6726432781139173,1.3662849973111580
1.0914556840312306,0.6642857142857141,1.3778310372999074
1.0962831453114097,0.6560550001831447,1.3893912923526281
1.1012284420739655,0.6479559697815200,1.4009654105768112
1.1062899940885338,0.6399936224172034,1.4125530511980706
1.1114662130974304,0.6321731227621570,1.4241538841411363
1.1167555046396043,0.6244997998398398,1.4357675896288271
1.1221562698116296,0.6169791449523415,1.4473938577981589
1.1276669069637648,0.6096168083814820,1.4590323883327885
1.1332858133294872,0.6024185947207358,1.4706828901110210
1.1390113865872940,0.5953904566907059,1.4823450808686587
1.1448420263539080,0.5885384872889862,1.4940186868760021
1.1507761356083612,0.5818689101261800,1.5057034426283473
1.1568121220467416,0.5753880678041808,1.5173990905493517
1.1629483993676746,0.5691024082012026,1.5291053807066806
1.1505766078850403,1.5267512527439109,0.5814741996838373
1.1444408669560802,1.5150772863697315,0.5877577593477344
1.1384065125231420,1.5034144811198330,0.5942324838798020
1.1324751652906127,1.4917630987717663,0.6008921938013745
1.1266484521330857,1.4801234090853537,0.6077308077544511
1.1209280047517483,1.4684956900981134,0.6147423551906165
1.1153154582576950,1.4568802284333464,0.6219209871725782
1.1098124496821020,1.4452773196214780,0.6292609854067722
1.1044206164135040,1.4336872684352988,0.6367567696330125
1.0991415945627567,1.4221103892397640,0.6444029035012306
1.0939770172566308,1.4105470063570573,0.6521940990664841
1.0889285128613584,1.3989974544476556,0.6601252200321155
1.0839977031378636,1.3874620789081635,0.6681912838676772
1.0791862013308258,1.3759412362867410,0.6763874629234342
1.0744956101941652,1.3644352947169711,0.6847090846573053
1.0699275199559940,1.3529446343710703,0.6931516310833218
1.0654835062265473,1.3414696479333887,0.7017107375433794
1.0611651278530732,1.3300107410951880,0.7103821908964618
1.0569739247261596,1.3185683330717417,0.7191619272118208
1.0529114155424437,1.3071428571428572,0.7280460290449795
1.0489790955291451,1.2957347612179630,0.7370307223679929
1.0451784341363315,1.2843445084269760,0.7461123732182625
1.0415108727032973,1.2729725777382124,0.7552874841234094
1.0379778221058840,1.2616194646046752,0.7645526903533403
1.0345806603919983,1.2502856816401144,0.7739047560446772
1.0313207304129943,1.2389717593263225,0.7833405702372320
1.0281993374589486,1.2276782467532037,0.7928571428571428
1.0252177469062018,1.2164057123932200,0.8024516006766833
1.0223771818858325,1.2051547449119027,0.8121211832765666
1.0196788209819718,1.1939259540161900,0.8218632390327902
1.0171237959690704,1.1827199713424326,0.8316752211466851
1.0147131895973650,1.1715374513859982,0.8415546837337937
1.0124480334358716,1.1603790724744800,0.8514992779845224
1.0103293057822530,1.1492455377866162,0.8615067484071268
1.0083579296488498,1.1381375764191000,0.8715749291614905
1.0065347708340528,1.1270559445035620,0.8817017404903278
1.0048606360880021,1.1160014263760910,0.8918851852528268
1.0033362713813292,1.1049748358017488,0.9021233455643661
1.0019623602853411,1.0939770172566305,0.9124143795447328
1.0007395224716245,1.0830088472700976,0.9227565181762385
0.9996683123385866,1.0720712358299131,0.9331480622722468
0.9987492177719091,1.0611651278530730,0.9435873795558856
0.9979826590452874,1.0502915047252164,0.9540729018480801
0.9973689878671704,1.0394513859115630,0.9646031223635291
0.9969084865785050,1.0286458306423836,0.9751765931128075
0.9966013675057274,1.0178759396760630,0.9857919224084332
0.9964477724724494,1.0071428571428571,0.9964477724724493
0.9964477724724494,0.9964477724724493,1.0071428571428571
0.9966013675057275,0.9857919224084332,1.0178759396760630
0.9969084865785050,0.9751765931128075,1.0286458306423834
0.9973689878671703,0.9646031223635291,1.0394513859115630
0.9979826590452874,0.9540729018480801,1.0502915047252162
0.9987492177719091,0.9435873795558855,1.0611651278530730
0.9996683123385866,0.9331480622722467,1.0720712358299131
1.0007395224716245,0.9227565181762383,1.0830088472700978
1.0019623602853411,0.9124143795447328,1.0939770172566305
1.0033362713813290,0.9021233455643660,1.1049748358017490
1.0048606360880020,0.8918851852528268,1.1160014263760910
1.0065347708340528,0.8817017404903278,1.1270559445035622
1.0083579296488496,0.8715749291614905,1.1381375764191000
1.0103293057822529,0.8615067484071267,1.1492455377866162
1.0124480334358714,0.8514992779845224,1.1603790724744800
1.0147131895973647,0.8415546837337937,1.1715374513859980
1.0171237959690702,0.8316752211466850,1.1827199713424328
1.0196788209819716,0.8218632390327902,1.1939259540161900
1.0223771818858325,0.8121211832765665,1.2051547449119029
1.0252177469062016,0.8024516006766834,1.2164057123932200
1.0281993374589484,0.7928571428571428,1.2276782467532037
1.0313207304129943,0.7833405702372319,1.2389717593263225
1.0345806603919983,0.7739047560446771,1.2502856816401144
1.0379778221058837,0.7645526903533402,1.2616194646046754
1.0415108727032973,0.7552874841234094,1.2729725777382124
1.0451784341363313,0.7461123732182625,1.2843445084269760
1.0489790955291451,0.7370307223679929,1.2957347612179628
1.0529114155424433,0.7280460290449795,1.3071428571428570
1.0569739247261591,0.7191619272118208,1.3185683330717417
1.0611651278530730,0.7103821908964618,1.3300107410951878
1.0654835062265470,0.7017107375433793,1.3414696479333890
1.0699275199559939,0.6931516310833217,1.3529446343710705
1.0744956101941647,0.6847090846573053,1.3644352947169710
1.0791862013308253,0.6763874629234342,1.3759412362867410
1.0839977031378634,0.6681912838676769,1.3874620789081638
1.0889285128613582,0.6601252200321155,1.3989974544476556
1.0939770172566305,0.6521940990664841,1.4105470063570575
1.0991415945627565,0.6444029035012305,1.4221103892397640
1.1044206164135038,0.6367567696330124,1.4336872684352990
1.1098124496821018,0.6292609854067721,1.4452773196214785
1.1153154582576947,0.6219209871725782,1.4568802284333466
1.1209280047517478,0.6147423551906166,1.4684956900981134
1.1266484521330855,0.6077308077544511,1.4801234090853532
1.1324751652906124,0.6008921938013745,1.4917630987717663
1.1384065125231415,0.5942324838798020,1.5034144811198330
1.1444408669560800,0.5877577593477344,1.5150772863697313
1.1505766078850400,0.5814741996838373,1.5267512527439110
1.1382048164024052,1.5244938939376111,0.5938459911664723
1.1320696235890537,1.5128530959071730,0.6001275374655706
1.1260369370822032,1.5012239904117424,0.6065963927303470
1.1201084131202914,1.4896068512961973,0.6132466294823223
1.1142857142857143,1.4780019607288641,0.6200724118345917
1.1085705080997652,1.4664096095079104,0.6270680072482456
1.1029644655404354,1.4548300973807550,0.6342277965835175
1.0974692594830184,1.4432637333771094,0.6415462825494832
1.0920865630637941,1.4317108361562911,0.6490180966628885
1.0868180479674394,1.4201717343694882,0.6566380048304813
1.0816653826391969,1.4086467670376820,0.6644009116704850
1.0766302304232520,1.3971362839459747,0.6723018636880070
1.0717142476292030,1.3856406460551016,0.6803360514166091
1.0669190815289660,1.3741602259309544,0.6884988106343380
1.0622463682869316,1.3626954081929694,0.6967856227575543
1.0576977308266850,1.3512465899822930,0.7051921145101858
1.0532747766381008,1.3398141814506690,0.7137140569598170
1.0489790955291450,1.3283986062710458,0.7223473640055140
1.0448122573272314,1.3170003021709475,0.7310880903956565
1.0407758095355050,1.3056197214897058,0.7399324293474372
1.0368712749499460,1.2942573317606998,0.7488767098332092
1.0331001492436962,1.2829136163198110,0.7579173935926027
1.0294638985255130,1.2715890749413520,0.7670510719233601
1.0259639568797372,1.2602842245027952,0.7762744622981788
1.0226017238956160,1.2489995996796794,0.7855844048495727
1.0193785621942540,1.2377357536721505,0.7949778587598321
1.0162957949618523,1.2264932589646442,0.8044518985886336
1.0133547034982575,1.2152727081202970,0.8140037105666820
1.0105565247901370,1.2040747146117414,0.8236305888799758
1.0079024491183537,1.1928999136900096,0.8333299319658477
1.0053936177093092,1.1817489632933458,0.8430992388388288
1.0030311204401532,1.1706225449978070,0.8529361054615991
1.0008159936078282,1.1595213650116012,0.8628382211738000
0.9987492177719091,1.1484461552151983,0.8728033651892700
0.9968317156811151,1.1373976742493166,0.8828294031703072
0.9950643502932310,1.1263767086529792,0.8929142838858314
0.9934479228979264,1.1153840740538934,0.9030560359588062
0.9919831713516607,1.1044206164135038,0.9132527647069556
0.9906707684334749,1.0934872133291205,0.9235026490796564
0.9895113203300024,1.0825847753956117,0.9338039386928969
0.9885053652574968,1.0717142476292028,0.9441549509633319
0.9876533722280654,1.0608766109559910,0.9545540683417337
0.9869557399666214,1.0500728837678315,0.9649997356455174
0.9864127959843346,1.0393041235482950,0.9754904574894936
0.9860247958135656,1.0285714285714285,0.9860247958135656
0.9857919224084333,1.0178759396760630,0.9966013675057273
0.9857142857142859,1.0072188421184183,1.0072188421184183
0.9857919224084332,0.9966013675057273,1.0178759396760630
0.9860247958135656,0.9860247958135655,1.0285714285714287
0.9864127959843346,0.9754904574894934,1.0393041235482952
0.9869557399666214,0.9649997356455172,1.0500728837678315
0.9876533722280654,0.9545540683417335,1.0608766109559913
0.9885053652574968,0.9441549509633317,1.0717142476292030
0.9895113203300024,0.9338039386928967,1.0825847753956120
0.9906707684334749,0.9235026490796562,1.0934872133291207
0.9919831713516607,0.9132527647069555,1.1044206164135038
0.9934479228979264,0.9030560359588060,1.1153840740538934
0.9950643502932309,0.8929142838858312,1.1263767086529792
0.9968317156811150,0.8828294031703070,1.1373976742493170
0.9987492177719090,0.8728033651892699,1.1484461552151985
1.0008159936078282,0.8628382211737999,1.1595213650116014
1.0030311204401530,0.8529361054615989,1.1706225449978072
1.0053936177093092,0.8430992388388285,1.1817489632933460
1.0079024491183537,0.8333299319658474,1.1928999136900098
1.0105565247901370,0.8236305888799756,1.2040747146117416
1.0133547034982573,0.8140037105666819,1.2152727081202972
1.0162957949618520,0.8044518985886335,1.2264932589646447
1.0193785621942540,0.7949778587598320,1.2377357536721510
1.0226017238956160,0.7855844048495726,1.2489995996796797
1.0259639568797370,0.7762744622981786,1.2602842245027952
1.0294638985255127,0.7670510719233599,1.2715890749413520
1.0331001492436960,0.7579173935926026,1.2829136163198112
1.0368712749499458,0.7488767098332090,1.2942573317606998
1.0407758095355050,0.7399324293474370,1.3056197214897060
1.0448122573272312,0.7310880903956563,1.3170003021709475
1.0489790955291450,0.7223473640055138,1.3283986062710458
1.0532747766381005,0.7137140569598168,1.3398141814506692
1.0576977308266848,0.7051921145101857,1.3512465899822932
1.0622463682869316,0.6967856227575541,1.3626954081929699
1.0669190815289658,0.6884988106343379,1.3741602259309547
1.0717142476292028,0.6803360514166090,1.3856406460551018
1.0766302304232520,0.6723018636880067,1.3971362839459747
1.0816653826391966,0.6644009116704849,1.4086467670376823
1.0868180479674392,0.6566380048304812,1.4201717343694884
1.0920865630637937,0.6490180966628883,1.4317108361562914
1.0974692594830180,0.6415462825494831,1.4432637333771094
1.1029644655404351,0.6342277965835175,1.4548300973807555
1.1085705080997652,0.6270680072482454,1.4664096095079109
1.1142857142857140,0.6200724118345916,1.4780019607288641
1.1201084131202912,0.6132466294823222,1.4896068512961973
1.1260369370822030,0.6065963927303470,1.5012239904117424
1.1320696235890535,0.6001275374655706,1.5128530959071730
1.1382048164024050,0.5938459911664722,1.5244938939376114
1.1258330249197706,1.5223337347638328,0.6062177826491071
1.1196983923342565,1.5107269503015250,0.6124973969124194
1.1136674108731102,1.4991324021525494,0.6189606165968552
1.1077417734899655,1.4875503764407374,0.6256017511327859
1.1019231796625168,1.4759811679568493,0.6324151955731590
1.0962133339224570,1.4644250804757921,0.6393954415009894
1.0906139443039430,1.4528824270871938,0.6465370863930644
1.0851267207105353,1.4413535305399574,0.6538348415311012
1.0797533732009250,1.4298387236014430,0.6612835385576652
1.0744956101941650,1.4183383494319640,0.6688781347776840
1.0693551365955400,1.4068527619753073,0.6766137173077262
1.0643336518446553,1.3953823263660368,0.6844855061747220
1.0594328478878092,1.3839274193543590,0.6924888564637923
1.0546544070771940,1.3724884297493798,0.7006192596116493
1.0500000000000003,1.3610657588816200,0.7088723439378912
1.0454712832410238,1.3496598210856916,0.7172438745016957
1.0410698970829215,1.3382710442040886,0.7257297523661187
1.0367974631488240,1.3268998701130850,0.7343260133466274
1.0326555819925676,1.3155467552717850,0.7430288263147629
1.0286458306423838,1.3042121712954153,0.7518344911220929
1.0247697601044294,1.2928966055540020,0.7607394362039597
1.0210288928331070,1.2816005617976296,0.7697402159170327
1.0174247201756452,1.2703245608095270,0.7788335076594107
1.0139586997989414,1.2590691410882946,0.7880161088170101
1.0106322531071372,1.2478348595606283,0.7972849335752700
1.0074467626588700,1.2366222923259755,0.8066370096308020
1.0044035695935400,1.2254320354346002,0.8160694748335475
1.0015039710763172,1.2142647057006160,0.8255795737862349
0.9987492177719090,1.2031209415515962,0.8351646544245034
0.9961405113573824,1.1920014039164446,0.8448221645979220
0.9936790020845131,1.1809067771532730,0.8545496486692955
0.9913657864022642,1.1698377700191018,0.8643447441470874
0.9892019046500394,1.1587951166832640,0.8742051783634955
0.9871883388323279,1.1477795777864640,0.8841287652086588
0.9853260104852483,1.1367919415475052,0.8941134019296458
0.9836157786453003,1.1258330249197700,0.9041570660012563
0.9820584379303526,1.1149036747995910,0.9142578120742396
0.9806547167425382,1.1040047692887223,0.9244137690052711
0.9794052756022663,1.0931372190131652,0.9346231369719377
0.9783107056220401,1.0823019685006618,0.9448841846750213
0.9773715271281523,1.0714999976192061,0.9551952466295430
0.9765881884376437,1.0607323230789610,0.9655547205453181
0.9759610647971568,1.0499999999999998,0.9759610647971568
0.9754904574894936,1.0393041235482950,0.9864127959843347
0.9751765931128075,1.0286458306423836,0.9969084865785048
0.9750196230364405,1.0180263017331173,1.0074467626588695
0.9750196230364405,1.0074467626588695,1.0180263017331173
0.9751765931128076,0.9969084865785047,1.0286458306423834
0.9754904574894936,0.9864127959843345,1.0393041235482952
0.9759610647971567,0.9759610647971567,1.0500000000000000
0.9765881884376436,0.9655547205453178,1.0607323230789611
0.9773715271281522,0.9551952466295429,1.0714999976192063
0.9783107056220400,0.9448841846750211,1.0823019685006623
0.9794052756022662,0.9346231369719376,1.0931372190131654
0.9806547167425382,0.9244137690052710,1.1040047692887223
0.9820584379303526,0.9142578120742394,1.1149036747995913
0.9836157786453001,0.9041570660012560,1.1258330249197703
0.9853260104852484,0.8941134019296454,1.1367919415475054
0.9871883388323278,0.8841287652086586,1.1477795777864641
0.9892019046500393,0.8742051783634954,1.1587951166832642
0.9913657864022641,0.8643447441470873,1.1698377700191020
0.9936790020845130,0.8545496486692954,1.1809067771532733
0.9961405113573822,0.8448221645979219,1.1920014039164448
0.9987492177719091,0.8351646544245032,1.2031209415515964
1.0015039710763172,0.8255795737862348,1.2142647057006162
1.0044035695935400,0.8160694748335473,1.2254320354346007
1.0074467626588697,0.8066370096308019,1.2366222923259758
1.0106322531071370,0.7972849335752697,1.2478348595606288
1.0139586997989410,0.7880161088170101,1.2590691410882948
1.0174247201756450,0.7788335076594106,1.2703245608095273
1.0210288928331068,0.7697402159170326,1.2816005617976296
1.0247697601044294,0.7607394362039595,1.2928966055540020
1.0286458306423836,0.7518344911220929,1.3042121712954153
1.0326555819925676,0.7430288263147626,1.3155467552717852
1.0367974631488240,0.7343260133466272,1.3268998701130852
1.0410698970829215,0.7257297523661186,1.3382710442040888
1.0454712832410236,0.7172438745016956,1.3496598210856916
1.0500000000000000,0.7088723439378911,1.3610657588816200
1.0546544070771937,0.7006192596116492,1.3724884297493798
1.0594328478878090,0.6924888564637921,1.3839274193543594
1.0643336518446550,0.6844855061747219,1.3953823263660372
1.0693551365955398,0.6766137173077260,1.4068527619753077
1.0744956101941647,0.6688781347776839,1.4183383494319641
1.0797533732009246,0.6612835385576650,1.4298387236014434
1.0851267207105350,0.6538348415311010,1.4413535305399574
1.0906139443039429,0.6465370863930642,1.4528824270871940
1.0962133339224567,0.6393954415009891,1.4644250804757923
1.1019231796625166,0.6324151955731587,1.4759811679568497
1.1077417734899655,0.6256017511327859,1.4875503764407374
1.1136674108731100,0.6189606165968552,1.4991324021525494
1.1196983923342565,0.6124973969124193,1.5107269503015253
1.1258330249197703,0.6062177826491070,1.5223337347638330
1.1134612334371354,1.5202711895566257,0.6185895741317420
1.1073271735976480,1.5086992640641654,0.6248673328583193
1.1012979355547450,1.4971401308590224,0.6313251369709817
1.0953752502113194,1.4855940885445011,0.6379575188979024
1.0895608551810483,1.4740614447359860,0.6447590912226720
1.0838564932495370,1.4625425163888048,0.6517245568176666
1.0782639107493535,1.4510376301397674,0.6588487175771548
1.0727848558489141,1.4395471226630083,0.6661264818305295
1.0674210767555796,1.4280713410407900,0.6735528705215020
1.0621743198337483,1.4166106431499497,0.6811230222423639
1.0570463276391961,1.4051653980647143,0.6888321972137826
1.0520388368713935,1.3937359864766352,0.6966757803003798
1.0471535762460529,1.3823228011324313,0.7046492831507730
1.0423922642906849,1.3709262472905694,0.7127483455481556
1.0377566070665145,1.3595467431974435,0.7209687360540311
1.0332482958206740,1.3481847205840622,0.7293063520236479
1.0288690045731910,1.3368406251841902,0.7377572190671634
1.0246203876438875,1.3255149172749308,0.7463174900257715
1.0205040771249134,1.3142080722407912,0.7549834435270751
1.0165216803052517,1.3029205811623081,0.7637514821789955
1.0126747770541304,1.2916529514303658,0.7726181304565694
1.0089649171708760,1.2804057073873905,0.7815800323311591
1.0053936177093092,1.2691793909966440,0.7906339486869551
1.0019623602853411,1.2579745625409122,0.7997767545652082
0.9986725883769466,1.2467918013519206,0.8090054362724440
0.9955257046261682,1.2356317065718707,0.8183170883849716
0.9925230681532428,1.2244948979485542,0.8277089106783416
0.9896659918933277,1.2133820166655456,0.8371782050070198
0.9869557399666216,1.2022937262090458,0.8467223721564254
0.9843935250929366,1.1912307132729990,0.8563389086866324
0.9819805060619657,1.1801936887041646,0.8660254037844388
0.9797177852705903,1.1691833884888918,0.8757795361381582
0.9776064063386071,1.1582005747833883,0.8855990708473641
0.9756473518141896,1.1472460369893436,0.8954818563779174
0.9738415409802437,1.1363205928768159,0.9054258215709045
0.9721898277725857,1.1254250897563378,0.9154289727125928
0.9706929988205248,1.1145604057022587,0.9254893906711725
0.9693517716200125,1.1037274508293637,0.9356052281048579
0.9681667928489958,1.0929271686248665,0.9457747067448821
0.9671386368340079,1.0821605373378886,0.9559961147560023
0.9662678041763346,1.0714285714285712,0.9662678041763346
0.9655547205453180,1.0607323230789610,0.9765881884376437
0.9649997356455173,1.0500728837678315,0.9869557399666216
0.9646031223635291,1.0394513859115630,0.9973689878671705
0.9643650760992954,1.0288690045731907,1.0078265156832726
0.9642857142857142,1.0183269592416608,1.0183269592416610
0.9643650760992954,1.0078265156832724,1.0288690045731910
0.9646031223635291,0.9973689878671702,1.0394513859115630
0.9649997356455173,0.9869557399666212,1.0500728837678317
0.9655547205453179,0.9765881884376434,1.0607323230789614
0.9662678041763345,0.9662678041763344,1.0714285714285716
0.9671386368340078,0.9559961147560022,1.0821605373378890
0.9681667928489956,0.9457747067448818,1.0929271686248665
0.9693517716200125,0.9356052281048577,1.1037274508293640
0.9706929988205248,0.9254893906711722,1.1145604057022591
0.9721898277725857,0.9154289727125925,1.1254250897563380
0.9738415409802437,0.9054258215709041,1.1363205928768160
0.9756473518141895,0.8954818563779171,1.1472460369893442
0.9776064063386072,0.8855990708473637,1.1582005747833886
0.9797177852705902,0.8757795361381580,1.1691833884888920
0.9819805060619656,0.8660254037844386,1.1801936887041649
0.9843935250929365,0.8563389086866322,1.1912307132729993
0.9869557399666213,0.8467223721564253,1.2022937262090463
0.9896659918933277,0.8371782050070196,1.2133820166655460
0.9925230681532428,0.8277089106783413,1.2244948979485546
0.9955257046261682,0.8183170883849713,1.2356317065718710
0.9986725883769465,0.8090054362724438,1.2467918013519208
1.0019623602853410,0.7997767545652080,1.2579745625409127
1.0053936177093090,0.7906339486869549,1.2691793909966442
1.0089649171708759,0.7815800323311589,1.2804057073873907
1.0126747770541304,0.7726181304565691,1.2916529514303660
1.0165216803052517,0.7637514821789952,1.3029205811623081
1.0205040771249134,0.7549834435270750,1.3142080722407914
1.0246203876438873,0.7463174900257713,1.3255149172749314
1.0288690045731910,0.7377572190671632,1.3368406251841907
1.0332482958206737,0.7293063520236478,1.3481847205840627
1.0377566070665145,0.7209687360540310,1.3595467431974437
1.0423922642906849,0.7127483455481552,1.3709262472905697
1.0471535762460529,0.7046492831507727,1.3823228011324318
1.0520388368713933,0.6966757803003796,1.3937359864766354
1.0570463276391957,0.6888321972137825,1.4051653980647143
1.0621743198337480,0.6811230222423635,1.4166106431499500
1.0674210767555794,0.6735528705215018,1.4280713410407906
1.0727848558489140,0.6661264818305291,1.4395471226630088
1.0782639107493532,0.6588487175771547,1.4510376301397676
1.0838564932495370,0.6517245568176664,1.4625425163888050
1.0895608551810483,0.6447590912226718,1.4740614447359863
1.0953752502113192,0.6379575188979022,1.4855940885445014
1.1012979355547448,0.6313251369709815,1.4971401308590229
1.1073271735976478,0.6248673328583191,1.5086992640641657
1.1134612334371354,0.6185895741317419,1.5202711895566260
1.1010894419545008,1.5183066561274160,0.6309613656143768
1.0949559678035330,1.5067704346904152,0.6372373408483127
1.0889285128613582,1.4952475735216721,0.6436899367660471
1.0830088472700980,1.4837383838927718,0.6503138959497223
1.0771987480762977,1.4722431864335455,0.6571040361203958
1.0714999976192063,1.4607623114703654,0.6640552595643696
1.0659143818279944,1.4492960993784083,0.6711625612871068
1.0604436884278820,1.4378449009485248,0.6784210359657317
1.0550897050555872,1.4264090777693672,0.6858258837760085
1.0498542172849623,1.4149890026254692,0.6933724151727187
1.0447390065641922,1.4035850599119966,0.7010560547037126
1.0397458480664536,1.3921976460669245,0.7088723439378913
1.0348765084564930,1.3808271700214285,0.7168169435861886
1.0301327435761642,1.3694740536693160,0.7248856348924771
1.0255162960525728,1.3581387323563560,0.7330743203684560
1.0210288928331070,1.3468216553904124,0.7413790239431227
1.0166722426522679,1.3355232865733160,0.7497958905935806
1.0124480334358714,1.3242441047554605,0.7583211855198057
1.0083579296488498,1.3129846044141458,0.7669512929217122
1.0044035695935400,1.3017452962567333,0.7756827144325107
1.0005865626659970,1.2905267078497324,0.7845120672580311
0.9969084865785050,1.2793293842749753,0.7934360820674409
0.9933708845570796,1.2681538888140844,0.8024516006766835
0.9899752625233439,1.2570008036624970,0.8115555735620278
0.9867230862707085,1.2458707306743424,0.8207450572373812
0.9836157786453001,1.2347642921395390,0.8300172115255031
0.9806547167425382,1.2236821315945057,0.8393692967499651
0.9778412291306576,1.2126249146679566,0.8487986708716441
0.9751765931128077,1.2015933299632802,0.8583027865907158
0.9726620320396128,1.1905880899790655,0.8678791884325179
0.9702987126842614,1.1796099320693830,0.8775255098332831
0.9680877426922730,1.1686596194454777,0.8872394702395856
0.9660301681181006,1.1577379422205798,0.8970188722333869
0.9641269710606227,1.1468457184995793,0.9068615986928070
0.9623790674093838,1.1359837955153538,0.9167656099971625
0.9607873047131500,1.1251530508135779,0.9267289412833967
0.9593524601819411,1.1143543934878680,0.9367496997597599
0.9580752388332068,1.1035887654671488,0.9468260620814866
0.9569562717922114,1.0928571428571427,0.9569562717922117
0.9559961147560023,1.0821605373378889,0.9671386368340079
0.9551952466295431,1.0714999976192063,0.9773715271281522
0.9545540683417337,1.0608766109559910,0.9876533722280655
0.9540729018480802,1.0502915047252162,0.9979826590452874
0.9537519893257667,1.0397458480664532,1.0083579296488498
0.9535914925658039,1.0292408535876710,1.0187777791379760
0.9535914925658039,1.0187777791379755,1.0292408535876711
0.9537519893257665,1.0083579296488496,1.0397458480664534
0.9540729018480801,0.9979826590452872,1.0502915047252164
0.9545540683417336,0.9876533722280653,1.0608766109559913
0.9551952466295430,0.9773715271281521,1.0714999976192066
0.9559961147560023,0.9671386368340077,1.0821605373378890
0.9569562717922115,0.9569562717922114,1.0928571428571430
0.9580752388332068,0.9468260620814863,1.1035887654671490
0.9593524601819411,0.9367496997597596,1.1143543934878681
0.9607873047131500,0.9267289412833963,1.1251530508135783
0.9623790674093836,0.9167656099971624,1.1359837955153542
0.9641269710606226,0.9068615986928068,1.1468457184995795
0.9660301681181006,0.8970188722333867,1.1577379422205800
0.9680877426922730,0.8872394702395854,1.1686596194454780
0.9702987126842614,0.8775255098332828,1.1796099320693831
0.9726620320396127,0.8678791884325177,1.1905880899790657
0.9751765931128075,0.8583027865907156,1.2015933299632806
0.9778412291306575,0.8487986708716440,1.2126249146679569
0.9806547167425381,0.8393692967499649,1.2236821315945060
0.9836157786453001,0.8300172115255029,1.2347642921395392
0.9867230862707084,0.8207450572373809,1.2458707306743426
0.9899752625233438,0.8115555735620277,1.2570008036624970
0.9933708845570794,0.8024516006766832,1.2681538888140849
0.9969084865785047,0.7934360820674408,1.2793293842749756
1.0005865626659970,0.7845120672580309,1.2905267078497330
1.0044035695935398,0.7756827144325106,1.3017452962567335
1.0083579296488496,0.7669512929217120,1.3129846044141460
1.0124480334358714,0.7583211855198054,1.3242441047554607
1.0166722426522679,0.7497958905935803,1.3355232865733162
1.0210288928331068,0.7413790239431225,1.3468216553904129
1.0255162960525728,0.7330743203684558,1.3581387323563565
1.0301327435761640,0.7248856348924770,1.3694740536693164
1.0348765084564933,0.7168169435861883,1.3808271700214287
1.0397458480664534,0.7088723439378912,1.3921976460669245
1.0447390065641920,0.7010560547037125,1.4035850599119966
1.0498542172849620,0.6933724151727186,1.4149890026254692
1.0550897050555870,0.6858258837760082,1.4264090777693679
1.0604436884278818,0.6784210359657313,1.4378449009485250
1.0659143818279944,0.6711625612871067,1.4492960993784085
1.0714999976192061,0.6640552595643694,1.4607623114703656
1.0771987480762975,0.6571040361203957,1.4722431864335460
1.0830088472700978,0.6503138959497222,1.4837383838927720
1.0889285128613580,0.6436899367660469,1.4952475735216726
1.0949559678035330,0.6372373408483125,1.5067704346904152
1.1010894419545005,0.6309613656143767,1.5183066561274163
1.0887176504718659,1.5164405153960680,0.6433331570970117
1.0825847753956120,1.5049408422843435,0.6496074167667480
1.0765591446068976,1.4934551092233426,0.6560550001831449
1.0706425688361554,1.4819836403294340,0.6626708482053701
1.0648368659190985,1.4705267694237450,0.6694499722205705
1.0591438591077770,1.4590848403806307,0.6763874629234342
1.0535653752852740,1.4476582074903888,0.6834784979374678
1.0481032430840320,1.4362472358368454,0.6907183483408371
1.0427592909082664,1.4248523016904780,0.6981023841640353
1.0375353448614342,1.4134737929177554,0.7056260789294188
1.0324332265802663,1.4021121094074250,0.7132850133039960
1.0274547509774448,1.3907676635144890,0.7210748779369842
1.0226017238956160,1.3794408805226640,0.7289914755527472
1.0178759396760633,1.3681321991261346,0.7370307223679932
1.0132791786460194,1.3568420719314627,0.7451886488997130
1.0088132045292890,1.3455709659805368,0.7534614002274126
1.0044797617855399,1.3343193632954988,0.7618452357699077
1.0002805728843263,1.3230877614466077,0.7703365286333882
0.9962173355206368,1.3118766741440542,0.7789317645837479
0.9922917197794494,1.3006866318547730,0.7876275406923905
0.9885053652574970,1.2895181824453437,0.7964205637009346
0.9848598781511191,1.2783718918521130,0.8053076481465113
0.9813568283197485,1.2672483447797191,0.8142857142857143
0.9779977463352024,1.2561481454292347,0.8233517858517745
0.9747841205275418,1.2450719182571957,0.8325029876761982
0.9717173940387972,1.2340203087668287,0.8417365432029582
0.9687989618963414,1.2229939843328280,0.8510497719203703
0.9660301681181007,1.2119936350610803,0.8604400867330293
0.9634123028621353,1.2010199746847827,0.8699049912936189
0.9609465996333714,1.1900737414984337,0.8794420773120530
0.9586342325604353,1.1791556993312229,0.8890490218572351
0.9564763137556048,1.1682666385613816,0.8987235846647474
0.9544738907708611,1.1574073771730908,0.9084636054619799
0.9526279441628827,1.1465787618575780,0.9182670013205777
0.9509393851795783,1.1357816691600546,0.9281317640446165
0.9494090535803881,1.1250170066741756,0.9380559576015904
0.9480377156021177,1.1142857142857140,0.9480377156021177
0.9468260620814866,1.1035887654671488,0.9580752388332069
0.9457747067448820,1.0929271686248665,0.9681667928489959
0.9448841846750213,1.0823019685006618,0.9783107056220401
0.9441549509633318,1.0717142476292030,0.9885053652574968
0.9435873795558856,1.0611651278530727,0.9987492177719092
0.9431817622996609,1.0506557718969654,1.0090407649377318
0.9429383081947751,1.0401873850025134,1.0193785621942542
0.9428571428571430,1.0297612166251484,1.0297612166251486
0.9429383081947751,1.0193785621942537,1.0401873850025136
0.9431817622996609,1.0090407649377313,1.0506557718969654
0.9435873795558856,0.9987492177719088,1.0611651278530730
0.9441549509633318,0.9885053652574967,1.0717142476292030
0.9448841846750213,0.9783107056220400,1.0823019685006620
0.9457747067448820,0.9681667928489956,1.0929271686248665
0.9468260620814865,0.9580752388332066,1.1035887654671490
0.9480377156021177,0.9480377156021174,1.1142857142857143
0.9494090535803882,0.9380559576015902,1.1250170066741758
0.9509393851795784,0.9281317640446162,1.1357816691600549
0.9526279441628827,0.9182670013205775,1.1465787618575785
0.9544738907708610,0.9084636054619796,1.1574073771730913
0.9564763137556048,0.8987235846647471,1.1682666385613818
0.9586342325604353,0.8890490218572348,1.1791556993312236
0.9609465996333714,0.8794420773120527,1.1900737414984344
0.9634123028621352,0.8699049912936186,1.2010199746847832
0.9660301681181007,0.8604400867330290,1.2119936350610805
0.9687989618963413,0.8510497719203701,1.2229939843328281
0.9717173940387972,0.8417365432029579,1.2340203087668289
0.9747841205275417,0.8325029876761979,1.2450719182571957
0.9779977463352023,0.8233517858517743,1.2561481454292347
0.9813568283197482,0.8142857142857142,1.2672483447797194
0.9848598781511189,0.8053076481465112,1.2783718918521134
0.9885053652574969,0.7964205637009344,1.2895181824453439
0.9922917197794494,0.7876275406923900,1.3006866318547732
0.9962173355206366,0.7789317645837477,1.3118766741440544
1.0002805728843260,0.7703365286333881,1.3230877614466080
1.0044797617855397,0.7618452357699076,1.3343193632954990
1.0088132045292890,0.7534614002274124,1.3455709659805373
1.0132791786460191,0.7451886488997127,1.3568420719314631
1.0178759396760630,0.7370307223679929,1.3681321991261350
1.0226017238956160,0.7289914755527471,1.3794408805226641
1.0274547509774445,0.7210748779369841,1.3907676635144892
1.0324332265802660,0.7132850133039959,1.4021121094074251
1.0375353448614340,0.7056260789294185,1.4134737929177557
1.0427592909082661,0.6981023841640351,1.4248523016904782
1.0481032430840320,0.6907183483408369,1.4362472358368459
1.0535653752852738,0.6834784979374677,1.4476582074903892
1.0591438591077769,0.6763874629234340,1.4590848403806311
1.0648368659190983,0.6694499722205703,1.4705267694237454
1.0706425688361552,0.6626708482053699,1.4819836403294342
1.0765591446068972,0.6560550001831447,1.4934551092233428
1.0825847753956117,0.6496074167667478,1.5049408422843438
1.0887176504718656,0.6433331570970116,1.5164405153960685
1.0763458589892310,1.5146731310343993,0.6557049485796466
1.0702135968381000,1.5032108491967642,0.6619775568055808
1.0641898326896382,1.4917630987717663,0.6684203125920952
1.0582764192742070,1.4803302168841950,0.6750283440761008
1.0524752166358375,1.4689125507097598,0.6817968456772958
1.0467880903613918,1.4575104578334512,0.6887210862852086
1.0412169097076867,1.4461243066223877,0.6957964163900419
1.0357635456265970,1.4347544766137740,0.7030182742130898
1.0304298686886530,1.4234013589186392,0.7103821908964619
1.0252177469062018,1.4120653566420258,0.7178837948144136
1.0201290434577985,1.4007468853203615,0.7255188150698837
1.0151656143161059,1.3894463733767475,0.7332830842400860
1.0103293057822529,1.3781642625949482,0.7411725404343295
1.0056219519302878,1.3669010086128908,0.7491832287258451
1.0010453719660735,1.3556570814365183,0.7573113020173841
0.9966013675057275,1.3444329659748750,0.7655530213978837
0.9922917197794494,1.3332291625973380,0.7739047560446773
0.9881181867673565,1.3220461877139464,0.7823629827226580
0.9840825002747173,1.3108845743798110,0.7909242849285866
0.9801863629547440,1.2997448729246357,0.7995853517254289
0.9764314452878600,1.2886276516084060,0.8083429763082864
0.9728193825271003,1.2775334973043540,0.8171940543402036
0.9693517716200128,1.2664630162103316,0.8261355820929153
0.9660301681181007,1.2554168345897820,0.8351646544245034
0.9628560830854703,1.2443955995435154,0.8442784626229546
0.9598309800189206,1.2333999798135564,0.8534742921417955
0.9569562717922115,1.2224306666203517,0.8627495202513170
0.9542333176376709,1.2114883745346685,0.8721016136264146
0.9516634201786485,1.2005738423855516,0.8815281258897495
0.9492478225265669,1.1896878342057390,0.8910266951267912
0.9469877054564723,1.1788311402159584,0.9005950413873202
0.9448841846750213,1.1680045778495693,0.9102309641861595
0.9429383081947751,1.1572089928190260,0.9199323400142435
0.9411510538284750,1.1464452602256583,0.9296971198696259
0.9395233268166646,1.1357142857142857,0.9395233268166646
0.9380559576015904,1.1250170066741756,0.9494090535803882
0.9367496997597599,1.1143543934878680,0.9593524601819411
0.9356052281048578,1.1037274508293635,0.9693517716200128
0.9346231369719378,1.0931372190131652,0.9794052756022662
0.9338039386928969,1.0825847753956117,0.9895113203300023
0.9331480622722469,1.0720712358299134,0.9996683123385864
0.9326558522710884,1.0615977561762115,1.0098747143955582
0.9323275679060183,1.0511655338679236,1.0201290434577983
0.9321633823684407,1.0407758095355049,1.0304298686886530
0.9321633823684407,1.0304298686886526,1.0407758095355050
0.9323275679060183,1.0201290434577980,1.0511655338679236
0.9326558522710884,1.0098747143955580,1.0615977561762118
0.9331480622722468,0.9996683123385864,1.0720712358299131
0.9338039386928968,0.9895113203300023,1.0825847753956120
0.9346231369719377,0.9794052756022661,1.0931372190131652
0.9356052281048578,0.9693517716200125,1.1037274508293637
0.9367496997597599,0.9593524601819410,1.1143543934878681
0.9380559576015904,0.9494090535803880,1.1250170066741758
0.9395233268166646,0.9395233268166644,1.1357142857142857
0.9411510538284751,0.9296971198696257,1.1464452602256585
0.9429383081947751,0.9199323400142434,1.1572089928190261
0.9448841846750213,0.9102309641861592,1.1680045778495696
0.9469877054564723,0.9005950413873199,1.1788311402159588
0.9492478225265669,0.8910266951267910,1.1896878342057395
0.9516634201786484,0.8815281258897493,1.2005738423855520
0.9542333176376708,0.8721016136264144,1.2114883745346685
0.9569562717922115,0.8627495202513168,1.2224306666203520
0.9598309800189206,0.8534742921417954,1.2333999798135566
0.9628560830854702,0.8442784626229545,1.2443955995435154
0.9660301681181006,0.8351646544245033,1.2554168345897823
0.9693517716200125,0.8261355820929153,1.2664630162103319
0.9728193825271000,0.8171940543402035,1.2775334973043540
0.9764314452878599,0.8083429763082862,1.2886276516084063
0.9801863629547439,0.7995853517254287,1.2997448729246357
0.9840825002747172,0.7909242849285864,1.3108845743798112
0.9881181867673563,0.7823629827226578,1.3220461877139464
0.9922917197794492,0.7739047560446773,1.3332291625973383
0.9966013675057271,0.7655530213978837,1.3444329659748753
1.0010453719660732,0.7573113020173838,1.3556570814365188
1.0056219519302876,0.7491832287258449,1.3669010086128910
1.0103293057822529,0.7411725404343292,1.3781642625949484
1.0151656143161056,0.7332830842400860,1.3894463733767475
1.0201290434577983,0.7255188150698836,1.4007468853203617
1.0252177469062016,0.7178837948144133,1.4120653566420260
1.0304298686886528,0.7103821908964618,1.4234013589186392
1.0357635456265968,0.7030182742130897,1.4347544766137743
1.0412169097076867,0.6957964163900417,1.4461243066223881
1.0467880903613915,0.6887210862852085,1.4575104578334517
1.0524752166358375,0.6817968456772956,1.4689125507097602
1.0582764192742067,0.6750283440761007,1.4803302168841952
1.0641898326896377,0.6684203125920952,1.4917630987717665
1.0702135968380997,0.6619775568055806,1.5032108491967642
1.0763458589892307,0.6557049485796463,1.5146731310343995
1.0639740675065963,1.5130048491228925,0.6680767400622813
1.0578424326169273,1.5015807996771880,0.6743477574361643
1.0518205790971410,1.4901718843468892,0.6807858604253632
1.0459104031553428,1.4787784534154240,0.6873863542433761
1.0401138085295656,1.4674008675622516,0.6941446064717911
1.0344327046300130,1.4560394982307874,0.7010560547037125
1.0288690045731912,1.4446947280110276,0.7081162132224988
1.0234246231079620,1.4333669510374970,0.7153206787653966
1.0181014744341050,1.4220565734031763,0.7226651354252422
1.0129014699145730,1.4107640135900887,0.7301453587457495
1.0078265156832726,1.3994897029172557,0.7377572190671633
1.0028785101508804,1.3882340860067586,0.7454966841793792
0.9980593414119183,1.3769976212686759,0.7533598213391549
0.9933708845570796,1.3657807814056920,0.7613427987069014
0.9888149988955551,1.3545840539382092,0.7694418862568704
0.9843935250929369,1.3434079417508233,0.7776534562124595
0.9801082822310806,1.3322529636610580,0.7859739830559385
0.9759610647971568,1.3211196550112871,0.7944000431592566
0.9719536396099460,1.3100085682848000,0.8029283140797941
0.9680877426922730,1.2989202737470150,0.8115555735620279
0.9643650760992957,1.2878553601128615,0.8202786982831768
0.9607873047131500,1.2768144352414001,0.8290946623779903
0.9573560530152292,1.2657981268587750,0.8380005357749980
0.9540729018480804,1.2548070833106300,0.8469934823737864
0.9509393851795783,1.2438419743451563,0.8560707580902077
0.9479569868826286,1.2329034919279624,0.8652297087939087
0.9451271375441769,1.2219923510899930,0.8744677681601652
0.9424512113177457,1.2111092908097576,0.8837824554557692
0.9399305228340562,1.2002550749311411,0.8931713732766050
0.9375663241845337,1.1894304931181070,0.9026322052526068
0.9353598019926201,1.1786363618476172,0.9121627137339756
0.9333120745878245,1.1678735254421049,0.9217607374708782
0.9314241892973166,1.1571428571428570,0.9314241892973165
0.9296971198696260,1.1464452602256583,0.9411510538284750
0.9281317640446165,1.1357816691600546,0.9509393851795783
0.9267289412833966,1.1251530508135779,0.9607873047131499
0.9254893906711725,1.1145604057022587,0.9706929988205250
0.9244137690052712,1.1040047692887220,0.9806547167425382
0.9235026490796564,1.0934872133291205,0.9906707684334748
0.9227565181762386,1.0830088472700976,1.0007395224716245
0.9221757767721436,1.0725708196969121,1.0108594040191137
0.9217607374708782,1.0621743198337480,1.0210288928331070
0.9215116241640079,1.0518205790971409,1.0312465213299400
0.9214285714285715,1.0415108727032971,1.0415108727032973
0.9215116241640080,1.0312465213299398,1.0518205790971409
0.9217607374708783,1.0210288928331068,1.0621743198337483
0.9221757767721436,1.0108594040191134,1.0725708196969121
0.9227565181762385,1.0007395224716245,1.0830088472700978
0.9235026490796564,0.9906707684334747,1.0934872133291207
0.9244137690052711,0.9806547167425381,1.1040047692887223
0.9254893906711724,0.9706929988205248,1.1145604057022587
0.9267289412833966,0.9607873047131499,1.1251530508135779
0.9281317640446164,0.9509393851795782,1.1357816691600546
0.9296971198696260,0.9411510538284749,1.1464452602256583
0.9314241892973166,0.9314241892973164,1.1571428571428573
0.9333120745878245,0.9217607374708779,1.1678735254421053
0.9353598019926203,0.9121627137339754,1.1786363618476174
0.9375663241845337,0.9026322052526065,1.1894304931181072
0.9399305228340562,0.8931713732766048,1.2002550749311414
0.9424512113177455,0.8837824554557691,1.2111092908097578
0.9451271375441767,0.8744677681601651,1.2219923510899933
0.9479569868826285,0.8652297087939085,1.2329034919279624
0.9509393851795783,0.8560707580902075,1.2438419743451565
0.9540729018480802,0.8469934823737861,1.2548070833106302
0.9573560530152291,0.8380005357749979,1.2657981268587750
0.9607873047131499,0.8290946623779900,1.2768144352414004
0.9643650760992954,0.8202786982831767,1.2878553601128615
0.9680877426922729,0.8115555735620277,1.2989202737470151
0.9719536396099459,0.8029283140797939,1.3100085682848002
0.9759610647971567,0.7944000431592564,1.3211196550112876
0.9801082822310805,0.7859739830559381,1.3322529636610587
0.9843935250929365,0.7776534562124595,1.3434079417508236
0.9888149988955549,0.7694418862568704,1.3545840539382095
0.9933708845570793,0.7613427987069011,1.3657807814056921
0.9980593414119181,0.7533598213391548,1.3769976212686760
1.0028785101508801,0.7454966841793791,1.3882340860067586
1.0078265156832726,0.7377572190671632,1.3994897029172557
1.0129014699145726,0.7301453587457494,1.4107640135900890
1.0181014744341048,0.7226651354252421,1.4220565734031765
1.0234246231079618,0.7153206787653966,1.4333669510374971
1.0288690045731907,0.7081162132224990,1.4446947280110276
1.0344327046300128,0.7010560547037122,1.4560394982307876
1.0401138085295654,0.6941446064717909,1.4674008675622520
1.0459104031553426,0.6873863542433760,1.4787784534154245
1.0518205790971409,0.6807858604253630,1.4901718843468896
1.0578424326169271,0.6743477574361640,1.5015807996771880
1.0639740675065960,0.6680767400622811,1.5130048491228930
1.0516022760239614,1.5114359978213445,0.6804485315449161
1.0454712832410238,1.5000510195404986,0.6867180153840885
1.0394513859115635,1.4886817891637400,0.6931516310833218
1.0335445252693694,1.4773286702694155,0.6997448514586279
1.0277526503026310,1.4659920371752446,0.7064932080786230
1.0220777158038705,1.4546722753154500,0.7133922984085064
1.0165216803052520,1.4433697816327637,0.7204377920715278
1.0110865038993189,1.4320849649859380,0.7276254362721277
1.0057741459458290,1.4208182465734025,0.7349510604281688
1.0005865626659973,1.4095700603737440,0.7424105800618381
0.9955257046261684,1.3983408536037065,0.7500000000000000
0.9905935141136764,1.3871310871944382,0.7577154169351606
0.9857919224084334,1.3759412362867411,0.7655530213978837
0.9811228469546140,1.3647717907461037,0.7735090991905734
0.9765881884376438,1.3536232556983300,0.7815800323311590
0.9721898277725859,1.3424961520866072,0.7897622995534279
0.9679296230109095,1.3313910172508774,0.7980524764086888
0.9638094061735296,1.3203084055304220,0.8064472350111588
0.9598309800189208,1.3092488888905822,0.8149433434670318
0.9559961147560024,1.2982130575745810,0.8235376650246701
0.9523065447123847,1.2872015207814356,0.8322271569807888
0.9487639649694175,1.2762149073709796,0.8410088693749591
0.9453700279763044,1.2652538665970459,0.8498799435022261
0.9421263401563120,1.2543190688698838,0.8588376102711889
0.9390344585188100,1.2434112065489150,0.8678791884325179
0.9360958872915114,1.2325309947669567,0.8770020827006197
0.9333120745878245,1.2216791722870615,0.8862037817890098
0.9306844091246804,1.2108565023931426,0.8954818563779172
0.9282142170065386,1.2000637738155793,0.9048339570307463
0.9259027585914987,1.1893018016929950,0.9142578120742396
0.9237512254555403,1.1785714285714284,0.9237512254555402
0.9217607374708783,1.1678735254421050,0.9333120745878244
0.9199323400142436,1.1572089928190257,0.9429383081947750
0.9182670013205778,1.1465787618575780,0.9526279441628825
0.9167656099971626,1.1359837955153538,0.9623790674093837
0.9154289727125928,1.1254250897563378,0.9721898277725857
0.9142578120742397,1.1149036747995910,0.9820584379303525
0.9132527647069557,1.1044206164135038,0.9919831713516606
0.9124143795447330,1.0939770172566305,1.0019623602853410
0.9117431163458718,1.0835740182660454,1.0119943937894242
0.9112393444409340,1.0732128000940513,1.0220777158038703
0.9109033417213837,1.0628945845939677,1.0322108232689045
0.9107352938753414,1.0526206363555830,1.0423922642906850
0.9107352938753414,1.0423922642906849,1.0526206363555830
0.9109033417213837,1.0322108232689042,1.0628945845939680
0.9112393444409339,1.0220777158038703,1.0732128000940513
0.9117431163458718,1.0119943937894242,1.0835740182660456
0.9124143795447330,1.0019623602853410,1.0939770172566305
0.9132527647069557,0.9919831713516604,1.1044206164135038
0.9142578120742396,0.9820584379303525,1.1149036747995913
0.9154289727125927,0.9721898277725856,1.1254250897563378
0.9167656099971625,0.9623790674093836,1.1359837955153538
0.9182670013205777,0.9526279441628825,1.1465787618575780
0.9199323400142435,0.9429383081947750,1.1572089928190260
0.9217607374708782,0.9333120745878243,1.1678735254421053
0.9237512254555402,0.9237512254555401,1.1785714285714286
0.9259027585914987,0.9142578120742394,1.1893018016929950
0.9282142170065386,0.9048339570307461,1.2000637738155793
0.9306844091246803,0.8954818563779171,1.2108565023931430
0.9333120745878244,0.8862037817890096,1.2216791722870617
0.9360958872915112,0.8770020827006196,1.2325309947669570
0.9390344585188098,0.8678791884325178,1.2434112065489150
0.9421263401563119,0.8588376102711888,1.2543190688698838
0.9453700279763044,0.8498799435022260,1.2652538665970459
0.9487639649694175,0.8410088693749589,1.2762149073709796
0.9523065447123846,0.8322271569807886,1.2872015207814356
0.9559961147560023,0.8235376650246700,1.2982130575745812
0.9598309800189206,0.8149433434670316,1.3092488888905824
0.9638094061735294,0.8064472350111586,1.3203084055304222
0.9679296230109092,0.7980524764086887,1.3313910172508778
0.9721898277725857,0.7897622995534278,1.3424961520866074
0.9765881884376436,0.7815800323311588,1.3536232556983303
0.9811228469546137,0.7735090991905734,1.3647717907461037
0.9857919224084333,0.7655530213978835,1.3759412362867414
0.9905935141136760,0.7577154169351606,1.3871310871944382
0.9955257046261681,0.7500000000000000,1.3983408536037065
1.0005865626659969,0.7424105800618381,1.4095700603737440
1.0057741459458287,0.7349510604281687,1.4208182465734027
1.0110865038993186,0.7276254362721276,1.4320849649859382
1.0165216803052517,0.7204377920715277,1.4433697816327640
1.0220777158038703,0.7133922984085064,1.4546722753154500
1.0277526503026309,0.7064932080786228,1.4659920371752450
1.0335445252693694,0.6997448514586277,1.4773286702694160
1.0394513859115633,0.6931516310833217,1.4886817891637405
1.0454712832410236,0.6867180153840885,1.5000510195404988
1.0516022760239612,0.6804485315449160,1.5114359978213447
1.0392304845413265,1.5099668870541498,0.6928203230275510
1.0331001492436962,1.4986218158490738,0.6990883276066898
1.0270822553153538,1.4872931171516024,0.7055176128494712
1.0211787906380447,1.4759811679568493,0.7121038103638361
1.0153917510809636,1.4646863563401480,0.7188426071662357
1.0097231384525813,1.4534090818429866,0.7257297523661186
1.0041749583308557,1.4421497558739684,0.7327610630418377
0.9987492177719090,1.4309088021254184,0.7399324293474373
0.9934479228979264,1.4196866570062676,0.7472398188926871
0.9882730763657320,1.4084837700918829,0.7546792804407252
0.9832266747182724,1.3973006045915233,0.7622469469688058
0.9783107056220401,1.3861376378341395,0.7699390381380722
0.9735271449943328,1.3749953617732530,0.7777518622180686
0.9688779540251283,1.3638742835116766,0.7856818175109738
0.9643650760992956,1.3527749258468682,0.7937253933193773
0.9599904336258052,1.3416978278377323,0.8018791704999157
0.9557559247815848,1.3306435453937162,0.8101398216433044
0.9516634201786485,1.3196126518870632,0.8185041109193263
0.9477147594641135,1.3086057387891268,0.8269688936232175
0.9439117478636985,1.2976234163316582,0.8355311154576827
0.9402561526802478,1.2866663141940229,0.8441878115825234
0.9367496997597597,1.2757350822173072,0.8529361054615991
0.9333940699382649,1.2648303911463175,0.8617732075346100
0.9301908954837262,1.2539529334004818,0.8706964137390020
0.9271417565478831,1.2431034238746907,0.8797031039051803
0.9242481776436192,1.2322826007711318,0.8887907400461804
0.9215116241640079,1.2214912264631825,0.8979568645610129
0.9189334989596387,1.2107300883924440,0.9071990983690587
0.9165151389911682,1.2000000000000000,0.9165151389911681
0.9142578120742396,1.1893018016929948,0.9259027585914988
0.9121627137339756,1.1786363618476172,0.9353598019926203
0.9102309641861595,1.1680045778495693,0.9448841846750213
0.9084636054619799,1.1574073771730908,0.9544738907708610
0.9068615986928069,1.1468457184995790,0.9641269710606227
0.9054258215709043,1.1363205928768156,0.9738415409802438
0.9041570660012563,1.1258330249197700,0.9836157786453001
0.9030560359588062,1.1153840740538934,0.9934479228979263
0.9021233455643662,1.1049748358017488,1.0033362713813292
0.9013595173912776,1.0946064431137440,1.0132791786460191
0.9007649810135873,1.0842800677436260,1.0232750542912175
0.9003400718050704,1.0739969216692857,1.0333223611442930
0.9000850299968831,1.0637582585592746,1.0434196134805587
0.9000000000000001,1.0535653752852738,1.0535653752852738
0.9000850299968830,1.0434196134805584,1.0637582585592750
0.9003400718050704,1.0333223611442928,1.0739969216692860
0.9007649810135873,1.0232750542912172,1.0842800677436262
0.9013595173912776,1.0132791786460190,1.0946064431137443
0.9021233455643664,1.0033362713813287,1.1049748358017490
0.9030560359588062,0.9934479228979260,1.1153840740538934
0.9041570660012562,0.9836157786453000,1.1258330249197703
0.9054258215709042,0.9738415409802434,1.1363205928768160
0.9068615986928068,0.9641269710606225,1.1468457184995795
0.9084636054619797,0.9544738907708608,1.1574073771730910
0.9102309641861593,0.9448841846750211,1.1680045778495696
0.9121627137339755,0.9353598019926199,1.1786363618476177
0.9142578120742396,0.9259027585914985,1.1893018016929953
0.9165151389911681,0.9165151389911678,1.2000000000000002
0.9189334989596387,0.9071990983690583,1.2107300883924441
0.9215116241640080,0.8979568645610124,1.2214912264631830
0.9242481776436192,0.8887907400461801,1.2322826007711323
0.9271417565478829,0.8797031039051801,1.2431034238746910
0.9301908954837261,0.8706964137390019,1.2539529334004820
0.9333940699382648,0.8617732075346098,1.2648303911463175
0.9367496997597597,0.8529361054615989,1.2757350822173075
0.9402561526802478,0.8441878115825231,1.2866663141940233
0.9439117478636984,0.8355311154576823,1.2976234163316587
0.9477147594641134,0.8269688936232172,1.3086057387891270
0.9516634201786482,0.8185041109193262,1.3196126518870637
0.9557559247815846,0.8101398216433043,1.3306435453937164
0.9599904336258050,0.8018791704999155,1.3416978278377327
0.9643650760992954,0.7937253933193771,1.3527749258468684
0.9688779540251282,0.7856818175109735,1.3638742835116768
0.9735271449943326,0.7777518622180686,1.3749953617732530
0.9783107056220400,0.7699390381380719,1.3861376378341397
0.9832266747182722,0.7622469469688056,1.3973006045915235
0.9882730763657317,0.7546792804407251,1.4084837700918833
0.9934479228979262,0.7472398188926869,1.4196866570062680
0.9987492177719088,0.7399324293474371,1.4309088021254188
1.0041749583308555,0.7327610630418376,1.4421497558739689
1.0097231384525810,0.7257297523661185,1.4534090818429868
1.0153917510809636,0.7188426071662357,1.4646863563401484
1.0211787906380447,0.7121038103638357,1.4759811679568495
1.0270822553153538,0.7055176128494711,1.4872931171516028
1.0331001492436962,0.6990883276066897,1.4986218158490738
1.0392304845413263,0.6928203230275509,1.5099668870541500
1.0268586930586916,1.5085978082109146,0.7051921145101858
1.0207290311841049,1.4972934766110620,0.7114586912729053
1.0147131895973647,1.4860061526502120,0.7178837948144136
1.0088132045292892,1.4747362268471977,0.7244632073304416
1.0030311204401532,1.4634841011386879,0.7311927633277407
0.9973689878671704,1.4522501892734934,0.7380683558852689
0.9918288611428480,1.4410349172220154,0.7450859421734448
0.9864127959843348,1.4298387236014427,0.7522415482667624
0.9811228469546139,1.4186620601173228,0.7595312732877040
0.9759610647971569,1.4075053920221507,0.7669512929217122
0.9709294936465023,1.3963691985916582,0.7744978623440547
0.9660301681181007,1.3852539736194842,0.7821673185998725
0.9612651102817049,1.3741602259309544,0.7899560824785757
0.9566363265235593,1.3630884799167047,0.7978606599231858
0.9521458043036589,1.3520392760869162,0.8058776430142509
0.9477955088153839,1.3410131716469500,0.8140037105666821
0.9435873795558858,1.3300107410951878,0.8222356283763363
0.9395233268166646,1.3190325768439193,0.8305702491514552
0.9356052281048579,1.3080792898641230,0.8390045121622242
0.9318349245068102,1.2971515103550264,0.8475354426397828
0.9282142170065385,1.2862498884393356,0.8561601509540332
0.9247448627726947,1.2753750948850540,0.8648758315975957
0.9214285714285716,1.2645278218548210,0.8736797620012795
0.9182670013205778,1.2537087836837204,0.8825693012044842
0.9152617558013955,1.2429187176865226,0.8915418884020595
0.9124143795447330,1.2321583849953242,0.9005950413873202
0.9097263549091709,1.2214285714285710,0.9097263549091710
0.9071990983690587,1.2107300883924440,0.9189334989596387
0.9048339570307464,1.2000637738155790,0.9282142170065385
0.9026322052526067,1.1894304931181070,0.9375663241845338
0.9005950413873202,1.1788311402159586,0.9469877054564724
0.8987235846647473,1.1682666385613816,0.9564763137556049
0.8970188722333868,1.1577379422205798,0.9660301681181007
0.8954818563779173,1.1472460369893438,0.9756473518141896
0.8941134019296458,1.1367919415475052,0.9853260104852483
0.8929142838858314,1.1263767086529790,0.9950643502932310
0.8918851852528270,1.1160014263760910,1.0048606360880020
0.8910266951267911,1.1056672193747990,1.0147131895973647
0.8903393070243800,1.0953752502113192,1.0246203876438875
0.8898234174743405,1.0851267207105350,1.0345806603919983
0.8894793248793113,1.0749228733604421,1.0445924896282546
0.8893072286554156,1.0647649927547007,1.0546544070771940
0.8893072286554157,1.0546544070771935,1.0647649927547012
0.8894793248793113,1.0445924896282544,1.0749228733604423
0.8898234174743405,1.0345806603919980,1.0851267207105353
0.8903393070243800,1.0246203876438873,1.0953752502113194
0.8910266951267911,1.0147131895973645,1.1056672193747992
0.8918851852528270,1.0048606360880017,1.1160014263760910
0.8929142838858314,0.9950643502932308,1.1263767086529792
0.8941134019296457,0.9853260104852480,1.1367919415475054
0.8954818563779173,0.9756473518141893,1.1472460369893442
0.8970188722333868,0.9660301681181005,1.1577379422205800
0.8987235846647473,0.9564763137556047,1.1682666385613818
0.9005950413873200,0.9469877054564722,1.1788311402159586
0.9026322052526067,0.9375663241845335,1.1894304931181074
0.9048339570307463,0.9282142170065383,1.2000637738155795
0.9071990983690585,0.9189334989596385,1.2107300883924441
0.9097263549091708,0.9097263549091706,1.2214285714285715
0.9124143795447330,0.9005950413873198,1.2321583849953244
0.9152617558013955,0.8915418884020593,1.2429187176865228
0.9182670013205777,0.8825693012044841,1.2537087836837206
0.9214285714285715,0.8736797620012793,1.2645278218548213
0.9247448627726946,0.8648758315975956,1.2753750948850542
0.9282142170065384,0.8561601509540330,1.2862498884393360
0.9318349245068100,0.8475354426397825,1.2971515103550266
0.9356052281048578,0.8390045121622238,1.3080792898641234
0.9395233268166646,0.8305702491514549,1.3190325768439197
0.9435873795558857,0.8222356283763361,1.3300107410951882
0.9477955088153838,0.8140037105666819,1.3410131716469502
0.9521458043036588,0.8058776430142505,1.3520392760869164
0.9566363265235591,0.7978606599231856,1.3630884799167047
0.9612651102817047,0.7899560824785754,1.3741602259309547
0.9660301681181006,0.7821673185998723,1.3852539736194844
0.9709294936465022,0.7744978623440545,1.3963691985916586
0.9759610647971567,0.7669512929217118,1.4075053920221510
0.9811228469546138,0.7595312732877039,1.4186620601173228
0.9864127959843345,0.7522415482667623,1.4298387236014432
0.9918288611428477,0.7450859421734446,1.4410349172220158
0.9973689878671702,0.7380683558852688,1.4522501892734938
1.0030311204401530,0.7311927633277404,1.4634841011386885
1.0088132045292890,0.7244632073304414,1.4747362268471982
1.0147131895973645,0.7178837948144133,1.4860061526502124
1.0207290311841046,0.7114586912729052,1.4972934766110620
1.0268586930586916,0.7051921145101856,1.5085978082109146
1.0144869015760570,1.5073290338630547,0.7175639059928207
1.0083579296488498,1.4960662704954901,0.7238291037451946
1.0023441911594144,1.4848211601236763,0.7302501668075464
0.9964477724724493,1.4735941068817880,0.7368230203144488
0.9906707684334748,1.4623855266554806,0.7435436388384633
0.9850152801052461,1.4511958474841020,0.7504080522608746
0.9794834123669687,1.4400255099781234,0.7574123509606608
0.9740772713764781,1.4288749677523875,0.7645526903533404
0.9687989618963413,1.4177446878757824,0.7718252948137201
0.9636505844856795,1.4066351513379691,0.7792264610182466
0.9586342325604353,1.3955468535338262,0.7867525607436783
0.9537519893257667,1.3844803047662735,0.7944000431592567
0.9490059245852785,1.3734360307681768,0.8021654366495120
0.9443980914328665,1.3624145732440456,0.8100453502043916
0.9399305228340561,1.3514164904322592,0.8180364744125949
0.9356052281048577,1.3404423576885780,0.8261355820929156
0.9314241892973165,1.3294927680917121,0.8343395285970767
0.9273893575021029,1.3185683330717417,0.8426452518160674
0.9235026490796564,1.3076696830622019,0.8510497719203705
0.9197659418325416,1.2967974681766568,0.8595501908627821
0.9161810711327978,1.2859523589106070,0.8681436916707714
0.9127498260191338,1.2751350468695860,0.8768275375535632
0.9094739452798288,1.2643462455243137,0.8855990708473641
0.9063551135381400,1.2535866909937798,0.8944557118204141
0.9033949573578501,1.2428571428571427,0.9033949573578504
0.9005950413873199,1.2321583849953240,0.9124143795447333
0.8979568645610128,1.2214912264631828,0.9215116241640081
0.8954818563779173,1.2108565023931426,0.9306844091246803
0.8931713732766050,1.2002550749311410,0.9399305228340563
0.8910266951267911,1.1896878342057390,0.9492478225265670
0.8890490218572350,1.1791556993312230,0.9586342325604355
0.8872394702395856,1.1686596194454777,0.9680877426922730
0.8855990708473640,1.1582005747833883,0.9776064063386072
0.8841287652086588,1.1477795777864640,0.9871883388323280
0.8828294031703072,1.1373976742493166,0.9968317156811152
0.8817017404903279,1.1270559445035617,1.0065347708340530
0.8807464366741916,1.1167555046396038,1.0162957949618523
0.8799640530691453,1.1064975077666814,1.0261131337553897
0.8793550512292796,1.0962831453114097,1.0359851862466225
0.8789197915623472,1.0861136483549300,1.0459104031553430
0.8786585322675303,1.0759902890086026,1.0558872852647074
0.8785714285714286,1.0659143818279940,1.0659143818279946
0.8786585322675303,1.0558872852647072,1.0759902890086028
0.8789197915623473,1.0459104031553423,1.0861136483549305
0.8793550512292796,1.0359851862466223,1.0962831453114100
0.8799640530691453,1.0261131337553895,1.1064975077666819
0.8807464366741915,1.0162957949618520,1.1167555046396045
0.8817017404903279,1.0065347708340526,1.1270559445035622
0.8828294031703072,0.9968317156811148,1.1373976742493170
0.8841287652086589,0.9871883388323276,1.1477795777864641
0.8855990708473640,0.9776064063386070,1.1582005747833888
0.8872394702395855,0.9680877426922728,1.1686596194454781
0.8890490218572349,0.9586342325604351,1.1791556993312236
0.8910266951267910,0.9492478225265667,1.1896878342057395
0.8931713732766049,0.9399305228340560,1.2002550749311411
0.8954818563779172,0.9306844091246801,1.2108565023931428
0.8979568645610126,0.9215116241640078,1.2214912264631830
0.9005950413873199,0.9124143795447328,1.2321583849953244
0.9033949573578501,0.9033949573578499,1.2428571428571430
0.9063551135381401,0.8944557118204136,1.2535866909937800
0.9094739452798288,0.8855990708473638,1.2643462455243140
0.9127498260191338,0.8768275375535629,1.2751350468695868
0.9161810711327978,0.8681436916707712,1.2859523589106074
0.9197659418325415,0.8595501908627820,1.2967974681766572
0.9235026490796563,0.8510497719203701,1.3076696830622023
0.9273893575021029,0.8426452518160671,1.3185683330717421
0.9314241892973165,0.8343395285970764,1.3294927680917124
0.9356052281048578,0.8261355820929152,1.3404423576885784
0.9399305228340561,0.8180364744125946,1.3514164904322594
0.9443980914328665,0.8100453502043913,1.3624145732440460
0.9490059245852783,0.8021654366495118,1.3734360307681772
0.9537519893257664,0.7944000431592565,1.3844803047662740
0.9586342325604352,0.7867525607436779,1.3955468535338267
0.9636505844856795,0.7792264610182461,1.4066351513379698
0.9687989618963413,0.7718252948137199,1.4177446878757830
0.9740772713764779,0.7645526903533403,1.4288749677523882
0.9794834123669683,0.7574123509606608,1.4400255099781238
0.9850152801052460,0.7504080522608743,1.4511958474841025
0.9906707684334747,0.7435436388384631,1.4623855266554813
0.9964477724724492,0.7368230203144485,1.4735941068817884
1.0023441911594142,0.7302501668075462,1.4848211601236767
1.0083579296488496,0.7238291037451944,1.4960662704954906
1.0144869015760567,0.7175639059928205,1.5073290338630554
1.0021151100934220,1.5061608174970111,0.7299356974754555
0.9959868452536749,1.4949404465648488,0.7361995625632818
0.9899752625233438,1.4837383838927718,0.7426167193355768
0.9840825002747172,1.4725550473061910,0.7491832287258451
0.9783107056220401,1.4613908667109294,0.7558951984371963
0.9726620320396129,1.4502462845028374,0.7627487884524724
0.9671386368340080,1.4391217559926708,0.7697402159170327
0.9617426784706171,1.4280177498468112,0.7768657594226080
0.9564763137556049,1.4169347485444248,0.7841217627227997
0.9513416948752762,1.4058732488516645,0.7915046379123340
0.9463409662958674,1.3948337623135580,0.7990108681031436
0.9414762615278244,1.3838168157642239,0.8066370096308021
0.9367496997597599,1.3728229518560857,0.8143796938248682
0.9321633823684407,1.3618527296087695,0.8222356283763365
0.9277193893123732,1.3509067249783888,0.8302015983347366
0.9234197754177962,1.3399855314479316,0.8382744667664961
0.9192665665671538,1.3290897606394891,0.8464511751050589
0.9152617558013953,1.3182200429490718,0.8547287432219629
0.9114072993487174,1.3073770282047756,0.8631042692466750
0.9077051125936063,1.2965613863490724,0.8715749291614906
0.9041570660012563,1.2857738081460070,0.8801379761962652
0.9007649810135873,1.2750150059140957,0.8887907400461805
0.8975306259341773,1.2642857142857140,0.8975306259341774
0.8944557118204140,1.2535866909937796,0.9063551135381402
0.8915418884020595,1.2429187176865226,0.9152617558013955
0.8887907400461803,1.2322826007711318,0.9242481776436193
0.8862037817890098,1.2216791722870615,0.9333120745878245
0.8837824554557693,1.2111092908097576,0.9424512113177456
0.8815281258897495,1.2005738423855516,0.9516634201786485
0.8794420773120530,1.1900737414984337,0.9609465996333715
0.8775255098332831,1.1796099320693830,0.9702987126842614
0.8757795361381582,1.1691833884888920,0.9797177852705903
0.8742051783634956,1.1587951166832640,0.9892019046500393
0.8728033651892700,1.1484461552151983,0.9987492177719092
0.8715749291614905,1.1381375764191000,1.0083579296488498
0.8705206042644710,1.1278704875714647,1.0180263017331175
0.8696410237587012,1.1176460320965775,1.0277526503026309
0.8689367182989585,1.1074653908076468,1.0375353448614342
0.8684081143455676,1.0973297831833528,1.0473728065585661
0.8680555328798183,1.0872404686796264,1.0572635066287779
0.8678791884325178,1.0771987480762975,1.0672059648580360
0.8678791884325178,1.0672059648580359,1.0771987480762977
0.8680555328798183,1.0572635066287777,1.0872404686796266
0.8684081143455676,1.0473728065585660,1.0973297831833530
0.8689367182989585,1.0375353448614337,1.1074653908076473
0.8696410237587011,1.0277526503026304,1.1176460320965780
0.8705206042644710,1.0180263017331173,1.1278704875714651
0.8715749291614905,1.0083579296488496,1.1381375764191002
0.8728033651892700,0.9987492177719088,1.1484461552151985
0.8742051783634955,0.9892019046500391,1.1587951166832642
0.8757795361381581,0.9797177852705900,1.1691833884888923
0.8775255098332830,0.9702987126842612,1.1796099320693834
0.8794420773120529,0.9609465996333710,1.1900737414984344
0.8815281258897495,0.9516634201786480,1.2005738423855520
0.8837824554557693,0.9424512113177452,1.2111092908097578
0.8862037817890098,0.9333120745878242,1.2216791722870617
0.8887907400461803,0.9242481776436190,1.2322826007711320
0.8915418884020594,0.9152617558013952,1.2429187176865228
0.8944557118204138,0.9063551135381399,1.2535866909937800
0.8975306259341772,0.8975306259341770,1.2642857142857145
0.9007649810135873,0.8887907400461801,1.2750150059140961
0.9041570660012563,0.8801379761962648,1.2857738081460077
0.9077051125936063,0.8715749291614905,1.2965613863490724
0.9114072993487174,0.8631042692466748,1.3073770282047760
0.9152617558013953,0.8547287432219627,1.3182200429490722
0.9192665665671538,0.8464511751050586,1.3290897606394894
0.9234197754177962,0.8382744667664958,1.3399855314479319
0.9277193893123731,0.8302015983347363,1.3509067249783890
0.9321633823684405,0.8222356283763361,1.3618527296087700
0.9367496997597599,0.8143796938248679,1.3728229518560862
0.9414762615278243,0.8066370096308019,1.3838168157642243
0.9463409662958672,0.7990108681031434,1.3948337623135585
0.9513416948752762,0.7915046379123338,1.4058732488516648
0.9564763137556048,0.7841217627227994,1.4169347485444252
0.9617426784706170,0.7768657594226078,1.4280177498468118
0.9671386368340078,0.7697402159170325,1.4391217559926712
0.9726620320396125,0.7627487884524723,1.4502462845028379
0.9783107056220401,0.7558951984371960,1.4613908667109299
0.9840825002747171,0.7491832287258449,1.4725550473061915
0.9899752625233436,0.7426167193355767,1.4837383838927720
0.9959868452536746,0.7361995625632818,1.4949404465648490
1.0021151100934218,0.7299356974754553,1.5061608174970116
0.9897433186107872,1.5050933932646766,0.7423074889580903
0.9836157786453003,1.4939162340257617,0.7485700654295113
0.9776064063386072,1.4827580478862450,0.7549834435270751
0.9717173940387972,1.4716192664225765,0.7615438133107227
0.9659509431072555,1.4605003336150921,0.7682474091285002
0.9603092614106253,1.4494017062645015,0.7750905147932395
0.9547945606575400,1.4383238544236416,0.7820694681811997
0.9494090535803882,1.4272672618450595,0.7891806652782236
0.9441549509633319,1.4162324264449975,0.7964205637009346
0.9390344585188098,1.4052198607843742,0.8037856857219023
0.9340497736158587,1.3942300925673665,0.8112726208286106
0.9292030818647444,1.3832636651582150,0.8188780278465140
0.9244965535636250,1.3723211381168945,0.8265986366565391
0.9199323400142435,1.3614030877542984,0.8344312495371216
0.9155125697149782,1.3505101077076054,0.8423727421603183
0.9112393444409339,1.3396428095365034,0.8504200642707614
0.9071147352221455,1.3288018233409695,0.8585702400752413
0.9031407782323433,1.3179877984012953,0.8668203683695996
0.8993194706021225,1.3072014038410766,0.8751676224283773
0.8956527661717015,1.2964433293138766,0.8836092496813561
0.8921425711997713,1.2857142857142856,0.8921425711997713
0.8887907400461803,1.2750150059140960,0.9007649810135875
0.8855990708473640,1.2643462455243135,0.9094739452798290
0.8825693012044843,1.2537087836837204,0.9182670013205778
0.8797031039051803,1.2431034238746907,0.9271417565478831
0.8770020827006197,1.2325309947669567,0.9360958872915114
0.8744677681601652,1.2219923510899930,0.9451271375441768
0.8721016136264147,1.2114883745346683,0.9542333176376708
0.8699049912936189,1.2010199746847827,0.9634123028621353
0.8678791884325179,1.1905880899790655,0.9726620320396128
0.8660254037844388,1.1801936887041644,0.9819805060619659
0.8643447441470875,1.1698377700191016,0.9913657864022641
0.8628382211738002,1.1595213650116012,1.0008159936078282
0.8615067484071268,1.1492455377866162,1.0103293057822530
0.8603511385664886,1.1390113865872940,1.0199039570629450
0.8593721011082833,1.1288200449485075,1.0295382360999696
0.8585702400752412,1.1186726828829652,1.0392304845413265
0.8579460522500403,1.1085705080997650,1.0489790955291450
0.8574999256262241,1.0985147672551110,1.0587825122107304
0.8572321382073297,1.0885067472347196,1.0686392262678588
0.8571428571428572,1.0785477764672498,1.0785477764672500
0.8572321382073297,1.0686392262678583,1.0885067472347199
0.8574999256262240,1.0587825122107302,1.0985147672551112
0.8579460522500402,1.0489790955291447,1.1085705080997652
0.8585702400752412,1.0392304845413263,1.1186726828829652
0.8593721011082833,1.0295382360999694,1.1288200449485080
0.8603511385664886,1.0199039570629447,1.1390113865872944
0.8615067484071267,1.0103293057822529,1.1492455377866164
0.8628382211738000,1.0008159936078280,1.1595213650116014
0.8643447441470874,0.9913657864022640,1.1698377700191020
0.8660254037844386,0.9819805060619656,1.1801936887041650
0.8678791884325179,0.9726620320396125,1.1905880899790660
0.8699049912936189,0.9634123028621350,1.2010199746847832
0.8721016136264146,0.9542333176376706,1.2114883745346685
0.8744677681601652,0.9451271375441764,1.2219923510899933
0.8770020827006199,0.9360958872915109,1.2325309947669570
0.8797031039051803,0.9271417565478827,1.2431034238746910
0.8825693012044843,0.9182670013205775,1.2537087836837206
0.8855990708473640,0.9094739452798286,1.2643462455243140
0.8887907400461802,0.9007649810135872,1.2750150059140961
0.8921425711997711,0.8921425711997710,1.2857142857142858
0.8956527661717015,0.8836092496813558,1.2964433293138770
0.8993194706021225,0.8751676224283772,1.3072014038410766
0.9031407782323433,0.8668203683695993,1.3179877984012958
0.9071147352221454,0.8585702400752410,1.3288018233409700
0.9112393444409339,0.8504200642707611,1.3396428095365038
0.9155125697149780,0.8423727421603181,1.3505101077076056
0.9199323400142435,0.8344312495371212,1.3614030877542989
0.9244965535636249,0.8265986366565389,1.3723211381168947
0.9292030818647443,0.8188780278465138,1.3832636651582153
0.9340497736158587,0.8112726208286104,1.3942300925673670
0.9390344585188097,0.8037856857219021,1.4052198607843747
0.9441549509633317,0.7964205637009345,1.4162324264449977
0.9494090535803881,0.7891806652782235,1.4272672618450600
0.9547945606575398,0.7820694681811996,1.4383238544236420
0.9603092614106251,0.7750905147932394,1.4494017062645020
0.9659509431072553,0.7682474091285001,1.4605003336150926
0.9717173940387972,0.7615438133107225,1.4716192664225767
0.9776064063386072,0.7549834435270749,1.4827580478862452
0.9836157786453000,0.7485700654295112,1.4939162340257617
0.9897433186107869,0.7423074889580903,1.5050933932646770
0.9773715271281523,1.5041269757516060,0.7546792804407253
0.9712447305033951,1.4929938419983177,0.7609406101956303
0.9652376253904466,1.4818803554116984,0.7673503310823844
0.9593524601819412,1.4707869613626186,0.7739047560446775
0.9535914925658040,1.4597141179431157,0.7806002400037280
0.9479569868826286,1.4486622963891866,0.7874331847262747
0.9424512113177457,1.4376319815188148,0.7944000431592565
0.9370764349283143,1.4266236721857712,0.8014973232542164
0.9318349245068100,1.4156378817497421,0.8087215913062408
0.9267289412833966,1.4046751385633471,0.8160694748335476
0.9217607374708783,1.3937359864766352,0.8235376650246702
0.9169325526572002,1.3828209853596451,0.8311229187806393
0.9122466100518107,1.3719307116436383,0.8388220603796684
0.9077051125936063,1.3610657588816197,0.8466319827916463
0.9033102389296284,1.3502267383287736,0.8545496486692956
0.8990641392751757,1.3394142795434494,0.8625720910421912
0.8949689311675028,1.3286290310093394,0.8706964137390020
0.8910266951267911,1.3178716607794990,0.8789197915623473
0.8872394702395857,1.3071428571428572,0.8872394702395856
0.8836092496813562,1.2964433293138766,0.8956527661717014
0.8801379761962650,1.2857738081460073,0.9041570660012564
0.8768275375535630,1.2751350468695861,0.9127498260191341
0.8736797620012795,1.2645278218548208,0.9214285714285716
0.8706964137390021,1.2539529334004818,0.9301908954837262
0.8678791884325179,1.2434112065489150,0.9390344585188098
0.8652297087939087,1.2329034919279620,0.9479569868826286
0.8627495202513170,1.2224306666203515,0.9569562717922117
0.8604400867330293,1.2119936350610803,0.9660301681181007
0.8583027865907158,1.2015933299632802,0.9751765931128076
0.8563389086866322,1.1912307132729990,0.9843935250929368
0.8545496486692955,1.1809067771532730,0.9936790020845131
0.8529361054615991,1.1706225449978070,1.0030311204401532
0.8514992779845226,1.1603790724744798,1.0124480334358714
0.8502400621385152,1.1501774485988265,1.0219279498545275
0.8491592480632999,1.1400187968375157,1.0314691325621779
0.8482575176952637,1.1299042762417477,1.0410698970829215
0.8475354426397828,1.1198350826103358,1.0507286101771942
0.8469934823737864,1.1098124496821016,1.0604436884278820
0.8466319827916463,1.0998376503570229,1.0702135968381000
0.8464511751050587,1.0899119979453870,1.0800368474439819
0.8464511751050586,1.0800368474439817,1.0899119979453875
0.8466319827916462,1.0702135968380997,1.0998376503570230
0.8469934823737862,1.0604436884278818,1.1098124496821018
0.8475354426397826,1.0507286101771940,1.1198350826103358
0.8482575176952637,1.0410698970829213,1.1299042762417477
0.8491592480632997,1.0314691325621776,1.1400187968375160
0.8502400621385152,1.0219279498545273,1.1501774485988268
0.8514992779845226,1.0124480334358712,1.1603790724744802
0.8529361054615990,1.0030311204401527,1.1706225449978072
0.8545496486692955,0.9936790020845130,1.1809067771532733
0.8563389086866322,0.9843935250929365,1.1912307132729993
0.8583027865907158,0.9751765931128074,1.2015933299632806
0.8604400867330293,0.9660301681181005,1.2119936350610805
0.8627495202513170,0.9569562717922114,1.2224306666203520
0.8652297087939086,0.9479569868826283,1.2329034919279624
0.8678791884325179,0.9390344585188096,1.2434112065489150
0.8706964137390020,0.9301908954837259,1.2539529334004822
0.8736797620012795,0.9214285714285713,1.2645278218548210
0.8768275375535630,0.9127498260191337,1.2751350468695863
0.8801379761962650,0.9041570660012561,1.2857738081460075
0.8836092496813560,0.8956527661717013,1.2964433293138766
0.8872394702395856,0.8872394702395854,1.3071428571428574
0.8910266951267911,0.8789197915623471,1.3178716607794990
0.8949689311675026,0.8706964137390018,1.3286290310093396
0.8990641392751756,0.8625720910421910,1.3394142795434496
0.9033102389296283,0.8545496486692954,1.3502267383287740
0.9077051125936062,0.8466319827916462,1.3610657588816200
0.9122466100518107,0.8388220603796682,1.3719307116436386
0.9169325526572001,0.8311229187806390,1.3828209853596454
0.9217607374708782,0.8235376650246700,1.3937359864766357
0.9267289412833964,0.8160694748335474,1.4046751385633476
0.9318349245068099,0.8087215913062406,1.4156378817497426
0.9370764349283142,0.8014973232542162,1.4266236721857720
0.9424512113177455,0.7944000431592564,1.4376319815188152
0.9479569868826284,0.7874331847262745,1.4486622963891869
0.9535914925658038,0.7806002400037279,1.4597141179431161
0.9593524601819411,0.7739047560446772,1.4707869613626190
0.9652376253904464,0.7673503310823843,1.4818803554116988
0.9712447305033949,0.7609406101956301,1.4929938419983177
0.9773715271281521,0.7546792804407251,1.5041269757516063
0.9649997356455174,1.5032617597635305,0.7670510719233601
0.9588737015427029,1.4921734593046012,0.7733111948508393
0.9528689226087026,1.4811054889466024,0.7797173742282966
0.9469877054564724,1.4700583078815030,0.7862660400362500
0.9412323662873792,1.4590323883327887,0.7929536620787382
0.9356052281048579,1.4480282159839684,0.7997767545652081
0.9301086177518876,1.4370462904222419,0.8067318801997428
0.9247448627726947,1.4260871255978430,0.8138156537984185
0.9195162881002342,1.4151512502995887,0.8210247454572008
0.9144252125722231,1.4042392086471736,0.8283558832939834
0.9094739452798292,1.3933515606007592,0.8358058557891472
0.9046647817545121,1.3824888824884203,0.8433715137494755
0.9000000000000001,1.3716517675520163,0.8510497719203703
0.8954818563779173,1.3608408265120650,0.8588376102711890
0.8911125813571826,1.3500566881522010,0.8667320749781436
0.8868943751389234,1.3392999999238102,0.8747302791286523
0.8828294031703074,1.3285714285714283,0.8828294031703072
0.8789197915623476,1.3178716607794987,0.8910266951267911
0.8751676224283775,1.3072014038410766,0.8993194706021224
0.8715749291614907,1.2965613863490724,0.9077051125936063
0.8681436916707713,1.2859523589106070,0.9161810711327980
0.8648758315975957,1.2753750948850542,0.9247448627726947
0.8617732075346100,1.2648303911463175,0.9333940699382649
0.8588376102711891,1.2543190688698835,0.9421263401563119
0.8560707580902078,1.2438419743451563,0.9509393851795783
0.8534742921417956,1.2333999798135564,0.9598309800189208
0.8510497719203703,1.2229939843328280,0.9687989618963414
0.8487986708716441,1.2126249146679566,0.9778412291306576
0.8467223721564255,1.2022937262090458,0.9869557399666216
0.8448221645979220,1.1920014039164446,0.9961405113573824
0.8430992388388288,1.1817489632933458,1.0053936177093092
0.8415546837337939,1.1715374513859980,1.0147131895973647
0.8401894830018637,1.1613679478115801,1.0240974124584445
0.8390045121622242,1.1512415658136839,1.0335445252693691
0.8380005357749981,1.1411594533452296,1.0430528192155322
0.8371782050070198,1.1311227941785118,1.0526206363555830
0.8365380555404202,1.1211328090419101,1.0622463682869316
0.8360805058395383,1.1111907567826433,1.0719284548163177
0.8358058557891472,1.1012979355547448,1.0816653826391969
0.8357142857142859,1.0914556840312306,1.0914556840312306
0.8358058557891472,1.0816653826391966,1.1012979355547450
0.8360805058395383,1.0719284548163173,1.1111907567826433
0.8365380555404202,1.0622463682869314,1.1211328090419101
0.8371782050070198,1.0526206363555828,1.1311227941785118
0.8380005357749980,1.0430528192155320,1.1411594533452296
0.8390045121622239,1.0335445252693691,1.1512415658136840
0.8401894830018637,1.0240974124584445,1.1613679478115804
0.8415546837337939,1.0147131895973645,1.1715374513859982
0.8430992388388288,1.0053936177093088,1.1817489632933460
0.8448221645979220,0.9961405113573821,1.1920014039164448
0.8467223721564254,0.9869557399666212,1.2022937262090463
0.8487986708716440,0.9778412291306575,1.2126249146679569
0.8510497719203703,0.9687989618963413,1.2229939843328281
0.8534742921417955,0.9598309800189205,1.2333999798135564
0.8560707580902077,0.9509393851795782,1.2438419743451565
0.8588376102711890,0.9421263401563117,1.2543190688698838
0.8617732075346100,0.9333940699382647,1.2648303911463180
0.8648758315975958,0.9247448627726945,1.2753750948850544
0.8681436916707713,0.9161810711327977,1.2859523589106072
0.8715749291614906,0.9077051125936061,1.2965613863490724
0.8751676224283773,0.8993194706021224,1.3072014038410766
0.8789197915623472,0.8910266951267910,1.3178716607794990
0.8828294031703072,0.8828294031703071,1.3285714285714287
0.8868943751389233,0.8747302791286521,1.3392999999238104
0.8911125813571825,0.8667320749781435,1.3500566881522014
0.8954818563779173,0.8588376102711887,1.3608408265120653
0.9000000000000000,0.8510497719203702,1.3716517675520168
0.9046647817545119,0.8433715137494753,1.3824888824884205
0.9094739452798288,0.8358058557891471,1.3933515606007592
0.9144252125722229,0.8283558832939831,1.4042392086471740
0.9195162881002341,0.8210247454572006,1.4151512502995889
0.9247448627726946,0.8138156537984181,1.4260871255978431
0.9301086177518874,0.8067318801997428,1.4370462904222420
0.9356052281048578,0.7997767545652080,1.4480282159839686
0.9412323662873789,0.7929536620787381,1.4590323883327890
0.9469877054564722,0.7862660400362499,1.4700583078815035
0.9528689226087024,0.7797173742282965,1.4811054889466029
0.9588737015427027,0.7733111948508392,1.4921734593046017
0.9649997356455173,0.7670510719233599,1.5032617597635307
0.9526279441628827,1.5024979201316717,0.7794228634059949
0.9465026925153335,1.4914552542769104,0.7856818175109737
0.9405003010773209,1.4804336099499320,0.7920845656769695
0.9346231369719378,1.4694334601735290,0.7986276494393240
0.9288735772154249,1.4584552913047057,0.8053076481465113
0.9232540057772151,1.4474996034682759,0.8121211832765666
0.9177668104520600,1.4365669110055120,0.8190649222978453
0.9124143795447330,1.4256577429383253,0.8261355820929155
0.9071990983690587,1.4147726434494910,0.8333299319658477
0.9021233455643664,1.4039121723794197,0.8406447962542729
0.8971894892339284,1.3930769057399960,0.8480770565682998
0.8923998829114718,1.3822674362460117,0.8556236536788203
0.8877568613634926,1.3714843738647193,0.8632815890778723
0.8832627362367835,1.3607283463840463,0.8710479262336365
0.8789197915623473,1.3499999999999999,0.8789197915623473
0.8747302791286523,1.3392999999238102,0.8868943751389233
0.8706964137390021,1.3286290310093394,0.8949689311675026
0.8668203683695997,1.3179877984012953,0.9031407782323432
0.8631042692466750,1.3073770282047756,0.9114072993487174
0.8595501908627822,1.2967974681766570,0.9197659418325415
0.8561601509540332,1.2862498884393359,0.9282142170065386
0.8529361054615991,1.2757350822173072,0.9367496997597599
0.8498799435022262,1.2652538665970459,0.9453700279763043
0.8469934823737865,1.2548070833106300,0.9540729018480801
0.8442784626229547,1.2443955995435152,0.9628560830854703
0.8417365432029582,1.2340203087668287,0.9717173940387973
0.8393692967499650,1.2236821315945055,0.9806547167425382
0.8371782050070198,1.2133820166655456,0.9896659918933278
0.8351646544245034,1.2031209415515962,0.9987492177719090
0.8333299319658477,1.1928999136900096,1.0079024491183540
0.8316752211466852,1.1827199713424326,1.0171237959690702
0.8302015983347365,1.1725821845789046,1.0264114224633634
0.8289100293365342,1.1624876562873292,1.0357635456265968
0.8278013662955725,1.1524375232080735,1.0451784341363315
0.8268763449246317,1.1424329569933150,1.0546544070771937
0.8261355820929155,1.1324751652906124,1.0641898326896382
0.8255795737862349,1.1225653928500066,1.0737831271172185
0.8252086934558446,1.1127049226537820,1.0834327531564870
0.8250231907686733,1.1028950770678088,1.0931372190131652
0.8250231907686733,1.0931372190131652,1.1028950770678090
0.8252086934558447,1.0834327531564867,1.1127049226537822
0.8255795737862349,1.0737831271172182,1.1225653928500066
0.8261355820929154,1.0641898326896380,1.1324751652906124
0.8268763449246317,1.0546544070771935,1.1424329569933154
0.8278013662955724,1.0451784341363313,1.1524375232080735
0.8289100293365341,1.0357635456265970,1.1624876562873294
0.8302015983347365,1.0264114224633634,1.1725821845789048
0.8316752211466852,1.0171237959690700,1.1827199713424328
0.8333299319658477,1.0079024491183535,1.1928999136900100
0.8351646544245033,0.9987492177719090,1.2031209415515967
0.8371782050070197,0.9896659918933275,1.2133820166655460
0.8393692967499649,0.9806547167425381,1.2236821315945060
0.8417365432029581,0.9717173940387972,1.2340203087668289
0.8442784626229546,0.9628560830854702,1.2443955995435154
0.8469934823737864,0.9540729018480800,1.2548070833106300
0.8498799435022261,0.9453700279763042,1.2652538665970459
0.8529361054615990,0.9367496997597596,1.2757350822173075
0.8561601509540331,0.9282142170065383,1.2862498884393360
0.8595501908627821,0.9197659418325413,1.2967974681766570
0.8631042692466749,0.9114072993487172,1.3073770282047756
0.8668203683695994,0.9031407782323432,1.3179877984012953
0.8706964137390019,0.8949689311675025,1.3286290310093396
0.8747302791286522,0.8868943751389232,1.3392999999238104
0.8789197915623472,0.8789197915623472,1.3500000000000000
0.8832627362367835,0.8710479262336362,1.3607283463840463
0.8877568613634925,0.8632815890778721,1.3714843738647196
0.8923998829114715,0.8556236536788203,1.3822674362460120
0.8971894892339280,0.8480770565682997,1.3930769057399965
0.9021233455643661,0.8406447962542728,1.4039121723794201
0.9071990983690584,0.8333299319658475,1.4147726434494912
0.9124143795447329,0.8261355820929153,1.4256577429383253
0.9177668104520598,0.8190649222978453,1.4365669110055120
0.9232540057772147,0.8121211832765666,1.4474996034682759
0.9288735772154247,0.8053076481465112,1.4584552913047060
0.9346231369719376,0.7986276494393239,1.4694334601735295
0.9405003010773204,0.7920845656769696,1.4804336099499322
0.9465026925153331,0.7856818175109737,1.4914552542769106
0.9526279441628824,0.7794228634059948,1.5024979201316720
0.9402561526802479,1.5018356115373055,0.7917946548886295
0.9341317042132372,1.4908393745861175,0.7980524764086888
0.9281317640446166,1.4798648586948740,0.8044518985886334
0.9222587622190402,1.4689125507097598,0.8109895693735235
0.9165151389911683,1.4579829511054940,0.8176621726430963
0.9109033417213839,1.4470765744233780,0.8244664322816203
0.9054258215709046,1.4361939497242320,0.8313991158257977
0.9000850299968832,1.4253356210566903,0.8384570377077365
0.8948834150494759,1.4145021479413213,0.8456370621113568
0.8898234174743406,1.4036941058710557,0.8529361054615990
0.8849074666256334,1.3929120868284017,0.8603511385664885
0.8801379761962653,1.3821566998199382,0.8678791884325178
0.8755173397739753,1.3714285714285712,0.8755173397739751
0.8710479262336365,1.3607283463840460,0.8832627362367836
0.8667320749781438,1.3500566881522010,0.8911125813571825
0.8625720910421912,1.3394142795434494,0.8990641392751756
0.8585702400752413,1.3288018233409697,0.9071147352221454
0.8547287432219630,1.3182200429490718,0.9152617558013953
0.8510497719203705,1.3076696830622019,0.9235026490796564
0.8475354426397829,1.2971515103550264,0.9318349245068100
0.8441878115825234,1.2866663141940230,0.9402561526802478
0.8410088693749592,1.2762149073709796,0.9487639649694174
0.8380005357749982,1.2657981268587750,0.9573560530152290
0.8351646544245034,1.2554168345897820,0.9660301681181006
0.8325029876761981,1.2450719182571957,0.9747841205275418
0.8300172115255030,1.2347642921395390,0.9836157786453003
0.8277089106783416,1.2244948979485542,0.9925230681532429
0.8255795737862350,1.2142647057006162,1.0015039710763172
0.8236305888799759,1.2040747146117414,1.0105565247901370
0.8218632390327903,1.1939259540161897,1.0196788209819716
0.8202786982831769,1.1838194843085543,1.0288690045731907
0.8188780278465140,1.1737563979091457,1.0381252726105135
0.8176621726430964,1.1637378202523600,1.0474458731327634
0.8166319581684525,1.1537649107975831,1.0568291040192075
0.8157880877296707,1.1438388640620563,1.0662733118249768
0.8151311400690102,1.1339609106749557,1.0757768906085252
0.8146615673933288,1.1241323184517715,1.0853382807555758
0.8143796938248682,1.1143543934878681,1.0949559678035330
0.8142857142857143,1.1046284812699032,1.1046284812699034
0.8143796938248681,1.0949559678035328,1.1143543934878681
0.8146615673933288,1.0853382807555758,1.1241323184517715
0.8151311400690102,1.0757768906085250,1.1339609106749560
0.8157880877296707,1.0662733118249765,1.1438388640620563
0.8166319581684525,1.0568291040192073,1.1537649107975834
0.8176621726430964,1.0474458731327634,1.1637378202523598
0.8188780278465140,1.0381252726105135,1.1737563979091459
0.8202786982831768,1.0288690045731907,1.1838194843085543
0.8218632390327903,1.0196788209819714,1.1939259540161900
0.8236305888799756,1.0105565247901367,1.2040747146117416
0.8255795737862349,1.0015039710763170,1.2142647057006164
0.8277089106783415,0.9925230681532425,1.2244948979485546
0.8300172115255029,0.9836157786453000,1.2347642921395392
0.8325029876761981,0.9747841205275417,1.2450719182571957
0.8351646544245034,0.9660301681181005,1.2554168345897823
0.8380005357749980,0.9573560530152289,1.2657981268587750
0.8410088693749591,0.9487639649694173,1.2762149073709796
0.8441878115825232,0.9402561526802475,1.2866663141940233
0.8475354426397826,0.9318349245068099,1.2971515103550266
0.8510497719203703,0.9235026490796562,1.3076696830622020
0.8547287432219628,0.9152617558013952,1.3182200429490718
0.8585702400752412,0.9071147352221453,1.3288018233409697
0.8625720910421911,0.8990641392751754,1.3394142795434496
0.8667320749781436,0.8911125813571825,1.3500566881522014
0.8710479262336364,0.8832627362367835,1.3607283463840463
0.8755173397739750,0.8755173397739750,1.3714285714285714
0.8801379761962651,0.8678791884325177,1.3821566998199382
0.8849074666256331,0.8603511385664884,1.3929120868284017
0.8898234174743405,0.8529361054615988,1.4036941058710560
0.8948834150494758,0.8456370621113566,1.4145021479413216
0.9000850299968830,0.8384570377077364,1.4253356210566905
0.9054258215709042,0.8313991158257978,1.4361939497242320
0.9109033417213835,0.8244664322816203,1.4470765744233780
0.9165151389911680,0.8176621726430963,1.4579829511054940
0.9222587622190400,0.8109895693735234,1.4689125507097600
0.9281317640446164,0.8044518985886334,1.4798648586948744
0.9341317042132370,0.7980524764086888,1.4908393745861177
0.9402561526802475,0.7917946548886297,1.5018356115373055
0.9278843611976130,1.5012749683559785,0.8041664463712646
0.9217607374708783,1.4903259470905780,0.8104231698845453
0.9157633149343732,1.4793993541230142,0.8168193665376822
0.9098945890955206,1.4684956900981132,0.8233517858517746
0.9041570660012563,1.4576154695744885,0.8300172115255031
0.8985532589577947,1.4467592214663638,0.8368124652757131
0.8930856850360590,1.4359274895000935,0.8437344102868160
0.8877568613634927,1.4251208326858118,0.8507799542844465
0.8825693012044842,1.4143398258046551,0.8579460522500403
0.8775255098332831,1.4035850599119966,0.8652297087939087
0.8726279802050442,1.3928571428571426,0.8726279802050441
0.8678791884325179,1.3821566998199380,0.8801379761962651
0.8632815890778724,1.3714843738647193,0.8877568613634926
0.8588376102711890,1.3608408265120650,0.8954818563779173
0.8545496486692956,1.3502267383287736,0.9033102389296284
0.8504200642707612,1.3396428095365036,0.9112393444409340
0.8464511751050587,1.3290897606394891,0.9192665665671539
0.8426452518160672,1.3185683330717417,0.9273893575021032
0.8390045121622242,1.3080792898641230,0.9356052281048579
0.8355311154576828,1.2976234163316585,0.9439117478636985
0.8322271569807890,1.2872015207814358,0.9523065447123845
0.8290946623779902,1.2768144352414004,0.9607873047131501
0.8261355820929154,1.2664630162103319,0.9693517716200128
0.8233517858517744,1.2561481454292347,0.9779977463352024
0.8207450572373810,1.2458707306743426,0.9867230862707085
0.8183170883849714,1.2356317065718710,0.9955257046261683
0.8160694748335476,1.2254320354346002,1.0044035695935400
0.8140037105666821,1.2152727081202970,1.0133547034982573
0.8121211832765666,1.2051547449119024,1.0223771818858325
0.8104231698845452,1.1950791964193357,1.0314691325621779
0.8089108323504376,1.1850471445026470,1.0406287345952476
0.8075852138016276,1.1750597032161594,1.0498542172849620
0.8064472350111587,1.1651180197731041,1.0591438591077769
0.8054976912519645,1.1552232755301160,1.0684959866416852
0.8047372495518812,1.1453766869908084,1.0779089734769078
0.8041664463712646,1.1355795068274743,1.0873812391170237
0.8037856857219022,1.1258330249197703,1.0969112478748160
0.8035952377425150,1.1161385694090358,1.1064975077666817
0.8035952377425148,1.1064975077666814,1.1161385694090358
0.8037856857219022,1.0969112478748158,1.1258330249197700
0.8041664463712646,1.0873812391170234,1.1355795068274745
0.8047372495518811,1.0779089734769076,1.1453766869908089
0.8054976912519645,1.0684959866416848,1.1552232755301162
0.8064472350111587,1.0591438591077766,1.1651180197731048
0.8075852138016275,1.0498542172849620,1.1750597032161596
0.8089108323504375,1.0406287345952474,1.1850471445026471
0.8104231698845451,1.0314691325621776,1.1950791964193361
0.8121211832765666,1.0223771818858323,1.2051547449119029
0.8140037105666820,1.0133547034982570,1.2152727081202972
0.8160694748335475,1.0044035695935398,1.2254320354346004
0.8183170883849714,0.9955257046261680,1.2356317065718710
0.8207450572373810,0.9867230862707084,1.2458707306743426
0.8233517858517743,0.9779977463352022,1.2561481454292351
0.8261355820929153,0.9693517716200125,1.2664630162103320
0.8290946623779902,0.9607873047131498,1.2768144352414006
0.8322271569807888,0.9523065447123845,1.2872015207814358
0.8355311154576825,0.9439117478636982,1.2976234163316590
0.8390045121622239,0.9356052281048577,1.3080792898641234
0.8426452518160672,0.9273893575021028,1.3185683330717421
0.8464511751050587,0.9192665665671536,1.3290897606394894
0.8504200642707612,0.9112393444409338,1.3396428095365038
0.8545496486692955,0.9033102389296281,1.3502267383287738
0.8588376102711888,0.8954818563779172,1.3608408265120653
0.8632815890778722,0.8877568613634924,1.3714843738647196
0.8678791884325178,0.8801379761962650,1.3821566998199382
0.8726279802050440,0.8726279802050440,1.3928571428571430
0.8775255098332830,0.8652297087939085,1.4035850599119968
0.8825693012044842,0.8579460522500401,1.4143398258046556
0.8877568613634924,0.8507799542844465,1.4251208326858120
0.8930856850360589,0.8437344102868157,1.4359274895000935
0.8985532589577945,0.8368124652757131,1.4467592214663640
0.9041570660012561,0.8300172115255029,1.4576154695744890
0.9098945890955205,0.8233517858517743,1.4684956900981136
0.9157633149343731,0.8168193665376822,1.4793993541230144
0.9217607374708782,0.8104231698845451,1.4903259470905780
0.9278843611976128,0.8041664463712644,1.5012749683559787
0.9155125697149782,1.5008161045217485,0.8165382378538993
0.9093897931681264,1.4899150777059444,0.8227938963788972
0.9033949573578502,1.4790371937203481,0.8291869634817973
0.8975306259341773,1.4681829669662414,0.8357142857142859
0.8917993734293492,1.4573529260341873,0.8423727421603183
0.8862037817890099,1.4465476141489430,0.8491592480632999
0.8807464366741917,1.4357675896288267,0.8560707580902077
0.8754299235349501,1.4250134263599492,0.8631042692466749
0.8702568234581733,1.4142857142857141,0.8702568234581735
0.8652297087939086,1.4035850599119966,0.8775255098332831
0.8603511385664886,1.3929120868284017,0.8849074666256332
0.8556236536788204,1.3822674362460117,0.8923998829114717
0.8510497719203705,1.3716517675520163,0.9000000000000000
0.8466319827916463,1.3610657588816197,0.9077051125936064
0.8423727421603183,1.3505101077076052,0.9155125697149781
0.8382744667664960,1.3399855314479314,0.9234197754177963
0.8343395285970766,1.3294927680917120,0.9314241892973166
0.8305702491514552,1.3190325768439193,0.9395233268166647
0.8269688936232175,1.3086057387891268,0.9477147594641135
0.8235376650246703,1.2982130575745812,0.9559961147560023
0.8202786982831768,1.2878553601128615,0.9643650760992956
0.8171940543402036,1.2775334973043537,0.9728193825271002
0.8142857142857143,1.2672483447797194,0.9813568283197484
0.8115555735620279,1.2570008036624970,0.9899752625233438
0.8090054362724440,1.2467918013519206,0.9986725883769467
0.8066370096308020,1.2366222923259755,1.0074467626588697
0.8044518985886336,1.2264932589646442,1.0162957949618523
0.8024516006766835,1.2164057123932200,1.0252177469062016
0.8006375010972603,1.2063606933454765,1.0342107312993296
0.7990108681031435,1.1963592730463877,1.0432729112494674
0.7975728486975919,1.1864025541139747,1.0524024992407437
0.7963244646883736,1.1764916714797533,1.0615977561762118
0.7952666091266734,1.1666277933271028,1.0708569903948664
0.7944000431592565,1.1568121220467416,1.0801785566681625
0.7937253933193773,1.1470458952083327,1.0895608551810483
0.7932431492786756,1.1373303865470512,1.0990023305020693
0.7929536620787383,1.1276669069637648,1.1085014705466483
0.7928571428571430,1.1180568055372513,1.1180568055372513
0.7929536620787382,1.1085014705466483,1.1276669069637650
0.7932431492786756,1.0990023305020693,1.1373303865470514
0.7937253933193772,1.0895608551810483,1.1470458952083330
0.7944000431592565,1.0801785566681620,1.1568121220467418
0.7952666091266731,1.0708569903948661,1.1666277933271030
0.7963244646883735,1.0615977561762115,1.1764916714797538
0.7975728486975919,1.0524024992407435,1.1864025541139750
0.7990108681031435,1.0432729112494670,1.1963592730463881
0.8006375010972602,1.0342107312993294,1.2063606933454770
0.8024516006766834,1.0252177469062016,1.2164057123932202
0.8044518985886335,1.0162957949618520,1.2264932589646445
0.8066370096308020,1.0074467626588695,1.2366222923259758
0.8090054362724439,0.9986725883769465,1.2467918013519206
0.8115555735620279,0.9899752625233436,1.2570008036624970
0.8142857142857143,0.9813568283197481,1.2672483447797196
0.8171940543402036,0.9728193825270999,1.2775334973043542
0.8202786982831768,0.9643650760992953,1.2878553601128617
0.8235376650246701,0.9559961147560021,1.2982130575745812
0.8269688936232173,0.9477147594641133,1.3086057387891272
0.8305702491514550,0.9395233268166645,1.3190325768439195
0.8343395285970765,0.9314241892973164,1.3294927680917124
0.8382744667664960,0.9234197754177961,1.3399855314479319
0.8423727421603182,0.9155125697149779,1.3505101077076056
0.8466319827916463,0.9077051125936061,1.3610657588816200
0.8510497719203703,0.9000000000000000,1.3716517675520166
0.8556236536788203,0.8923998829114714,1.3822674362460120
0.8603511385664884,0.8849074666256330,1.3929120868284020
0.8652297087939085,0.8775255098332829,1.4035850599119968
0.8702568234581732,0.8702568234581732,1.4142857142857144
0.8754299235349500,0.8631042692466748,1.4250134263599492
0.8807464366741916,0.8560707580902075,1.4357675896288271
0.8862037817890098,0.8491592480632996,1.4465476141489433
0.8917993734293491,0.8423727421603181,1.4573529260341878
0.8975306259341771,0.8357142857142857,1.4681829669662418
0.9033949573578500,0.8291869634817972,1.4790371937203486
0.9093897931681262,0.8227938963788971,1.4899150777059444
0.9155125697149780,0.8165382378538992,1.5008161045217487
0.9031407782323432,1.5004591134117609,0.8289100293365343
0.8970188722333868,1.4896068512961973,0.8351646544245036
0.8910266951267911,1.4787784534154240,0.8415546837337939
0.8851668815332312,1.4679744478674812,0.8480770565682999
0.8794420773120529,1.4571953772047652,0.8547287432219629
0.8738549358901580,1.4464417988813167,0.8615067484071269
0.8684081143455676,1.4357142857142855,0.8684081143455679
0.8631042692466749,1.4250134263599490,0.8754299235349501
0.8579460522500402,1.4143398258046553,0.8825693012044843
0.8529361054615990,1.4036941058710557,0.8898234174743406
0.8480770565682998,1.3930769057399960,0.8971894892339283
0.8433715137494754,1.3824888824884203,0.9046647817545123
0.8388220603796683,1.3719307116436383,0.9122466100518110
0.8344312495371213,1.3614030877542984,0.9199323400142436
0.8302015983347365,1.3509067249783888,0.9277193893123733
0.8261355820929154,1.3404423576885780,0.9356052281048579
0.8222356283763363,1.3300107410951878,0.9435873795558858
0.8185041109193262,1.3196126518870634,0.9516634201786486
0.8149433434670317,1.3092488888905822,0.9598309800189209
0.8115555735620278,1.2989202737470150,0.9680877426922732
0.8083429763082864,1.2886276516084060,0.9764314452878601
0.8053076481465113,1.2783718918521130,0.9848598781511191
0.8024516006766834,1.2681538888140846,0.9933708845570796
0.7997767545652081,1.2579745625409124,1.0019623602853411
0.7972849335752699,1.2478348595606286,1.0106322531071372
0.7949778587598320,1.2377357536721507,1.0193785621942542
0.7928571428571428,1.2276782467532037,1.0281993374589486
0.7909242849285865,1.2176633695864603,1.0370926788333799
0.7891806652782236,1.2076921827035500,1.0460567354964794
0.7876275406923903,1.1977657772464767,1.0550897050555874
0.7862660400362498,1.1878852758458738,1.0641898326896384
0.7850971602422264,1.1780518335153929,1.0733554102601310
0.7841217627227994,1.1682666385613816,1.0825847753956122
0.7833405702372320,1.1585309135068516,1.0918763105549183
0.7827541642384619,1.1488459160285638,1.1012284420739655
0.7823629827226579,1.1392129399058717,1.1106396392004318
0.7821673185998724,1.1296333159797598,1.1201084131202914
0.7821673185998724,1.1201084131202912,1.1296333159797605
0.7823629827226579,1.1106396392004318,1.1392129399058721
0.7827541642384619,1.1012284420739655,1.1488459160285645
0.7833405702372319,1.0918763105549183,1.1585309135068520
0.7841217627227994,1.0825847753956117,1.1682666385613820
0.7850971602422264,1.0733554102601308,1.1780518335153933
0.7862660400362499,1.0641898326896380,1.1878852758458744
0.7876275406923903,1.0550897050555870,1.1977657772464771
0.7891806652782236,1.0460567354964790,1.2076921827035503
0.7909242849285865,1.0370926788333796,1.2176633695864605
0.7928571428571428,1.0281993374589484,1.2276782467532040
0.7949778587598318,1.0193785621942540,1.2377357536721512
0.7972849335752697,1.0106322531071370,1.2478348595606288
0.7997767545652080,1.0019623602853407,1.2579745625409127
0.8024516006766834,0.9933708845570792,1.2681538888140849
0.8053076481465113,0.9848598781511188,1.2783718918521136
0.8083429763082863,0.9764314452878596,1.2886276516084065
0.8115555735620279,0.9680877426922727,1.2989202737470154
0.8149433434670318,0.9598309800189205,1.3092488888905827
0.8185041109193263,0.9516634201786480,1.3196126518870637
0.8222356283763362,0.9435873795558855,1.3300107410951882
0.8261355820929153,0.9356052281048576,1.3404423576885784
0.8302015983347364,0.9277193893123730,1.3509067249783893
0.8344312495371213,0.9199323400142434,1.3614030877542990
0.8388220603796683,0.9122466100518106,1.3719307116436388
0.8433715137494754,0.9046647817545119,1.3824888824884207
0.8480770565682997,0.8971894892339280,1.3930769057399963
0.8529361054615989,0.8898234174743405,1.4036941058710560
0.8579460522500401,0.8825693012044841,1.4143398258046558
0.8631042692466748,0.8754299235349499,1.4250134263599494
0.8684081143455676,0.8684081143455675,1.4357142857142860
0.8738549358901578,0.8615067484071266,1.4464417988813172
0.8794420773120529,0.8547287432219626,1.4571953772047657
0.8851668815332311,0.8480770565682997,1.4679744478674814
0.8910266951267909,0.8415546837337938,1.4787784534154245
0.8970188722333867,0.8351646544245034,1.4896068512961975
0.9031407782323431,0.8289100293365341,1.5004591134117613
0.8907689867497084,1.5002040677514370,0.8412818208191692
0.8846479756469953,1.4894013315861550,0.8475354426397829
0.8786585322675304,1.4786231874998592,0.8539225219359119
0.8728033651892702,1.4678701772101160,0.8604400867330293
0.8670851945996297,1.4571428571428569,0.8670851945996297
0.8615067484071268,1.4464417988813167,0.8738549358901580
0.8560707580902077,1.4357675896288264,0.8807464366741917
0.8507799542844466,1.4251208326858116,0.8877568613634926
0.8456370621113568,1.4145021479413213,0.8948834150494759
0.8406447962542729,1.4039121723794200,0.9021233455643664
0.8358058557891472,1.3933515606007592,0.9094739452798290
0.8311229187806393,1.3828209853596451,0.9169325526572003
0.8265986366565390,1.3723211381168945,0.9244965535636251
0.8222356283763363,1.3618527296087697,0.9321633823684407
0.8180364744125949,1.3514164904322592,0.9399305228340562
0.8140037105666821,1.3410131716469498,0.9477955088153840
0.8101398216433044,1.3306435453937160,0.9557559247815848
0.8064472350111586,1.3203084055304220,0.9638094061735297
0.8029283140797941,1.3100085682847997,0.9719536396099461
0.7995853517254288,1.2997448729246357,0.9801863629547442
0.7964205637009345,1.2895181824453437,0.9885053652574969
0.7934360820674408,1.2793293842749753,0.9969084865785051
0.7906339486869550,1.2691793909966440,1.0053936177093092
0.7880161088170102,1.2590691410882946,1.0139586997989412
0.7855844048495726,1.2489995996796797,1.0226017238956162
0.7833405702372320,1.2389717593263225,1.0313207304129943
0.7812862236500182,1.2289866408001782,1.0401138085295656
0.7794228634059949,1.2190452938965919,1.0489790955291450
0.7777518622180686,1.2091487982570757,1.0579147760899212
0.7762744622981788,1.1992982642072871,1.0669190815289662
0.7749917708582197,1.1894948336094920,1.0759902890086028
0.7739047560446773,1.1797396807286402,1.0851267207105355
0.7730142433410676,1.1700340131110438,1.0943267429831747
0.7723209124688615,1.1603790724744798,1.1035887654671492
0.7718252948137201,1.1507761356083615,1.1129112402035612
0.7715277713995890,1.1412265152824277,1.1222926607291570
0.7714285714285715,1.1317315611621919,1.1317315611621919
0.7715277713995890,1.1222926607291568,1.1412265152824280
0.7718252948137201,1.1129112402035610,1.1507761356083620
0.7723209124688615,1.1035887654671488,1.1603790724744805
0.7730142433410676,1.0943267429831747,1.1700340131110443
0.7739047560446773,1.0851267207105350,1.1797396807286407
0.7749917708582196,1.0759902890086026,1.1894948336094924
0.7762744622981788,1.0669190815289658,1.1992982642072876
0.7777518622180686,1.0579147760899210,1.2091487982570759
0.7794228634059949,1.0489790955291447,1.2190452938965920
0.7812862236500182,1.0401138085295651,1.2289866408001782
0.7833405702372320,1.0313207304129940,1.2389717593263228
0.7855844048495726,1.0226017238956158,1.2489995996796799
0.7880161088170101,1.0139586997989412,1.2590691410882950
0.7906339486869549,1.0053936177093090,1.2691793909966442
0.7934360820674408,0.9969084865785047,1.2793293842749756
0.7964205637009345,0.9885053652574967,1.2895181824453439
0.7995853517254288,0.9801863629547438,1.2997448729246361
0.8029283140797941,0.9719536396099456,1.3100085682848004
0.8064472350111587,0.9638094061735293,1.3203084055304224
0.8101398216433044,0.9557559247815843,1.3306435453937164
0.8140037105666820,0.9477955088153837,1.3410131716469502
0.8180364744125947,0.9399305228340560,1.3514164904322596
0.8222356283763362,0.9321633823684404,1.3618527296087701
0.8265986366565390,0.9244965535636248,1.3723211381168950
0.8311229187806392,0.9169325526572000,1.3828209853596456
0.8358058557891471,0.9094739452798287,1.3933515606007596
0.8406447962542728,0.9021233455643660,1.4039121723794201
0.8456370621113567,0.8948834150494757,1.4145021479413216
0.8507799542844465,0.8877568613634924,1.4251208326858120
0.8560707580902076,0.8807464366741915,1.4357675896288271
0.8615067484071267,0.8738549358901577,1.4464417988813172
0.8670851945996295,0.8670851945996295,1.4571428571428573
0.8728033651892700,0.8604400867330292,1.4678701772101161
0.8786585322675303,0.8539225219359117,1.4786231874998599
0.8846479756469952,0.8475354426397826,1.4894013315861552
0.8907689867497082,0.8412818208191690,1.5002040677514372
0.8783971952670736,1.5000510195404986,0.8536536123018039
0.8722771044448981,1.4892985610956697,0.8599062597226539
0.8662904730363077,1.4785714285714284,0.8662904730363077
0.8604400867330293,1.4678701772101157,0.8728033651892702
0.8547287432219627,1.4571953772047652,0.8794420773120530
0.8491592480632997,1.4465476141489430,0.8862037817890100
0.8437344102868158,1.4359274895000930,0.8930856850360590
0.8384570377077366,1.4253356210566900,0.9000850299968831
0.8333299319658476,1.4147726434494910,0.9071990983690587
0.8283558832939832,1.4042392086471738,0.9144252125722231
0.8235376650246702,1.3937359864766354,0.9217607374708783
0.8188780278465138,1.3832636651582149,0.9292030818647445
0.8143796938248680,1.3728229518560857,0.9367496997597599
0.8100453502043915,1.3624145732440456,0.9443980914328666
0.8058776430142508,1.3520392760869162,0.9521458043036589
0.8018791704999156,1.3416978278377323,0.9599904336258052
0.7980524764086889,1.3313910172508774,0.9679296230109093
0.7944000431592565,1.3211196550112871,0.9759610647971569
0.7909242849285866,1.3108845743798110,0.9840825002747173
0.7876275406923903,1.3006866318547732,0.9922917197794494
0.7845120672580311,1.2905267078497327,1.0005865626659970
0.7815800323311590,1.2804057073873905,1.0089649171708760
0.7788335076594107,1.2703245608095270,1.0174247201756452
0.7762744622981789,1.2602842245027952,1.0259639568797370
0.7739047560446773,1.2502856816401144,1.0345806603919983
0.7717261330872475,1.2403299429373373,1.0432729112494674
0.7697402159170327,1.2304180474247650,1.0520388368713935
0.7679484995487548,1.2205510632329906,1.0608766109559915
0.7663523460963285,1.2107300883924441,1.0697844528269256
0.7649529797474416,1.2009562516458903,1.0787606267360330
0.7637514821789954,1.1912307132729990,1.0878034411283193
0.7627487884524723,1.1815546659259690,1.0969112478748160
0.7619456834248725,1.1719293354750269,1.1060824414784547
0.7613427987069014,1.1623559818624534,1.1153154582576947
0.7609406101956302,1.1528358999636061,1.1246087755122598
0.7607394362039596,1.1433704204532085,1.1339609106749562
0.7607394362039597,1.1339609106749560,1.1433704204532087
0.7609406101956301,1.1246087755122594,1.1528358999636066
0.7613427987069014,1.1153154582576945,1.1623559818624538
0.7619456834248725,1.1060824414784542,1.1719293354750275
0.7627487884524722,1.0969112478748160,1.1815546659259695
0.7637514821789954,1.0878034411283190,1.1912307132729993
0.7649529797474416,1.0787606267360328,1.2009562516458905
0.7663523460963285,1.0697844528269254,1.2107300883924441
0.7679484995487548,1.0608766109559910,1.2205510632329906
0.7697402159170327,1.0520388368713933,1.2304180474247652
0.7717261330872475,1.0432729112494672,1.2403299429373373
0.7739047560446772,1.0345806603919980,1.2502856816401144
0.7762744622981786,1.0259639568797367,1.2602842245027956
0.7788335076594105,1.0174247201756452,1.2703245608095275
0.7815800323311589,1.0089649171708759,1.2804057073873907
0.7845120672580310,1.0005865626659969,1.2905267078497330
0.7876275406923903,0.9922917197794492,1.3006866318547734
0.7909242849285865,0.9840825002747171,1.3108845743798114
0.7944000431592565,0.9759610647971566,1.3211196550112876
0.7980524764086888,0.9679296230109091,1.3313910172508778
0.8018791704999156,0.9599904336258049,1.3416978278377327
0.8058776430142507,0.9521458043036587,1.3520392760869164
0.8100453502043914,0.9443980914328663,1.3624145732440460
0.8143796938248680,0.9367496997597597,1.3728229518560862
0.8188780278465138,0.9292030818647443,1.3832636651582153
0.8235376650246701,0.9217607374708780,1.3937359864766357
0.8283558832939831,0.9144252125722229,1.4042392086471740
0.8333299319658476,0.9071990983690584,1.4147726434494912
0.8384570377077365,0.9000850299968830,1.4253356210566903
0.8437344102868158,0.8930856850360588,1.4359274895000935
0.8491592480632996,0.8862037817890098,1.4465476141489433
0.8547287432219627,0.8794420773120528,1.4571953772047657
0.8604400867330292,0.8728033651892700,1.4678701772101161
0.8662904730363075,0.8662904730363075,1.4785714285714286
0.8722771044448980,0.8599062597226537,1.4892985610956697
0.8783971952670734,0.8536536123018038,1.5000510195404988
0.8660254037844388,1.4999999999999998,0.8660254037844388
0.8599062597226539,1.4892985610956697,0.8722771044448981
0.8539225219359120,1.4786231874998592,0.8786585322675304
0.8480770565682998,1.4679744478674812,0.8851668815332313
0.8423727421603183,1.4573529260341873,0.8917993734293492
0.8368124652757131,1.4467592214663638,0.8985532589577947
0.8313991158257980,1.4361939497242320,0.9054258215709045
0.8261355820929155,1.4256577429383250,0.9124143795447330
0.8210247454572008,1.4151512502995887,0.9195162881002342
0.8160694748335476,1.4046751385633471,0.9267289412833967
0.8112726208286106,1.3942300925673665,0.9340497736158587
0.8066370096308020,1.3838168157642240,0.9414762615278245
0.8021654366495120,1.3734360307681770,0.9490059245852785
0.7978606599231857,1.3630884799167047,0.9566363265235593
0.7937253933193773,1.3527749258468682,0.9643650760992956
0.7897622995534279,1.3424961520866070,0.9721898277725858
0.7859739830559384,1.3322529636610583,0.9801082822310805
0.7823629827226580,1.3220461877139462,0.9881181867673566
0.7789317645837478,1.3118766741440542,0.9962173355206367
0.7756827144325107,1.3017452962567330,1.0044035695935400
0.7726181304565694,1.2916529514303658,1.0126747770541304
0.7697402159170327,1.2816005617976296,1.0210288928331070
0.7670510719233600,1.2715890749413520,1.0294638985255127
0.7645526903533404,1.2616194646046752,1.0379778221058837
0.7622469469688058,1.2516927314151627,1.0465687375652780
0.7601355947783130,1.2418099036224077,1.0552347644781541
0.7582202576980344,1.2319720378485937,1.0639740675065960
0.7565024245614465,1.2221802198513598,1.0727848558489144
0.7549834435270750,1.2124355652982142,1.0816653826391969
0.7536645169315276,1.2027392205515960,1.0906139443039430
0.7525466966323385,1.1930923634635760,1.0996288798814753
0.7516308798817655,1.1834962041790090,1.1087085703094168
0.7509178057686530,1.1739519859458145,1.1178514376851219
0.7504080522608745,1.1644609859308732,1.1270559445035622
0.7501020338757186,1.1550245160398374,1.1363205928768160
0.7500000000000001,1.1456439237389597,1.1456439237389602
0.7501020338757186,1.1363205928768159,1.1550245160398378
0.7504080522608744,1.1270559445035620,1.1644609859308737
0.7509178057686527,1.1178514376851219,1.1739519859458147
0.7516308798817654,1.1087085703094166,1.1834962041790091
0.7525466966323385,1.0996288798814750,1.1930923634635764
0.7536645169315276,1.0906139443039429,1.2027392205515963
0.7549834435270750,1.0816653826391969,1.2124355652982142
0.7565024245614465,1.0727848558489141,1.2221802198513600
0.7582202576980343,1.0639740675065960,1.2319720378485937
0.7601355947783129,1.0552347644781541,1.2418099036224080
0.7622469469688057,1.0465687375652780,1.2516927314151630
0.7645526903533404,1.0379778221058835,1.2616194646046752
0.7670510719233600,1.0294638985255125,1.2715890749413525
0.7697402159170326,1.0210288928331068,1.2816005617976298
0.7726181304565691,1.0126747770541302,1.2916529514303660
0.7756827144325106,1.0044035695935398,1.3017452962567335
0.7789317645837477,0.9962173355206366,1.3118766741440546
0.7823629827226578,0.9881181867673563,1.3220461877139467
0.7859739830559382,0.9801082822310804,1.3322529636610585
0.7897622995534279,0.9721898277725856,1.3424961520866074
0.7937253933193772,0.9643650760992953,1.3527749258468684
0.7978606599231857,0.9566363265235590,1.3630884799167047
0.8021654366495120,0.9490059245852782,1.3734360307681772
0.8066370096308019,0.9414762615278242,1.3838168157642243
0.8112726208286104,0.9340497736158586,1.3942300925673670
0.8160694748335474,0.9267289412833964,1.4046751385633476
0.8210247454572007,0.9195162881002340,1.4151512502995889
0.8261355820929153,0.9124143795447329,1.4256577429383253
0.8313991158257978,0.9054258215709041,1.4361939497242320
0.8368124652757131,0.8985532589577945,1.4467592214663638
0.8423727421603181,0.8917993734293491,1.4573529260341878
0.8480770565682997,0.8851668815332311,1.4679744478674814
0.8539225219359117,0.8786585322675303,1.4786231874998599
0.8599062597226537,0.8722771044448980,1.4892985610956697
0.8660254037844386,0.8660254037844386,1.5000000000000000
0.8536536123018039,1.5000510195404986,0.8783971952670736
0.8475354426397829,1.4894013315861550,0.8846479756469953
0.8415546837337940,1.4787784534154240,0.8910266951267910
0.8357142857142859,1.4681829669662414,0.8975306259341773
0.8300172115255030,1.4576154695744885,0.9041570660012563
0.8244664322816204,1.4470765744233776,0.9109033417213837
0.8190649222978456,1.4365669110055115,0.9177668104520598
0.8138156537984185,1.4260871255978430,0.9247448627726946
0.8087215913062407,1.4156378817497424,0.9318349245068102
0.8037856857219023,1.4052198607843744,0.9390344585188098
0.7990108681031435,1.3948337623135580,0.9463409662958673
0.7944000431592566,1.3844803047662735,0.9537519893257667
0.7899560824785756,1.3741602259309544,0.9612651102817049
0.7856818175109739,1.3638742835116768,0.9688779540251282
0.7815800323311592,1.3536232556983300,0.9765881884376435
0.7776534562124596,1.3434079417508233,0.9843935250929366
0.7739047560446775,1.3332291625973383,0.9922917197794494
0.7703365286333882,1.3230877614466077,1.0002805728843263
0.7669512929217122,1.3129846044141458,1.0083579296488496
0.7637514821789955,1.3029205811623080,1.0165216803052517
0.7607394362039598,1.2928966055540020,1.0247697601044294
0.7579173935926027,1.2829136163198110,1.0331001492436962
0.7552874841234095,1.2729725777382122,1.0415108727032973
0.7528517213141738,1.2630744803285128,1.0499999999999998
0.7506119952058712,1.2532203415560232,1.0585656448656342
0.7485700654295114,1.2434112065489150,1.0672059648580359
0.7467275546116714,1.2336481488260906,1.0759191609114165
0.7450859421734449,1.2239322710353020,1.0847034768327526
0.7436465585758014,1.2142647057006160,1.0935571987503790
0.7424105800618384,1.2046466159782110,1.1024786545205625
0.7413790239431227,1.1950791964193360,1.1114662130974307
0.7405527444733014,1.1855636737391189,1.1205182838712610
0.7399324293474372,1.1761013075897353,1.1296333159797600
0.7395185968601743,1.1666933913362818,1.1388097975966138
0.7393115937499299,1.1573412528334950,1.1480462552012585
0.7393115937499299,1.1480462552012580,1.1573412528334952
0.7395185968601743,1.1388097975966138,1.1666933913362822
0.7399324293474372,1.1296333159797598,1.1761013075897355
0.7405527444733014,1.1205182838712610,1.1855636737391190
0.7413790239431226,1.1114662130974304,1.1950791964193361
0.7424105800618384,1.1024786545205620,1.2046466159782110
0.7436465585758013,1.0935571987503787,1.2142647057006164
0.7450859421734448,1.0847034768327521,1.2239322710353022
0.7467275546116714,1.0759191609114163,1.2336481488260910
0.7485700654295114,1.0672059648580359,1.2434112065489150
0.7506119952058712,1.0585656448656342,1.2532203415560232
0.7528517213141738,1.0499999999999998,1.2630744803285128
0.7552874841234094,1.0415108727032971,1.2729725777382124
0.7579173935926027,1.0331001492436960,1.2829136163198112
0.7607394362039597,1.0247697601044292,1.2928966055540023
0.7637514821789955,1.0165216803052515,1.3029205811623081
0.7669512929217120,1.0083579296488496,1.3129846044141460
0.7703365286333881,1.0002805728843260,1.3230877614466081
0.7739047560446773,0.9922917197794492,1.3332291625973385
0.7776534562124596,0.9843935250929364,1.3434079417508233
0.7815800323311589,0.9765881884376434,1.3536232556983303
0.7856818175109737,0.9688779540251281,1.3638742835116768
0.7899560824785755,0.9612651102817046,1.3741602259309547
0.7944000431592565,0.9537519893257664,1.3844803047662740
0.7990108681031435,0.9463409662958672,1.3948337623135585
0.8037856857219022,0.9390344585188096,1.4052198607843747
0.8087215913062406,0.9318349245068099,1.4156378817497426
0.8138156537984182,0.9247448627726946,1.4260871255978431
0.8190649222978453,0.9177668104520597,1.4365669110055120
0.8244664322816203,0.9109033417213835,1.4470765744233780
0.8300172115255029,0.9041570660012561,1.4576154695744890
0.8357142857142857,0.8975306259341771,1.4681829669662416
0.8415546837337938,0.8910266951267909,1.4787784534154245
0.8475354426397826,0.8846479756469952,1.4894013315861552
0.8536536123018038,0.8783971952670734,1.5000510195404988
0.8412818208191692,1.5002040677514372,0.8907689867497084
0.8351646544245036,1.4896068512961973,0.8970188722333868
0.8291869634817974,1.4790371937203481,0.9033949573578500
0.8233517858517746,1.4684956900981134,0.9098945890955206
0.8176621726430964,1.4579829511054938,0.9165151389911682
0.8121211832765667,1.4474996034682759,0.9232540057772150
0.8067318801997431,1.4370462904222416,0.9301086177518874
0.8014973232542164,1.4266236721857715,0.9370764349283143
0.7964205637009347,1.4162324264449975,0.9441549509633318
0.7915046379123340,1.4058732488516645,0.9513416948752763
0.7867525607436783,1.3955468535338265,0.9586342325604353
0.7821673185998725,1.3852539736194842,0.9660301681181007
0.7777518622180688,1.3749953617732529,0.9735271449943327
0.7735090991905736,1.3647717907461034,0.9811228469546138
0.7694418862568706,1.3545840539382090,0.9888149988955549
0.7655530213978838,1.3444329659748753,0.9966013675057274
0.7618452357699078,1.3343193632954990,1.0044797617855399
0.7583211855198055,1.3242441047554605,1.0124480334358714
0.7549834435270751,1.3142080722407912,1.0205040771249136
0.7518344911220931,1.3042121712954153,1.0286458306423836
0.7488767098332092,1.2942573317606998,1.0368712749499460
0.7461123732182626,1.2843445084269758,1.0451784341363315
0.7435436388384633,1.2744746816966250,1.0535653752852738
0.7411725404343295,1.2646488582582427,1.0620302082640145
0.7390009803644323,1.2548680717712997,1.0705710854397255
0.7370307223679932,1.2451333835606297,1.0791862013308255
0.7352633847118728,1.2354458833199635,1.0878737921997670
0.7337004337811260,1.2258066898236142,1.0966321355934847
0.7323431781700742,1.2162169516453005,1.1054595498373203
0.7311927633277407,1.2066778478829500,1.1143543934878681
0.7302501668075463,1.1971905888881890,1.1233150647498136
0.7295161941663946,1.1877564169990615,1.1323400008614994
0.7289914755527472,1.1783766072743587,1.1414276774536100
0.7286764630170940,1.1690524682277470,1.1505766078850400
0.7285714285714286,1.1597853425597024,1.1597853425597027
0.7286764630170940,1.1505766078850397,1.1690524682277472
0.7289914755527472,1.1414276774536100,1.1783766072743590
0.7295161941663946,1.1323400008614992,1.1877564169990618
0.7302501668075463,1.1233150647498131,1.1971905888881890
0.7311927633277406,1.1143543934878677,1.2066778478829505
0.7323431781700742,1.1054595498373200,1.2162169516453010
0.7337004337811259,1.0966321355934843,1.2258066898236144
0.7352633847118727,1.0878737921997670,1.2354458833199635
0.7370307223679932,1.0791862013308253,1.2451333835606300
0.7390009803644323,1.0705710854397252,1.2548680717712999
0.7411725404343295,1.0620302082640143,1.2646488582582430
0.7435436388384632,1.0535653752852738,1.2744746816966250
0.7461123732182624,1.0451784341363313,1.2843445084269760
0.7488767098332090,1.0368712749499458,1.2942573317607000
0.7518344911220929,1.0286458306423834,1.3042121712954153
0.7549834435270750,1.0205040771249134,1.3142080722407914
0.7583211855198055,1.0124480334358712,1.3242441047554607
0.7618452357699077,1.0044797617855397,1.3343193632954993
0.7655530213978838,0.9966013675057270,1.3444329659748753
0.7694418862568705,0.9888149988955547,1.3545840539382092
0.7735090991905734,0.9811228469546136,1.3647717907461037
0.7777518622180686,0.9735271449943325,1.3749953617732530
0.7821673185998724,0.9660301681181005,1.3852539736194844
0.7867525607436779,0.9586342325604351,1.3955468535338267
0.7915046379123338,0.9513416948752761,1.4058732488516648
0.7964205637009346,0.9441549509633316,1.4162324264449977
0.8014973232542163,0.9370764349283142,1.4266236721857720
0.8067318801997428,0.9301086177518872,1.4370462904222420
0.8121211832765666,0.9232540057772147,1.4474996034682759
0.8176621726430963,0.9165151389911680,1.4579829511054940
0.8233517858517743,0.9098945890955205,1.4684956900981136
0.8291869634817972,0.9033949573578500,1.4790371937203486
0.8351646544245034,0.8970188722333867,1.4896068512961973
0.8412818208191690,0.8907689867497082,1.5002040677514372
0.8289100293365341,1.5004591134117609,0.9031407782323434
0.8227938963788972,1.4899150777059442,0.9093897931681264
0.8168193665376822,1.4793993541230142,0.9157633149343732
0.8109895693735235,1.4689125507097598,0.9222587622190402
0.8053076481465113,1.4584552913047055,0.9288735772154250
0.7997767545652081,1.4480282159839681,0.9356052281048579
0.7944000431592565,1.4376319815188148,0.9424512113177457
0.7891806652782236,1.4272672618450593,0.9494090535803882
0.7841217627227995,1.4169347485444248,0.9564763137556049
0.7792264610182463,1.4066351513379691,0.9636505844856798
0.7744978623440548,1.3963691985916582,0.9709294936465023
0.7699390381380721,1.3861376378341392,0.9783107056220403
0.7655530213978837,1.3759412362867410,0.9857919224084334
0.7613427987069012,1.3657807814056920,0.9933708845570797
0.7573113020173841,1.3556570814365185,1.0010453719660735
0.7534614002274125,1.3455709659805370,1.0088132045292890
0.7497958905935804,1.3355232865733160,1.0166722426522679
0.7463174900257714,1.3255149172749310,1.0246203876438875
0.7430288263147629,1.3155467552717850,1.0326555819925676
0.7399324293474372,1.3056197214897056,1.0407758095355050
0.7370307223679930,1.2957347612179628,1.0489790955291451
0.7343260133466273,1.2858928447437852,1.0572635066287779
0.7318204865196082,1.2760949679968720,1.0656271507848307
0.7295161941663943,1.2663421532033086,1.0740681770630730
0.7274150486903777,1.2566354495482070,1.0825847753956122
0.7255188150698837,1.2469759338462938,1.0911751762692015
0.7238291037451945,1.2373647112195452,1.0998376503570230
0.7223473640055139,1.2278029157808674,1.1085705080997652
0.7210748779369843,1.2182917113226825,1.1173720992414593
0.7200127549890618,1.2088322920091445,1.1262408123252057
0.7191619272118209,1.1994258830705595,1.1351750741535829
0.7185231452111209,1.1900737414984341,1.1441733492182140
0.7180969748621160,1.1807771567393870,1.1532341391026530
0.7178837948144134,1.1715374513859982,1.1623559818624538
0.7178837948144134,1.1623559818624534,1.1715374513859982
0.7180969748621160,1.1532341391026526,1.1807771567393874
0.7185231452111209,1.1441733492182136,1.1900737414984344
0.7191619272118209,1.1351750741535824,1.1994258830705600
0.7200127549890618,1.1262408123252055,1.2088322920091448
0.7210748779369842,1.1173720992414590,1.2182917113226828
0.7223473640055138,1.1085705080997652,1.2278029157808676
0.7238291037451944,1.0998376503570229,1.2373647112195456
0.7255188150698837,1.0911751762692010,1.2469759338462942
0.7274150486903777,1.0825847753956117,1.2566354495482073
0.7295161941663943,1.0740681770630727,1.2663421532033088
0.7318204865196081,1.0656271507848305,1.2760949679968725
0.7343260133466272,1.0572635066287779,1.2858928447437856
0.7370307223679930,1.0489790955291450,1.2957347612179630
0.7399324293474371,1.0407758095355049,1.3056197214897060
0.7430288263147627,1.0326555819925674,1.3155467552717854
0.7463174900257714,1.0246203876438873,1.3255149172749314
0.7497958905935804,1.0166722426522676,1.3355232865733162
0.7534614002274124,1.0088132045292890,1.3455709659805373
0.7573113020173838,1.0010453719660732,1.3556570814365185
0.7613427987069012,0.9933708845570792,1.3657807814056924
0.7655530213978836,0.9857919224084332,1.3759412362867414
0.7699390381380720,0.9783107056220400,1.3861376378341397
0.7744978623440546,0.9709294936465020,1.3963691985916584
0.7792264610182462,0.9636505844856795,1.4066351513379698
0.7841217627227994,0.9564763137556047,1.4169347485444252
0.7891806652782235,0.9494090535803881,1.4272672618450600
0.7944000431592565,0.9424512113177455,1.4376319815188152
0.7997767545652080,0.9356052281048578,1.4480282159839686
0.8053076481465112,0.9288735772154247,1.4584552913047060
0.8109895693735234,0.9222587622190400,1.4689125507097600
0.8168193665376822,0.9157633149343731,1.4793993541230144
0.8227938963788971,0.9093897931681262,1.4899150777059444
0.8289100293365341,0.9031407782323431,1.5004591134117613
0.8165382378538993,1.5008161045217487,0.9155125697149782
0.8104231698845452,1.4903259470905780,0.9217607374708783
0.8044518985886336,1.4798648586948740,0.9281317640446165
0.7986276494393240,1.4694334601735290,0.9346231369719378
0.7929536620787382,1.4590323883327885,0.9412323662873792
0.7874331847262748,1.4486622963891864,0.9479569868826286
0.7820694681811997,1.4383238544236416,0.9547945606575400
0.7768657594226080,1.4280177498468112,0.9617426784706172
0.7718252948137201,1.4177446878757822,0.9687989618963414
0.7669512929217122,1.4075053920221507,0.9759610647971568
0.7622469469688058,1.3973006045915233,0.9832266747182723
0.7577154169351609,1.3871310871944382,0.9905935141136761
0.7533598213391548,1.3769976212686756,0.9980593414119183
0.7491832287258450,1.3669010086128908,1.0056219519302878
0.7451886488997129,1.3568420719314630,1.0132791786460191
0.7413790239431227,1.3468216553904127,1.0210288928331070
0.7377572190671634,1.3368406251841904,1.0288690045731910
0.7343260133466273,1.3268998701130852,1.0367974631488240
0.7310880903956564,1.3170003021709475,1.0448122573272314
0.7280460290449796,1.3071428571428570,1.0529114155424435
0.7252022940855460,1.2973284952122940,1.0610930059834243
0.7225592271466015,1.2875582015773030,1.0693551365955398
0.7201190377787750,1.2778329870750490,1.0776959550024170
0.7178837948144136,1.2681538888140844,1.0861136483549305
0.7158554180781458,1.2585219708135442,1.0946064431137443
0.7140356705203951,1.2489383246483832,1.1031726047715142
0.7124261508452390,1.2394040700996554,1.1118104375205300
0.7110282867015882,1.2299203558087217,1.1205182838712610
0.7098433285031340,1.2204883599341263,1.1292945242269528
0.7088723439378913,1.2111092908097576,1.1381375764191004
0.7081162132224988,1.2017843876027490,1.1470458952083330
0.7075756251497944,1.1925149209694166,1.1560179717549415
0.7072510739706609,1.1833021937073611,1.1650523330629876
0.7071428571428572,1.1741475414016722,1.1741475414016724
0.7072510739706608,1.1650523330629874,1.1833021937073611
0.7075756251497944,1.1560179717549410,1.1925149209694168
0.7081162132224990,1.1470458952083327,1.2017843876027492
0.7088723439378913,1.1381375764191000,1.2111092908097578
0.7098433285031340,1.1292945242269525,1.2204883599341267
0.7110282867015882,1.1205182838712608,1.2299203558087220
0.7124261508452390,1.1118104375205298,1.2394040700996556
0.7140356705203951,1.1031726047715140,1.2489383246483834
0.7158554180781457,1.0946064431137440,1.2585219708135447
0.7178837948144134,1.0861136483549300,1.2681538888140849
0.7201190377787748,1.0776959550024168,1.2778329870750493
0.7225592271466014,1.0693551365955396,1.2875582015773033
0.7252022940855460,1.0610930059834240,1.2973284952122943
0.7280460290449795,1.0529114155424435,1.3071428571428572
0.7310880903956563,1.0448122573272314,1.3170003021709478
0.7343260133466273,1.0367974631488240,1.3268998701130854
0.7377572190671632,1.0288690045731907,1.3368406251841907
0.7413790239431226,1.0210288928331068,1.3468216553904129
0.7451886488997129,1.0132791786460190,1.3568420719314631
0.7491832287258450,1.0056219519302874,1.3669010086128910
0.7533598213391549,0.9980593414119180,1.3769976212686760
0.7577154169351606,0.9905935141136759,1.3871310871944385
0.7622469469688057,0.9832266747182721,1.3973006045915235
0.7669512929217119,0.9759610647971567,1.4075053920221510
0.7718252948137199,0.9687989618963413,1.4177446878757830
0.7768657594226078,0.9617426784706170,1.4280177498468118
0.7820694681811997,0.9547945606575398,1.4383238544236420
0.7874331847262745,0.9479569868826283,1.4486622963891869
0.7929536620787381,0.9412323662873789,1.4590323883327890
0.7986276494393239,0.9346231369719376,1.4694334601735295
0.8044518985886334,0.9281317640446164,1.4798648586948744
0.8104231698845451,0.9217607374708782,1.4903259470905780
0.8165382378538992,0.9155125697149780,1.5008161045217487
0.8041664463712646,1.5012749683559785,0.9278843611976130
0.7980524764086889,1.4908393745861177,0.9341317042132372
0.7920845656769697,1.4804336099499320,0.9405003010773206
0.7862660400362500,1.4700583078815030,0.9469877054564723
0.7806002400037281,1.4597141179431157,0.9535914925658040
0.7750905147932395,1.4494017062645015,0.9603092614106252
0.7697402159170328,1.4391217559926708,0.9671386368340079
0.7645526903533404,1.4288749677523875,0.9740772713764783
0.7595312732877041,1.4186620601173225,0.9811228469546139
0.7546792804407253,1.4084837700918829,0.9882730763657319
0.7500000000000002,1.3983408536037063,0.9955257046261682
0.7454966841793793,1.3882340860067583,1.0028785101508801
0.7411725404343295,1.3781642625949482,1.0103293057822530
0.7370307223679932,1.3681321991261348,1.0178759396760633
0.7330743203684560,1.3581387323563563,1.0255162960525728
0.7293063520236479,1.3481847205840622,1.0332482958206740
0.7257297523661188,1.3382710442040886,1.0410698970829215
0.7223473640055140,1.3283986062710458,1.0489790955291450
0.7191619272118210,1.3185683330717417,1.0569739247261591
0.7161760700172174,1.3087811747061868,1.0650524563108983
0.7133922984085065,1.2990381056766578,1.0732128000940515
0.7108129866855392,1.2893401254842234,1.0814531040810464
0.7084403680635660,1.2796882592320389,1.0897715544169460
0.7062765255990355,1.2700835582346380,1.0981663752615550
0.7043233835188412,1.2605271006323389,1.1066358286007452
0.7025826990323573,1.2510199920097850,1.1151782139997140
0.7010560547037126,1.2415633660175118,1.1237918683036046
0.6997448514586280,1.2321583849953240,1.1324751652906127
0.6986503022957617,1.2228062405961200,1.1412265152824277
0.6977734267669133,1.2135081544086659,1.1500443647165648
0.6971150462836835,1.2042653785776690,1.1589271956848540
0.6966757803003798,1.1950791964193357,1.1678735254421053
0.6964560434142010,1.1859509230304324,1.1768819058886766
0.6964560434142010,1.1768819058886764,1.1859509230304324
0.6966757803003798,1.1678735254421050,1.1950791964193360
0.6971150462836834,1.1589271956848537,1.2042653785776691
0.6977734267669133,1.1500443647165643,1.2135081544086660
0.6986503022957617,1.1412265152824277,1.2228062405961202
0.6997448514586280,1.1324751652906124,1.2321583849953244
0.7010560547037126,1.1237918683036043,1.2415633660175120
0.7025826990323573,1.1151782139997137,1.2510199920097853
0.7043233835188412,1.1066358286007445,1.2605271006323393
0.7062765255990353,1.0981663752615547,1.2700835582346384
0.7084403680635659,1.0897715544169460,1.2796882592320393
0.7108129866855390,1.0814531040810462,1.2893401254842236
0.7133922984085065,1.0732128000940513,1.2990381056766580
0.7161760700172174,1.0650524563108980,1.3087811747061868
0.7191619272118209,1.0569739247261594,1.3185683330717417
0.7223473640055138,1.0489790955291450,1.3283986062710460
0.7257297523661185,1.0410698970829215,1.3382710442040888
0.7293063520236477,1.0332482958206737,1.3481847205840625
0.7330743203684558,1.0255162960525726,1.3581387323563565
0.7370307223679932,1.0178759396760630,1.3681321991261350
0.7411725404343293,1.0103293057822527,1.3781642625949484
0.7454966841793792,1.0028785101508800,1.3882340860067588
0.7500000000000001,0.9955257046261680,1.3983408536037067
0.7546792804407252,0.9882730763657317,1.4084837700918833
0.7595312732877040,0.9811228469546137,1.4186620601173228
0.7645526903533403,0.9740772713764779,1.4288749677523882
0.7697402159170326,0.9671386368340078,1.4391217559926712
0.7750905147932394,0.9603092614106251,1.4494017062645017
0.7806002400037279,0.9535914925658038,1.4597141179431161
0.7862660400362499,0.9469877054564722,1.4700583078815035
0.7920845656769696,0.9405003010773204,1.4804336099499322
0.7980524764086888,0.9341317042132370,1.4908393745861177
0.8041664463712644,0.9278843611976128,1.5012749683559787
0.7917946548886298,1.5018356115373055,0.9402561526802478
0.7856818175109739,1.4914552542769104,0.9465026925153334
0.7797173742282967,1.4811054889466024,0.9528689226087025
0.7739047560446775,1.4707869613626188,0.9593524601819411
0.7682474091285003,1.4605003336150923,0.9659509431072553
0.7627487884524724,1.4502462845028377,0.9726620320396128
0.7574123509606608,1.4400255099781236,0.9794834123669687
0.7522415482667624,1.4298387236014430,0.9864127959843347
0.7472398188926871,1.4196866570062676,0.9934479228979263
0.7424105800618385,1.4095700603737440,1.0005865626659970
0.7377572190671635,1.3994897029172555,1.0078265156832726
0.7332830842400861,1.3894463733767473,1.0151656143161056
0.7289914755527471,1.3794408805226640,1.0226017238956160
0.7248856348924770,1.3694740536693162,1.0301327435761642
0.7209687360540312,1.3595467431974435,1.0377566070665145
0.7172438745016959,1.3496598210856914,1.0454712832410236
0.7137140569598172,1.3398141814506690,1.0532747766381005
0.7103821908964620,1.3300107410951878,1.0611651278530730
0.7072510739706609,1.3202504400642310,1.0691404138324374
0.7043233835188413,1.3105342422081157,1.0771987480762977
0.7016016661604959,1.3008631357522527,1.0853382807555760
0.6990883276066898,1.2912381338728138,1.0935571987503787
0.6967856227575543,1.2816602752775361,1.1018537256156378
0.6946956461763142,1.2721306247907924,1.1102261214799114
0.6928203230275510,1.2626502739419630,1.1186726828829654
0.6911614005662160,1.2532203415560232,1.1271917425574924
0.6897204402613322,1.2438419743451563,1.1357816691600546
0.6884988106343382,1.2345163475000633,1.1444408669560800
0.6874976808866267,1.2252446652795180,1.1531677754634608
0.6867180153840887,1.2160281615965634,1.1619608690590617
0.6861605690584475,1.2068681005996047,1.1708186565521632
0.6858258837760084,1.1977657772464770,1.1797396807286404
0.6857142857142858,1.1887225178694125,1.1887225178694125
0.6858258837760084,1.1797396807286402,1.1977657772464771
0.6861605690584474,1.1708186565521632,1.2068681005996050
0.6867180153840886,1.1619608690590615,1.2160281615965638
0.6874976808866265,1.1531677754634608,1.2252446652795181
0.6884988106343380,1.1444408669560797,1.2345163475000638
0.6897204402613322,1.1357816691600546,1.2438419743451568
0.6911614005662159,1.1271917425574922,1.2532203415560235
0.6928203230275510,1.1186726828829652,1.2626502739419630
0.6946956461763142,1.1102261214799110,1.2721306247907929
0.6967856227575543,1.1018537256156375,1.2816602752775363
0.6990883276066898,1.0935571987503787,1.2912381338728140
0.7016016661604957,1.0853382807555758,1.3008631357522527
0.7043233835188412,1.0771987480762975,1.3105342422081157
0.7072510739706609,1.0691404138324374,1.3202504400642310
0.7103821908964619,1.0611651278530730,1.3300107410951880
0.7137140569598170,1.0532747766381005,1.3398141814506692
0.7172438745016957,1.0454712832410236,1.3496598210856918
0.7209687360540310,1.0377566070665145,1.3595467431974435
0.7248856348924769,1.0301327435761640,1.3694740536693162
0.7289914755527470,1.0226017238956160,1.3794408805226641
0.7332830842400860,1.0151656143161054,1.3894463733767473
0.7377572190671632,1.0078265156832724,1.3994897029172560
0.7424105800618382,1.0005865626659969,1.4095700603737442
0.7472398188926870,0.9934479228979262,1.4196866570062680
0.7522415482667624,0.9864127959843345,1.4298387236014432
0.7574123509606608,0.9794834123669682,1.4400255099781238
0.7627487884524723,0.9726620320396125,1.4502462845028379
0.7682474091285001,0.9659509431072553,1.4605003336150926
0.7739047560446772,0.9593524601819411,1.4707869613626190
0.7797173742282965,0.9528689226087024,1.4811054889466029
0.7856818175109737,0.9465026925153331,1.4914552542769104
0.7917946548886297,0.9402561526802475,1.5018356115373055
0.7794228634059949,1.5024979201316717,0.9526279441628828
0.7733111948508393,1.4921734593046014,0.9588737015427029
0.7673503310823844,1.4818803554116984,0.9652376253904467
0.7615438133107226,1.4716192664225765,0.9717173940387974
0.7558951984371962,1.4613908667109297,0.9783107056220403
0.7504080522608745,1.4511958474841022,0.9850152801052462
0.7450859421734447,1.4410349172220154,0.9918288611428480
0.7399324293474372,1.4309088021254184,0.9987492177719091
0.7349510604281688,1.4208182465734025,1.0057741459458290
0.7301453587457495,1.4107640135900885,1.0129014699145730
0.7255188150698838,1.4007468853203613,1.0201290434577983
0.7210748779369843,1.3907676635144890,1.0274547509774445
0.7168169435861885,1.3808271700214287,1.0348765084564933
0.7127483455481552,1.3709262472905694,1.0423922642906853
0.7088723439378912,1.3610657588816197,1.0500000000000003
0.7051921145101857,1.3512465899822930,1.0576977308266850
0.7017107375433794,1.3414696479333887,1.0654835062265470
0.6984311866239792,1.3317358627608050,1.0733554102601310
0.6953563174109122,1.3220461877139464,1.0813115618902591
0.6924888564637922,1.3124015998099336,1.0893501151922590
0.6898313902242892,1.3028031003829192,1.0974692594830184
0.6873863542433760,1.2932517156377563,1.1056672193747992
0.6851560227497122,1.2837484972071562,1.1139422547595437
0.6831424986555791,1.2742945227113882,1.1222926607291570
0.6813477040964848,1.2648908963194558,1.1307167674370384
0.6797733715987218,1.2555387493105927,1.1392129399058721
0.6784210359657314,1.2462392406347822,1.1477795777864643
0.6772920269691046,1.2369935574708903,1.1564151150721558
0.6763874629234341,1.2278029157808674,1.1651180197731046
0.6757082452161296,1.2186685608583203,1.1738867935544863
0.6752550538538027,1.2095917678696226,1.1827199713424328
0.6750283440761007,1.2005738423855519,1.1916161209012899
0.6750283440761006,1.1916161209012897,1.2005738423855523
0.6752550538538027,1.1827199713424328,1.2095917678696229
0.6757082452161297,1.1738867935544860,1.2186685608583205
0.6763874629234341,1.1651180197731044,1.2278029157808676
0.6772920269691046,1.1564151150721556,1.2369935574708908
0.6784210359657314,1.1477795777864640,1.2462392406347826
0.6797733715987218,1.1392129399058717,1.2555387493105932
0.6813477040964848,1.1307167674370380,1.2648908963194563
0.6831424986555790,1.1222926607291568,1.2742945227113884
0.6851560227497121,1.1139422547595432,1.2837484972071567
0.6873863542433759,1.1056672193747992,1.2932517156377563
0.6898313902242891,1.0974692594830180,1.3028031003829195
0.6924888564637922,1.0893501151922589,1.3124015998099340
0.6953563174109122,1.0813115618902590,1.3220461877139469
0.6984311866239792,1.0733554102601308,1.3317358627608051
0.7017107375433793,1.0654835062265470,1.3414696479333892
0.7051921145101857,1.0576977308266850,1.3512465899822932
0.7088723439378911,1.0500000000000000,1.3610657588816200
0.7127483455481552,1.0423922642906850,1.3709262472905699
0.7168169435861883,1.0348765084564930,1.3808271700214290
0.7210748779369842,1.0274547509774445,1.3907676635144892
0.7255188150698837,1.0201290434577980,1.4007468853203617
0.7301453587457495,1.0129014699145726,1.4107640135900892
0.7349510604281688,1.0057741459458285,1.4208182465734030
0.7399324293474371,0.9987492177719088,1.4309088021254186
0.7450859421734447,0.9918288611428477,1.4410349172220158
0.7504080522608744,0.9850152801052460,1.4511958474841025
0.7558951984371961,0.9783107056220400,1.4613908667109299
0.7615438133107225,0.9717173940387972,1.4716192664225767
0.7673503310823843,0.9652376253904464,1.4818803554116988
0.7733111948508392,0.9588737015427027,1.4921734593046014
0.7794228634059948,0.9526279441628824,1.5024979201316722
0.7670510719233601,1.5032617597635305,0.9649997356455174
0.7609406101956303,1.4929938419983175,0.9712447305033951
0.7549834435270750,1.4827580478862450,0.9776064063386073
0.7491832287258450,1.4725550473061910,0.9840825002747173
0.7435436388384632,1.4623855266554808,0.9906707684334749
0.7380683558852689,1.4522501892734936,0.9973689878671704
0.7327610630418377,1.4421497558739684,1.0041749583308557
0.7276254362721277,1.4320849649859380,1.0110865038993189
0.7226651354252424,1.4220565734031763,1.0181014744341048
0.7178837948144136,1.4120653566420256,1.0252177469062018
0.7132850133039961,1.4021121094074247,1.0324332265802660
0.7088723439378913,1.3921976460669243,1.0397458480664534
0.7046492831507728,1.3823228011324313,1.0471535762460530
0.7006192596116492,1.3724884297493798,1.0546544070771940
0.6967856227575543,1.3626954081929694,1.0622463682869316
0.6931516310833218,1.3529446343710703,1.0699275199559940
0.6897204402613322,1.3432370283333146,1.0776959550024170
0.6864950911726039,1.3335735327858522,1.0855497995702172
0.6834784979374678,1.3239551136111611,1.0934872133291210
0.6806734360400825,1.3143827603922407,1.1015063896912323
0.6780825306460468,1.3048574869404281,1.1096055559503650
0.6757082452161297,1.2953803318259980,1.1177829733495697
0.6735528705215019,1.2859523589106070,1.1260369370822032
0.6716185141666575,1.2765746578805552,1.1343657762316854
0.6699070907253346,1.2672483447797194,1.1427678536548616
0.6684203125920952,1.2579745625409122,1.1512415658136843
0.6671596816477495,1.2487544815142968,1.1597853425597030
0.6661264818305292,1.2395892999913563,1.1683976468756219
0.6653217726968582,1.2304802447227914,1.1770769745779726
0.6647463840458562,1.2214285714285710,1.1858218539847187
0.6644009116704849,1.2124355652982140,1.1946308455514019
0.6642857142857144,1.2035025414792186,1.2035025414792190
0.6644009116704850,1.1946308455514016,1.2124355652982142
0.6647463840458562,1.1858218539847183,1.2214285714285715
0.6653217726968581,1.1770769745779726,1.2304802447227918
0.6661264818305292,1.1683976468756216,1.2395892999913567
0.6671596816477495,1.1597853425597024,1.2487544815142970
0.6684203125920952,1.1512415658136839,1.2579745625409127
0.6699070907253345,1.1427678536548613,1.2672483447797196
0.6716185141666574,1.1343657762316852,1.2765746578805557
0.6735528705215019,1.1260369370822030,1.2859523589106074
0.6757082452161297,1.1177829733495692,1.2953803318259980
0.6780825306460467,1.1096055559503648,1.3048574869404284
0.6806734360400825,1.1015063896912318,1.3143827603922411
0.6834784979374677,1.0934872133291207,1.3239551136111614
0.6864950911726038,1.0855497995702172,1.3335735327858527
0.6897204402613320,1.0776959550024170,1.3432370283333150
0.6931516310833218,1.0699275199559937,1.3529446343710705
0.6967856227575542,1.0622463682869316,1.3626954081929696
0.7006192596116492,1.0546544070771937,1.3724884297493798
0.7046492831507728,1.0471535762460529,1.3823228011324320
0.7088723439378911,1.0397458480664534,1.3921976460669248
0.7132850133039959,1.0324332265802660,1.4021121094074251
0.7178837948144133,1.0252177469062016,1.4120653566420258
0.7226651354252421,1.0181014744341046,1.4220565734031767
0.7276254362721276,1.0110865038993186,1.4320849649859384
0.7327610630418377,1.0041749583308555,1.4421497558739687
0.7380683558852688,0.9973689878671702,1.4522501892734936
0.7435436388384632,0.9906707684334746,1.4623855266554813
0.7491832287258449,0.9840825002747171,1.4725550473061912
0.7549834435270749,0.9776064063386072,1.4827580478862452
0.7609406101956301,0.9712447305033949,1.4929938419983177
0.7670510719233599,0.9649997356455173,1.5032617597635307
0.7546792804407251,1.5041269757516063,0.9773715271281523
0.7485700654295113,1.4939162340257617,0.9836157786453003
0.7426167193355768,1.4837383838927718,0.9899752625233438
0.7368230203144486,1.4735941068817880,0.9964477724724494
0.7311927633277405,1.4634841011386880,1.0030311204401532
0.7257297523661187,1.4534090818429866,1.0097231384525813
0.7204377920715278,1.4433697816327637,1.0165216803052520
0.7153206787653967,1.4333669510374970,1.0234246231079620
0.7103821908964619,1.4234013589186390,1.0304298686886530
0.7056260789294188,1.4134737929177554,1.0375353448614342
0.7010560547037126,1.4035850599119966,1.0447390065641920
0.6966757803003797,1.3937359864766352,1.0520388368713935
0.6924888564637922,1.3839274193543590,1.0594328478878092
0.6884988106343380,1.3741602259309544,1.0669190815289662
0.6847090846573054,1.3644352947169707,1.0744956101941650
0.6811230222423637,1.3547535358348920,1.0821605373378890
0.6777438562568293,1.3451158815112834,1.0899119979453875
0.6745746959441655,1.3355232865733160,1.0977481589181390
0.6716185141666575,1.3259767289489983,1.1056672193747992
0.6688781347776840,1.3164772101703692,1.1136674108731102
0.6663562202342663,1.3070257558788243,1.1217469975581003
0.6640552595643694,1.2976234163316585,1.1299042762417480
0.6619775568055807,1.2882712669088203,1.1381375764191002
0.6601252200321156,1.2789704086187643,1.1464452602256585
0.6585001510854739,1.2697219686021897,1.1548257223406450
0.6571040361203957,1.2605271006323390,1.1632773898405686
0.6559383370720272,1.2513869856104074,1.1717987220073076
0.6550042841424002,1.2423028320544922,1.1803882100947183
0.6543028693945635,1.2332758765803788,1.1890443770575790
0.6538348415311012,1.2243073843723113,1.1977657772464771
0.6536007019205384,1.2153986496417626,1.2065509960720473
0.6536007019205383,1.2065509960720470,1.2153986496417630
0.6538348415311010,1.1977657772464770,1.2243073843723118
0.6543028693945635,1.1890443770575785,1.2332758765803790
0.6550042841424001,1.1803882100947178,1.2423028320544924
0.6559383370720272,1.1717987220073074,1.2513869856104074
0.6571040361203957,1.1632773898405684,1.2605271006323393
0.6585001510854738,1.1548257223406446,1.2697219686021900
0.6601252200321155,1.1464452602256583,1.2789704086187645
0.6619775568055806,1.1381375764191000,1.2882712669088205
0.6640552595643694,1.1299042762417477,1.2976234163316587
0.6663562202342662,1.1217469975581000,1.3070257558788247
0.6688781347776839,1.1136674108731100,1.3164772101703697
0.6716185141666574,1.1056672193747990,1.3259767289489985
0.6745746959441654,1.0977481589181386,1.3355232865733164
0.6777438562568292,1.0899119979453873,1.3451158815112836
0.6811230222423635,1.0821605373378889,1.3547535358348923
0.6847090846573053,1.0744956101941650,1.3644352947169711
0.6884988106343379,1.0669190815289658,1.3741602259309547
0.6924888564637922,1.0594328478878090,1.3839274193543591
0.6966757803003797,1.0520388368713933,1.3937359864766354
0.7010560547037125,1.0447390065641920,1.4035850599119968
0.7056260789294185,1.0375353448614340,1.4134737929177559
0.7103821908964618,1.0304298686886528,1.4234013589186394
0.7153206787653966,1.0234246231079618,1.4333669510374973
0.7204377920715278,1.0165216803052517,1.4433697816327640
0.7257297523661185,1.0097231384525810,1.4534090818429868
0.7311927633277404,1.0030311204401527,1.4634841011386883
0.7368230203144485,0.9964477724724492,1.4735941068817882
0.7426167193355767,0.9899752625233436,1.4837383838927720
0.7485700654295112,0.9836157786453000,1.4939162340257617
0.7546792804407251,0.9773715271281521,1.5041269757516067
0.7423074889580904,1.5050933932646766,0.9897433186107872
0.7361995625632818,1.4949404465648488,0.9959868452536749
0.7302501668075463,1.4848211601236763,1.0023441911594144
0.7244632073304417,1.4747362268471980,1.0088132045292890
0.7188426071662358,1.4646863563401480,1.0153917510809636
0.7133922984085065,1.4546722753154500,1.0220777158038705
0.7081162132224990,1.4446947280110274,1.0288690045731910
0.7030182742130898,1.4347544766137740,1.0357635456265972
0.6981023841640354,1.4248523016904780,1.0427592909082664
0.6933724151727189,1.4149890026254692,1.0498542172849620
0.6888321972137826,1.4051653980647143,1.0570463276391960
0.6844855061747220,1.3953823263660370,1.0643336518446553
0.6803360514166091,1.3856406460551016,1.0717142476292032
0.6763874629234342,1.3759412362867410,1.0791862013308258
0.6726432781139174,1.3662849973111577,1.0867476285519400
0.6691069283998284,1.3566728509444697,1.0943966747174687
0.6657817255846312,1.3471057410430036,1.1021315155420521
0.6626708482053700,1.3375846339806778,1.1099503574117031
0.6597773279288852,1.3281105191287388,1.1178514376851220
0.6571040361203958,1.3186844093370373,1.1258330249197703
0.6546536707079772,1.3093073414159542,1.1338934190276817
0.6524287434702142,1.2999803766179843,1.1420309513658335
0.6504315678761263,1.2907046011179082,1.1502439847657522
0.6486642476061473,1.2814811264903672,1.1585309135068518
0.6471286658803501,1.2723110901835610,1.1668901632378366
0.6458264757151830,1.2631956559876710,1.1753201908503097
0.6447590912226719,1.2541360144964910,1.1838194843085545
0.6439276800564309,1.2451333835606297,1.1923865624392598
0.6433331570970117,1.2361890087305103,1.2010199746847832
0.6429761794553037,1.2273041636872586,1.2097183008233525
0.6428571428571429,1.2184801506594270,1.2184801506594274
0.6429761794553037,1.2097183008233520,1.2273041636872590
0.6433331570970117,1.2010199746847827,1.2361890087305107
0.6439276800564309,1.1923865624392596,1.2451333835606300
0.6447590912226719,1.1838194843085543,1.2541360144964910
0.6458264757151830,1.1753201908503095,1.2631956559876710
0.6471286658803501,1.1668901632378363,1.2723110901835610
0.6486642476061473,1.1585309135068516,1.2814811264903674
0.6504315678761263,1.1502439847657522,1.2907046011179084
0.6524287434702142,1.1420309513658335,1.2999803766179845
0.6546536707079771,1.1338934190276817,1.3093073414159544
0.6571040361203957,1.1258330249197700,1.3186844093370378
0.6597773279288851,1.1178514376851219,1.3281105191287390
0.6626708482053700,1.1099503574117030,1.3375846339806783
0.6657817255846311,1.1021315155420520,1.3471057410430038
0.6691069283998284,1.0943966747174685,1.3566728509444700
0.6726432781139173,1.0867476285519397,1.3662849973111580
0.6763874629234341,1.0791862013308255,1.3759412362867411
0.6803360514166090,1.0717142476292030,1.3856406460551018
0.6844855061747219,1.0643336518446551,1.3953823263660370
0.6888321972137825,1.0570463276391957,1.4051653980647145
0.6933724151727187,1.0498542172849620,1.4149890026254694
0.6981023841640353,1.0427592909082661,1.4248523016904784
0.7030182742130898,1.0357635456265968,1.4347544766137745
0.7081162132224990,1.0288690045731907,1.4446947280110278
0.7133922984085064,1.0220777158038703,1.4546722753154502
0.7188426071662357,1.0153917510809634,1.4646863563401484
0.7244632073304414,1.0088132045292888,1.4747362268471982
0.7302501668075462,1.0023441911594142,1.4848211601236765
0.7361995625632818,0.9959868452536746,1.4949404465648488
0.7423074889580903,0.9897433186107869,1.5050933932646773
0.7299356974754555,1.5061608174970111,1.0021151100934220
0.7238291037451945,1.4960662704954901,1.0083579296488498
0.7178837948144134,1.4860061526502120,1.0147131895973650
0.7121038103638359,1.4759811679568493,1.0211787906380450
0.7064932080786230,1.4659920371752446,1.0277526503026310
0.7010560547037126,1.4560394982307874,1.0344327046300130
0.6957964163900419,1.4461243066223874,1.0412169097076867
0.6907183483408370,1.4362472358368454,1.0481032430840322
0.6858258837760083,1.4264090777693672,1.0550897050555874
0.6811230222423637,1.4166106431499497,1.0621743198337485
0.6766137173077262,1.4068527619753073,1.0693551365955398
0.6723018636880069,1.3971362839459747,1.0766302304232520
0.6681912838676771,1.3874620789081633,1.0839977031378636
0.6642857142857143,1.3778310372999072,1.0914556840312308
0.6605887911707314,1.3682440706009630,1.0990023305020695
0.6571040361203956,1.3587021117858866,1.1066358286007452
0.6538348415311010,1.3492061157796247,1.1143543934878684
0.6507844559938915,1.3397570599149071,1.1221562698116299
0.6479559697815200,1.3303559443906394,1.1300397320087325
0.6453523005589541,1.3210037927304232,1.1380030845336773
0.6429761794553036,1.3117016522402476,1.1460446620210485
0.6408301376387681,1.3024505944642997,1.1541628293853060
0.6389164935375246,1.2932517156377563,1.1623559818624538
0.6372373408483127,1.2841061371353115,1.1706225449978074
0.6357945374706762,1.2750150059140961,1.1789609745839078
0.6345896954983220,1.2659794949495244,1.1873697565524866
0.6336241723898597,1.2570008036624970,1.1958474068242002
0.6328990634293875,1.2480801583362555,1.2043924711196914
0.6324151955731588,1.2392188125210664,1.2130035247353608
0.6321731227621570,1.2304180474247648,1.2216791722870617
0.6321731227621569,1.2216791722870615,1.2304180474247652
0.6324151955731588,1.2130035247353600,1.2392188125210666
0.6328990634293875,1.2043924711196907,1.2480801583362560
0.6336241723898597,1.1958474068241998,1.2570008036624973
0.6345896954983220,1.1873697565524860,1.2659794949495247
0.6357945374706762,1.1789609745839074,1.2750150059140963
0.6372373408483126,1.1706225449978070,1.2841061371353117
0.6389164935375246,1.1623559818624534,1.2932517156377565
0.6408301376387681,1.1541628293853055,1.3024505944643003
0.6429761794553035,1.1460446620210483,1.3117016522402480
0.6453523005589541,1.1380030845336770,1.3210037927304237
0.6479559697815200,1.1300397320087320,1.3303559443906396
0.6507844559938915,1.1221562698116296,1.3397570599149076
0.6538348415311009,1.1143543934878680,1.3492061157796253
0.6571040361203957,1.1066358286007447,1.3587021117858868
0.6605887911707313,1.0990023305020690,1.3682440706009635
0.6642857142857143,1.0914556840312306,1.3778310372999076
0.6681912838676770,1.0839977031378634,1.3874620789081638
0.6723018636880067,1.0766302304232520,1.3971362839459750
0.6766137173077261,1.0693551365955396,1.4068527619753077
0.6811230222423637,1.0621743198337480,1.4166106431499500
0.6858258837760083,1.0550897050555870,1.4264090777693677
0.6907183483408370,1.0481032430840318,1.4362472358368457
0.6957964163900419,1.0412169097076864,1.4461243066223880
0.7010560547037125,1.0344327046300126,1.4560394982307876
0.7064932080786229,1.0277526503026309,1.4659920371752450
0.7121038103638359,1.0211787906380447,1.4759811679568497
0.7178837948144133,1.0147131895973645,1.4860061526502124
0.7238291037451944,1.0083579296488496,1.4960662704954906
0.7299356974754554,1.0021151100934218,1.5061608174970116
0.7175639059928206,1.5073290338630547,1.0144869015760570
0.7114586912729053,1.4972934766110617,1.0207290311841049
0.7055176128494712,1.4872931171516024,1.0270822553153540
0.6997448514586279,1.4773286702694155,1.0335445252693694
0.6941446064717911,1.4674008675622516,1.0401138085295656
0.6887210862852086,1.4575104578334515,1.0467880903613918
0.6834784979374678,1.4476582074903888,1.0535653752852740
0.6784210359657314,1.4378449009485250,1.0604436884278820
0.6735528705215019,1.4280713410407901,1.0674210767555798
0.6688781347776839,1.4183383494319640,1.0744956101941652
0.6644009116704849,1.4086467670376820,1.0816653826391969
0.6601252200321156,1.3989974544476556,1.0889285128613584
0.6560550001831449,1.3893912923526280,1.0962831453114101
0.6521940990664841,1.3798291819745554,1.1037274508293642
0.6485462550180667,1.3703120454994240,1.1112596272625377
0.6451150822820337,1.3608408265120650,1.1188778999971540
0.6419040553903135,1.3514164904322592,1.1265805224081358
0.6389164935375246,1.3420400249513530,1.1343657762316857
0.6361555450917805,1.3327124404685324,1.1422319718651814
0.6336241723898598,1.3234347705258216,1.1501774485988265
0.6313251369709815,1.3142080722407912,1.1582005747833888
0.6292609854067722,1.3050334267358668,1.1662997479382464
0.6274340358856499,1.2959119395630403,1.1744733948038335
0.6258463657075815,1.2868447411226818,1.1827199713424328
0.6244997998398398,1.2778329870750490,1.1910379626911265
0.6233959006759603,1.2688778587429774,1.1994258830705600
0.6225359591285978,1.2599805635041212,1.2078822756530272
0.6219209871725783,1.2511423351709998,1.2164057123932204
0.6215517119373455,1.2423644343569650,1.2249947938248390
0.6214285714285714,1.2336481488260906,1.2336481488260910
0.6215517119373454,1.2249947938248384,1.2423644343569653
0.6219209871725783,1.2164057123932197,1.2511423351710000
0.6225359591285979,1.2078822756530265,1.2599805635041217
0.6233959006759603,1.1994258830705595,1.2688778587429776
0.6244997998398397,1.1910379626911260,1.2778329870750493
0.6258463657075813,1.1827199713424326,1.2868447411226820
0.6274340358856499,1.1744733948038333,1.2959119395630403
0.6292609854067722,1.1662997479382460,1.3050334267358672
0.6313251369709815,1.1582005747833886,1.3142080722407916
0.6336241723898597,1.1501774485988265,1.3234347705258220
0.6361555450917804,1.1422319718651814,1.3327124404685327
0.6389164935375246,1.1343657762316854,1.3420400249513533
0.6419040553903134,1.1265805224081356,1.3514164904322594
0.6451150822820336,1.1188778999971536,1.3608408265120655
0.6485462550180667,1.1112596272625372,1.3703120454994244
0.6521940990664841,1.1037274508293637,1.3798291819745558
0.6560550001831447,1.0962831453114097,1.3893912923526284
0.6601252200321154,1.0889285128613582,1.3989974544476558
0.6644009116704848,1.0816653826391966,1.4086467670376825
0.6688781347776838,1.0744956101941647,1.4183383494319644
0.6735528705215018,1.0674210767555796,1.4280713410407906
0.6784210359657314,1.0604436884278818,1.4378449009485250
0.6834784979374677,1.0535653752852738,1.4476582074903890
0.6887210862852085,1.0467880903613915,1.4575104578334517
0.6941446064717910,1.0401138085295654,1.4674008675622519
0.6997448514586277,1.0335445252693691,1.4773286702694160
0.7055176128494712,1.0270822553153538,1.4872931171516028
0.7114586912729052,1.0207290311841046,1.4972934766110622
0.7175639059928205,1.0144869015760567,1.5073290338630552
0.7051921145101858,1.5085978082109144,1.0268586930586916
0.6990883276066899,1.4986218158490738,1.0331001492436962
0.6931516310833218,1.4886817891637400,1.0394513859115633
0.6873863542433761,1.4787784534154240,1.0459104031553428
0.6817968456772959,1.4689125507097596,1.0524752166358375
0.6763874629234343,1.4590848403806310,1.0591438591077769
0.6711625612871068,1.4492960993784083,1.0659143818279944
0.6661264818305294,1.4395471226630083,1.0727848558489144
0.6612835385576652,1.4298387236014430,1.0797533732009250
0.6566380048304813,1.4201717343694882,1.0868180479674394
0.6521940990664842,1.4105470063570573,1.0939770172566308
0.6479559697815203,1.4009654105768110,1.1012284420739655
0.6439276800564309,1.3914278380754885,1.1085705080997652
0.6401131915209870,1.3819352003473908,1.1160014263760911
0.6365163479632632,1.3724884297493798,1.1235194339072854
0.6331408586868925,1.3630884799167045,1.1311227941785120
0.6299902817520608,1.3537363261788928,1.1388097975966140
0.6270680072482456,1.3444329659748748,1.1465787618575782
0.6243772407571485,1.3351794192664341,1.1544280322448226
0.6219209871725784,1.3259767289489983,1.1623559818624536
0.6197020350498279,1.3168259612586992,1.1703610118075465
0.6177229416599819,1.3077282061745437,1.1784415512853910
0.6159860189242968,1.2986845778144365,1.1865960576715366
0.6144933204000892,1.2896962148237126,1.1948230165243414
0.6132466294823223,1.2807642807547150,1.2031209415515967
0.6122474489742773,1.2718899644358597,1.2114883745346687
0.6114969921664141,1.2630744803285130,1.2199238852134530
0.6109961755449966,1.2543190688698838,1.2284260711352957
0.6107456132315915,1.2456249968000244,1.2369935574708908
0.6107456132315915,1.2369935574708906,1.2456249968000246
0.6109961755449965,1.2284260711352952,1.2543190688698840
0.6114969921664141,1.2199238852134526,1.2630744803285130
0.6122474489742773,1.2114883745346683,1.2718899644358600
0.6132466294823223,1.2031209415515962,1.2807642807547153
0.6144933204000891,1.1948230165243412,1.2896962148237130
0.6159860189242968,1.1865960576715364,1.2986845778144367
0.6177229416599818,1.1784415512853907,1.3077282061745437
0.6197020350498278,1.1703610118075463,1.3168259612586997
0.6219209871725783,1.1623559818624536,1.3259767289489988
0.6243772407571485,1.1544280322448224,1.3351794192664346
0.6270680072482456,1.1465787618575780,1.3444329659748755
0.6299902817520608,1.1388097975966138,1.3537363261788933
0.6331408586868924,1.1311227941785118,1.3630884799167047
0.6365163479632631,1.1235194339072854,1.3724884297493800
0.6401131915209869,1.1160014263760910,1.3819352003473910
0.6439276800564308,1.1085705080997650,1.3914278380754890
0.6479559697815200,1.1012284420739653,1.4009654105768112
0.6521940990664841,1.0939770172566305,1.4105470063570578
0.6566380048304813,1.0868180479674390,1.4201717343694888
0.6612835385576651,1.0797533732009246,1.4298387236014434
0.6661264818305292,1.0727848558489140,1.4395471226630088
0.6711625612871067,1.0659143818279944,1.4492960993784085
0.6763874629234341,1.0591438591077769,1.4590848403806311
0.6817968456772957,1.0524752166358373,1.4689125507097600
0.6873863542433760,1.0459104031553426,1.4787784534154245
0.6931516310833218,1.0394513859115630,1.4886817891637405
0.6990883276066897,1.0331001492436960,1.4986218158490743
0.7051921145101858,1.0268586930586914,1.5085978082109148
0.6928203230275510,1.5099668870541498,1.0392304845413265
0.6867180153840886,1.5000510195404986,1.0454712832410238
0.6807858604253633,1.4901718843468892,1.0518205790971410
0.6750283440761007,1.4803302168841950,1.0582764192742070
0.6694499722205706,1.4705267694237450,1.0648368659190985
0.6640552595643695,1.4607623114703654,1.0714999976192063
0.6588487175771547,1.4510376301397674,1.0782639107493537
0.6538348415311012,1.4413535305399574,1.0851267207105353
0.6490180966628885,1.4317108361562914,1.0920865630637940
0.6444029035012306,1.4221103892397640,1.0991415945627567
0.6399936224172035,1.4125530511980706,1.1062899940885338
0.6357945374706763,1.4030397029889300,1.1135299634908065
0.6318098396427424,1.3935712455151084,1.1208597283390305
0.6280436095608363,1.3841486000205236,1.1282775385877506
0.6244997998398399,1.3747727084867518,1.1357816691600549
0.6211822171784827,1.3654445340291943,1.1433704204532087
0.6180945043652554,1.3561650612920932,1.1510421187704964
0.6152401223613959,1.3469352968415190,1.1587951166832642
0.6126223326397591,1.3377562695553675,1.1666277933271030
0.6102441799670634,1.3286290310093392,1.1745385546360454
0.6081084758226505,1.3195546558577700,1.1825258335185647
0.6062177826491071,1.3105342422081157,1.1905880899790660
0.6045743991285379,1.3015689119877830,1.1987238111884675
0.6031803466727386,1.2926598113019148,1.2069315115073382
0.6020373573058709,1.2838081107806267,1.2152097324649567
0.6011468631045231,1.2750150059140960,1.2235570426975173
0.6005099873423916,1.2662817173737848,1.2319720378485937
0.6001275374655706,1.2576094913179772,1.2404533404348261
0.6000000000000001,1.2489995996796797,1.2489995996796797
0.6001275374655706,1.2404533404348260,1.2576094913179772
0.6005099873423915,1.2319720378485934,1.2662817173737850
0.6011468631045231,1.2235570426975170,1.2750150059140961
0.6020373573058709,1.2152097324649562,1.2838081107806272
0.6031803466727386,1.2069315115073378,1.2926598113019150
0.6045743991285379,1.1987238111884670,1.3015689119877831
0.6062177826491071,1.1905880899790655,1.3105342422081159
0.6081084758226503,1.1825258335185644,1.3195546558577702
0.6102441799670631,1.1745385546360454,1.3286290310093396
0.6126223326397591,1.1666277933271028,1.3377562695553680
0.6152401223613958,1.1587951166832640,1.3469352968415191
0.6180945043652554,1.1510421187704962,1.3561650612920937
0.6211822171784827,1.1433704204532085,1.3654445340291945
0.6244997998398398,1.1357816691600549,1.3747727084867520
0.6280436095608362,1.1282775385877504,1.3841486000205239
0.6318098396427423,1.1208597283390302,1.3935712455151084
0.6357945374706760,1.1135299634908065,1.4030397029889303
0.6399936224172034,1.1062899940885336,1.4125530511980710
0.6444029035012305,1.0991415945627565,1.4221103892397642
0.6490180966628885,1.0920865630637937,1.4317108361562918
0.6538348415311009,1.0851267207105350,1.4413535305399576
0.6588487175771546,1.0782639107493532,1.4510376301397676
0.6640552595643693,1.0714999976192063,1.4607623114703656
0.6694499722205702,1.0648368659190985,1.4705267694237454
0.6750283440761006,1.0582764192742067,1.4803302168841952
0.6807858604253632,1.0518205790971409,1.4901718843468894
0.6867180153840885,1.0454712832410236,1.5000510195404986
0.6928203230275509,1.0392304845413263,1.5099668870541503
0.6804485315449162,1.5114359978213447,1.0516022760239612
0.6743477574361644,1.5015807996771880,1.0578424326169271
0.6684203125920953,1.4917630987717663,1.0641898326896382
0.6626708482053701,1.4819836403294340,1.0706425688361554
0.6571040361203959,1.4722431864335455,1.0771987480762977
0.6517245568176666,1.4625425163888048,1.0838564932495370
0.6465370863930644,1.4528824270871936,1.0906139443039430
0.6415462825494833,1.4432637333771094,1.0974692594830182
0.6367567696330126,1.4336872684352988,1.1044206164135038
0.6321731227621571,1.4241538841411363,1.1114662130974307
0.6277998511159626,1.4146644514527398,1.1186042688118447
0.6236413804652251,1.4052198607843744,1.1258330249197703
0.6197020350498280,1.3958210223845360,1.1331507455960563
0.6159860189242969,1.3864688667140515,1.1405557184718227
0.6124973969124196,1.3771643448234712,1.1480462552012582
0.6092400753297138,1.3679084287289682,1.1556206919545310
0.6062177826491073,1.3587021117858868,1.1632773898405684
0.6034340502998026,1.3495464090590146,1.1710147352634304
0.6008921938013746,1.3404423576885780,1.1788311402159586
0.5985952944440948,1.3313910172508774,1.1867250425143190
0.5965461817317883,1.3223934701124012,1.1946949059769810
0.5947474168047462,1.3134508217761673,1.2027392205515963
0.5932012770569876,1.3045642012189511,1.2108565023931428
0.5919097421542774,1.2957347612179628,1.2190452938965920
0.5908744816466732,1.2869636786654397,1.2273041636872590
0.5900968443520825,1.2782521548695200,1.2356317065718712
0.5895778496656118,1.2696014158396487,1.2440265434532847
0.5893181809238088,1.2610127125546710,1.2524873212116434
0.5893181809238088,1.2524873212116432,1.2610127125546713
0.5895778496656118,1.2440265434532842,1.2696014158396487
0.5900968443520824,1.2356317065718710,1.2782521548695200
0.5908744816466731,1.2273041636872586,1.2869636786654397
0.5919097421542773,1.2190452938965919,1.2957347612179628
0.5932012770569876,1.2108565023931428,1.3045642012189516
0.5947474168047462,1.2027392205515960,1.3134508217761676
0.5965461817317882,1.1946949059769805,1.3223934701124014
0.5985952944440948,1.1867250425143188,1.3313910172508776
0.6008921938013746,1.1788311402159584,1.3404423576885784
0.6034340502998026,1.1710147352634300,1.3495464090590150
0.6062177826491071,1.1632773898405682,1.3587021117858868
0.6092400753297136,1.1556206919545310,1.3679084287289685
0.6124973969124194,1.1480462552012582,1.3771643448234714
0.6159860189242968,1.1405557184718225,1.3864688667140517
0.6197020350498279,1.1331507455960559,1.3958210223845364
0.6236413804652250,1.1258330249197700,1.4052198607843744
0.6277998511159625,1.1186042688118445,1.4146644514527402
0.6321731227621570,1.1114662130974304,1.4241538841411367
0.6367567696330125,1.1044206164135038,1.4336872684352990
0.6415462825494831,1.0974692594830180,1.4432637333771100
0.6465370863930643,1.0906139443039429,1.4528824270871943
0.6517245568176664,1.0838564932495370,1.4625425163888050
0.6571040361203958,1.0771987480762975,1.4722431864335460
0.6626708482053700,1.0706425688361552,1.4819836403294342
0.6684203125920953,1.0641898326896377,1.4917630987717665
0.6743477574361643,1.0578424326169270,1.5015807996771880
0.6804485315449161,1.0516022760239610,1.5114359978213450
0.6680767400622813,1.5130048491228927,1.0639740675065963
0.6619775568055808,1.5032108491967642,1.0702135968381000
0.6560550001831448,1.4934551092233423,1.0765591446068976
0.6503138959497221,1.4837383838927716,1.0830088472700980
0.6447590912226718,1.4740614447359859,1.0895608551810485
0.6393954415009893,1.4644250804757921,1.0962133339224571
0.6342277965835176,1.4548300973807553,1.1029644655404354
0.6292609854067723,1.4452773196214783,1.1098124496821020
0.6244997998398398,1.4357675896288267,1.1167555046396045
0.6199489774924042,1.4263017684536037,1.1237918683036048
0.6156131836118641,1.4168807361271318,1.1309197990294162
0.6114969921664140,1.4075053920221510,1.1381375764191002
0.6076048662324782,1.3981766552133794,1.1454435020229200
0.6039411378265134,1.3888954648370402,1.1528358999636064
0.6005099873423915,1.3796627804485784,1.1603131174869330
0.5973154227757008,1.3704795823777476,1.1678735254421055
0.5943612589347063,1.3613468720801650,1.1755155186954690
0.5916510968536806,1.3522656724843650,1.1832375164810165
0.5891883036371793,1.3432370283333146,1.1910379626911265
0.5869759929729074,1.3342620065192652,1.1989153261109284
0.5850170065555220,1.3253416964107396,1.2068681005996051
0.5833138966635514,1.3164772101703694,1.2148948052218770
0.5818689101261800,1.3076696830622019,1.2229939843328284
0.5806839739057902,1.2989202737470150,1.2311642076191338
0.5797606825058007,1.2902301645640673,1.2394040700996558
0.5791002873916942,1.2816005617976296,1.2477121920882694
0.5787036885865454,1.2730326959265261,1.2560872191216725
0.5785714285714285,1.2645278218548210,1.2645278218548213
0.5787036885865455,1.2560872191216723,1.2730326959265263
0.5791002873916943,1.2477121920882692,1.2816005617976298
0.5797606825058006,1.2394040700996556,1.2902301645640677
0.5806839739057902,1.2311642076191334,1.2989202737470151
0.5818689101261800,1.2229939843328280,1.3076696830622025
0.5833138966635514,1.2148948052218767,1.3164772101703700
0.5850170065555219,1.2068681005996047,1.3253416964107403
0.5869759929729074,1.1989153261109280,1.3342620065192656
0.5891883036371793,1.1910379626911263,1.3432370283333150
0.5916510968536804,1.1832375164810163,1.3522656724843651
0.5943612589347063,1.1755155186954690,1.3613468720801651
0.5973154227757008,1.1678735254421050,1.3704795823777480
0.6005099873423915,1.1603131174869330,1.3796627804485786
0.6039411378265134,1.1528358999636061,1.3888954648370404
0.6076048662324781,1.1454435020229200,1.3981766552133796
0.6114969921664140,1.1381375764191002,1.4075053920221512
0.6156131836118639,1.1309197990294160,1.4168807361271323
0.6199489774924042,1.1237918683036046,1.4263017684536041
0.6244997998398397,1.1167555046396043,1.4357675896288271
0.6292609854067722,1.1098124496821018,1.4452773196214785
0.6342277965835175,1.1029644655404351,1.4548300973807555
0.6393954415009890,1.0962133339224567,1.4644250804757923
0.6447590912226718,1.0895608551810480,1.4740614447359863
0.6503138959497220,1.0830088472700978,1.4837383838927720
0.6560550001831447,1.0765591446068974,1.4934551092233428
0.6619775568055805,1.0702135968381000,1.5032108491967646
0.6680767400622811,1.0639740675065960,1.5130048491228931
0.6557049485796466,1.5146731310343995,1.0763458589892310
0.6496074167667482,1.5049408422843435,1.0825847753956120
0.6436899367660470,1.4952475735216721,1.0889285128613584
0.6379575188979023,1.4855940885445011,1.0953752502113194
0.6324151955731588,1.4759811679568493,1.1019231796625168
0.6270680072482456,1.4664096095079104,1.1085705080997652
0.6219209871725784,1.4568802284333464,1.1153154582576947
0.6169791449523416,1.4473938577981587,1.1221562698116296
0.6122474489742773,1.4379513488406526,1.1290912003799830
0.6077308077544511,1.4285535713169628,1.1361185264409914
0.6034340502998026,1.4192014138455558,1.1432365441667650
0.5993619055942337,1.4098957842510840,1.1504435701777231
0.5955189813455632,1.4006376099069002,1.1577379422205800
0.5919097421542772,1.3914278380754885,1.1651180197731044
0.5885384872889863,1.3822674362460117,1.1725821845789048
0.5854093282760816,1.3731573924681015,1.1801288411155173
0.5825261665314938,1.3640987156809616,1.1877564169990620
0.5798926712798513,1.3550924360367750,1.1954633633287242
0.5775122580199189,1.3461396052173390,1.2032481549742680
0.5753880678041808,1.3372412967427700,1.2111092908097578
0.5735229476041666,1.3283986062710458,1.2190452938965923
0.5719194320310284,1.3196126518870632,1.2270547116188923
0.5705797266726149,1.3108845743798110,1.2351361157742076
0.5695056932936471,1.3022155375061566,1.2432881026224170
0.5686988371246585,1.2936067282396680,1.2515092928956149
0.5681602964384079,1.2850593570027837,1.2597983317716746
0.5678908345800273,1.2765746578805552,1.2681538888140846
0.5678908345800274,1.2681538888140844,1.2765746578805557
0.5681602964384080,1.2597983317716740,1.2850593570027840
0.5686988371246585,1.2515092928956146,1.2936067282396684
0.5695056932936471,1.2432881026224167,1.3022155375061570
0.5705797266726149,1.2351361157742071,1.3108845743798114
0.5719194320310282,1.2270547116188920,1.3196126518870640
0.5735229476041663,1.2190452938965919,1.3283986062710460
0.5753880678041808,1.2111092908097576,1.3372412967427705
0.5775122580199189,1.2032481549742677,1.3461396052173393
0.5798926712798513,1.1954633633287237,1.3550924360367753
0.5825261665314938,1.1877564169990615,1.3640987156809616
0.5854093282760816,1.1801288411155169,1.3731573924681015
0.5885384872889862,1.1725821845789046,1.3822674362460121
0.5919097421542770,1.1651180197731044,1.3914278380754890
0.5955189813455630,1.1577379422205798,1.4006376099069004
0.5993619055942336,1.1504435701777230,1.4098957842510842
0.6034340502998025,1.1432365441667647,1.4192014138455560
0.6077308077544511,1.1361185264409910,1.4285535713169633
0.6122474489742773,1.1290912003799825,1.4379513488406532
0.6169791449523415,1.1221562698116296,1.4473938577981589
0.6219209871725782,1.1153154582576947,1.4568802284333466
0.6270680072482455,1.1085705080997652,1.4664096095079107
0.6324151955731587,1.1019231796625166,1.4759811679568495
0.6379575188979022,1.0953752502113192,1.4855940885445014
0.6436899367660470,1.0889285128613580,1.4952475735216726
0.6496074167667479,1.0825847753956117,1.5049408422843440
0.6557049485796465,1.0763458589892307,1.5146731310343997
0.6433331570970117,1.5164405153960685,1.0887176504718659
0.6372373408483128,1.5067704346904152,1.0949559678035330
0.6313251369709816,1.4971401308590224,1.1012979355547450
0.6256017511327859,1.4875503764407372,1.1077417734899657
0.6200724118345917,1.4780019607288641,1.1142857142857145
0.6147423551906166,1.4684956900981134,1.1209280047517480
0.6096168083814820,1.4590323883327887,1.1276669069637650
0.6047009718084820,1.4496128969557383,1.1345006993099185
0.6000000000000001,1.4402380755575495,1.1414276774536105
0.5955189813455632,1.4309088021254184,1.1484461552151985
0.5912629167592823,1.4216259733710780,1.1555544653753798
0.5872366974019168,1.4123905050571213,1.1627509604031157
0.5834450816189183,1.4032033323209914,1.1700340131110440
0.5798926712798513,1.3940654099958647,1.1774020172413846
0.5765838877317305,1.3849777129275842,1.1848533879853693
0.5735229476041666,1.3759412362867411,1.1923865624392598
0.5707138387268053,1.3669569958749355,1.2000000000000002
0.5681602964384080,1.3580260284241796,1.2076921827035503
0.5658657805810960,1.3491493918883308,1.2154616155089022
0.5638334534818825,1.3403281657253698,1.2233068265307503
0.5620661592258859,1.3315634511692620,1.2312263672237285
0.5605664045209551,1.3228563714900556,1.2392188125210668
0.5593363414414827,1.3142080722407912,1.2472827609304500
0.5583777523198021,1.3056197214897056,1.2554168345897825
0.5576920370269468,1.2970925100361330,1.2636196792854848
0.5572802028511294,1.2886276516084060,1.2718899644358600
0.5571428571428572,1.2802263830419738,1.2802263830419740
0.5572802028511294,1.2718899644358599,1.2886276516084065
0.5576920370269468,1.2636196792854846,1.2970925100361335
0.5583777523198021,1.2554168345897820,1.3056197214897060
0.5593363414414827,1.2472827609304500,1.3142080722407916
0.5605664045209551,1.2392188125210666,1.3228563714900559
0.5620661592258859,1.2312263672237282,1.3315634511692624
0.5638334534818824,1.2233068265307500,1.3403281657253700
0.5658657805810959,1.2154616155089020,1.3491493918883310
0.5681602964384079,1.2076921827035500,1.3580260284241799
0.5707138387268051,1.2000000000000000,1.3669569958749357
0.5735229476041664,1.1923865624392596,1.3759412362867414
0.5765838877317304,1.1848533879853690,1.3849777129275844
0.5798926712798512,1.1774020172413844,1.3940654099958651
0.5834450816189182,1.1700340131110440,1.4032033323209916
0.5872366974019165,1.1627509604031154,1.4123905050571215
0.5912629167592822,1.1555544653753798,1.4216259733710783
0.5955189813455630,1.1484461552151983,1.4309088021254188
0.6000000000000000,1.1414276774536100,1.4402380755575501
0.6047009718084819,1.1345006993099183,1.4496128969557385
0.6096168083814819,1.1276669069637650,1.4590323883327890
0.6147423551906164,1.1209280047517480,1.4684956900981136
0.6200724118345915,1.1142857142857143,1.4780019607288644
0.6256017511327858,1.1077417734899653,1.4875503764407376
0.6313251369709815,1.1012979355547448,1.4971401308590226
0.6372373408483125,1.0949559678035330,1.5067704346904152
0.6433331570970116,1.0887176504718656,1.5164405153960687
0.6309613656143769,1.5183066561274160,1.1010894419545005
0.6248673328583194,1.5086992640641654,1.1073271735976478
0.6189606165968553,1.4991324021525494,1.1136674108731102
0.6132466294823223,1.4896068512961973,1.1201084131202914
0.6077308077544512,1.4801234090853534,1.1266484521330857
0.6024185947207360,1.4706828901110210,1.1332858133294874
0.5973154227757010,1.4612861262795669,1.1400187968375157
0.5924266939926848,1.4519339671272790,1.1468457184995793
0.5877577593477347,1.4426272801343230,1.1537649107975834
0.5833138966635516,1.4333669510374970,1.1607747237012330
0.5791002873916944,1.4241538841411363,1.1678735254421053
0.5751219923828762,1.4149890026254690,1.1750597032161596
0.5713839268274309,1.4058732488516643,1.1823316638174360
0.5678908345800274,1.3968075846627654,1.1896878342057395
0.5646472621134766,1.3877929916796314,1.1971266620111503
0.5616575323749069,1.3788304715909620,1.2046466159782110
0.5589257188425611,1.3699210464363950,1.2122461863526446
0.5564556201017807,1.3610657588816197,1.2199238852134529
0.5542507352733242,1.3522656724843650,1.2276782467532040
0.5523142406349517,1.3435218719500486,1.2355078275092937
0.5506489677773726,1.3348354633758102,1.2434112065489151
0.5492573836275557,1.3262075744815531,1.2513869856104076
0.5481415726557050,1.3176393548265606,1.2594337892036070
0.5473032215568722,1.3091319760101516,1.2675502646717360
0.5467436066645605,1.3006866318547730,1.2757350822173072
0.5464635843124334,1.2923045385698229,1.2839869348944295
0.5464635843124334,1.2839869348944293,1.2923045385698230
0.5467436066645605,1.2757350822173072,1.3006866318547734
0.5473032215568722,1.2675502646717356,1.3091319760101520
0.5481415726557051,1.2594337892036065,1.3176393548265608
0.5492573836275556,1.2513869856104074,1.3262075744815534
0.5506489677773725,1.2434112065489150,1.3348354633758104
0.5523142406349518,1.2355078275092934,1.3435218719500490
0.5542507352733242,1.2276782467532037,1.3522656724843651
0.5564556201017806,1.2199238852134529,1.3610657588816202
0.5589257188425610,1.2122461863526446,1.3699210464363951
0.5616575323749068,1.2046466159782108,1.3788304715909623
0.5646472621134764,1.1971266620111503,1.3877929916796317
0.5678908345800274,1.1896878342057393,1.3968075846627654
0.5713839268274308,1.1823316638174357,1.4058732488516648
0.5751219923828762,1.1750597032161594,1.4149890026254694
0.5791002873916944,1.1678735254421049,1.4241538841411367
0.5833138966635515,1.1607747237012327,1.4333669510374973
0.5877577593477346,1.1537649107975830,1.4426272801343236
0.5924266939926847,1.1468457184995793,1.4519339671272793
0.5973154227757008,1.1400187968375157,1.4612861262795673
0.6024185947207358,1.1332858133294872,1.4706828901110214
0.6077308077544511,1.1266484521330853,1.4801234090853537
0.6132466294823223,1.1201084131202912,1.4896068512961975
0.6189606165968552,1.1136674108731100,1.4991324021525496
0.6248673328583191,1.1073271735976478,1.5086992640641657
0.6309613656143767,1.1010894419545005,1.5183066561274166
0.6185895741317419,1.5202711895566260,1.1134612334371357
0.6124973969124194,1.5107269503015250,1.1196983923342565
0.6065963927303470,1.5012239904117424,1.1260369370822032
0.6008921938013744,1.4917630987717663,1.1324751652906127
0.5953904566907059,1.4823450808686585,1.1390113865872944
0.5900968443520823,1.4729707590929484,1.1456439237389602
0.5850170065555219,1.4636409730392161,1.1523711136927506
0.5801565587434665,1.4543565798058224,1.1591913085405354
0.5755210593852481,1.4451184542932025,1.1661028764081440
0.5711159859325907,1.4359274895000930,1.1731042022717997
0.5669467095138409,1.4267845968170128,1.1801936887041649
0.5630184685411015,1.4176907063162647,1.1873697565524866
0.5593363414414826,1.4086467670376820,1.1946308455514020
0.5559052187602649,1.3996537472692658,1.2019754148730266
0.5527297749186600,1.3907126348218244,1.2094019436169640
0.5498144399407375,1.3818244372966502,1.2169089312429162
0.5471633714915873,1.3729901823452078,1.2244948979485548
0.5447804275905240,1.3642109179197432,1.2321583849953246
0.5426691403777879,1.3554877125136584,1.2398979549848088
0.5408326913195983,1.3468216553904124,1.2477121920882697
0.5392738882336250,1.3382138567996567,1.2555997022319247
0.5379951445043013,1.3296654481792150,1.2635591132404775
0.5369984608346429,1.3211775823414627,1.2715890749413525
0.5362854098484561,1.3127514336425659,1.2796882592320395
0.5358571238146014,1.3043881981329680,1.2878553601128620
0.5357142857142856,1.2960890936874325,1.2960890936874327
0.5358571238146014,1.2878553601128615,1.3043881981329684
0.5362854098484561,1.2796882592320390,1.3127514336425663
0.5369984608346429,1.2715890749413520,1.3211775823414630
0.5379951445043013,1.2635591132404770,1.3296654481792154
0.5392738882336249,1.2555997022319247,1.3382138567996570
0.5408326913195983,1.2477121920882694,1.3468216553904129
0.5426691403777879,1.2398979549848086,1.3554877125136586
0.5447804275905240,1.2321583849953244,1.3642109179197435
0.5471633714915872,1.2244948979485546,1.3729901823452078
0.5498144399407375,1.2169089312429158,1.3818244372966506
0.5527297749186600,1.2094019436169638,1.3907126348218248
0.5559052187602649,1.2019754148730262,1.3996537472692660
0.5593363414414825,1.1946308455514016,1.4086467670376825
0.5630184685411015,1.1873697565524860,1.4176907063162654
0.5669467095138406,1.1801936887041649,1.4267845968170130
0.5711159859325905,1.1731042022717995,1.4359274895000937
0.5755210593852481,1.1661028764081438,1.4451184542932030
0.5801565587434663,1.1591913085405352,1.4543565798058227
0.5850170065555219,1.1523711136927501,1.4636409730392164
0.5900968443520823,1.1456439237389600,1.4729707590929486
0.5953904566907058,1.1390113865872942,1.4823450808686590
0.6008921938013743,1.1324751652906127,1.4917630987717665
0.6065963927303468,1.1260369370822032,1.5012239904117426
0.6124973969124192,1.1196983923342565,1.5107269503015255
0.6185895741317418,1.1134612334371354,1.5202711895566260
0.6062177826491071,1.5223337347638328,1.1258330249197706
0.6001275374655707,1.5128530959071729,1.1320696235890537
0.5942324838798021,1.5034144811198330,1.1384065125231420
0.5885384872889863,1.4940186868760021,1.1448420263539083
0.5830514382040720,1.4846665261524390,1.1513745113151164
0.5777772326876899,1.4753588287157087,1.1580023263167922
0.5727217510114600,1.4660964414083420,1.1647238439445900
0.5678908345800274,1.4568802284333464,1.1715374513859982
0.5632902612040679,1.4477110716364556,1.1784415512853910
0.5589257188425609,1.4385898707854612,1.1854345625300522
0.5548027779751825,1.4295175438459176,1.1925149209694166
0.5509268628078190,1.4204950272524641,1.1996810800698456
0.5473032215568722,1.4115232761749530,1.2069315115073382
0.5439368960998836,1.4026032647785143,1.2142647057006164
0.5408326913195984,1.3937359864766352,1.2216791722870617
0.5379951445043014,1.3849224541762735,1.2291734405440010
0.5354284951974333,1.3761637005139484,1.2367460597578352
0.5331366559124884,1.3674607780817103,1.2443955995435156
0.5311231841434658,1.3588147596418020,1.2521206501168250
0.5293912561053652,1.3502267383287738,1.2599198225219230
0.5279436426323537,1.3416978278377325,1.2677917488165582
0.5267826876426369,1.3332291625973383,1.2757350822173075
0.5259102895485704,1.3248218979260908,1.2837484972071564
0.5253278859484828,1.3164772101703692,1.2918306896076766
0.5250364418839158,1.3081962968226166,1.2999803766179847
0.5250364418839158,1.2999803766179843,1.3081962968226170
0.5253278859484827,1.2918306896076760,1.3164772101703697
0.5259102895485704,1.2837484972071562,1.3248218979260913
0.5267826876426369,1.2757350822173070,1.3332291625973387
0.5279436426323537,1.2677917488165580,1.3416978278377327
0.5293912561053652,1.2599198225219226,1.3502267383287740
0.5311231841434658,1.2521206501168245,1.3588147596418020
0.5331366559124884,1.2443955995435152,1.3674607780817105
0.5354284951974333,1.2367460597578350,1.3761637005139487
0.5379951445043013,1.2291734405440005,1.3849224541762737
0.5408326913195984,1.2216791722870617,1.3937359864766357
0.5439368960998835,1.2142647057006162,1.4026032647785145
0.5473032215568719,1.2069315115073380,1.4115232761749534
0.5509268628078189,1.1996810800698454,1.4204950272524646
0.5548027779751824,1.1925149209694164,1.4295175438459180
0.5589257188425609,1.1854345625300520,1.4385898707854619
0.5632902612040679,1.1784415512853905,1.4477110716364563
0.5678908345800273,1.1715374513859980,1.4568802284333466
0.5727217510114598,1.1647238439445897,1.4660964414083422
0.5777772326876898,1.1580023263167920,1.4753588287157087
0.5830514382040719,1.1513745113151161,1.4846665261524392
0.5885384872889862,1.1448420263539080,1.4940186868760021
0.5942324838798020,1.1384065125231415,1.5034144811198330
0.6001275374655706,1.1320696235890535,1.5128530959071733
0.6062177826491070,1.1258330249197703,1.5223337347638333
0.5938459911664723,1.5244938939376114,1.1382048164024052
0.5877577593477346,1.5150772863697313,1.1444408669560800
0.5818689101261800,1.5057034426283475,1.1507761356083617
0.5761855568463752,1.4963731663797050,1.1572089928190261
0.5707138387268051,1.4870872776769262,1.1637378202523603
0.5654598995147081,1.4778466132332198,1.1703610118075465
0.5604298641695152,1.4686520266932546,1.1770769745779726
0.5556298136312688,1.4595043889020990,1.1838841297411928
0.5510657577710261,1.4504045881710919,1.1907809133814118
0.5467436066645605,1.4413535305399574,1.1977657772464771
0.5426691403777880,1.4323521400344343,1.2048371894414716
0.5388479775012085,1.4234013589186390,1.2119936350610807
0.5352855427198628,1.4145021479413211,1.2192336167629640
0.5319870337532980,1.4056554865751334,1.2265556552844248
0.5289573880449605,1.3968623732479584,1.2339582899046833
0.5262012496203718,1.3881238255652990,1.2414400788550997
0.5237229365663818,1.3794408805226640,1.2489995996796799
0.5215264096077661,1.3708145947068202,1.2566354495482073
0.5196152422706632,1.3622460444847273,1.2643462455243140
0.5179925931233113,1.3537363261788930,1.2721306247907926
0.5166611805721465,1.3452865562278347,1.2799872448344067
0.5156232606649699,1.3368978713302473,1.2879147835924234
0.5148806083125743,1.3285714285714285,1.2959119395630403
0.5144345022865955,1.3203084055304222,1.3039774318818340
0.5142857142857143,1.3121100003662893,1.3121100003662898
0.5144345022865955,1.3039774318818338,1.3203084055304224
0.5148806083125742,1.2959119395630400,1.3285714285714287
0.5156232606649699,1.2879147835924230,1.3368978713302477
0.5166611805721464,1.2799872448344065,1.3452865562278349
0.5179925931233113,1.2721306247907922,1.3537363261788933
0.5196152422706631,1.2643462455243140,1.3622460444847275
0.5215264096077661,1.2566354495482070,1.3708145947068207
0.5237229365663817,1.2489995996796797,1.3794408805226641
0.5262012496203718,1.2414400788550992,1.3881238255652990
0.5289573880449605,1.2339582899046830,1.3968623732479584
0.5319870337532980,1.2265556552844246,1.4056554865751338
0.5352855427198626,1.2192336167629640,1.4145021479413218
0.5388479775012084,1.2119936350610805,1.4234013589186394
0.5426691403777879,1.2048371894414716,1.4323521400344348
0.5467436066645602,1.1977657772464770,1.4413535305399579
0.5510657577710260,1.1907809133814118,1.4504045881710923
0.5556298136312687,1.1838841297411926,1.4595043889020993
0.5604298641695151,1.1770769745779723,1.4686520266932548
0.5654598995147080,1.1703610118075463,1.4778466132332200
0.5707138387268050,1.1637378202523600,1.4870872776769264
0.5761855568463750,1.1572089928190260,1.4963731663797050
0.5818689101261800,1.1507761356083617,1.5057034426283475
0.5877577593477344,1.1444408669560800,1.5150772863697313
0.5938459911664722,1.1382048164024050,1.5244938939376116
0.5814741996838375,1.5267512527439109,1.1505766078850401
0.5753880678041810,1.5173990905493515,1.1568121220467418
0.5695056932936472,1.5080904265639634,1.1631458048178251
0.5638334534818826,1.4988260712426689,1.1695760613424449
0.5583777523198022,1.4896068512961970,1.1761013075897357
0.5531449970442671,1.4804336099499320,1.1827199713424328
0.5481415726557050,1.4713072072001767,1.1894304931181072
0.5433738142759702,1.4622285200672154,1.1962313270246279
0.5388479775012086,1.4531984428445120,1.2031209415515964
0.5345702069162189,1.4442178873433360,1.2100978202996142
0.5305465029917121,1.4352877831320667,1.2171604626493313
0.5267826876426370,1.4264090777693672,1.2243073843723118
0.5232843687826391,1.4175827370303753,1.2315371181858010
0.5200569042647828,1.4088097451250055,1.2388482142535395
0.5171053656496648,1.4000911049073970,1.2462392406347824
0.5144345022865956,1.3914278380754885,1.2537087836837209
0.5120487062292225,1.3828209853596451,1.2612554484014924
0.5099519785314726,1.3742716066991967,1.2688778587429776
0.5081478974809261,1.3657807814056920,1.2765746578805557
0.5066395893230097,1.3573496083116070,1.2843445084269760
0.5054297020095570,1.3489792059031833,1.2921860926194740
0.5045203824688659,1.3406707124360078,1.3000981124672155
0.5039132578416363,1.3324252860318820,1.3080792898641231
0.5036094210592093,1.3242441047554607,1.3161283666690802
0.5036094210592093,1.3161283666690800,1.3242441047554610
0.5039132578416364,1.3080792898641230,1.3324252860318822
0.5045203824688659,1.3000981124672153,1.3406707124360080
0.5054297020095570,1.2921860926194737,1.3489792059031838
0.5066395893230097,1.2843445084269758,1.3573496083116074
0.5081478974809261,1.2765746578805552,1.3657807814056921
0.5099519785314724,1.2688778587429772,1.3742716066991970
0.5120487062292224,1.2612554484014920,1.3828209853596454
0.5144345022865956,1.2537087836837204,1.3914278380754888
0.5171053656496648,1.2462392406347824,1.4000911049073972
0.5200569042647828,1.2388482142535393,1.4088097451250057
0.5232843687826391,1.2315371181858008,1.4175827370303757
0.5267826876426370,1.2243073843723116,1.4264090777693674
0.5305465029917121,1.2171604626493313,1.4352877831320672
0.5345702069162188,1.2100978202996142,1.4442178873433360
0.5388479775012085,1.2031209415515964,1.4531984428445124
0.5433738142759700,1.1962313270246279,1.4622285200672156
0.5481415726557048,1.1894304931181072,1.4713072072001770
0.5531449970442669,1.1827199713424326,1.4804336099499322
0.5583777523198021,1.1761013075897353,1.4896068512961975
0.5638334534818826,1.1695760613424446,1.4988260712426693
0.5695056932936472,1.1631458048178250,1.5080904265639636
0.5753880678041808,1.1568121220467416,1.5173990905493517
0.5814741996838373,1.1505766078850400,1.5267512527439113
0.5691024082012027,1.5291053807066803,1.1629483993676748
0.5630184685411018,1.5198180610768872,1.1691833884888920
0.5571428571428573,1.5105749682468188,1.1755155186954690
0.5514822327702178,1.5013769190517163,1.1819432287205540
0.5460432815318971,1.4922247464365248,1.1884649677596042
0.5408326913195985,1.4831192997000804,1.1950791964193360
0.5358571238146016,1.4740614447359863,1.2017843876027490
0.5311231841434659,1.4650520642695290,1.2085790273317350
0.5266373883190505,1.4560920580899590,1.2154616155089022
0.5224061286636158,1.4471823432774038,1.2224306666203517
0.5184356374749731,1.4383238544236416,1.2294847103812330
0.5147319492627564,1.4295175438459176,1.2366222923259758
0.5113008619478081,1.4207643817929236,1.2438419743451568
0.5081478974809261,1.4120653566420256,1.2511423351710000
0.5052782623950686,1.4034214750867586,1.2585219708135444
0.5026968088546546,1.3948337623135580,1.2659794949495247
0.5004079968039142,1.3863032621666433,1.2735135392660250
0.4984158578405576,1.3778310372999074,1.2811227537609664
0.4967239614489633,1.3694181693146106,1.2888058070024613
0.4953353842167376,1.3610657588816200,1.2965613863490724
0.4942526826287485,1.3527749258468682,1.3043881981329681
0.4934778699833108,1.3445468093186563,1.3122849678079430
0.4930123979067829,1.3363825677353545,1.3202504400642310
0.4928571428571430,1.3282833789119992,1.3282833789119992
0.4930123979067829,1.3202504400642310,1.3363825677353545
0.4934778699833108,1.3122849678079430,1.3445468093186566
0.4942526826287484,1.3043881981329681,1.3527749258468684
0.4953353842167375,1.2965613863490724,1.3610657588816202
0.4967239614489632,1.2888058070024610,1.3694181693146108
0.4984158578405576,1.2811227537609662,1.3778310372999074
0.5004079968039141,1.2735135392660248,1.3863032621666436
0.5026968088546546,1.2659794949495242,1.3948337623135583
0.5052782623950686,1.2585219708135442,1.4034214750867589
0.5081478974809261,1.2511423351709998,1.4120653566420258
0.5113008619478080,1.2438419743451565,1.4207643817929236
0.5147319492627563,1.2366222923259755,1.4295175438459180
0.5184356374749730,1.2294847103812330,1.4383238544236420
0.5224061286636157,1.2224306666203515,1.4471823432774040
0.5266373883190503,1.2154616155089022,1.4560920580899590
0.5311231841434658,1.2085790273317350,1.4650520642695293
0.5358571238146014,1.2017843876027490,1.4740614447359863
0.5408326913195983,1.1950791964193360,1.4831192997000806
0.5460432815318969,1.1884649677596040,1.4922247464365250
0.5514822327702176,1.1819432287205536,1.5013769190517166
0.5571428571428572,1.1755155186954689,1.5105749682468188
0.5630184685411016,1.1691833884888918,1.5198180610768877
0.5691024082012025,1.1629483993676746,1.5291053807066808
0.5567306167185677,1.5315558315993973,1.1753201908503100
0.5506489677773725,1.5223337347638328,1.1815546659259695
0.5447804275905241,1.5131565871194088,1.1878852758458744
0.5391319553746767,1.5040252114691075,1.1943104918824120
0.5337105383777898,1.4949404465648488,1.2008287954235473
0.5285231638195981,1.4859031473367654,1.2074386788840692
0.5235767881230264,1.4769141851184453,1.2141386465561606
0.5188783035332573,1.4679744478674812,1.2209272154007065
0.5144345022865955,1.4590848403806310,1.2278029157808676
0.5102520385624568,1.4502462845028377,1.2347642921395394
0.5063373885270652,1.4414597193293260,1.2418099036224080
0.5026968088546546,1.4327261013999335,1.2489383246483834
0.4993362941884734,1.4240464048847936,1.2561481454292351
0.4962615340766214,1.4154216217604343,1.2634379724403102
0.4934778699833108,1.4068527619753073,1.2708064288442347
0.4909902530309829,1.3983408536037063,1.2782521548695203
0.4888032031693036,1.3898869429869876,1.2857738081460075
0.4869207704901218,1.3814920948609388,1.2933700639990784
0.4853464994102625,1.3731573924681015,1.3010396157045538
0.4840833964244979,1.3648839376537867,1.3087811747061870
0.4831339020881673,1.3566728509444699,1.3165934707976261
0.4824998678227587,1.3485252716071972,1.3244752522707064
0.4821825380496478,1.3404423576885782,1.3324252860318824
0.4821825380496478,1.3324252860318822,1.3404423576885787
0.4824998678227587,1.3244752522707062,1.3485252716071976
0.4831339020881672,1.3165934707976257,1.3566728509444700
0.4840833964244978,1.3087811747061866,1.3648839376537870
0.4853464994102625,1.3010396157045536,1.3731573924681018
0.4869207704901218,1.2933700639990780,1.3814920948609390
0.4888032031693036,1.2857738081460073,1.3898869429869878
0.4909902530309828,1.2782521548695198,1.3983408536037067
0.4934778699833107,1.2708064288442344,1.4068527619753077
0.4962615340766214,1.2634379724403098,1.4154216217604347
0.4993362941884733,1.2561481454292347,1.4240464048847940
0.5026968088546545,1.2489383246483832,1.4327261013999342
0.5063373885270652,1.2418099036224077,1.4414597193293264
0.5102520385624567,1.2347642921395390,1.4502462845028380
0.5144345022865955,1.2278029157808674,1.4590848403806314
0.5188783035332573,1.2209272154007063,1.4679744478674814
0.5235767881230264,1.2141386465561603,1.4769141851184455
0.5285231638195979,1.2074386788840692,1.4859031473367659
0.5337105383777897,1.2008287954235470,1.4949404465648493
0.5391319553746766,1.1943104918824117,1.5040252114691080
0.5447804275905241,1.1878852758458740,1.5131565871194090
0.5506489677773724,1.1815546659259690,1.5223337347638333
0.5567306167185677,1.1753201908503095,1.5315558315993980
0.5443588252359329,1.5341021438467197,1.1876919823329446
0.5382795723034488,1.5249456330221967,1.1939259540161902
0.5324184329595493,1.5158347871852051,1.2002550749311411
0.5267826876426369,1.5067704346904152,1.2066778478829505
0.5213796454541332,1.4977534196664180,1.2131927854606940
0.5162166132901331,1.4887846022298640,1.2197984109127649
0.5113008619478080,1.4798648586948744,1.2264932589646447
0.5066395893230096,1.4709950817770414,1.2332758765803793
0.5022398808927699,1.4621761807913125,1.2401448236691834
0.4981086677603184,1.4534090818429866,1.2470986737386969
0.4942526826287484,1.4446947280110276,1.2541360144964913
0.4906784141598742,1.4360340795228435,1.2612554484014924
0.4873920602637710,1.4274281139196336,1.2684555931670354
0.4843994809481707,1.4188778262113640,1.2757350822173075
0.4817061514310677,1.4103842290203714,1.2830925650989664
0.4793171162802177,1.4019483527125630,1.2905267078497330
0.4772369453854305,1.3935712455151081,1.2980361933257770
0.4754696925897892,1.3852539736194844,1.3056197214897060
0.4740188578010588,1.3769976212686759,1.3132760096609626
0.4728873533724409,1.3688032908272800,1.3210037927304237
0.4720774754816659,1.3606721028332180,1.3288018233409700
0.4715908811498304,1.3526051960296952,1.3366688720357740
0.4714285714285714,1.3446037273760136,1.3446037273760139
0.4715908811498304,1.3366688720357738,1.3526051960296956
0.4720774754816659,1.3288018233409697,1.3606721028332183
0.4728873533724409,1.3210037927304232,1.3688032908272805
0.4740188578010588,1.3132760096609624,1.3769976212686760
0.4754696925897892,1.3056197214897058,1.3852539736194847
0.4772369453854304,1.2980361933257767,1.3935712455151086
0.4793171162802177,1.2905267078497327,1.4019483527125631
0.4817061514310675,1.2830925650989662,1.4103842290203716
0.4843994809481707,1.2757350822173072,1.4188778262113642
0.4873920602637709,1.2684555931670350,1.4274281139196340
0.4906784141598741,1.2612554484014922,1.4360340795228437
0.4942526826287483,1.2541360144964910,1.4446947280110280
0.4981086677603183,1.2470986737386967,1.4534090818429870
0.5022398808927698,1.2401448236691830,1.4621761807913130
0.5066395893230096,1.2332758765803788,1.4709950817770416
0.5113008619478079,1.2264932589646445,1.4798648586948744
0.5162166132901329,1.2197984109127649,1.4887846022298640
0.5213796454541330,1.2131927854606940,1.4977534196664180
0.5267826876426368,1.2066778478829503,1.5067704346904154
0.5324184329595492,1.2002550749311411,1.5158347871852054
0.5382795723034486,1.1939259540161900,1.5249456330221973
0.5443588252359328,1.1876919823329444,1.5341021438467202
0.5319870337532981,1.5367438409354568,1.2000637738155795
0.5259102895485706,1.5276532622934820,1.2062972524317919
0.5200569042647828,1.5186090574561164,1.2126249146679569
0.5144345022865955,1.5096120599109464,1.2190452938965920
0.5090507372170524,1.5006631187306385,1.2255569329567550
0.5039132578416364,1.4917630987717660,1.2321583849953244
0.4990296707059592,1.4829128808682246,1.2388482142535397
0.4944074994477776,1.4741133620185498,1.2456249968000248
0.4900541411155403,1.4653654555664080,1.2524873212116436
0.4859768198049730,1.4566700913734860,1.2594337892036072
0.4821825380496478,1.4480282159839684,1.2664630162103320
0.4786780265076146,1.4394407927797401,1.2735736319186135
0.4754696925897892,1.4309088021254184,1.2807642807547153
0.4725635687720884,1.4224332415022547,1.2880336223270332
0.4699652614170281,1.4140151256299218,1.2953803318259980
0.4676799009963101,1.4056554865751334,1.3028031003829195
0.4657120946486583,1.3973553738460114,1.3103006353894668
0.4640658820223083,1.3891158544710576,1.3178716607794990
0.4627446953355863,1.3809380130615445,1.3255149172749314
0.4617513245398282,1.3728229518560857,1.3332291625973385
0.4610878883860718,1.3647717907461034,1.3410131716469502
0.4607558120820040,1.3567856672808625,1.3488657366506887
0.4607558120820040,1.3488657366506882,1.3567856672808630
0.4610878883860718,1.3410131716469500,1.3647717907461039
0.4617513245398282,1.3332291625973380,1.3728229518560862
0.4627446953355863,1.3255149172749310,1.3809380130615450
0.4640658820223082,1.3178716607794987,1.3891158544710580
0.4657120946486583,1.3103006353894668,1.3973553738460116
0.4676799009963101,1.3028031003829192,1.4056554865751338
0.4699652614170281,1.2953803318259978,1.4140151256299223
0.4725635687720883,1.2880336223270330,1.4224332415022551
0.4754696925897892,1.2807642807547150,1.4309088021254186
0.4786780265076146,1.2735736319186130,1.4394407927797404
0.4821825380496478,1.2664630162103316,1.4480282159839686
0.4859768198049729,1.2594337892036065,1.4566700913734867
0.4900541411155402,1.2524873212116432,1.4653654555664084
0.4944074994477775,1.2456249968000246,1.4741133620185500
0.4990296707059591,1.2388482142535395,1.4829128808682250
0.5039132578416363,1.2321583849953242,1.4917630987717663
0.5090507372170524,1.2255569329567546,1.5006631187306390
0.5144345022865955,1.2190452938965919,1.5096120599109466
0.5200569042647828,1.2126249146679566,1.5186090574561169
0.5259102895485704,1.2062972524317916,1.5276532622934824
0.5319870337532980,1.2000637738155793,1.5367438409354572
0.5196152422706634,1.5394804318340651,1.2124355652982142
0.5135411276576770,1.5304561144859221,1.2186685608583205
0.5076958755404818,1.5214788724079190,1.2249947938248390
0.5020874791654278,1.5125495437997987,1.2314128272112520
0.4967239614489632,1.5036689822441855,1.2379212331937106
0.4916133373591363,1.4948380568899529,1.2445185939198520
0.4867635724971664,1.4860576526295255,1.2512035022655719
0.4821825380496478,1.4773286702694155,1.2579745625409124
0.4778779623907924,1.4686520266932543,1.2648303911463177
0.4738573797320568,1.4600286550165333,1.2717696171805937
0.4701280763401239,1.4514595047322372,1.2787908830019787
0.4666970349691325,1.4429455418465014,1.2858928447437856
0.4635708782739416,1.4344877490033912,1.2930741727861288
0.4607558120820041,1.4260871255978430,1.3003335521852752
0.4582575694955841,1.4177446878757824,1.3076696830622020
0.4560813568669878,1.4094614690203704,1.3150812809519434
0.4542318027309900,1.4012385192232983,1.3225670771153302
0.4527129107854522,1.3930769057399960,1.3301258188147282
0.4515280179794031,1.3849777129275842,1.3377562695553680
0.4506797586956389,1.3769420422643437,1.3454572092938581
0.4501700359025352,1.3689710123494436,1.3532274346154525
0.4500000000000001,1.3610657588816200,1.3610657588816202
0.4501700359025352,1.3532274346154523,1.3689710123494440
0.4506797586956389,1.3454572092938580,1.3769420422643441
0.4515280179794032,1.3377562695553677,1.3849777129275846
0.4527129107854522,1.3301258188147280,1.3930769057399963
0.4542318027309899,1.3225670771153302,1.4012385192232986
0.4560813568669878,1.3150812809519434,1.4094614690203706
0.4582575694955841,1.3076696830622020,1.4177446878757827
0.4607558120820040,1.3003335521852750,1.4260871255978433
0.4635708782739415,1.2930741727861284,1.4344877490033914
0.4666970349691325,1.2858928447437854,1.4429455418465016
0.4701280763401239,1.2787908830019783,1.4514595047322372
0.4738573797320568,1.2717696171805932,1.4600286550165336
0.4778779623907923,1.2648303911463175,1.4686520266932548
0.4821825380496478,1.2579745625409122,1.4773286702694160
0.4867635724971663,1.2512035022655719,1.4860576526295257
0.4916133373591361,1.2445185939198518,1.4948380568899530
0.4967239614489631,1.2379212331937104,1.5036689822441858
0.5020874791654277,1.2314128272112517,1.5125495437997990
0.5076958755404818,1.2249947938248387,1.5214788724079193
0.5135411276576769,1.2186685608583203,1.5304561144859226
0.5196152422706631,1.2124355652982142,1.5394804318340654
0.5072434507880283,1.5423114114198593,1.2248073567808493
0.5011720955797072,1.5333536674191492,1.2310398789939625
0.4953353842167373,1.5244436924427778,1.2373647112195456
0.4897417061834842,1.5155823289806354,1.2437804452226960
0.4843994809481706,1.5067704346904150,1.2502856816401149
0.4793171162802177,1.4980088825654196,1.2568790307580060
0.4745029622926392,1.4892985610956697,1.2635591132404775
0.4699652614170281,1.4806403744216037,1.2703245608095275
0.4657120946486583,1.4720352424796224,1.2771740168777925
0.4617513245398282,1.4634841011386880,1.2841061371353117
0.4580905355663988,1.4549879023271524,1.2911195900916260
0.4547369726399144,1.4465476141489433,1.2982130575745814
0.4516974786789251,1.4381642209882055,1.3053852351872601
0.4489784322805063,1.4298387236014430,1.3126348327244840
0.4465856866383025,1.4215721391961702,1.3199605745503720
0.4445245109286174,1.4133655014950401,1.3273611999384498
0.4427995354236819,1.4052198607843744,1.3348354633758106
0.4414147015851536,1.3971362839459747,1.3423821348328382
0.4403732183370958,1.3891158544710578,1.3500000000000003
0.4396775256146397,1.3811596724551170,1.3576878604932040
0.4393292661337652,1.3732688545724667,1.3654445340291947
0.4393292661337652,1.3654445340291945,1.3732688545724672
0.4396775256146397,1.3576878604932034,1.3811596724551174
0.4403732183370958,1.3499999999999999,1.3891158544710580
0.4414147015851536,1.3423821348328377,1.3971362839459750
0.4427995354236819,1.3348354633758102,1.4052198607843749
0.4445245109286174,1.3273611999384498,1.4133655014950406
0.4465856866383025,1.3199605745503715,1.4215721391961704
0.4489784322805063,1.3126348327244834,1.4298387236014436
0.4516974786789251,1.3053852351872600,1.4381642209882060
0.4547369726399144,1.2982130575745812,1.4465476141489437
0.4580905355663989,1.2911195900916255,1.4549879023271528
0.4617513245398282,1.2841061371353113,1.4634841011386885
0.4657120946486582,1.2771740168777920,1.4720352424796228
0.4699652614170280,1.2703245608095270,1.4806403744216040
0.4745029622926392,1.2635591132404770,1.4892985610956700
0.4793171162802176,1.2568790307580056,1.4980088825654200
0.4843994809481706,1.2502856816401144,1.5067704346904154
0.4897417061834842,1.2437804452226957,1.5155823289806358
0.4953353842167373,1.2373647112195452,1.5244436924427782
0.5011720955797071,1.2310398789939623,1.5333536674191495
0.5072434507880283,1.2248073567808488,1.5423114114198595
0.4948716593053935,1.5452362609131383,1.2371791482634840
0.4888032031693036,1.5363453852754407,1.2434112065489153
0.4829754715536276,1.5275029643579905,1.2497346657166386
0.4773972803287699,1.5187098445182785,1.2561481454292351
0.4720774754816659,1.5099668870541498,1.2626502739419634
0.4670248868079294,1.5012749683559785,1.2692396888512048
0.4622482767818124,1.4926349800515426,1.2759150377958048
0.4577562848574890,1.4840478291428727,1.2826749791123304
0.4535573676110727,1.4755144381343264,1.2895181824453439
0.4496597353010612,1.4670357451510923,1.2964433293138768
0.4460712855998855,1.4586127040472956,1.3034491136353330
0.4427995354236819,1.4502462845028377,1.3105342422081159
0.4398515519525901,1.4419374721080620,1.3176974351543096
0.4372338840800826,1.4336872684352990,1.3249374263237754
0.4349524956468093,1.4254966910963105,1.3322529636610587
0.4330127018922192,1.4173667737846020,1.3396428095365038
0.4314191105869000,1.4092985663015454,1.3471057410430040
0.4301755692832442,1.4012931345652100,1.3546405502597965
0.4292851200376205,1.3933515606007592,1.3622460444847277
0.4287499628131119,1.3854749425112423,1.3699210464363953
0.4285714285714286,1.3776643944275648,1.3776643944275653
0.4287499628131119,1.3699210464363951,1.3854749425112427
0.4292851200376205,1.3622460444847273,1.3933515606007596
0.4301755692832442,1.3546405502597960,1.4012931345652102
0.4314191105869000,1.3471057410430038,1.4092985663015458
0.4330127018922192,1.3396428095365036,1.4173667737846023
0.4349524956468093,1.3322529636610585,1.4254966910963110
0.4372338840800826,1.3249374263237754,1.4336872684352993
0.4398515519525900,1.3176974351543094,1.4419374721080622
0.4427995354236819,1.3105342422081157,1.4502462845028380
0.4460712855998855,1.3034491136353328,1.4586127040472958
0.4496597353010611,1.2964433293138766,1.4670357451510925
0.4535573676110726,1.2895181824453437,1.4755144381343268
0.4577562848574889,1.2826749791123300,1.4840478291428730
0.4622482767818124,1.2759150377958044,1.4926349800515430
0.4670248868079293,1.2692396888512043,1.5012749683559787
0.4720774754816658,1.2626502739419630,1.5099668870541500
0.4773972803287698,1.2561481454292347,1.5187098445182792
0.4829754715536275,1.2497346657166382,1.5275029643579910
0.4888032031693035,1.2434112065489150,1.5363453852754412
0.4948716593053934,1.2371791482634837,1.5452362609131385
0.4824998678227587,1.5482544483174248,1.2495509397461189
0.4764344613043514,1.5394307190567265,1.2557825432447960
0.4706161831436896,1.5306561218200858,1.2621046562251905
0.4650543088759437,1.5219315064102200,1.2685159254267266
0.4597581440501171,1.5132577373309002,1.2750150059140963
0.4547369726399146,1.5046356939234729,1.2816005617976298
0.4500000000000000,1.4960662704954901,1.2882712669088208
0.4455562906785913,1.4875503764407372,1.2950258054319592
0.4414147015851537,1.4790889363498911,1.3018628724929175
0.4375838112141887,1.4706828901110210,1.3087811747061868
0.4340718458353856,1.4623331929990984,1.3157794306813289
0.4308866037673050,1.4540408157536537,1.3228563714900559
0.4280353790451039,1.4458067446436755,1.3300107410951882
0.4255248859601852,1.4376319815188148,1.3372412967427705
0.4233611860782128,1.4295175438459176,1.3445468093186568
0.4215496194194144,1.4214644647298770,1.3519260636708850
0.4200947415009319,1.4134737929177554,1.3593778588991754
0.4190002678874991,1.4055465927850972,1.3669010086128914
0.4182690277702101,1.3976839443033124,1.3744943411587958
0.4179029278945736,1.3898869429869878,1.3821566998199384
0.4179029278945736,1.3821566998199382,1.3898869429869880
0.4182690277702101,1.3744943411587953,1.3976839443033127
0.4190002678874990,1.3669010086128908,1.4055465927850974
0.4200947415009318,1.3593778588991752,1.4134737929177557
0.4215496194194144,1.3519260636708845,1.4214644647298773
0.4233611860782127,1.3445468093186563,1.4295175438459180
0.4255248859601852,1.3372412967427703,1.4376319815188152
0.4280353790451039,1.3300107410951880,1.4458067446436758
0.4308866037673050,1.3228563714900556,1.4540408157536542
0.4340718458353857,1.3157794306813286,1.4623331929990988
0.4375838112141887,1.3087811747061868,1.4706828901110214
0.4414147015851536,1.3018628724929173,1.4790889363498916
0.4455562906785913,1.2950258054319590,1.4875503764407376
0.4500000000000000,1.2882712669088203,1.4960662704954906
0.4547369726399144,1.2816005617976296,1.5046356939234730
0.4597581440501171,1.2750150059140960,1.5132577373309006
0.4650543088759437,1.2685159254267264,1.5219315064102201
0.4706161831436895,1.2621046562251903,1.5306561218200863
0.4764344613043512,1.2557825432447955,1.5394307190567270
0.4824998678227587,1.2495509397461184,1.5482544483174252
0.4701280763401239,1.5513654288650212,1.2619227312287535
0.4640658820223083,1.5426091070465184,1.2681538888140849
0.4582575694955841,1.5339025858434240,1.2744746816966255
0.4527129107854522,1.5252467180821625,1.2808837829038677
0.4474417075247379,1.5166423710396109,1.2873798735320943
0.4424537333128167,1.5080904265639632,1.2939616434399739
0.4377586698869875,1.4995917811871606,1.3006277918994447
0.4333660374890719,1.4911473462281535,1.3073770282047759
0.4292851200376207,1.4827580478862450,1.3142080722407916
0.4255248859601852,1.4744248273237162,1.3211196550112876
0.4220939057912617,1.4661486407369118,1.3281105191287388
0.4190002678874991,1.4579304594149187,1.3351794192664344
0.4162514938380991,1.4497712697849539,1.3423251225742137
0.4138544553391708,1.4416720734435200,1.3495464090590150
0.4118152944399879,1.4336338871723768,1.3568420719314631
0.4101393491415884,1.4256577429383253,1.3642109179197435
0.4088310863215482,1.4177446878757824,1.3716517675520168
0.4078940438648354,1.4098957842510840,1.3791634554086380
0.4073307836966644,1.4021121094074250,1.3867448303454375
0.4071428571428571,1.3943947556893195,1.3943947556893200
0.4073307836966644,1.3867448303454373,1.4021121094074251
0.4078940438648354,1.3791634554086378,1.4098957842510842
0.4088310863215481,1.3716517675520166,1.4177446878757827
0.4101393491415884,1.3642109179197430,1.4256577429383253
0.4118152944399878,1.3568420719314630,1.4336338871723770
0.4138544553391707,1.3495464090590148,1.4416720734435204
0.4162514938380990,1.3423251225742137,1.4497712697849540
0.4190002678874990,1.3351794192664344,1.4579304594149190
0.4220939057912616,1.3281105191287388,1.4661486407369120
0.4255248859601852,1.3211196550112871,1.4744248273237168
0.4292851200376205,1.3142080722407914,1.4827580478862454
0.4333660374890718,1.3073770282047759,1.4911473462281537
0.4377586698869875,1.3006277918994444,1.4995917811871609
0.4424537333128165,1.2939616434399737,1.5080904265639636
0.4474417075247378,1.2873798735320938,1.5166423710396110
0.4527129107854521,1.2808837829038675,1.5252467180821627
0.4582575694955839,1.2744746816966250,1.5339025858434240
0.4640658820223081,1.2681538888140844,1.5426091070465187
0.4701280763401238,1.2619227312287533,1.5513654288650214
0.4577562848574890,1.5545686454670915,1.2742945227113887
0.4516974786789251,1.5458799752759538,1.2805252429996000
0.4458996867146745,1.5372417652724502,1.2868447411226822
0.4403732183370958,1.5286548708867262,1.2932517156377565
0.4351284117290866,1.5201201617380280,1.2997448729246360
0.4301755692832442,1.5116385217399570,1.3063229278538808
0.4255248859601851,1.5032108491967642,1.3129846044141462
0.4211863710801591,1.4948380568899529,1.3197286362996705
0.4171697642985382,1.4865210721544388,1.3265537674588184
0.4134844468116086,1.4782608369434724,1.3334587526046542
0.4101393491415883,1.4700583078815033,1.3404423576885784
0.4071428571428571,1.4619144563041369,1.3475033603380920
0.4045027181362219,1.4538302682842972,1.3546405502597962
0.4022259492943167,1.4458067446436755,1.3618527296087701
0.4003187505486301,1.4378449009485248,1.3691387133254729
0.3987864243487959,1.4299457674888179,1.3764973294413558
0.3976333045633366,1.4221103892397642,1.3839274193543594
0.3968626966596886,1.4143398258046553,1.3914278380754890
0.3964768310393690,1.4066351513379691,1.3989974544476558
0.3964768310393690,1.3989974544476556,1.4066351513379696
0.3968626966596885,1.3914278380754885,1.4143398258046556
0.3976333045633366,1.3839274193543591,1.4221103892397644
0.3987864243487959,1.3764973294413554,1.4299457674888179
0.4003187505486301,1.3691387133254724,1.4378449009485252
0.4022259492943167,1.3618527296087697,1.4458067446436760
0.4045027181362219,1.3546405502597962,1.4538302682842976
0.4071428571428570,1.3475033603380917,1.4619144563041373
0.4101393491415883,1.3404423576885782,1.4700583078815035
0.4134844468116086,1.3334587526046537,1.4782608369434730
0.4171697642985383,1.3265537674588180,1.4865210721544395
0.4211863710801590,1.3197286362996705,1.4948380568899533
0.4255248859601851,1.3129846044141460,1.5032108491967644
0.4301755692832442,1.3063229278538806,1.5116385217399573
0.4351284117290866,1.2997448729246357,1.5201201617380284
0.4403732183370957,1.2932517156377563,1.5286548708867267
0.4458996867146745,1.2868447411226818,1.5372417652724506
0.4516974786789250,1.2805252429995995,1.5458799752759540
0.4577562848574889,1.2742945227113882,1.5545686454670920
0.4453844933748542,1.5578635291674954,1.2866663141940233
0.4393292661337652,1.5492427379931426,1.2928966055540025
0.4335425972998149,1.5406730572667762,1.2992148335334960
0.4280353790451039,1.5321553446044560,1.3056197214897060
0.4228185310556784,1.5236904715398152,1.3121100003662898
0.4179029278945736,1.5152793236137780,1.3186844093370376
0.4132993183282695,1.5069228004548247,1.3253416964107400
0.4090182372062974,1.4986218158490736,1.3320806189980412
0.4050699108216522,1.4903772977994254,1.3388999444411410
0.4014641570398971,1.4821901885729916,1.3457984505072650
0.3982102818504673,1.4740614447359859,1.3527749258468684
0.3953169743434775,1.4659920371752446,1.3598281704175808
0.3927922024247863,1.4579829511054938,1.3669569958749357
0.3906431118250091,1.4500351860614713,1.3741602259309549
0.3888759311090342,1.4421497558739684,1.3814366966816742
0.3874958854291098,1.4343276886288385,1.3887852569047237
0.3865071216705339,1.4265700266079917,1.3962047683280705
0.3859126474068600,1.4188778262113640,1.4036941058710560
0.3857142857142857,1.4112521578588370,1.4112521578588375
0.3859126474068600,1.4036941058710557,1.4188778262113642
0.3865071216705339,1.3962047683280703,1.4265700266079921
0.3874958854291098,1.3887852569047232,1.4343276886288390
0.3888759311090343,1.3814366966816740,1.4421497558739689
0.3906431118250091,1.3741602259309544,1.4500351860614717
0.3927922024247864,1.3669569958749355,1.4579829511054945
0.3953169743434775,1.3598281704175803,1.4659920371752450
0.3982102818504673,1.3527749258468680,1.4740614447359863
0.4014641570398970,1.3457984505072647,1.4821901885729920
0.4050699108216522,1.3388999444411405,1.4903772977994260
0.4090182372062974,1.3320806189980408,1.4986218158490740
0.4132993183282695,1.3253416964107398,1.5069228004548252
0.4179029278945736,1.3186844093370373,1.5152793236137780
0.4228185310556784,1.3121100003662893,1.5236904715398154
0.4280353790451039,1.3056197214897056,1.5321553446044565
0.4335425972998148,1.2992148335334959,1.5406730572667764
0.4393292661337652,1.2928966055540023,1.5492427379931430
0.4453844933748541,1.2866663141940230,1.5578635291674958
0.4330127018922194,1.5612494995995994,1.2990381056766582
0.4269612609679560,1.5526967981350301,1.3052679762393310
0.4211863710801592,1.5441958477882690,1.3115849579957894
0.4156995579128990,1.5357475079462983,1.3179877984012958
0.4105123727286004,1.5273526516325493,1.3244752522707064
0.4056363104143053,1.5190121655811955,1.3310460823988732
0.4010827183247560,1.5107269503015250,1.3376990601440237
0.3968626966596887,1.5024979201316720,1.3444329659748753
0.3929869915279692,1.4943260032809549,1.3512465899822934
0.3894658822918740,1.4862121418600522,1.3581387323563565
0.3863090652282846,1.4781572918982053,1.3651082038297426
0.3835255359616800,1.4701624233466206,1.3721538260883799
0.3811234734844029,1.4622285200672152,1.3792744321503514
0.3791101288490172,1.4543565798058222,1.3864688667140521
0.3774917217635375,1.4465476141489433,1.3937359864766357
0.3762733483161693,1.4388026484631202,1.4010746604237880
0.3754589028843265,1.4311227218159730,1.4084837700918833
0.3750510169378594,1.4235088868779175,1.4159622098035798
0.3750510169378593,1.4159622098035798,1.4235088868779178
0.3754589028843264,1.4084837700918833,1.4311227218159732
0.3762733483161693,1.4010746604237878,1.4388026484631210
0.3774917217635375,1.3937359864766352,1.4465476141489435
0.3791101288490171,1.3864688667140517,1.4543565798058227
0.3811234734844029,1.3792744321503510,1.4622285200672156
0.3835255359616800,1.3721538260883797,1.4701624233466210
0.3863090652282846,1.3651082038297422,1.4781572918982058
0.3894658822918738,1.3581387323563560,1.4862121418600530
0.3929869915279691,1.3512465899822930,1.4943260032809553
0.3968626966596886,1.3444329659748750,1.5024979201316720
0.4010827183247560,1.3376990601440233,1.5107269503015253
0.4056363104143052,1.3310460823988730,1.5190121655811957
0.4105123727286004,1.3244752522707062,1.5273526516325495
0.4156995579128989,1.3179877984012953,1.5357475079462983
0.4211863710801591,1.3115849579957890,1.5441958477882691
0.4269612609679558,1.3052679762393309,1.5526967981350306
0.4330127018922193,1.2990381056766580,1.5612494995995998
0.4206409104095846,1.5647259654453156,1.3114098971592931
0.4145934817408987,1.5562415478009960,1.3176393548265610
0.4088310863215482,1.5478095120893547,1.3239551136111616
0.4033659400998715,1.5394307190567267,1.3303559443906396
0.3982102818504673,1.5311060427957675,1.3368406251841904
0.3933762803718391,1.5228363708044597,1.3434079417508236
0.3888759311090343,1.5146226040347680,1.3500566881522014
0.3847209431284352,1.5064656569302215,1.3567856672808627
0.3809226178849539,1.4983664574516897,1.3635936913545916
0.3774917217635376,1.4903259470905779,1.3704795823777478
0.3744383549166045,1.4823450808686585,1.3774421725704171
0.3717718194192316,1.4744248273237164,1.3844803047662740
0.3695004901822161,1.4665661684801719,1.3915928327800840
0.3676316923559364,1.4587700998038150,1.3987786217457936
0.3661715890850370,1.4510376301397674,1.4060365484261796
0.3651250834037731,1.4433697816327637,1.4133655014950404
0.3644957377763736,1.4357675896288267,1.4207643817929239
0.3642857142857143,1.4282321025573925,1.4282321025573925
0.3644957377763735,1.4207643817929236,1.4357675896288271
0.3651250834037731,1.4133655014950404,1.4433697816327637
0.3661715890850371,1.4060365484261794,1.4510376301397676
0.3676316923559362,1.3987786217457934,1.4587700998038153
0.3695004901822160,1.3915928327800837,1.4665661684801720
0.3717718194192315,1.3844803047662737,1.4744248273237166
0.3744383549166045,1.3774421725704170,1.4823450808686590
0.3774917217635375,1.3704795823777476,1.4903259470905783
0.3809226178849537,1.3635936913545912,1.4983664574516902
0.3847209431284351,1.3567856672808625,1.5064656569302217
0.3888759311090342,1.3500566881522010,1.5146226040347681
0.3933762803718390,1.3434079417508231,1.5228363708044597
0.3982102818504672,1.3368406251841904,1.5311060427957675
0.4033659400998714,1.3303559443906394,1.5394307190567267
0.4088310863215481,1.3239551136111611,1.5478095120893547
0.4145934817408986,1.3176393548265606,1.5562415478009965
0.4206409104095844,1.3114098971592930,1.5647259654453160
0.4082691189269498,1.5682923248956266,1.3237816886419278
0.4022259492943170,1.5598763687274337,1.3300107410951882
0.3964768310393692,1.5515134152017571,1.3363252995144743
0.3910347340906000,1.5432043260167247,1.3427241575488640
0.3859126474068601,1.5349499759182474,1.3492061157796251
0.3811234734844030,1.5267512527439109,1.3557699822971296
0.3766799106695775,1.5186090574561166,1.3624145732440458
0.3725943244498566,1.5105243041637522,1.3691387133254724
0.3688786095335818,1.5024979201316720,1.3759412362867414
0.3655440451978284,1.4945308457772264,1.3828209853596454
0.3626011470427731,1.4866240346530668,1.3897768136779138
0.3600595188893875,1.4787784534154240,1.3968075846627654
0.3579277090390730,1.4709950817770412,1.4039121723794201
0.3562130754226197,1.4632749124439175,1.4110894618654606
0.3549216642515671,1.4556189510350037,1.4183383494319641
0.3540581066112495,1.4480282159839681,1.4256577429383253
0.3536255369853305,1.4405037384221404,1.4330465620417197
0.3536255369853306,1.4330465620417192,1.4405037384221409
0.3540581066112495,1.4256577429383253,1.4480282159839684
0.3549216642515671,1.4183383494319640,1.4556189510350037
0.3562130754226196,1.4110894618654604,1.4632749124439180
0.3579277090390730,1.4039121723794197,1.4709950817770414
0.3600595188893875,1.3968075846627654,1.4787784534154245
0.3626011470427731,1.3897768136779136,1.4866240346530670
0.3655440451978282,1.3828209853596451,1.4945308457772266
0.3688786095335816,1.3759412362867411,1.5024979201316722
0.3725943244498565,1.3691387133254724,1.5105243041637522
0.3766799106695775,1.3624145732440456,1.5186090574561169
0.3811234734844029,1.3557699822971294,1.5267512527439113
0.3859126474068600,1.3492061157796250,1.5349499759182477
0.3910347340905999,1.3427241575488635,1.5432043260167252
0.3964768310393691,1.3363252995144739,1.5515134152017573
0.4022259492943168,1.3300107410951878,1.5598763687274340
0.4082691189269497,1.3237816886419276,1.5682923248956270
0.3958973274443148,1.5719479661118763,1.3361534801245627
0.3898586871141483,1.5636006327625700,1.3423821348328380
0.3841237045642501,1.5553069124249190,1.3486955148723285
0.3787061754803303,1.5470676673458528,1.3550924360367755
0.3736199094463434,1.5388837725137403,1.3615717208507265
0.3688786095335817,1.5307561156873701,1.3681321991261353
0.3644957377763735,1.5226855974138025,1.3747727084867523
0.3604843680270155,1.5146731310343995,1.3814920948609390
0.3568570284799085,1.5067196426783096,1.3882892129435822
0.3536255369853305,1.4988260712426690,1.3951629266278314
0.3508008330802478,1.4909933683587582,1.4021121094074251
0.3483928113787772,1.4832224983433322,1.4091356447503990
0.3464101615137755,1.4755144381343264,1.4162324264449980
0.3448602201306661,1.4678701772101157,1.4234013589186394
0.3437488404433134,1.4602907174914987,1.4306413575307932
0.3430802845292237,1.4527770732255500,1.4379513488406532
0.3428571428571429,1.4453302708504843,1.4453302708504847
0.3430802845292237,1.4379513488406526,1.4527770732255505
0.3437488404433133,1.4306413575307932,1.4602907174914992
0.3448602201306660,1.4234013589186390,1.4678701772101164
0.3464101615137755,1.4162324264449975,1.4755144381343268
0.3483928113787772,1.4091356447503987,1.4832224983433326
0.3508008330802478,1.4021121094074250,1.4909933683587584
0.3536255369853304,1.3951629266278310,1.4988260712426693
0.3568570284799085,1.3882892129435818,1.5067196426783098
0.3604843680270154,1.3814920948609388,1.5146731310343995
0.3644957377763735,1.3747727084867520,1.5226855974138027
0.3688786095335816,1.3681321991261350,1.5307561156873704
0.3736199094463434,1.3615717208507260,1.5388837725137410
0.3787061754803304,1.3550924360367749,1.5470676673458530
0.3841237045642501,1.3486955148723280,1.5553069124249193
0.3898586871141482,1.3423821348328377,1.5636006327625704
0.3958973274443148,1.3361534801245623,1.5719479661118770
0.3835255359616800,1.5756922676871201,1.3485252716071976
0.3774917217635375,1.5674137023408061,1.3547535358348923
0.3717718194192316,1.5591893498133664,1.3610657588816202
0.3663805315209188,1.5510200725026488,1.3674607780817107
0.3613325677126212,1.5429067452343954,1.3739374373066096
0.3566425066519980,1.5348502552765362,1.3804945875020478
0.3523246415753864,1.5268515023420195,1.3871310871944385
0.3483928113787772,1.5189113985794873,1.3938458029670928
0.3448602201306661,1.5110308685510980,1.4006376099069007
0.3417392489687339,1.5032108491967642,1.4075053920221512
0.3390412653230234,1.4954522897840667,1.4144480426322217
0.3367764352607510,1.4877561518430830,1.4214644647298773
0.3349535453626674,1.4801234090853534,1.4285535713169630
0.3335798408238748,1.4725550473061910,1.4357142857142857
0.3326608863484292,1.4650520642695288,1.4429455418465016
0.3322004558352424,1.4576154695744885,1.4502462845028379
0.3322004558352425,1.4502462845028374,1.4576154695744890
0.3326608863484291,1.4429455418465014,1.4650520642695293
0.3335798408238748,1.4357142857142857,1.4725550473061915
0.3349535453626673,1.4285535713169628,1.4801234090853540
0.3367764352607510,1.4214644647298769,1.4877561518430835
0.3390412653230234,1.4144480426322215,1.4954522897840670
0.3417392489687339,1.4075053920221510,1.5032108491967646
0.3448602201306660,1.4006376099069002,1.5110308685510982
0.3483928113787771,1.3938458029670928,1.5189113985794873
0.3523246415753863,1.3871310871944382,1.5268515023420195
0.3566425066519979,1.3804945875020478,1.5348502552765364
0.3613325677126211,1.3739374373066093,1.5429067452343956
0.3663805315209189,1.3674607780817103,1.5510200725026490
0.3717718194192316,1.3610657588816197,1.5591893498133667
0.3774917217635375,1.3547535358348920,1.5674137023408068
0.3835255359616799,1.3485252716071972,1.5756922676871206
0.3711537444790453,1.5795245991068556,1.3608970630898323
0.3651250834037732,1.5713149309558847,1.3671249439041400
0.3594213035831180,1.5631600646623176,1.3734360307681770
0.3540581066112495,1.5550608623826545,1.3798291819745558
0.3490511920820177,1.5470181983811464,1.3863032621666436
0.3444160986068914,1.5390329590296599,1.3928571428571430
0.3401680257083046,1.5311060427957672,1.3994897029172557
0.3363216390569588,1.5232383602183920,1.4061998290369948
0.3328908627923157,1.5154308338703213,1.4129864161572463
0.3298886639644427,1.5076843983068733,1.4198483678742257
0.3273268353539886,1.5000000000000000,1.4267845968170130
0.3252157839380633,1.4923785972570836,1.4337940249988660
0.3235643329401751,1.4848211601236763,1.4408755841430556
0.3223795456113361,1.4773286702694155,1.4480282159839686
0.3216665785485058,1.4699021208563374,1.4552508725442554
0.3214285714285715,1.4625425163888048,1.4625425163888053
0.3216665785485059,1.4552508725442552,1.4699021208563376
0.3223795456113361,1.4480282159839681,1.4773286702694157
0.3235643329401751,1.4408755841430554,1.4848211601236765
0.3252157839380632,1.4337940249988657,1.4923785972570840
0.3273268353539887,1.4267845968170125,1.5000000000000002
0.3298886639644426,1.4198483678742255,1.5076843983068737
0.3328908627923156,1.4129864161572459,1.5154308338703217
0.3363216390569587,1.4061998290369946,1.5232383602183923
0.3401680257083046,1.3994897029172555,1.5311060427957675
0.3444160986068914,1.3928571428571426,1.5390329590296603
0.3490511920820176,1.3863032621666436,1.5470181983811468
0.3540581066112495,1.3798291819745556,1.5550608623826547
0.3594213035831179,1.3734360307681770,1.5631600646623180
0.3651250834037732,1.3671249439041400,1.5713149309558851
0.3711537444790451,1.3608970630898320,1.5795245991068560
0.3587819529964104,1.5834443212084681,1.3732688545724670
0.3527588064247357,1.5753036636322093,1.3794963588504439
0.3470723032358956,1.5672183859908466,1.3858063297854681
0.3417392489687340,1.5591893498133662,1.3921976460669248
0.3367764352607511,1.5512174284103697,1.3986691925555814
0.3322004558352426,1.5433035068597860,1.4052198607843747
0.3280275000915725,1.5354484819805340,1.4118485494310686
0.3242731275090335,1.5276532622934820,1.4185541647633153
0.3209520276951569,1.5199187679690285,1.4253356210566905
0.3180777725458904,1.5122459307606155,1.4321918409863100
0.3156625684854908,1.5046356939234730,1.4391217559926710
0.3137170179428251,1.4970890121178773,1.4461243066223880
0.3122498999199200,1.4896068512961975,1.4531984428445120
0.3112679795642991,1.4821901885729918,1.4603431243431548
0.3107758559686728,1.4748400120774081,1.4675573207871366
0.3107758559686728,1.4675573207871364,1.4748400120774083
0.3112679795642990,1.4603431243431544,1.4821901885729918
0.3122498999199200,1.4531984428445120,1.4896068512961975
0.3137170179428251,1.4461243066223874,1.4970890121178775
0.3156625684854908,1.4391217559926708,1.5046356939234733
0.3180777725458903,1.4321918409863095,1.5122459307606160
0.3209520276951567,1.4253356210566903,1.5199187679690290
0.3242731275090334,1.4185541647633150,1.5276532622934822
0.3280275000915724,1.4118485494310684,1.5354484819805340
0.3322004558352425,1.4052198607843744,1.5433035068597862
0.3367764352607510,1.3986691925555812,1.5512174284103701
0.3417392489687339,1.3921976460669245,1.5591893498133667
0.3470723032358955,1.3858063297854680,1.5672183859908468
0.3527588064247357,1.3794963588504439,1.5753036636322095
0.3587819529964104,1.3732688545724670,1.5834443212084686
0.3464101615137755,1.5874507866387542,1.3856406460551020
0.3403929302126816,1.5793792373936680,1.3918677804904270
0.3347249861102852,1.5713636350219470,1.3981766552133796
0.3294243587885773,1.5634048400454537,1.4045661687684852
0.3245090483314442,1.5555037244361367,1.4110352256989427
0.3199968112086017,1.5476611715878950,1.4175827370303757
0.3159049198213711,1.5398780762761441,1.4242076207276722
0.3122498999199199,1.5321553446044560,1.4309088021254188
0.3090472521826276,1.5244938939376111,1.4376852143324714
0.3063111663198795,1.5168946528203933,1.4445357986112315
0.3040542379113252,1.5093585608814502,1.4514595047322372
0.3022871995642690,1.5018865687215273,1.4584552913047060
0.3010186786529354,1.4944796377853737,1.4655221260836757
0.3002549936711958,1.4871387402166152,1.4726589862544280
0.2999999999999999,1.4798648586948742,1.4798648586948746
0.3002549936711957,1.4726589862544273,1.4871387402166154
0.3010186786529354,1.4655221260836753,1.4944796377853742
0.3022871995642690,1.4584552913047055,1.5018865687215275
0.3040542379113251,1.4514595047322370,1.5093585608814504
0.3063111663198795,1.4445357986112310,1.5168946528203937
0.3090472521826277,1.4376852143324712,1.5244938939376116
0.3122498999199198,1.4309088021254184,1.5321553446044562
0.3159049198213711,1.4242076207276717,1.5398780762761441
0.3199968112086017,1.4175827370303753,1.5476611715878952
0.3245090483314442,1.4110352256989422,1.5555037244361372
0.3294243587885773,1.4045661687684845,1.5634048400454540
0.3347249861102851,1.3981766552133794,1.5713636350219475
0.3403929302126816,1.3918677804904270,1.5793792373936681
0.3464101615137755,1.3856406460551018,1.5874507866387546
0.3340383700311407,1.5915433403089068,1.3980124375377370
0.3280275000915725,1.5835409817293413,1.4042392086471740
0.3223795456113359,1.5755951256588730,1.4105470063570578
0.3171138982917588,1.5677066312396120,1.4169347485444252
0.3122498999199199,1.5598763687274337,1.4234013589186394
0.3078065918059321,1.5521052194503107,1.4299457674888179
0.3038024331162391,1.5443940757541417,1.4365669110055121
0.3002549936711958,1.5367438409354570,1.4432637333771100
0.2971806294673531,1.5291554291603624,1.4500351860614717
0.2945941518185897,1.5216297653690736,1.4568802284333466
0.2925085032777610,1.5141677851653870,1.4637978281281379
0.2909344550630900,1.5067704346904154,1.4707869613626190
0.2898803412529004,1.4994386704799274,1.4778466132332200
0.2893518442932728,1.4921734593046017,1.4849757779925201
0.2893518442932727,1.4849757779925200,1.4921734593046019
0.2898803412529003,1.4778466132332198,1.4994386704799276
0.2909344550630900,1.4707869613626186,1.5067704346904154
0.2925085032777610,1.4637978281281376,1.5141677851653870
0.2945941518185897,1.4568802284333464,1.5216297653690740
0.2971806294673531,1.4500351860614715,1.5291554291603626
0.3002549936711957,1.4432637333771094,1.5367438409354572
0.3038024331162390,1.4365669110055120,1.5443940757541420
0.3078065918059320,1.4299457674888176,1.5521052194503109
0.3122498999199199,1.4234013589186392,1.5598763687274342
0.3171138982917587,1.4169347485444250,1.5677066312396122
0.3223795456113359,1.4105470063570575,1.5755951256588732
0.3280275000915723,1.4042392086471738,1.5835409817293415
0.3340383700311406,1.3980124375377367,1.5915433403089072
0.3216665785485058,1.5957213198463711,1.4103842290203716
0.3156625684854908,1.5877882190554975,1.4166106431499499
0.3100362059172959,1.5799121649571508,1.4229173825458108
0.3048084041907410,1.5720940149484490,1.4293033839130540
0.3000000000000000,1.5643346371997446,1.4357675896288271
0.2956314583796412,1.5566349105997714,1.4423089481941158
0.2917225408094591,1.5489957246881090,1.4489264146608831
0.2882919438658653,1.5414179795743597,1.4556189510350040
0.2853569193634026,1.5339025858434236,1.4623855266554810
0.2829328902905481,1.5264504644462467,1.4692251185504530
0.2810330796129429,1.5190625465754077,1.4761367117705377
0.2796681707207414,1.5117397735249087,1.4831192997000808
0.2788460185134735,1.5044830965335243,1.4901718843468896
0.2785714285714286,1.4972934766110617,1.4972934766110624
0.2788460185134735,1.4901718843468892,1.5044830965335247
0.2796681707207414,1.4831192997000804,1.5117397735249092
0.2810330796129429,1.4761367117705375,1.5190625465754080
0.2829328902905481,1.4692251185504526,1.5264504644462473
0.2853569193634026,1.4623855266554808,1.5339025858434243
0.2882919438658653,1.4556189510350037,1.5414179795743600
0.2917225408094591,1.4489264146608830,1.5489957246881094
0.2956314583796412,1.4423089481941154,1.5566349105997717
0.3000000000000000,1.4357675896288267,1.5643346371997450
0.3048084041907410,1.4293033839130533,1.5720940149484492
0.3100362059172959,1.4229173825458103,1.5799121649571510
0.3156625684854907,1.4166106431499497,1.5877882190554977
0.3216665785485058,1.4103842290203714,1.5957213198463716
0.3092947870658710,1.5999840560430083,1.4227560205030065
0.3032981963651736,1.5921202651733035,1.4289820838339324
0.2976952283453530,1.5843140535916997,1.4352877831320672
0.2925085032777610,1.5765662765928350,1.4416720734435204
0.2877605296926241,1.5688777999004282,1.4481339153319677
0.2834733547569205,1.5612494995995994,1.4546722753154502
0.2796681707207414,1.5536822620563610,1.4612861262795673
0.2763648874593301,1.5461769838236894,1.4679744478674814
0.2735816857457937,1.5387345715335874,1.4747362268471980
0.2713345701888941,1.5313559417745315,1.4815704574566018
0.2696369441168125,1.5240420209537050,1.4884761417267651
0.2684992304173215,1.5167937451433937,1.4954522897840670
0.2679285619073008,1.5096120599109464,1.5024979201316720
0.2679285619073008,1.5024979201316717,1.5096120599109470
0.2684992304173215,1.4954522897840665,1.5167937451433942
0.2696369441168125,1.4884761417267650,1.5240420209537051
0.2713345701888941,1.4815704574566015,1.5313559417745320
0.2735816857457937,1.4747362268471980,1.5387345715335876
0.2763648874593300,1.4679744478674812,1.5461769838236898
0.2796681707207413,1.4612861262795669,1.5536822620563613
0.2834733547569205,1.4546722753154500,1.5612494995995996
0.2877605296926242,1.4481339153319674,1.5688777999004284
0.2925085032777610,1.4416720734435200,1.5765662765928354
0.2976952283453530,1.4352877831320667,1.5843140535917000
0.3032981963651735,1.4289820838339320,1.5921202651733035
0.3092947870658709,1.4227560205030063,1.5999840560430088
0.2969229955832360,1.6043308732990236,1.4351278119856414
0.2909344550630900,1.5965364297217184,1.4413535305399576
0.2853569193634025,1.5888000863185130,1.4476582074903892
0.2802149320847575,1.5811226959321774,1.4540408157536540
0.2755328788855129,1.5735051214873559,1.4605003336150928
0.2713345701888940,1.5659482359104404,1.4670357451510925
0.2676427713599313,1.5584529220364922,1.4736460406288971
0.2644786940224802,1.5510200725026486,1.4803302168841954
0.2618614682831908,1.5436505896274397,1.4870872776769266
0.2598076211353316,1.5363453852754407,1.4939162340257621
0.2583305902860731,1.5291053807066806,1.5008161045217492
0.2574403041562871,1.5219315064102200,1.5077859156216242
0.2571428571428571,1.5148247019213212,1.5148247019213217
0.2574403041562871,1.5077859156216238,1.5219315064102203
0.2583305902860732,1.5008161045217487,1.5291053807066808
0.2598076211353315,1.4939162340257617,1.5363453852754412
0.2618614682831909,1.4870872776769264,1.5436505896274402
0.2644786940224803,1.4803302168841952,1.5510200725026493
0.2676427713599313,1.4736460406288970,1.5584529220364927
0.2713345701888939,1.4670357451510920,1.5659482359104409
0.2755328788855130,1.4605003336150923,1.5735051214873560
0.2802149320847576,1.4540408157536537,1.5811226959321778
0.2853569193634025,1.4476582074903888,1.5888000863185134
0.2909344550630900,1.4413535305399572,1.5965364297217188
0.2969229955832361,1.4351278119856410,1.6043308732990240
0.2845512041006012,1.6087610900621507,1.4474996034682763
0.2785714285714286,1.6010360166250515,1.4537249831142798
0.2730216407659484,1.5933695524303972,1.4600286550165338
0.2679285619073007,1.5857625475281150,1.4664096095079109
0.2633186941595251,1.5782158617003090,1.4728668421462540
0.2592178187374865,1.5707303643690790,1.4793993541230146
0.2556504309739039,1.5633069344912953,1.4860061526502126
0.2526391311975342,1.5559464604397870,1.4926862513260983
0.2502039984019570,1.5486498398703987,1.4994386704799278
0.2483619807244815,1.5414179795743597,1.5062624374962836
0.2471263413143741,1.5342517953154142,1.5131565871194093
0.2465061989533914,1.5271522116511570,1.5201201617380284
0.2465061989533914,1.5201201617380280,1.5271522116511573
0.2471263413143742,1.5131565871194088,1.5342517953154144
0.2483619807244816,1.5062624374962832,1.5414179795743600
0.2502039984019570,1.4994386704799276,1.5486498398703992
0.2526391311975342,1.4926862513260981,1.5559464604397872
0.2556504309739040,1.4860061526502122,1.5633069344912955
0.2592178187374864,1.4793993541230144,1.5707303643690795
0.2633186941595251,1.4728668421462539,1.5782158617003093
0.2679285619073007,1.4664096095079104,1.5857625475281152
0.2730216407659484,1.4600286550165333,1.5933695524303980
0.2785714285714285,1.4537249831142793,1.6010360166250520
0.2845512041006012,1.4474996034682759,1.6087610900621510
0.2721794126179665,1.6132740192616037,1.4598713949509110
0.2662092164797747,1.6056183245347047,1.4660964414083422
0.2606898227270666,1.5980217362062867,1.4723991251265636
0.2556504309739040,1.5904851012011578,1.4787784534154245
0.2511199404463850,1.5830092758246677,1.4852334386711536
0.2471263413143743,1.5755951256588730,1.4917630987717667
0.2436960301318855,1.5682435254455989,1.4983664574516902
0.2408530757155338,1.5609553589558738,1.5050425446559610
0.2386184726927152,1.5537315188452157,1.5117903968743927
0.2370094289005295,1.5465729064942397,1.5186090574561170
0.2360387377408330,1.5394804318340650,1.5254975769049448
0.2357142857142857,1.5324550131559940,1.5324550131559946
0.2360387377408330,1.5254975769049444,1.5394804318340654
0.2370094289005295,1.5186090574561164,1.5465729064942402
0.2386184726927152,1.5117903968743922,1.5537315188452160
0.2408530757155338,1.5050425446559605,1.5609553589558740
0.2436960301318855,1.4983664574516897,1.5682435254455989
0.2471263413143743,1.4917630987717663,1.5755951256588734
0.2511199404463849,1.4852334386711534,1.5830092758246679
0.2556504309739040,1.4787784534154245,1.5904851012011578
0.2606898227270666,1.4723991251265636,1.5980217362062870
0.2662092164797746,1.4660964414083420,1.6056183245347050
0.2721794126179664,1.4598713949509108,1.6132740192616042
0.2598076211353317,1.6178689687363434,1.4722431864335460
0.2538479377702410,1.6102826472646448,1.4784679052785610
0.2483619807244816,1.6027559173536827,1.4847696172560008
0.2433817862485832,1.5952896224798294,1.4911473462281537
0.2389389811953962,1.5878846151469597,1.4976001210099377
0.2350640381700620,1.5805417567713798,1.5041269757516067
0.2317854391369708,1.5732619175536189,1.5107269503015253
0.2291287847477921,1.5660459763365824,1.5173990905493520
0.2271159013654950,1.5588948204495674,1.5241424487499960
0.2257640089897016,1.5518093455376400,1.5309560838287444
0.2250850179512676,1.5447904553758764,1.5378390616679750
0.2250850179512676,1.5378390616679745,1.5447904553758770
0.2257640089897016,1.5309560838287440,1.5518093455376403
0.2271159013654950,1.5241424487499953,1.5588948204495678
0.2291287847477920,1.5173990905493517,1.5660459763365826
0.2317854391369708,1.5107269503015250,1.5732619175536189
0.2350640381700619,1.5041269757516063,1.5805417567713798
0.2389389811953962,1.4976001210099374,1.5878846151469599
0.2433817862485831,1.4911473462281537,1.5952896224798296
0.2483619807244815,1.4847696172560008,1.6027559173536827
0.2538479377702409,1.4784679052785608,1.6102826472646450
0.2598076211353315,1.4722431864335457,1.6178689687363440
0.2474358296526969,1.6225452416572208,1.4846149779161806
0.2414877357768140,1.6150282742201796,1.4908393745861177
0.2360387377408331,1.6075713714438042,1.4971401308590226
0.2311241383909063,1.6001753730419037,1.5035162867391214
0.2267786838055365,1.5928411274018688,1.5099668870541503
0.2230356427999430,1.5855694914587937,1.5164909818258676
0.2199257759762951,1.5783613305564472,1.5230876266214455
0.2174762478234048,1.5712175182946242,1.5297558828860540
0.2157095552934501,1.5641389363623992,1.5364948182570004
0.2146425600188104,1.5571264743568058,1.5433035068597865
0.2142857142857144,1.5501810295864789,1.5501810295864790
0.2146425600188104,1.5433035068597862,1.5571264743568063
0.2157095552934501,1.5364948182570002,1.5641389363623994
0.2174762478234049,1.5297558828860536,1.5712175182946244
0.2199257759762952,1.5230876266214450,1.5783613305564472
0.2230356427999429,1.5164909818258672,1.5855694914587937
0.2267786838055365,1.5099668870541498,1.5928411274018690
0.2311241383909063,1.5035162867391212,1.6001753730419040
0.2360387377408330,1.4971401308590224,1.6075713714438045
0.2414877357768139,1.4908393745861175,1.6150282742201798
0.2474358296526968,1.4846149779161804,1.6225452416572212
0.2350640381700619,1.6273021369426020,1.4969867693988157
0.2291287847477919,1.6198544908196448,1.5032108491967646
0.2237208537623689,1.6124673703390602,1.5095106654076984
0.2188793349434936,1.6051416111473578,1.5158852737807396
0.2146425600188102,1.5978780572103386,1.5223337347638333
0.2110469528956308,1.5906775606768384,1.5288551138625512
0.2081257469190494,1.5835409817293413,1.5354484819805345
0.2059076472199939,1.5764691884210158,1.5421129157418922
0.2044155431607740,1.5694630564987140,1.5488474977958844
0.2036653918483322,1.5625234692114978,1.5556513171042423
0.2036653918483321,1.5556513171042420,1.5625234692114980
0.2044155431607740,1.5488474977958842,1.5694630564987144
0.2059076472199939,1.5421129157418916,1.5764691884210160
0.2081257469190495,1.5354484819805339,1.5835409817293418
0.2110469528956307,1.5288551138625510,1.5906775606768386
0.2146425600188102,1.5223337347638330,1.5978780572103388
0.2188793349434937,1.5158852737807391,1.6051416111473578
0.2237208537623689,1.5095106654076982,1.6124673703390604
0.2291287847477919,1.5032108491967644,1.6198544908196453
0.2350640381700618,1.4969867693988155,1.6273021369426024
0.2226922466874271,1.6321389496670948,1.5093585608814506
0.2167712986499074,1.6247605789086308,1.5155823289806358
0.2114092655278392,1.6174431826124810,1.5218812203912606
0.2066496591641347,1.6101875920626930,1.5282543062232141
0.2025349554108261,1.6029946465084322,1.5347006621647690
0.1991051409252337,1.5958651930177916,1.5412193688301299
0.1963961012123931,1.5888000863185130,1.5478095120893550
0.1944379655545171,1.5818001886251922,1.5544701833809516
0.1932535608352669,1.5748663694525490,1.5612004800074560
0.1928571428571429,1.5679995054143328,1.5679995054143328
0.1932535608352669,1.5612004800074557,1.5748663694525493
0.1944379655545171,1.5544701833809510,1.5818001886251922
0.1963961012123932,1.5478095120893545,1.5888000863185130
0.1991051409252337,1.5412193688301294,1.5958651930177920
0.2025349554108262,1.5347006621647685,1.6029946465084324
0.2066496591641348,1.5282543062232135,1.6101875920626930
0.2114092655278392,1.5218812203912602,1.6174431826124813
0.2167712986499075,1.5155823289806352,1.6247605789086315
0.2226922466874270,1.5093585608814502,1.6321389496670953
0.2103204552047923,1.6370549714630342,1.5217303523640853
0.2044155431607741,1.6297458171664156,1.5279538138120725
0.1991051409252337,1.6224980739587950,1.5342517953154144
0.1944379655545171,1.6153125684763152,1.5406233829730310
0.1904613089424769,1.6081901349666592,1.5470676673458534
0.1872191774583023,1.6011316151333692,1.5535837437935531
0.1847502450911080,1.5941378579671464,1.5601707127943485
0.1830857945425186,1.5872097195637227,1.5668276802481622
0.1822478688881868,1.5803480629279107,1.5735537577634358
0.1822478688881868,1.5735537577634355,1.5803480629279110
0.1830857945425185,1.5668276802481620,1.5872097195637227
0.1847502450911080,1.5601707127943480,1.5941378579671464
0.1872191774583022,1.5535837437935527,1.6011316151333692
0.1904613089424769,1.5470676673458530,1.6081901349666594
0.1944379655545172,1.5406233829730305,1.6153125684763157
0.1991051409252336,1.5342517953154140,1.6224980739587953
0.2044155431607741,1.5279538138120720,1.6297458171664159
0.2103204552047923,1.5217303523640848,1.6370549714630350
0.1979486637221575,1.6420494909144012,1.5341021438467202
0.1920618522821252,1.6348094815042902,1.5403253035694529
0.1868099547231718,1.6276313075968363,1.5466223897016786
0.1822478688881868,1.6205157909046821,1.5529925029715100
0.1784285142399543,1.6134637603994855,1.5594347484565934
0.1754004165401241,1.6064760521471984,1.5659482359104406
0.1732050807568878,1.5995535091304160,1.5725320800725000
0.1718744202216568,1.5926969810574099,1.5791854009622321
0.1714285714285715,1.5859073241574762,1.5859073241574764
0.1718744202216568,1.5791854009622317,1.5926969810574100
0.1732050807568878,1.5725320800724998,1.5995535091304163
0.1754004165401240,1.5659482359104404,1.6064760521471986
0.1784285142399543,1.5594347484565930,1.6134637603994857
0.1822478688881869,1.5529925029715095,1.6205157909046826
0.1868099547231717,1.5466223897016784,1.6276313075968365
0.1920618522821251,1.5403253035694524,1.6348094815042904
0.1979486637221575,1.5341021438467197,1.6420494909144017
0.1855768722395225,1.6471217939428864,1.5464739353293553
0.1797106517915589,1.6399508454554983,1.5526967981350308
0.1745255960410087,1.6328421446630275,1.5589930030867587
0.1700840128541522,1.6257965080889691,1.5653616651934286
0.1664454313961577,1.6188147591648019,1.5718019037047248
0.1636634176769942,1.6118977280566797,1.5783128424274540
0.1617821664700874,1.6050462514793010,1.5848936100262507
0.1608332892742528,1.5982611724965994,1.5915433403089070
0.1608332892742528,1.5915433403089068,1.5982611724965996
0.1617821664700875,1.5848936100262507,1.6050462514793011
0.1636634176769942,1.5783128424274537,1.6118977280566800
0.1664454313961577,1.5718019037047246,1.6188147591648023
0.1700840128541522,1.5653616651934283,1.6257965080889696
0.1745255960410088,1.5589930030867583,1.6328421446630280
0.1797106517915589,1.5526967981350304,1.6399508454554987
0.1855768722395225,1.5464739353293546,1.6471217939428868
0.1732050807568877,1.6522711641858305,1.5588457268119900
0.1673624930551426,1.6451691805565350,1.5650682973947831
0.1622545241657221,1.6381298445956907,1.5713636350219478
0.1579524599106856,1.6311539673820254,1.5777308686457117
0.1545236260913138,1.6242423665531330,1.5841691313539392
0.1520271189556626,1.6173958661240302,1.5906775606768384
0.1505093393264677,1.6106152962930227,1.5972552988786480
0.1500000000000000,1.6039014932345440,1.6039014932345441
0.1505093393264677,1.5972552988786477,1.6106152962930230
0.1520271189556626,1.5906775606768380,1.6173958661240306
0.1545236260913138,1.5841691313539392,1.6242423665531334
0.1579524599106855,1.5777308686457114,1.6311539673820260
0.1622545241657221,1.5713636350219473,1.6381298445956910
0.1673624930551426,1.5650682973947827,1.6451691805565354
0.1732050807568877,1.5588457268119895,1.6522711641858310
0.1608332892742529,1.6574968833658020,1.5712175182946246
0.1550181029586480,1.6504637567195766,1.5774398012382638
0.1500000000000000,1.6434936655099794,1.5837342850725580
0.1458612704047295,1.6365874151254305,1.5901001123661804
0.1426784596817013,1.6297458171664156,1.5965364297217186
0.1405165398064715,1.6229696892563636,1.6030423880731240
0.1394230092567366,1.6162598548399780,1.6096171429687172
0.1394230092567367,1.6096171429687170,1.6162598548399780
0.1405165398064714,1.6030423880731237,1.6229696892563640
0.1426784596817013,1.5965364297217184,1.6297458171664160
0.1458612704047295,1.5901001123661804,1.6365874151254310
0.1499999999999999,1.5837342850725580,1.6434936655099797
0.1550181029586479,1.5774398012382636,1.6504637567195770
0.1608332892742529,1.5712175182946244,1.6574968833658021
0.1484614977916182,1.6627982316515957,1.5835893097772595
0.1426784596817014,1.6558338425958428,1.5898113095584647
0.1377664394427566,1.6489328645632406,1.5961049528173779
0.1338213856799658,1.6420960970164730,1.6024693954223608
0.1309307341415955,1.6353243452861925,1.6089037971772673
0.1291652951430367,1.6286184203746660,1.6154073221099783
0.1285714285714286,1.6219791387470468,1.6219791387470470
0.1291652951430367,1.6154073221099778,1.6286184203746663
0.1309307341415955,1.6089037971772668,1.6353243452861927
0.1338213856799658,1.6024693954223603,1.6420960970164733
0.1377664394427565,1.5961049528173776,1.6489328645632408
0.1426784596817013,1.5898113095584643,1.6558338425958430
0.1484614977916181,1.5835893097772590,1.6627982316515960
0.1360897063089833,1.6681744880104656,1.5959611012598944
0.1303449113635334,1.6612787059297156,1.6021828222516830
0.1255599702231926,1.6544466983106527,1.6084756378481526
0.1218480150659428,1.6476792584649205,1.6148387169103462
0.1193092363463577,1.6409771852310986,1.6212712321395410
0.1180193688704166,1.6343412827715722,1.6277723603572020
0.1180193688704165,1.6277723603572019,1.6343412827715724
0.1193092363463577,1.6212712321395408,1.6409771852310988
0.1218480150659428,1.6148387169103460,1.6476792584649207
0.1255599702231925,1.6084756378481522,1.6544466983106530
0.1303449113635333,1.6021828222516827,1.6612787059297156
0.1360897063089832,1.5959611012598940,1.6681744880104659
0.1237179148263484,1.6736249305514261,1.6083328927425290
0.1180193688704165,1.6667976139034655,1.6145543392173938
0.1133893419027681,1.6600344230510058,1.6208463397690906
0.1099628879881475,1.6533361449394570,1.6272080759537118
0.1078547776467250,1.6467035717035485,1.6336387330753646
0.1071428571428572,1.6401375004578618,1.6401375004578622
0.1078547776467249,1.6336387330753643,1.6467035717035490
0.1099628879881475,1.6272080759537113,1.6533361449394572
0.1133893419027681,1.6208463397690902,1.6600344230510062
0.1180193688704165,1.6145543392173933,1.6667976139034657
0.1237179148263483,1.6083328927425289,1.6736249305514261
0.1113461233437136,1.6791488368594758,1.6207046842251640
0.1057046327639196,1.6723898334724596,1.6269258603581300
0.1012674777054130,1.6656952951625128,1.6332170581963912
0.0981980506061966,1.6590660023037058,1.6395774717024770
0.0966267804176334,1.6525027401255492,1.6460062984976330
0.0966267804176335,1.6460062984976325,1.6525027401255494
0.0981980506061965,1.6395774717024767,1.6590660023037060
0.1012674777054130,1.6332170581963910,1.6656952951625130
0.1057046327639196,1.6269258603581296,1.6723898334724598
0.1113461233437135,1.6207046842251636,1.6791488368594762
0.0989743318610787,1.6847454843206362,1.6330764757077987
0.0934049773615859,1.6780546316907490,1.6392973855793667
0.0892142571199771,1.6714285714285715,1.6455877927577944
0.0866025403784439,1.6648680771417639,1.6519469033321175
0.0857142857142857,1.6583739269635944,1.6583739269635946
0.0866025403784439,1.6519469033321172,1.6648680771417639
0.0892142571199771,1.6455877927577942,1.6714285714285717
0.0934049773615859,1.6392973855793667,1.6780546316907492
0.0989743318610787,1.6330764757077985,1.6847454843206366
0.0866025403784439,1.6904141504376966,1.6454482671904334
0.0811272620828611,1.6837912760269573,1.6516689147894117
0.0772618130456569,1.6772335093534112,1.6579585430921504
0.0752546696632339,1.6707416170732112,1.6643163700426182
0.0752546696632339,1.6643163700426180,1.6707416170732112
0.0772618130456570,1.6579585430921502,1.6772335093534112
0.0811272620828610,1.6516689147894115,1.6837912760269578
0.0866025403784438,1.6454482671904334,1.6904141504376970
0.0742307488958090,1.6961541131365994,1.6578200586730685
0.0688832197213782,1.6895990346704106,1.6640404478992990
0.0654653670707976,1.6831093674675877,1.6703293088490072
0.0642857142857142,1.6766858710575698,1.6766858710575703
0.0654653670707977,1.6703293088490068,1.6831093674675879
0.0688832197213782,1.6640404478992985,1.6895990346704108
0.0742307488958089,1.6578200586730683,1.6961541131365998
0.0618589574131741,1.7019646510634077,1.6701918501557034
0.0566946709513841,1.6954771768274728,1.6764119848226877
0.0539273888233624,1.6890554056233050,1.6827000896882178
0.0539273888233624,1.6827000896882174,1.6890554056233050
0.0566946709513840,1.6764119848226875,1.6954771768274730
0.0618589574131742,1.6701918501557032,1.7019646510634080
0.0494871659305394,1.7078450438718233,1.6825636416383380
0.0446071285599886,1.7014249730080693,1.6887835254757690
0.0428571428571428,1.6950708852795653,1.6950708852795657
0.0446071285599886,1.6887835254757688,1.7014249730080697
0.0494871659305394,1.6825636416383378,1.7078450438718238
0.0371153744479045,1.7137945725012358,1.6949354331209730
0.0327326835353989,1.7074416953024025,1.7011550697771711
0.0327326835353988,1.7011550697771710,1.7074416953024030
0.0371153744479045,1.6949354331209727,1.7137945725012362
0.0247435829652696,1.7198125194453073,1.7073072246036078
0.0214285714285714,1.7135266176478714,1.7135266176478718
0.0247435829652696,1.7073072246036076,1.7198125194453078
0.0123717914826348,1.7258981690111146,1.7196790160862427
0.0123717914826349,1.7196790160862423,1.7258981690111150
0.0000000000000000,1.7320508075688772,1.7320508075688776
