0.182482021,0.39862206,1.66392096,2.71177102,5.58188283,9.19746018,12.8663412,25.3156652,45.0483989,74.4698057
0.901294729,3.41084245,7.26381165,13.0019159,19.6061987,28.2478653,36.5950194,44.1434236,41.142218,0.394089557
0.564158376,1.88633873,5.64678565,10.2250243,18.2638923,21.6006885,25.18165,19.7394316,3.81974982,99.0502013
0.366105641,1.76692004,4.37061212,8.46802431,15.909971,13.4703211,19.4620247,40.1669028,78.4912744,0.462363617
0.65004165,2.22013541,4.44091609,6.85201096,8.80494118,21.0034331,29.6831155,52.6329782,27.3231853,40.5187876
0.539785129,2.27522213,4.34157064,7.14027329,7.91216468,6.79855962,7.4751901,17.4513023,41.1911883,96.1464822
0.615186857,2.68366972,6.94378073,11.330127,15.1898308,19.7813029,21.2636349,16.9360487,60.4445779,42.0701954
0.282917358,1.44599489,2.13014114,5.29915283,9.8856198,16.863037,21.5418736,40.4883578,0.978357726,99.578907
0.435300598,1.51936489,2.58390548,7.37873201,12.4700544,14.4231219,29.3010088,10.1486257,56.3521741,49.6200854
0.482385261,1.89562915,4.0844765,9.32259572,17.1838314,28.3592362,47.8614702,42.7109726,40.6735002,0.402644931
0.27070843,1.34527945,3.60569969,3.27302114,8.49173852,15.5941718,25.0609984,44.1296377,52.6198605,27.3556719
0.694487891,2.61991762,5.29335561,8.60201999,19.486486,19.7108567,24.1903958,57.0675998,49.478967,0.953973771
0.655427134,2.25070266,5.19524205,11.446817,19.5073856,27.0338323,33.6153774,34.2489514,24.7794082,47.5239746
0.572538869,2.32938253,4.32477627,6.73377093,8.15011114,18.9807843,10.327719,31.9471171,63.0199273,45.5693838
0.552283741,2.55376863,4.64937936,7.19700778,10.8337954,9.82669784,25.266968,39.7764143,5.30324155,84.8621131
0.392082468,1.12601861,3.93157005,6.84529342,9.58463994,17.9932211,24.8934947,9.22968791,26.6388846,97.5359462
0.558082239,2.51528648,5.00419544,8.81268785,10.7965064,22.2813108,35.8650809,24.2892118,75.6165506,0.0743223599
0.409004536,1.31373351,4.00475839,7.95436109,13.8260433,16.547822,15.7963942,41.0668812,29.5967347,60.2512131
0.618334142,2.3183077,4.92678391,7.28269685,9.82847721,19.0232613,31.7561136,17.8647317,34.9036484,67.7425118
0.388331642,1.9183868,4.95008325,6.67220324,11.2841491,19.1167928,34.6671884,60.8921614,44.8292413,1.55054798
0.494847377,1.92568962,5.16020218,6.40921809,15.5378211,13.3819342,32.9756946,34.1819306,47.0047637,32.0311216
0.401462497,1.90245276,2.76177675,7.03066124,6.11637823,6.12083731,19.1867979,31.6008049,49.357897,58.2362846
0.653650802,2.31169176,6.45491679,13.0477776,16.2963088,28.8326854,30.0272531,35.3920315,57.423505,1.80825347
0.450523338,2.14707678,3.87077723,9.40632576,16.7727672,15.5746046,14.346956,3.52872865,34.4516897,99.6389049
0.552847326,2.504132,6.43403653,12.5507883,15.1208085,19.9728098,20.9539255,54.436648,26.8744466,36.7623907
0.300849352,1.52025066,2.34555908,4.22276766,8.73149012,13.5493338,2.37031447,20.3792967,40.8810833,97.078757
0.552664666,1.97075657,3.63248,5.38856177,6.49991078,15.7716125,25.7415402,40.8506664,74.8747997,6.93038199
0.368534975,1.70993547,4.19578275,7.42207914,12.1912322,22.5284166,38.6905329,33.049646,19.3640252,50.8694472
0.46519005,1.70042041,4.86055269,8.42342786,15.3548016,24.2797504,20.3877866,18.9918776,68.2804922,24.1795087
0.725131458,2.60483629,5.85643484,9.06178595,13.7778994,15.8278248,16.7652121,39.5987911,76.9794682,2.18258035
0.718864269,2.74308889,5.73504122,9.28142428,12.8981118,26.2882853,43.6934739,39.5179619,39.8244315,21.8971784
0.654704032,3.04529508,5.83295574,10.0528316,14.543125,20.2096099,19.7833245,35.5947299,20.08152,71.29787
0.490135989,1.65787437,2.90921777,7.50316977,12.7828615,23.2851942,20.4008195,50.4911597,53.8692099,23.6117613
0.291269786,1.32403331,3.36266261,6.92442024,5.79365127,3.8028853,16.0307828,28.2612587,27.2105216,99.6622853
0.411996685,2.08235221,3.11764696,7.7116638,10.7836885,20.5684995,35.2182445,23.2366033,2.68119754,95.1284891
0.502734467,1.67310506,4.07088168,7.90691186,7.93539839,17.5603845,9.67553751,35.1500378,12.8776028,99.9839094
0.491359918,2.19664522,5.62461185,8.5053348,17.3863519,30.4156546,28.7853376,50.8202326,37.2050609,22.1170346
0.537083075,1.70811126,5.27583716,6.91351512,14.7172913,12.465528,9.30433705,21.0776667,53.1770208,66.5713931
0.540044755,2.21609675,5.85577668,11.1819966,14.2769399,16.3522471,38.1654417,30.4734365,12.8296425,71.4474173
0.358792515,1.51956515,3.10025647,6.50841613,11.5187328,20.6660174,35.4314177,24.0673397,74.6893615,12.7737454
0.557226203,1.79671044,4.37304559,6.13570224,14.8036035,25.1941601,22.9408266,32.2014242,9.52516136,73.7021201
0.294441965,1.61980556,3.8635462,3.77685527,6.89858168,11.4820762,20.1134208,11.2101361,46.0797902,75.4558164
0.677051167,2.49091808,6.53355273,9.41506714,12.9772041,16.3645603,15.5714594,8.39655303,36.8520917,79.2647458
0.458803548,2.24984502,4.07811476,9.7535938,17.9700489,18.7942288,21.4014359,19.7998857,39.2447528,60.1514956
0.477928022,1.80602322,3.5760593,5.55276822,13.1017092,9.14568251,27.0378596,23.3425029,25.7833387,74.8372954
0.503369181,2.24854673,4.14730113,5.70544082,9.88310242,20.8902165,13.99029,4.33205976,44.1506617,80.6951987
0.536310544,2.45888995,4.92608767,11.4053711,14.9072355,16.9804701,36.157716,42.4660894,53.336571,9.76201102
0.308319318,1.46888738,3.9513372,7.73656268,6.3984504,17.7065304,19.9762215,25.7207717,64.6239039,43.9760021
0.419599032,2.09031865,3.13769808,4.19402128,7.12896075,15.0896366,26.644466,45.6092965,23.7410664,59.322953
0.510141858,2.17342273,4.81864389,10.4337194,11.7225642,26.8410968,30.3318046,29.5597266,43.9432194,32.6242893
0.283526061,0.880557698,2.82705235,5.6226147,9.14658185,15.4710336,27.6822691,30.9473392,35.9561903,59.2773745
0.5127322,1.78750483,4.85506615,10.3594692,10.7913967,11.7538591,27.6859629,20.4267507,66.981429,30.8296931
0.417094328,1.38167089,2.37582603,6.60157425,10.3772645,6.78238834,20.6287305,35.8724947,68.8679711,25.3882713
0.786658291,2.70779876,5.73834872,10.9482801,15.0569894,18.3715883,18.9320981,39.8193863,47.2427392,28.7268186
0.608701089,2.21485713,5.50131649,7.98009401,10.8604875,11.0623249,20.4830732,38.0868759,33.3287632,57.1138832
0.409909354,1.51356857,4.53123527,9.05408642,8.5622054,10.4876118,26.6236823,45.6716481,48.5903043,28.4793008
0.738990651,3.28127137,7.0872304,11.2593888,16.4503916,26.4124109,29.3858294,38.7623739,29.2551028,35.2655237
0.391050481,1.97188009,4.50784588,9.42978306,16.6986233,16.0556465,29.9234746,52.1360163,26.4302348,38.5975269
0.705082949,3.07490467,5.8093741,9.75970386,18.5247264,23.5204832,26.5450549,24.1089584,73.8255183,3.81576465
0.478399749,1.84174524,5.3059087,10.4506782,11.4325742,25.7984725,21.1110474,47.3294822,62.5391916,0.272394551
0.289021274,0.918217044,2.69570338,5.65858655,9.3958916,15.9288484,22.3824757,43.9516824,78.182096,0.281681237
0.450578253,2.23957599,3.67340351,8.02158855,15.873219,13.8382853,11.6435122,29.8350954,20.0665614,86.668992
0.609793275,2.28369289,6.51127201,9.15987855,20.2086876,20.9587908,45.7276112,45.2079627,40.5373283,1.83730858
0.45874505,1.45576809,2.52194277,5.31053154,10.9718054,17.4493274,10.1208834,22.8517543,53.59316,63.4052185
0.521341925,2.21288078,5.72731441,8.03537897,11.7788392,13.3797307,30.0950518,16.5074198,13.4879352,99.2116194
0.37991278,1.24926157,2.52819748,2.24785021,8.03244661,2.28344725,13.7184059,23.8039937,42.6264527,84.1649427
0.549036974,1.87942411,5.34287603,11.0840502,19.7402406,20.4277894,24.1128293,33.2140123,47.8026787,26.1296792
0.528879591,2.3988635,4.54421186,6.64881435,15.3262076,22.7368634,19.9812435,40.2939909,39.0252499,47.7485538
0.418615049,1.65392543,4.30234707,4.89554605,12.0256375,20.3333783,14.3937725,36.5886998,75.9110459,22.8170477
0.481573969,2.33828495,5.44042878,10.2037978,12.4870568,16.3000614,14.338623,40.712557,56.7709306,25.5718975
0.566711726,1.90221885,3.96409743,6.23428638,14.6621203,21.3511434,34.5936875,39.1524455,62.070302,1.76751363
0.342964608,1.13813088,2.70828259,6.25812508,11.6099233,5.86545486,20.8234637,7.13566472,41.1513735,96.1163803
0.476284123,1.87974709,5.22428852,9.98359023,10.7169351,24.6098421,18.778963,11.1926089,27.5956252,81.4908427
0.452315016,1.98196388,4.49778286,9.45761247,9.93870492,10.7547201,23.544396,15.030359,48.4186021,71.1587177
0.421811657,2.10579358,5.29612622,6.46393819,9.25801298,19.8715441,34.5020363,19.5522981,57.2401374,36.3449078
0.411630162,1.97494335,3.60796727,4.33590643,4.04342458,13.8606337,17.0013914,21.7780646,26.8706903,99.8647314
0.408918595,1.26002823,3.97556926,8.24363135,8.69751922,13.6093966,28.8617295,48.3516107,13.0863392,70.419299
0.626653317,2.88267179,5.25954565,8.78075816,11.8850851,14.2541925,34.1558077,24.217943,57.2786283,26.5337101
0.370614287,1.12378924,3.40252919,6.77660088,11.9565038,20.0597624,31.3254602,51.3783416,30.4374204,34.1150864
0.491689127,2.35516452,3.89741959,6.33013546,8.35172516,9.37941551,24.5129155,2.75113099,38.9566921,97.7126907
0.638185659,2.12343843,6.47021799,8.68905367,11.7600317,16.5831871,28.750515,57.0692375,52.0137847,1.54669621
0.668874441,3.05718416,5.79255465,9.50617002,17.1390572,18.870463,42.3264827,34.4729614,25.2198569,46.4586471
0.563765808,1.81632373,5.70102559,10.6665446,13.6313164,17.0448865,18.1822661,38.4616709,4.27604215,83.087126
0.187546621,1.13983408,2.08879368,5.02021318,8.02376017,13.927487,20.0422879,21.0143814,28.4467972,91.7072455
0.752086964,2.82012839,6.06525251,9.88217125,21.2994474,25.7275416,34.2189539,34.3572716,48.6025109,18.7311468
0.672923011,2.33858525,4.70171684,8.13817064,12.8368781,17.5736972,20.0267776,10.3232325,56.9096014,51.7060936
0.307785931,1.50368915,3.95440086,7.58012366,13.8706899,11.8844497,12.3478561,37.3287206,58.7785143,45.6990927
0.670499856,2.96866846,5.58659639,9.9255995,13.134143,25.7360223,26.4505554,59.4060371,36.9634424,17.7555956
0.393707289,2.01545198,4.0086921,7.95166732,7.56431406,19.7177952,12.3464155,31.5380355,37.7240664,72.4875937
0.538623538,2.13923249,3.88898532,9.94692427,10.7371558,21.771561,17.9321595,46.9586724,18.4031984,60.3723534
0.58955157,2.64817052,4.91106304,8.43111372,12.0544588,24.1935053,19.1862252,24.9505017,8.01544406,96.5363375
0.177068193,1.03374956,2.65852439,4.9189314,8.28350263,14.9529845,12.0181659,31.7808252,53.9373554,50.4123518
0.375346436,1.30432221,3.38859022,7.32730195,13.3898333,23.0716628,17.6984705,24.9807557,10.1985398,99.8064865
0.321428247,1.52993199,3.89147539,7.25832665,13.507181,23.7281328,23.8460393,20.1153228,40.9010079,54.2839191
0.499602589,2.32087236,4.01656415,5.64567914,9.31009185,9.04153086,25.1258871,32.0292099,61.6884922,35.9014279
0.373083933,1.91526121,2.74839961,7.52543615,10.1542144,17.9800781,32.2770091,35.1271975,47.6404676,32.4759951
0.522096704,2.5175599,6.03740387,8.45686169,11.5577254,12.3673783,31.0934283,55.6999716,29.8878214,30.217758
0.481659939,2.26036085,5.61881072,8.70908464,18.5384709,25.4259337,28.2055252,32.3125703,67.5368617,0.0644175477
0.609426083,2.18093821,6.2280727,12.747922,16.3375152,22.1640444,31.0392196,57.7908599,39.6480227,3.38842988
0.77919936,2.86505319,6.00258937,10.3749841,16.3582907,19.2804652,25.0351668,23.6112601,3.39209572,95.506574
0.360162402,1.0693804,3.72454174,7.46884756,10.6661559,11.8746888,10.0657737,24.447482,34.4702741,81.1820835
0.654548216,2.17721007,6.47491732,10.189665,15.0237367,22.4589681,26.0142912,21.862144,30.6720283,59.93403
0.478485269,2.35829938,3.86266433,9.93036787,10.7761465,24.521969,31.5842478,53.2143485,41.3884037,21.1375975
0.478804478,1.52144678,4.75968914,5.30710135,9.83284221,16.2102073,21.0783298,29.3806949,44.8798757,49.7672582
0.511349597,1.6413742,5.18319477,6.68721915,8.26214741,6.4070087,19.5815036,29.3357534,21.0543811,94.403324
0.565050102,1.92645006,5.72978308,10.8023251,14.0506446,19.9663023,41.0385214,37.9022116,29.516191,33.6217938
0.701314678,2.91859228,5.91012322,13.5261057,17.7113616,22.807339,44.2742092,42.9810265,41.4833113,1.5012835
0.395625675,1.4036857,2.69047995,2.68144163,8.32381088,10.0712668,19.9029265,35.1028862,20.8947463,83.5144208
0.434410763,2.16860871,3.42890989,8.92180072,10.9526323,11.9003868,28.6007021,48.5598875,64.3483881,5.0426382
0.3641361,1.6987242,4.48008436,6.94957093,13.7560956,11.5944327,23.3857562,32.4874873,6.56205058,98.4254058
0.234058478,1.33649771,3.12056981,6.61978499,12.0016499,18.9888591,31.252592,27.7782291,12.4033112,74.9694745
0.619750762,2.06994331,4.13215028,7.42296212,12.2538424,22.8533802,19.1107911,34.6704954,79.4588855,0.385505291
0.509937008,1.5954415,4.9270013,9.40125281,9.67943243,22.678669,32.4407943,22.4214744,11.6164202,75.1686642
0.543478439,2.34953875,4.3217999,6.88629056,16.0827076,14.2129393,28.0615578,28.4589662,73.4017433,20.4221497
0.5108788,2.45578643,4.05431474,10.1074537,11.7390464,14.1352327,33.9782056,30.8771772,28.5636984,51.7735567
0.451501964,2.12851839,3.92948477,9.57226459,17.4744042,16.8937441,26.4193245,38.9997801,15.6409353,68.6625661
0.465836675,2.30255527,5.7680325,11.2491616,12.7183075,16.2582458,22.4161219,32.2500432,78.8630036,3.22446084
0.608903257,2.31680619,4.53938411,6.77176392,16.3726748,23.9879041,38.1789359,33.4797453,30.9737834,42.7536668
0.459277536,2.17828052,3.70317391,6.51689863,14.1093796,21.2244097,23.8686728,12.8071331,22.1921578,88.4633436
0.566994906,2.61153517,5.49511185,8.17653017,18.3800475,26.4494354,25.8500921,24.0849018,48.5503162,35.0747028
0.456123748,2.21239079,3.66331545,8.91772415,8.60435836,21.4330946,24.0694632,24.4105167,66.7910737,23.89692
0.391622378,1.27793925,2.67812212,2.59653164,8.36586315,9.47094807,18.7561183,25.6459618,56.5252503,53.6968166
0.50092067,1.7451631,4.7321773,8.96808716,17.4140295,19.1898093,28.5593034,54.6464756,46.5056258,11.2449204
0.490797274,1.55012152,3.91556552,4.8170135,8.55755247,16.8707025,29.5981516,31.5484256,8.89857712,84.0122055
0.644381929,2.16695967,4.41042242,6.92456992,8.34446574,18.1762313,18.3873174,13.9375274,25.7899922,98.5728483
0.381946096,1.11091148,2.15171686,6.1091697,3.99706143,9.06443171,12.3436246,21.7004206,44.7946126,76.9351229
0.438596998,2.13081545,5.38853299,6.59633772,12.1673954,22.7752591,38.7584963,46.3218518,29.3783801,25.3480976
0.504661296,1.6949415,4.50734992,9.90063629,17.7503725,18.0954249,38.4391429,28.2423641,60.3832776,19.7557483
0.633326531,2.61136765,5.03760128,8.15213069,12.3540328,24.9931349,26.58172,41.6141763,58.5236669,11.9839764
0.508022128,1.89253486,3.52918625,4.70461836,9.13068813,9.90333383,11.4209849,29.4507741,36.7133725,73.8025226
0.489172084,2.37252863,5.98985215,8.37701503,15.7679974,28.3922449,27.3005351,36.9225449,18.3912013,49.0125108
0.689119944,2.87008769,7.6320336,11.7413005,17.0796566,34.4521441,36.0178698,41.8716615,41.2631434,2.14067104
0.498607317,1.57957921,3.02702929,3.96128944,10.3991024,14.275515,16.4139219,9.02133069,37.9417095,96.5751352
0.267272997,1.51110089,3.47904987,7.06265605,12.9631376,21.0851445,29.4169004,44.6080295,63.9637097,0.810306492
0.636568775,2.50018846,4.84795536,8.68916622,10.5681349,11.5212892,11.0439309,29.4221212,20.6898978,95.4459628
0.44549653,1.52995453,4.75313288,9.06853101,8.8849928,18.4536179,31.9255199,36.2056844,67.729599,9.71141373
0.45975383,1.6001274,4.6449068,9.09190853,10.4560155,14.7670266,9.78519959,8.79131047,42.3907911,89.753046
0.663488724,2.38086967,4.98620717,7.75470007,15.8395695,17.5239113,26.9378979,22.6477839,14.7147117,76.5454193
0.609483966,2.22880913,4.61501416,11.2446138,18.1740161,33.3849214,33.3956869,45.6875944,43.9299508,0.138110918
0.376219958,1.30355548,3.99299635,8.13663791,14.4414573,11.2170935,30.9607986,29.4127418,37.7096435,49.0155549
0.47162721,1.54453696,2.66135867,6.02965175,5.85784655,15.3186657,21.4629505,41.1889238,54.2593762,37.6407267
0.449656411,2.17287759,5.41502246,7.18761104,15.291814,14.2735426,27.984783,12.9817964,64.5483018,46.5191933
0.716301416,2.48921297,5.20218503,8.45434888,14.7863565,15.6561681,29.6610102,42.4142675,19.4047211,49.7997656
0.520141064,1.76546032,4.37335253,6.07432048,13.5929544,10.1033187,27.6125175,47.7340471,23.2951707,50.0512606
0.516053528,1.99926548,5.3035124,8.98664114,10.1940539,23.892359,17.5721123,50.0376325,38.2227401,33.8484025
0.692599029,2.5939926,5.17761683,9.28484698,19.7488447,21.0607379,28.426664,46.7611872,30.6410315,26.8554696
0.524536842,2.05216753,3.75553554,9.71564607,11.1029296,11.1485316,15.0998272,31.6270089,50.2518492,48.6886525
0.619852123,2.60180346,4.75045563,7.90501432,14.5865067,17.8504234,39.1292427,56.5402967,43.3952477,0.223769161
0.540275552,2.46601615,4.17644028,10.4687435,15.6477938,17.2960941,20.2784368,49.5441418,63.7318607,1.39489715
0.661604011,2.80170844,5.50533822,12.5634586,15.3729346,19.9304208,31.9604741,26.3605865,41.4765063,44.2578098
0.687456488,2.44087045,4.90354906,11.0705859,13.3476614,26.0259652,23.9861271,44.5189865,30.0766501,41.8670343
0.535602844,2.39085702,6.15851863,8.71305337,14.4495755,28.7895556,41.0132291,36.9439714,51.8518641,0.379552908
0.570925493,1.92425149,3.99725072,5.91214515,13.7594966,15.007085,15.1602799,41.8746884,55.2902775,31.5032367
0.561227746,2.05065388,5.7966963,10.8879266,12.7177208,28.077089,24.5031721,24.3624874,78.0736346,0.49023299
0.395564517,1.99515646,3.99735692,5.4234273,11.0258175,19.3645998,14.6209447,40.8305304,15.7116978,73.687376
0.468800527,1.56312502,3.16229337,8.04094231,9.13291543,18.2255199,31.5053001,23.9586677,31.8367627,67.7661876
0.724475156,3.32561171,7.08273115,12.1290508,17.6835246,23.0773631,34.4552319,34.6994284,57.9944951,0.194708417
0.433068576,2.14794822,5.37313158,10.3310887,13.3949358,15.5689042,14.5368274,15.6348208,56.987473,51.2555499
0.644596697,2.18744875,4.41307927,11.1497004,13.7237954,17.0366792,18.8964194,12.2895635,22.9671828,97.0715591
0.640451497,2.18142295,4.71433194,11.4245331,13.1592278,26.528778,28.0144317,30.389119,14.9318665,71.7271608
0.542673646,1.86713953,5.05160139,6.46736906,13.7527786,13.2625222,21.679534,6.99422652,35.8463832,84.9827316
0.370912629,1.86381918,4.51773104,8.5568042,16.0722824,14.2318805,35.3037004,22.0271169,13.6431356,74.2072283
0.614941604,2.54936583,4.70380446,7.26475439,9.95720787,21.2930143,17.2514353,30.6747366,31.1321305,72.0635494
0.322825613,1.03085307,2.62932456,5.88937712,10.9825761,16.7001516,19.9358166,7.97286625,43.2711537,75.1453736
0.58981939,2.49592802,4.82052008,7.6269033,10.2041184,20.2896577,32.1287389,36.8842309,13.7173736,71.3073415
0.668539675,2.98481205,7.16114413,14.7134558,20.2581841,27.0433562,33.7983606,40.1297602,38.5902463,21.8798225
0.390615711,2.00663993,2.90059823,6.10449209,11.270553,6.61131891,14.0787549,22.9939529,28.3820766,99.7637629
0.348276424,0.967213325,3.26356153,6.27301664,5.17684272,12.5185946,22.6054819,33.0996407,12.3365936,99.1417542
0.546024134,2.60427794,6.39801038,13.2187451,15.8595513,22.316435,24.9472823,22.63642,5.99688418,83.9693525
0.353279221,1.85497857,3.66036555,7.75667478,10.3759977,7.36859448,23.6225104,40.0442535,29.0946917,69.8705553
0.328507786,1.38765188,3.776267,7.48599445,13.4363419,12.9176975,24.9529318,23.163257,66.8832286,31.6643875
0.472797305,2.00264251,3.37525666,8.55022362,15.8034522,27.4716055,26.6116209,32.2157841,24.5617874,49.93535
0.579727367,2.67594067,5.47602002,8.82382708,11.6135005,25.8514022,21.4598214,20.1300712,62.7975984,28.3455464
0.514827954,1.90943994,5.40597239,7.83283618,9.37703425,9.96646694,24.0589744,37.6598546,76.1861073,15.7193098
0.608821864,2.73765481,6.71188147,10.3369627,14.9843044,18.0704546,26.0655074,35.1390022,63.507946,19.1264301
0.640398204,2.7269671,5.07393287,8.07781471,16.7506347,17.4506659,40.1738994,29.906835,64.145446,3.88826229
0.501587814,2.4262546,6.10718317,10.8565066,14.1123968,17.8595,19.3619706,34.9983999,34.7113549,48.6975899
0.487803116,1.80493771,3.64689489,6.245312,5.81272191,15.449701,27.4905784,14.5973107,53.0536554,55.6436366
0.54971142,1.84397163,4.19696461,5.88970482,14.2168476,24.7152944,28.8251237,25.1856838,52.1529191,33.0254605
0.745287789,2.66574429,5.55736636,8.92193225,13.0703201,16.1318737,33.735296,45.5179732,38.6125203,23.6843114
0.520287344,2.04230149,3.72059972,6.03514769,13.6577893,16.6258392,30.4809185,54.0650909,34.6975268,24.1319309
0.366983959,1.49184962,4.29342138,7.93740934,14.1357081,24.6976421,36.734607,34.8774669,52.8282836,23.6058557
0.417978034,1.51912285,4.348178,4.67305886,4.34379358,13.8822749,13.0294147,25.3361004,54.8199837,63.2453135
0.575460787,2.66149302,5.31203547,10.3291904,20.4158435,23.7356932,28.43131,27.3914842,14.6697007,72.5539897
0.596187042,1.95019965,4.81166748,10.7170397,19.3556441,19.6330043,22.9143678,24.7181532,77.9612214,7.73623991
0.386339681,1.82135159,2.60840817,7.36001894,12.2361171,21.6828072,16.6212625,41.0288951,77.8969774,0.577648203
0.439615963,1.60245236,4.6283795,9.57294205,12.4198041,14.6734466,21.4798579,24.2211213,24.0837586,74.3317357
0.485451874,1.67285854,5.03613031,10.2557623,12.8984628,17.4295435,28.5919864,20.1682551,42.6198942,49.0465338
0.326795683,1.67153305,2.1975557,5.47087665,4.59980416,10.5516814,19.6699782,7.95014806,40.4183522,99.8459013
0.54962292,2.45344108,4.90611895,7.0323185,15.9662623,16.202484,14.6144073,38.8294204,2.06159524,98.0891504
0.5664564,2.29172726,4.31888337,6.48952469,7.67583963,18.6264749,26.0908372,39.7271569,52.3266262,24.9071183
0.587586438,1.99849622,3.91089739,7.44955568,15.8128139,14.6537659,32.3386351,26.7015246,0.915265298,97.6251377
0.446719756,1.35543687,4.14042072,4.80326068,11.7000102,19.6100307,16.2738478,24.2785494,27.6204208,75.0177686
0.393604721,1.89070654,3.03431852,3.92119789,9.61202463,17.1247602,28.9996315,12.899366,33.246099,73.9206005
0.488681666,1.72842985,5.09979387,6.61279541,14.5248651,21.8956986,16.4721617,11.4036415,54.4023397,55.6344481
0.461510842,2.19093448,5.66803666,8.85808562,10.6510418,10.9418303,7.69791447,25.6955124,37.8715445,73.8904528
0.512324977,1.77473376,3.29502659,7.27087095,7.07949581,11.8913047,22.4102706,40.8770239,3.17155401,98.57343
0.458018312,1.49505243,4.72454605,5.72679125,12.0651018,16.6212816,26.0988068,47.4981582,61.164424,14.8813345
0.459173402,1.54755143,4.63713471,8.95659073,14.8118264,26.3417976,25.9037231,49.7575079,26.4407431,37.990033
0.52091206,2.29807077,5.85773636,8.01054173,17.4843596,16.8178512,16.5977718,43.5477752,17.9375178,70.9939275
0.607460455,2.67706811,4.78152583,11.6956843,19.1440482,20.8556424,33.1499592,28.3444483,58.5780705,22.1994242
0.495887458,1.65020407,3.80334704,8.93314619,8.86919878,17.7135037,13.4701616,40.499571,62.7958438,23.9581649
0.474571459,1.52297678,4.77286363,5.63252077,5.77475133,4.99267142,18.2847873,14.809737,40.5210341,91.6482161
0.405737288,1.7054174,4.2926996,7.9685169,7.44448574,17.7551622,28.3444993,39.7986564,28.4347076,49.5647711
0.550042744,1.97662357,4.88182569,6.95332022,15.733995,13.2611752,34.2250004,22.969036,32.6706958,58.1372446
0.560983411,1.80122118,5.60918866,8.94834211,11.7762559,24.8238963,36.960773,50.5982825,44.435309,5.36940306
0.324734729,1.57112319,2.09603879,5.89498811,10.3505811,16.5324702,15.6907063,35.8423783,36.644543,66.8004788
0.473660996,1.47740685,3.86717508,5.83117446,13.0137006,13.324595,29.064434,34.0250932,79.1834343,1.46634069
0.230971801,1.13926729,2.7633253,5.45129934,9.58620253,14.1899115,26.2727837,17.0245676,57.9778368,48.6950642
0.419532809,2.07718003,3.1981108,8.38555677,14.6209786,14.9308599,22.4881589,42.7675973,42.3065236,44.7606205
0.627276165,2.0921807,4.7866277,10.6991662,13.5479423,17.2696477,15.1463423,26.3948681,36.3110086,71.287163
0.636665407,2.14324429,6.37326504,8.52632355,12.3040636,17.3969846,27.673718,27.0403953,51.1296954,42.2055029
0.474421405,1.45912551,4.26128329,9.01681215,12.2886149,22.5224777,20.636679,33.2433932,50.1893334,39.9097509
0.526305179,1.78604855,4.36300896,5.69358338,14.2001565,10.3563152,17.7083342,40.3613945,14.1167769,76.1646648
0.408965661,1.74311984,2.59446271,7.42282607,9.04073831,19.5121703,11.3935188,20.7394575,24.9698271,99.3009986
0.473853103,2.32718528,3.76261668,5.50871549,11.7314697,13.5121129,26.3684121,7.18016669,51.9001495,72.8965435
0.28739746,0.899681419,2.776475,1.63207456,6.7184289,11.7109307,11.7222338,24.1223112,35.0694987,94.3003933
0.434643596,1.96757833,4.89482349,10.3054219,11.422713,19.1589322,21.7818669,24.1713109,8.40071618,99.8064433
0.432740996,1.4388215,4.39449153,4.76161045,6.12135722,12.3616988,4.47903053,24.6765481,34.0026253,99.7510283
0.621254132,2.22699333,6.5205429,12.0121103,21.8823153,27.3367185,34.6981041,45.8892409,40.5292856,4.58442861
0.310024241,1.60935917,4.08636596,7.71358906,12.7906142,11.0739315,27.6919885,7.7620112,35.7196988,78.305727
0.624486386,2.18425966,4.34406128,10.7120389,12.3453315,17.5330059,17.2258495,24.9570127,67.5697214,27.1450954
0.83523413,2.96440044,6.60650014,11.5765885,18.6798583,23.4836391,28.9619298,55.4890957,38.5917675,7.67776139
0.408575936,1.82097349,4.77034741,6.19048365,14.168323,23.4528737,27.1100804,30.2210409,76.6750268,0.280151906
0.691272272,2.38487765,4.97073501,7.93242601,17.3855329,17.4083372,27.6819414,34.52208,50.470957,24.0135295
0.600028224,2.13413297,5.82646889,7.90258929,11.1732986,15.8881237,34.4673911,38.069049,61.7918101,14.2763204
0.742233003,2.595913,7.35557723,11.1558622,17.0006284,22.1548948,27.4863637,34.1857022,15.2120582,59.8801388
0.459168455,2.18510303,3.58715745,9.12066368,9.98631816,10.2968603,23.7821076,18.0490674,24.4500468,92.8703359
0.741439862,2.66748043,5.63446643,11.4556936,15.003033,27.9038119,28.2181472,27.1997474,48.7934935,23.8337497
0.403738116,1.70870619,3.63679047,5.58330918,12.6010569,9.46114911,18.3822906,19.769146,52.3970174,66.4517381
0.560518512,1.85715014,3.50473964,8.02212537,12.3213997,20.7993469,20.6399145,17.4908186,42.0275004,69.0789874
0.563204584,2.45012097,4.29822241,8.19574706,17.4584016,28.2384667,34.9569546,37.1983082,47.8080811,20.5590609
0.313704016,1.37751914,3.77472013,7.74288222,6.65866631,13.1817103,20.8442948,40.4418707,75.9117458,19.7650583
0.371778795,1.86423433,3.72716886,6.01183041,13.1430064,11.4270413,5.46402245,16.3227198,43.6056751,84.8071913
0.434931995,2.1812654,3.33123338,8.49716691,8.02120043,16.4075192,27.7226801,32.4214134,11.7033795,76.4387093
0.491196108,2.2719736,5.49837525,7.13948208,15.5630328,24.7285132,21.4997121,54.6958457,53.5768574,2.15646768
0.463606754,2.29808623,3.60283139,9.07454976,11.2965082,14.9004658,33.2686578,21.0353557,55.2679455,44.5408979
0.58616121,1.92862894,3.8744185,9.73855382,15.7149332,19.8875089,30.0477501,39.6091519,37.809818,33.0573362
0.419546879,1.89012377,4.96106864,6.37697797,6.9774245,17.9040753,23.3180717,21.6237663,27.0198914,74.7412657
0.592022931,2.33062621,6.32998664,9.11111115,19.2154383,19.7410124,36.8503534,31.6121633,38.7515743,27.7135618
0.643296624,2.17769217,4.32587367,10.681206,18.8166645,21.6947803,43.8474806,37.7713218,50.6123508,0.679206109
0.568395943,2.0480892,5.370551,7.04452202,16.8717198,18.5233188,17.0478203,44.3198553,71.2698656,1.28152883
0.45712632,2.21612129,5.15133569,7.29549878,9.08497236,22.2438146,17.7257791,22.1318914,48.4706394,50.3355253
0.571644208,2.70617291,4.64161948,7.2787045,11.8903403,11.8666971,17.4214952,17.0050611,33.6767617,78.6114189
0.551120535,1.85434413,5.59865999,7.62135454,16.0329163,16.0930806,19.7562353,50.3484595,36.0099381,41.0914163
0.399077315,1.22504696,2.85949038,7.06009242,11.0400051,9.03755234,20.3819346,37.3525924,42.5591213,49.945586
0.576999977,1.89106656,3.80499845,8.05543446,8.52280177,20.9123335,24.2701423,51.3534752,61.6334913,2.62502943
0.501496865,1.65639601,4.97428467,8.87552593,15.7141266,16.5066851,33.7173236,23.0096225,79.768527,0.915306454
0.360089963,1.32338519,1.98806333,5.99268293,9.55366484,16.2091453,27.1312363,48.8253955,20.3622772,54.4333707
0.565394113,1.85006161,3.71268827,9.19590309,16.4871217,28.7973041,24.7286805,34.0299715,64.3111786,8.33659564
0.625920263,2.62781031,7.02339344,10.0741299,15.5274765,25.3352396,30.9183548,42.3137825,45.2120617,23.2953971
0.311300912,1.06691195,3.27930047,6.51834605,11.6808331,15.9223775,17.6276257,41.2556101,11.8071581,76.8331466
0.618540059,2.08382017,4.2174846,9.35778878,10.6765413,15.1540655,32.4990974,57.0458308,45.7370978,15.8245589
0.436869533,2.07701522,3.15312483,7.19719343,13.4214313,21.3411785,25.2875907,53.9072842,24.5360004,48.2469729
0.692545332,2.64747915,5.19404147,8.3481313,15.4973539,17.3094022,20.7136431,28.62097,36.1747047,52.9598259
0.420366453,1.51584693,4.1960095,5.84597727,13.3906666,21.8199027,13.9731319,4.05703605,36.3632423,96.0628702
0.585304457,1.90616801,3.9725788,6.50705797,14.9171773,17.3836938,35.0216379,38.2648585,15.7837622,58.1772741
0.362215712,1.6297727,3.92470599,5.55186153,12.4779668,14.2465029,7.53693507,33.3033445,20.8952176,94.5083416
0.605221677,2.07286818,5.24494001,8.92921431,18.0771195,18.9824109,19.0299163,22.5569024,57.4630734,44.6669619
0.498900532,1.87650076,4.5235261,5.8110846,9.4315339,8.91421898,9.69350249,30.0180177,56.543018,52.7381864
0.416802647,2.1092098,3.45737053,8.62822894,15.3221397,13.6749496,16.5034495,31.9729391,64.3111473,27.8762233
0.701047195,3.1335355,6.20640883,10.0466242,14.674772,18.8122163,21.00186,50.1183599,58.1590515,5.59763109
0.339593665,0.995073218,2.27813878,3.45830965,8.4081174,14.1524574,20.0066382,33.7494617,67.4495342,29.277753
0.367770158,1.82598591,2.52563207,4.85429808,11.0947909,19.029803,20.675186,28.7555106,64.4068802,30.6085002
0.57066772,2.70110418,4.87631892,11.093513,13.0304866,17.2064395,21.4776602,10.7075553,46.2362233,70.314498
0.613095726,2.11522148,4.757935,6.79946679,8.65478911,8.56346851,22.2375104,22.7809718,50.514136,57.4207193
0.647280771,2.63164441,5.05116866,9.71701023,12.2331332,27.2805886,23.064929,18.5677256,39.844954,50.360052
0.565756527,2.15345637,5.48453746,7.36299766,9.55106209,20.8794427,15.3758067,41.2817986,5.81135824,82.0458949
0.600187589,2.83568441,5.40721123,11.2676533,15.9352953,32.6275952,37.0623061,41.201852,36.9164806,21.5871158
0.338569947,1.76931022,2.34838868,6.8967168,6.81782381,15.5007721,18.500769,16.5142778,39.4967806,74.4240334
0.549174354,2.14045442,4.5912141,7.50339919,9.35502193,22.1736727,37.644287,30.2755822,38.7753735,45.3503325
0.51256911,1.6508497,5.24272837,9.73988423,11.210998,13.1859378,32.67212,50.0159656,28.108455,45.5249067
0.467987147,1.72486799,3.70374655,8.72054855,14.5775722,21.513441,40.593611,50.4383619,37.5476486,21.295429
0.610486355,2.24448632,4.47874912,8.11259965,12.2667193,23.506098,39.5879999,29.6342591,57.0640114,21.6841148
0.461662056,1.72803256,4.97711262,9.94720044,14.4102443,28.0406396,23.7455226,21.3865186,8.71101806,83.4271995
0.562282164,2.4934029,5.05291093,7.40999071,12.8552278,12.2626271,17.4623444,26.5934386,63.2305073,45.4988165
0.367107895,1.76247929,4.25868228,5.65256184,13.2616687,22.4696538,16.9125188,43.5719854,45.4444782,38.3090625
0.435602658,1.73530086,3.83857591,8.41093432,7.6221697,18.3431612,32.7399864,55.4110535,33.5631938,23.8905629
0.352150567,1.84048449,4.54034912,7.49669852,13.671867,15.3959871,15.5508711,17.3514068,24.0259442,98.9673882
0.411295576,2.07095501,4.84363257,9.91428587,11.3557336,25.690203,35.5871911,38.2900309,58.519459,2.27809791
0.650636144,2.24492701,4.77611814,10.3244433,19.4830894,23.7208479,26.5964473,41.8659873,56.3944334,5.66464611
0.36398525,1.86877448,4.16175256,5.29170372,12.2855169,9.41413918,20.6609595,40.9952558,76.5383023,16.9854712
0.41397342,2.09220394,4.56854574,5.98572314,13.9440794,16.3383418,21.5828022,25.3774861,37.359003,67.4150133
0.483855821,1.95978704,5.46567161,8.67776569,17.5804951,20.5896415,38.4869933,30.1302228,17.098599,53.2147201
0.629533698,2.93746684,5.42889492,10.6102041,13.3405005,17.8969157,32.3944268,21.5241267,24.1493374,73.6449367
0.314097673,1.48640888,4.03355566,7.85057517,8.1220174,16.4966123,29.0601135,32.3135922,1.99933471,98.5204489
0.269284702,1.43625591,2.34587041,5.69029774,4.54610163,11.7247379,20.3649112,33.1933975,63.4008876,46.8679421
0.39501551,1.14361606,3.92973424,4.0912753,5.7249707,13.1243675,20.8605924,35.5009068,38.1302283,66.3869285
0.446681657,1.36339081,4.46824365,8.42063813,8.21239928,20.9263425,33.575374,27.9975376,49.8371912,36.0298672
0.590551947,2.6639525,4.79299328,7.92206728,11.147305,13.8678806,24.9381352,49.4996687,60.3644842,14.5784866
0.499466406,1.57227543,3.06564161,7.93077858,14.2034706,21.6167906,38.2119445,29.0112832,37.8641275,45.9108472
0.638157021,2.22831031,6.59706076,9.63122592,14.0758205,18.6940052,17.6200718,23.1872662,12.1792273,96.5176952
0.622106585,2.05170947,6.22467231,10.9987851,15.2275424,17.8390854,20.2118798,51.1378943,53.0512614,20.2470004
0.367289313,1.89968911,4.76340775,8.40332236,13.2723956,25.5181271,20.3669567,41.8220446,12.9663635,73.0274435
0.242957433,1.05277712,3.06995046,5.12304303,10.2337241,6.40952201,17.3820823,29.6393908,30.6484204,78.8245711
0.453920205,1.50823083,4.29075108,8.91905035,15.913861,18.2813856,15.9803642,5.90715797,43.5212888,73.6930201
0.406125625,1.30075165,4.15207207,8.20091973,9.27212186,14.5766735,10.5037968,27.3791216,51.6050725,58.3924209
0.600716287,2.05700679,6.06245765,11.3563816,15.1263271,20.3317106,23.8196928,42.7120308,16.0289028,54.7001342
0.742204326,2.52889043,5.83829154,9.45129738,13.4953506,21.6445656,37.8023301,43.6311875,53.0903408,0.0928659897
0.460376231,2.1201545,5.16639788,7.39209142,13.6394439,24.9154149,29.2356985,22.8835502,28.9574651,60.1381697
0.574786304,2.25972524,6.23545752,8.63210699,12.5938736,18.6598974,31.1796438,21.5509251,72.7368381,23.4462182
0.468122548,2.2801069,5.2451496,10.7786022,19.9068318,20.5675093,24.1522815,53.495228,30.9107537,23.8743448
0.500456087,1.76380221,4.99666542,6.17041316,14.7638612,25.6943806,21.3524496,40.9032556,61.7341485,17.2382667
0.53757653,2.44743262,4.87582363,8.75070289,10.5675115,13.8763614,15.3885266,1.84099473,40.3800386,98.3735929
0.281591969,1.5343115,3.87422575,5.68405374,8.61254374,16.3533971,10.5182434,9.76814238,40.0378574,98.2579653
0.689986837,2.35579259,4.88832226,9.08633737,12.7930418,15.6736686,16.1466751,44.7043948,19.6684331,72.2540153
0.312716762,1.68348387,4.23277744,7.2496036,13.8179522,19.0083694,13.8292026,40.9672539,3.23129189,94.5449857
0.71460695,2.52336181,5.48436337,9.01939141,12.716978,25.6445972,32.8081891,34.0289349,17.2845355,51.3524725
0.379653535,1.79667583,4.27336769,5.04184074,12.8883246,19.3163507,31.9117014,33.8903572,41.1018496,47.6098588
0.43347614,1.74796039,2.79226506,7.22185457,12.3930073,22.4804504,36.1241897,51.2969944,51.2344653,0.618288062
0.53675768,1.76998248,5.42171735,7.16543405,12.7303604,17.4677734,14.2758682,28.3123054,16.6785498,91.0517484
0.567338821,2.16302331,4.02469277,6.85331206,15.2737085,12.6191363,12.0400926,38.5683581,34.0879111,66.8514759
0.394328541,1.53196384,4.32263447,8.87244373,15.8135183,16.1549486,16.0911331,45.5798712,50.1507148,26.7920594
0.402832747,1.8534524,4.71424573,8.70083127,16.573048,16.295443,38.3038112,41.7472942,58.8246959,0.121969522
0.532010738,2.36293981,5.8079351,11.9499617,13.8235757,25.455952,23.5854141,38.6233709,57.1184775,20.8282128
0.605562688,2.85526602,5.87795945,11.5727158,16.1777187,19.6471965,38.745194,49.0320655,36.4058439,21.9917796
0.498406879,1.62282148,2.99895343,8.21005475,7.68255585,8.60950862,20.1644138,25.3342391,33.1011474,74.0950376
0.345707226,1.0016366,3.25731364,6.22399983,9.74848956,18.2782001,16.0795211,40.917398,56.1956052,33.8805437
0.586241637,2.00639739,4.4210675,9.72277864,10.737967,11.3442074,29.2192746,28.0323255,11.3535503,84.4413666
0.409608576,1.38169521,2.16687529,6.62417476,9.85550241,6.09020965,21.0210574,32.1196465,18.534408,94.7515758
0.47173227,2.32779322,4.27006909,9.80659317,11.7941897,12.0260723,28.7728624,46.5558978,14.8218365,63.5090042
0.785781561,2.71106962,5.92507128,10.1647577,19.9957058,22.047084,28.4642082,31.4309104,36.5271226,43.1129158
0.416639987,1.34711884,4.29611462,8.33745542,14.9854871,22.9137134,27.556993,30.7392701,21.0450909,68.4377414
0.372378945,1.13262936,2.55622662,6.2315006,10.4924207,18.7164269,27.201123,51.1654261,56.1745375,18.8449702
0.75411573,3.07390419,6.09807493,10.1390453,15.9135203,19.1947588,35.9681333,30.0757847,56.3414899,23.6128006
0.322057382,1.46607802,2.20441651,5.59979787,10.3288199,16.0733813,28.1435398,22.5594912,12.8648688,99.0826984
0.574828902,2.6659886,4.75239548,10.221442,12.3996325,17.0254719,22.5780193,49.9290641,33.5769464,42.2531255
0.562625594,1.96706366,3.81799,9.66863013,12.9985219,25.938664,20.5708822,14.8780257,62.1858144,44.8445269
0.42775299,1.33904639,4.33907052,7.06788895,8.98258276,19.4704279,19.7860616,10.5256301,51.852785,71.854094
0.580086442,2.35188911,4.39106798,10.5486952,14.4847701,27.1655904,26.9701788,60.1647903,41.6521607,1.45351453
0.373132847,1.84594724,4.62977841,6.80026774,6.925104,9.54388356,9.67128566,18.9133485,45.5882597,76.3964078
0.32452221,1.73369596,4.31258399,7.05094248,9.77897903,7.77127667,23.5388241,31.72914,59.0973596,47.7004721
0.524403778,2.31814305,5.38701431,11.5186254,13.2525196,28.6498758,35.8187776,33.8605679,25.5790041,48.529907
0.611796379,2.00579241,4.89906521,6.77455123,9.32605159,10.0117922,26.0938298,46.0245996,45.3109897,36.9645812
0.376780949,1.84078212,2.55596876,7.35899735,13.4393693,15.0096549,22.9635424,32.070155,17.7894419,73.8632132
0.404407208,2.04372638,5.00937964,6.322911,12.2052501,20.7193253,30.3361404,26.4928133,8.38952393,79.6017696
0.176348891,1.11728246,2.50197503,5.1989365,2.26224083,9.10181786,15.2639542,23.0559516,33.938267,98.5135147
0.61641788,2.24601795,4.46814104,6.65735663,8.34198556,14.512663,9.73761177,24.951867,49.9681306,70.4762937
0.4144373,2.05593651,4.90023286,9.80353846,10.5328049,18.4890975,28.7436175,39.8589751,45.8532764,26.1100087
0.571973618,1.92589864,5.63333752,7.20872874,11.7085092,19.6315497,17.5101692,28.970348,64.6250154,26.1093909
0.467991909,2.31523902,4.12573702,9.63219549,9.87527077,21.3728824,14.9813678,10.8281119,53.3726135,67.6777937
0.526816581,1.73187103,3.19564959,6.28820012,10.2351795,19.40669,14.2940111,38.6364155,38.6264478,50.4775871
0.508345039,2.35983488,5.67550989,11.935344,16.7027398,25.2667412,44.8212791,43.8508647,41.8695374,0.347774787
0.315568196,1.43826863,1.8763875,3.07583774,6.96622066,11.371618,18.1346492,24.4731548,39.1778075,73.7286335
0.54036557,1.74847059,5.45692892,7.56691642,12.0298262,20.0004005,18.4212366,36.0924694,28.5619354,62.9193279
0.39805749,2.01294098,4.80600428,9.30691271,16.6614879,24.9616155,42.0164036,35.4778763,29.36883,29.4590463
0.450690689,2.11962115,5.5051944,10.7574608,16.1051682,18.4745539,26.3410746,18.7535051,60.947036,31.1552572
0.442590524,2.18087269,5.37906746,10.3280438,13.2562545,14.9903904,36.4315249,62.9794019,41.3456211,0.33781311
0.493405166,2.10032447,3.62369752,4.94908424,12.215612,16.1455455,19.8469002,39.2031255,3.42791486,95.2253516
0.447973972,2.14801882,3.49867946,4.75203264,11.529165,18.9450991,29.090025,20.6418853,56.7290386,48.4937478
0.635445082,2.9426695,5.32979,12.8038909,19.4263488,24.2417857,37.26344,35.7630222,29.1906255,27.6109075
0.409531452,1.99575208,5.0859755,9.65600985,18.2855228,28.255132,29.4363319,27.3157626,44.0205951,29.0678802
0.633168255,2.35588313,4.6210418,7.35423065,13.6704517,25.1789192,22.3524104,54.3377843,32.0842246,25.2757439
0.503935078,1.73922748,5.14488797,10.2430789,18.3720344,18.4516699,20.2623827,35.8074046,29.0252124,50.2992713
0.369945082,1.85420882,4.32542937,8.9865502,11.6709189,13.8065136,19.0712376,41.1731649,10.6840539,75.1618906
0.369482481,1.57599926,4.4248995,8.42566199,15.5342447,12.9803976,22.6000647,14.1773701,51.8982922,56.3230795
0.552651755,1.89399966,3.57729368,9.41268974,16.8263308,18.153131,18.8479864,50.6067929,17.654232,51.3032142
0.642211119,2.33806674,5.99892308,12.9332936,15.617164,20.6891218,27.149313,28.5483591,71.7788152,3.67008958
0.480942945,2.35622374,4.18306241,5.92426762,6.97784249,16.2504289,8.91475863,22.4624115,32.8680736,89.067387
0.602061568,2.23047744,6.19205222,8.71024742,12.2281144,23.3651607,30.4167163,48.1335604,27.4556261,34.7550825
0.327270182,1.68828153,3.6090166,3.60673032,9.95242146,16.4171712,25.9880361,41.0932612,76.0076387,2.02560934
0.480904046,1.8627652,5.14558741,10.443835,15.2119571,17.5299453,25.1895281,39.5399112,63.3017656,16.076278
0.257191386,1.46199623,3.62356743,7.0066613,11.9117686,13.0677221,28.6887846,48.2700962,45.2819739,24.6154657
0.558315225,2.54626524,6.34248366,8.64126963,16.627977,19.9447534,27.4933878,57.1411464,40.0104346,20.384588
0.315857309,1.63087323,3.03586247,7.24439172,6.97302116,14.6139566,12.965595,33.3661927,23.3557083,83.2312139
0.573708699,1.96823305,5.83239032,11.7179849,14.1634977,21.5482887,39.8053087,30.8597006,53.978322,20.6572702
0.624921455,2.66152464,4.86134853,9.75548885,13.4169458,19.6198043,40.796008,29.8107259,38.5934261,33.1124527
0.343269276,1.19966905,1.73601367,4.6204036,8.26356944,14.1603384,11.7547668,30.9300114,21.8537181,99.2850713
0.531444416,1.68156615,4.85478173,10.2735171,10.7323815,12.0198804,9.28146305,31.757251,23.605489,84.5987465
0.379214633,1.61243978,2.49532834,2.81211896,2.21874287,9.40022649,12.7717012,22.3862419,40.3614845,90.6789392
0.549152674,1.81599095,3.39296666,8.55416963,14.2574697,24.8355446,38.2461934,28.9624721,14.4165386,63.7937917
0.520237004,1.7996743,3.33505161,5.96936366,10.1856744,15.7869582,30.5775016,24.1710535,66.8219219,23.8079918
0.496709375,1.73796336,3.15270484,6.46205592,5.58743524,16.3746513,5.51484904,23.552788,43.7029933,73.9939432
0.549322175,2.58311303,5.83783139,8.15088728,10.9037803,12.558515,29.4639495,32.0491219,79.8295958,0.500678748
0.265581329,0.854655464,1.06469471,3.72635064,6.20544342,10.7443655,15.9778681,13.5695169,41.1500887,97.1256198
0.266710766,1.4616741,3.27842918,2.87348301,9.10241843,14.2394257,9.75653334,27.5552266,51.4817187,70.5831157
0.546670366,2.24223303,4.11163414,6.62575578,7.58633316,10.5182298,25.8465032,39.9453263,26.3328653,69.9707885
0.459676333,2.20830485,5.66748415,7.00126829,10.425911,19.8051312,18.9719215,39.2766814,76.0566401,3.99802522
0.408250941,2.00916229,4.82202878,10.0831092,17.1024617,21.1975466,21.9791475,14.9693062,21.4467776,78.5607765
0.714142672,2.44092985,5.17632821,8.35735476,11.5584794,15.6827476,14.6390152,39.6542656,56.1857907,30.8030552
0.276352615,1.28616257,3.20641872,6.7360269,12.3184099,20.0297399,34.2670252,23.8343535,50.3597967,44.4709233
0.391289046,1.88283719,3.37101343,8.10250185,7.75737066,16.2776753,20.5593782,5.1291446,36.8600037,94.7212486
0.496978826,2.38275113,6.08220256,8.15285443,12.0162255,14.1793458,22.8615242,24.7705146,20.9408709,75.7159427
0.292649441,0.738344264,2.32922355,5.12017595,6.38428022,13.416168,17.6842323,34.0180125,25.6573849,76.1200955
0.514575082,2.41126989,6.10348606,8.84452825,14.0194099,22.4273589,19.9942118,32.0584847,9.51943128,74.9792875
0.471299007,1.46468348,3.14953525,6.74170264,13.379423,22.8730006,20.3291094,20.9094094,62.4267762,41.8011962
0.651950862,2.44438976,4.80056917,8.04999783,11.2042581,18.7719893,34.1067618,23.700162,2.55183724,94.0534604
0.384006997,1.66417292,4.57495451,5.05641143,6.58189415,14.5994693,18.5561737,35.8029328,10.298429,98.9129922
0.540197129,1.93526288,3.57558297,6.32803603,14.1768892,15.4948303,14.7889345,24.6709565,51.306159,50.6128613
0.591601059,2.6484022,4.875009,8.13822027,15.2392033,20.6490389,17.8588752,31.604567,72.9515446,21.5512492
0.587272397,2.12726665,4.52559548,10.8061942,18.0714203,24.9063092,37.1786137,48.2270594,37.3814963,17.3851359
0.436019744,1.87742851,3.30155812,7.35088562,14.096756,21.4680421,26.5652831,34.5541805,66.0048705,20.2247959
0.567378038,2.05646507,5.90814478,7.67594208,17.9991443,18.3890879,22.1071313,20.5365032,33.5007383,72.0228641
0.562466706,1.89794197,5.72305903,11.4938198,20.8607813,21.9691439,36.1288187,32.8899622,59.0264058,1.18704014
0.449121679,2.23095116,5.59988342,7.06572636,12.2079196,17.4337416,27.8157225,43.2886558,36.4848902,44.3281339
0.734577766,2.53311161,5.64009846,9.01921862,16.4387881,31.6521588,30.7429015,50.5813046,39.4547539,8.97991022
0.464875203,2.23120572,3.49608153,8.96388296,16.0931967,14.0259043,36.0057085,54.5383211,49.8579663,1.03459664
0.43315382,2.13681225,3.31951384,5.75504483,6.13057343,15.6400797,18.8756748,31.2019763,44.8102878,54.8331573
0.6697195,2.70145663,5.29568936,9.96685047,15.7539834,17.3284719,24.8852579,19.0704014,65.7924659,24.9949481
0.380884245,1.93133263,4.71377211,6.78934862,7.07276856,14.9106496,26.4055289,32.2538248,62.256856,25.2156705
0.277914674,1.14591645,3.37938606,6.7745856,5.25200595,9.09958334,6.22537266,20.2372258,40.7527692,98.2566004
0.437874943,1.91875884,3.52565156,6.52904611,7.84871547,18.2243639,27.917552,15.9903268,17.2296685,99.2792691
0.495031911,1.69858957,3.70389813,8.49198037,10.0961121,10.1902654,3.45713218,26.1770957,41.847021,74.9998829
0.582439477,2.67160039,6.18186574,8.75809372,12.0059467,22.88612,19.97485,35.3439351,47.2784481,37.9023891
0.5464394,2.09551428,3.96303961,9.80215499,17.0339799,20.0751027,19.0722477,30.3910101,1.05005571,99.8372686
0.583284003,2.69432917,6.17876452,10.7977358,13.6589064,18.0131567,31.6256818,21.0293525,0.94682184,99.5799529
0.433467735,1.32943488,4.09518163,4.90460164,11.0133545,11.8192948,23.245513,22.300676,20.2638499,96.6168896
0.578023411,2.45646991,4.40657208,10.8316254,18.3163861,18.8750342,32.4266202,26.7867416,28.2007353,48.9805727
0.507675404,2.45361837,4.36441452,6.43511083,11.4877006,13.9221918,21.3140133,25.2778898,14.6054406,97.8487884
0.541969167,1.7869914,4.59021648,5.93900209,12.5057941,13.5940964,8.11199813,15.4468153,33.4841224,99.9898442
0.613048371,2.06908631,4.28790742,6.24060887,15.1711355,16.0010829,27.204809,52.3857871,55.496184,8.76747415
0.503288745,2.4361604,3.97043611,9.49966069,14.4164201,24.9789618,29.1177396,25.5899044,66.7881772,21.9103517
0.660771002,3.04328201,5.69431252,9.30030344,14.3677039,28.2756895,33.7744738,31.3956905,34.2952915,36.7562992
0.508526185,2.3755573,4.2088673,10.1244894,11.2928372,19.1997025,28.5670033,20.3148294,18.5143199,74.4129933
0.584407269,1.96129573,5.8235458,8.26267281,14.5287648,28.2029316,31.2023981,28.0953669,60.6743112,20.7233552
0.589152064,2.78192523,4.82505692,11.5594333,16.9572212,20.881592,24.1850195,39.5630974,41.8055837,27.0180057
0.426868827,2.14673777,4.4748632,9.50360681,10.6510172,15.9123099,34.4729207,23.3013404,76.6666891,13.7149791
0.559194928,2.17221236,4.1922951,5.98823478,14.9852636,25.8349788,37.475748,50.7917858,45.537545,1.12396055
0.45456267,1.93645018,5.30498917,7.4055591,14.2792843,12.5421671,9.74239458,35.3650978,64.571755,35.5924808
0.565630637,2.49844904,4.73902227,7.13165127,9.25244073,13.0846133,14.755162,35.0602735,70.6066992,23.6898312
0.417189334,1.3296881,4.24068631,6.74926214,13.1522406,12.9910728,30.6703944,33.0331956,11.7052284,73.8757893
0.482054292,1.52648527,3.16667239,6.00036492,12.7312699,20.3684984,26.009528,36.7381739,25.9452671,56.3065554
0.410979961,1.84682806,4.83492172,9.95159826,17.8469239,24.8783667,23.5574939,47.1896701,58.3454424,0.0262432798
0.552922737,2.61937423,4.79670185,7.55807038,16.0151541,18.0377173,36.987759,45.0132693,30.3498429,28.3725871
0.352064267,1.82428399,4.61311704,6.23317348,11.8322576,9.93899591,19.3135525,5.06378247,37.6349774,99.7212052
0.621857382,2.04897395,4.20235147,7.86167512,16.736601,15.0120321,37.4815875,22.8066405,48.8610251,39.1522816
0.369916154,1.80148114,4.3035228,8.39996803,10.7401528,20.44687,25.2554697,15.6109256,64.5161274,43.4836811
0.399874469,1.43068363,4.39252782,4.47189165,5.41023353,12.4086124,22.5946922,29.6714957,65.176843,41.9177925
0.338523985,1.78867544,4.26241637,8.20941894,8.11570906,18.1919327,25.0634901,23.8727549,41.9499245,55.5987715
0.355454043,0.993463473,3.52643301,7.09462773,12.3857645,9.21048192,25.1103395,22.2563219,31.2133377,73.6851908
0.457911344,1.40652512,4.14928451,5.25617592,12.7540116,15.9393712,29.3363816,18.2650202,41.0136489,63.9093952
0.635465283,2.50059592,5.30220289,9.63104032,12.8481044,22.9580107,19.9607267,16.2961405,23.6240576,76.0277524
0.383288827,1.63645818,4.08950506,4.56957099,9.79396113,18.5824244,9.35152102,31.8552595,53.705692,48.6891531
0.687022248,2.38066622,5.23640315,8.15685082,17.421498,28.279657,27.0634891,37.0098346,34.4755175,35.2871452
0.508212997,2.37212506,3.93104189,6.08918742,13.758242,17.6103695,24.4877021,43.4824289,16.269688,68.8076018
0.513068021,1.89658996,5.30716856,6.72579482,8.17973036,18.2064577,30.4161814,25.9789598,3.95117775,99.5831687
0.687141357,2.48410009,6.57814017,9.42896222,13.0411997,16.3616246,19.9833628,51.1171552,16.5915716,52.4811255
0.404566424,1.9606185,5.09053733,5.94765499,10.7845828,20.771292,34.4904073,41.7638929,53.6447564,22.7908723
0.64002511,2.19063445,4.34042164,8.24811422,15.7150914,16.8096301,15.9244722,7.62900053,41.6817191,73.8567852
0.492929761,1.99704128,5.34710559,7.03565904,9.93062558,17.2626377,14.2640563,41.1384807,50.0853841,47.2206985
0.355339969,1.24289345,3.84010536,3.59796809,10.1141501,16.7694834,25.9795918,44.7366506,17.609603,72.4997939
0.409132358,1.36332619,2.16075909,6.59543336,7.07334209,14.8568428,26.5924027,36.3250345,14.8086713,74.3117408
0.673621649,3.05219929,5.63342885,10.7115999,14.2717673,27.0750677,38.5115279,49.6113281,40.2238022,2.37824574
0.633033198,2.11633166,4.31446231,7.73041473,9.22129907,21.3282278,30.5119168,18.4213763,61.9301582,30.8874653
0.296495752,1.54061745,2.73579213,6.38747243,10.8463851,19.5195763,21.9830636,47.1903014,38.5993753,47.0874755
0.693436018,2.40712386,5.24653348,8.30213614,16.1716087,28.4861351,26.8501594,29.193746,70.365541,0.37449139
0.641900965,2.87156278,5.38371216,11.783742,19.8840665,25.699968,28.7378828,52.4392954,42.8332355,2.57536113
0.531961675,2.53992409,4.80771021,10.4647026,14.1168653,16.1785705,25.3276866,32.9886757,3.3636791,84.974031
0.495073741,2.29456352,5.54927465,7.44471666,17.2494574,15.9000924,30.1776549,41.4176603,16.9968325,53.4546938
0.483718612,2.35071882,5.91830843,11.1779098,13.4607849,25.8748641,24.1889229,54.833766,42.394463,19.1753951
0.718562707,2.48784674,6.27230849,12.8086058,16.5111033,21.0019061,30.2229012,41.7456164,26.7546762,43.2900839
0.518756927,2.42094115,5.91814764,10.0479642,20.1992831,22.5394212,27.7756406,39.0495272,31.1018381,41.3756322
0.312892277,1.66893846,4.13412775,8.00713319,6.91744986,14.6115988,16.8478903,39.1197653,39.5604775,52.0696212
0.417844888,1.2681122,4.0463811,5.37039889,6.63950325,3.85205587,16.5589045,28.7976945,36.9206931,75.258501
0.547578385,2.3706484,4.13124766,8.62040031,12.5162238,21.1984561,20.9158996,29.8420134,53.4354905,39.8545427
0.451971218,2.06491637,3.81507468,9.26352322,16.4673268,26.4630421,23.0178932,41.8819182,40.4682817,25.7981765
0.538252526,1.72682896,3.3679083,6.94284341,14.2103998,17.2576286,22.4253387,45.1380159,70.776283,0.294334642
0.413735928,1.30967438,4.25597342,7.61209193,7.45764039,18.6416017,22.0794415,33.2460929,17.0702982,74.1614335
0.521102646,2.52367903,5.19029301,7.50838255,15.0461309,17.5793625,28.5127071,17.8761327,44.0153588,49.1418001
0.382424806,1.83896594,2.75453279,7.16501545,13.2500577,20.9752052,14.1357661,10.6171785,39.6104689,75.1906588
0.462444201,1.69265485,2.94975318,8.02329846,11.9287358,11.8185281,17.0727656,8.59398959,44.549749,76.7169757
0.497131406,2.41759637,4.03250747,9.04888463,16.5911497,16.0889013,18.4735163,47.7171817,46.7138391,24.4810226
0.524081844,1.79078777,3.39253063,8.68697718,9.54752759,10.920662,27.4529062,26.3980314,43.7292718,51.2421406
0.359880099,1.24920121,3.82408189,7.90496101,6.13576972,13.982208,14.903218,19.2929007,28.5169388,99.4473471
0.470585617,1.88628386,5.11870812,9.78007874,10.8881366,24.1607588,28.4054926,35.6858281,21.3178704,53.3538116
0.591592417,2.77612885,4.96046491,8.12590729,10.718116,25.1425813,24.7524686,43.5665019,19.4438002,49.1492796
0.45569378,1.47606095,4.68030657,7.81518438,14.6582768,14.1296399,26.3792575,10.3709579,21.103917,99.7556699
0.402309511,1.20169384,3.01871976,6.96095146,9.3499418,15.4563621,26.8992526,29.9060454,55.4499138,44.3234414
0.251096486,1.36023886,3.42000341,6.84440127,8.67824536,7.44776238,15.6824379,15.5383518,43.2808025,81.0478959
0.578518444,2.53660474,4.69351471,7.93213555,10.3822779,23.3580424,40.0922454,46.467736,51.2027151,0.0206387731
0.52870994,1.82808742,5.52548091,6.70931703,11.6422352,14.659996,31.1677493,34.5274043,22.6144905,66.4688048
0.429404954,1.61588465,2.54129092,6.9265534,12.9373554,15.435951,29.8886771,13.2878742,25.3471252,80.7663185
0.607575916,2.0318287,4.64625899,10.5098526,11.7163659,19.2114029,16.3157004,42.602953,70.3068378,10.9230849
0.42847342,1.62608919,2.69193289,5.81281814,6.67855789,2.80478496,13.471583,19.1561097,42.2193769,92.3579155
0.517356728,1.82472818,3.61283487,7.03764628,10.6268025,21.8281586,36.6866423,44.3828232,29.3698424,38.6883115
0.488628895,2.3644022,3.83297746,5.47691073,9.12765911,19.3615829,29.4856771,30.028208,31.3745897,56.9620695
0.483969374,1.97631825,5.29439439,10.9036416,12.7068143,27.4589168,23.0876575,18.8674872,35.0114916,59.153604
0.29040051,1.59177364,3.91684684,8.06927061,14.3922919,21.1852401,25.3646588,16.5714318,18.9430847,83.5654481
0.409221676,1.374401,4.22562509,4.82147739,9.84212378,5.26290594,6.88090337,21.6562847,42.350377,90.2702638
0.62811916,2.74352296,6.60359694,10.001343,13.7170043,24.680112,32.416952,29.4268203,66.8405662,2.02102308
0.537699515,1.78357909,3.5119107,9.17121182,11.2848279,15.7070613,26.407109,32.7819316,55.068888,29.6873314
0.439845002,2.17212403,3.88711802,5.72555769,12.0955141,9.63234278,18.5665205,36.6951154,39.8726282,55.3675411
0.684036705,3.11443998,6.44299723,10.9387394,16.1671955,22.7516863,25.333577,21.6907408,28.9105574,61.1370383
0.509773984,2.43430585,4.10600642,7.87972137,16.7338215,26.1754293,29.0692925,27.5451031,16.7516431,72.8228294
0.59798607,2.02476482,4.18608554,10.030164,11.9456898,12.9655557,31.7212118,37.1023708,69.4946961,5.97218929
0.510080882,2.11133392,5.70121912,7.32402275,16.9076708,15.9700546,21.9228479,25.6270604,7.45836783,98.7841441
0.451317241,2.10128882,3.38148429,4.85418834,10.8792141,16.0007996,29.3209671,50.5383557,62.5910511,2.40852791
0.471457692,2.19495334,3.57307493,6.65102314,13.8590871,13.7340799,32.1946941,41.5812026,59.3226367,22.0108121
0.676900882,2.31937159,4.9919185,8.05749474,11.8123774,12.5055009,8.78029304,35.205067,44.6795832,55.7341426
0.657951203,3.03492908,5.82208104,10.3144302,16.2164542,26.8865258,26.6437382,41.163356,57.4822018,1.83986222
0.470517727,2.20630298,5.21392298,8.48889322,16.2363999,20.5374247,42.5201022,37.3510388,47.9447483,19.1409394
0.590945248,2.06024508,5.33032918,11.5075659,14.3271524,18.0124456,28.7249381,53.6302994,30.8939968,24.2197218
0.605746653,2.04657136,6.21862519,8.25158489,11.9071175,23.7675609,29.582502,21.4758856,7.11081017,85.6409057
0.390212065,2.00285951,4.64817278,7.15392543,10.5118053,22.3619619,22.8937572,52.8363949,52.7235101,20.0074153
0.573594827,1.88174829,4.01680424,8.93472709,17.0985168,17.546606,15.808654,42.5084174,6.15687911,74.7710071
0.717690003,2.54332522,5.38882229,8.60399018,15.6945151,26.6720242,24.2446005,22.3955785,7.31331947,81.9105173
0.65216533,2.20525464,6.62499719,12.9463663,16.6154023,21.3611878,25.8429436,30.8895565,47.7435882,25.8415785
0.663009895,2.28842438,4.76221375,11.0233581,12.7734552,18.2025328,26.3518484,33.9393304,51.4757453,25.2373819
0.518405696,1.83048828,4.23803752,6.15512863,7.86377978,18.5824712,27.3730753,46.5095263,12.7677497,71.6864553
0.39588646,1.96153891,4.93343792,5.71739213,14.1673256,15.7851471,10.8929656,39.3002542,37.810278,55.4569835
0.463069638,2.23152621,3.55856793,5.66805538,10.7110336,20.5264357,34.7858988,30.3978003,72.9342835,3.37042625
0.71537607,2.62486656,7.44343305,11.3903958,17.9331675,24.2354646,39.9264152,37.0892254,46.7590155,8.66346193
0.530460047,2.00104866,3.89043001,5.67386052,7.28522718,13.6663948,17.6236815,15.1304976,40.7903751,75.2675676
0.432160656,1.87337609,4.58724123,5.45952215,13.9095116,15.0397913,22.5584686,31.108272,63.2032977,24.9689619
0.48041775,2.25842296,4.54404091,7.96401627,9.20656931,13.5929419,12.5333514,36.9787425,23.3684147,73.8289194
0.46614341,1.45551632,3.10340059,7.55575099,13.8604094,11.6884772,14.8372989,28.0954198,17.223326,99.5265842
0.763634377,2.71674557,6.09619467,9.85014681,13.7429433,19.4711547,20.8629961,15.650659,43.264082,60.3352028
0.626365705,2.27926193,5.43101622,11.6745462,19.4348455,23.8865492,26.4075494,24.8213985,41.4855803,47.9877975
0.412911619,1.30463511,4.21797834,7.34435967,11.9459153,19.7693285,31.7401838,20.8387805,8.77800375,92.8269052
0.359843779,1.8219157,2.48477538,5.29854727,8.90865381,15.0766375,23.5637278,44.4326155,67.4921846,22.5123566
0.565618544,1.8270196,5.62541215,8.16177571,16.6735133,21.6141576,29.1705893,31.7155824,40.9928657,41.9247327
0.25222565,1.44773862,3.04824012,6.40954769,11.677897,18.8372502,9.28258854,20.6337556,34.1963484,81.2702415
0.530773856,2.39657519,6.15041606,8.70801208,17.536815,17.6079343,23.6417898,29.0710871,78.3142641,2.49167146
0.46234886,1.97462532,5.08602067,7.72997188,10.8810881,19.3496763,12.2960152,17.849641,35.7149954,74.3987047
0.549332234,1.79279124,5.4582804,10.9750327,17.3499264,20.6718496,29.1050441,24.3817462,22.0763009,70.8872169
0.458221194,2.21842266,3.82829207,7.81081264,10.7657047,13.9872753,17.7689018,42.055418,77.3491973,7.63387048
0.674591589,2.44788323,7.03692824,10.2504674,19.7758764,29.2668707,31.5460186,34.4093425,33.2098688,25.8760702
0.540713897,2.60301925,5.00149123,11.621912,14.4942791,18.2656798,33.1084083,40.2421556,31.5963269,41.0786879
0.583852349,2.36504006,6.2205383,8.60529685,13.0522305,17.8031058,31.6422951,31.2217074,25.5603259,53.0413523
0.389495294,1.87376808,4.85331014,8.30407664,16.1630852,19.1739935,16.3161396,33.3402827,26.8890971,73.2641987
0.457898639,1.99265644,4.63436291,9.23845787,10.2342973,22.3412461,17.1814443,28.0495714,18.6370689,75.4955122
0.504823154,2.25223246,3.84927691,9.80596049,10.2275612,19.4489849,13.7690379,36.061854,36.584484,54.4736165
0.579371254,2.0179229,5.85031976,7.53030958,15.7508606,22.6505981,28.9575675,43.5145681,50.7501276,22.0980957
0.425707388,1.37906116,4.38405116,8.77370074,11.6597032,17.436651,33.0386988,52.0206993,48.7728038,16.798411
0.41296361,2.08138745,3.15197713,8.46290319,11.064873,19.8843334,14.2712945,27.8799635,63.6230041,40.3982904
0.712609733,2.58697149,5.26921859,9.5626342,12.3116228,17.8738031,17.8377884,37.9085468,2.99464368,89.081885
0.35847408,1.85055015,4.71442009,7.99019017,15.8375659,19.0399145,27.2848553,38.1420814,42.6445578,34.5550089
0.317199479,1.53610539,2.54196736,3.76491644,8.53812239,14.0416303,25.2495311,39.7770359,35.6137605,50.71221
0.74994456,2.7252655,5.797247,13.6204901,16.6828109,21.9063719,27.1123939,40.3671487,59.1561069,1.93243347
0.38967724,1.6771013,2.72853247,3.32469828,8.55812644,14.9446343,25.2546389,14.9897549,54.1365298,59.7083875
0.543878031,2.18733825,3.88624387,5.71588901,6.38060911,14.5582338,15.4117031,33.9034517,17.8232384,90.6799426
0.53140192,1.68243182,3.62604078,8.32617366,14.496761,24.7358926,24.2865071,57.8522565,50.8385341,0.341051254
0.53293868,1.70104784,5.227979,6.52442468,12.7208182,10.2938145,29.5300911,17.6399719,48.4970625,52.1338958
0.534129858,2.19093108,3.96327156,6.6198416,14.0138738,19.5775353,34.2458493,22.6310551,23.7998572,73.6678257
0.503237928,1.72092696,5.24256252,8.30597347,9.05954757,10.2393863,27.6152362,12.1155059,27.8158874,91.3811071
0.473129933,2.32527684,4.33928866,10.2888653,13.4686722,23.9664617,21.8441259,34.0830626,74.6200747,0.574306668
0.519993043,1.69526568,4.67171594,8.87666848,9.50086002,20.9976049,25.7474212,54.9760106,23.7552188,48.6638708
0.50044209,1.75288564,3.72223045,7.75987329,15.3353562,12.5884142,27.1087996,26.2541244,54.1769256,47.3881013
0.404809189,1.20604577,3.17865274,7.33391985,13.3816153,11.7140436,22.8407963,44.6033963,71.6383632,9.24776273
0.520950027,2.2297414,5.80303288,10.8758593,19.6043001,32.2842997,32.7166174,37.7130302,43.4217326,19.5290058
0.616015707,2.89477265,6.17874207,13.2783639,21.3450141,25.3421279,33.6754132,37.2224541,50.9289656,3.37735161
0.402174332,1.30582487,2.17953204,5.51637352,7.38995541,14.8065772,26.0323312,10.6145322,33.2414696,88.5546561
0.605518332,2.73688132,6.01959527,9.41135352,20.5403099,30.1288104,38.4271898,40.6269538,45.1021232,0.374009237
0.69189625,2.93051511,5.89400607,10.5872181,14.6699464,18.6504111,32.8446267,59.1219292,40.9747341,3.42284095
0.467517876,1.90667251,3.10616911,4.81313154,10.8086417,18.4355,24.613015,45.6933487,43.4028283,34.7601527
0.25911189,1.4638382,3.47256329,7.26967102,11.5245729,18.3622167,17.3737674,43.8213308,70.2751333,17.8798657
0.584014973,2.72696787,6.86850926,11.7226591,16.377221,27.385134,28.2763436,32.028113,33.3427781,44.0667823
0.602197697,2.14889929,5.75841424,7.95334366,11.3942588,11.7238504,26.3979174,9.52805456,48.4803845,72.7451075
0.337432016,0.916495539,3.42065048,4.56489746,10.4824708,16.6119861,28.202801,22.4227054,22.3500306,76.62012
0.505726996,1.76503483,3.24734352,6.72451569,7.44105621,10.6295782,24.7400685,41.4759466,35.9356276,49.4369768
0.638048585,2.20540785,4.72195221,7.18123945,9.2109555,8.40040661,21.8644839,25.2538459,25.2226514,81.3170934
0.379798209,1.27105727,4.04761988,7.95279246,13.1131526,17.0739984,30.7479253,44.2105214,17.8965673,52.1028502
0.451818533,1.37396747,4.49197055,7.35570316,10.7748186,21.9026759,21.6071386,39.5184115,73.8691966,2.36895222
0.570227981,2.24135934,4.49216514,6.75866698,15.6526707,27.126125,45.3153609,42.444038,35.521291,23.3374006
0.561656559,2.60476961,6.54095041,9.14147615,15.206965,22.7368182,33.1087385,29.9935142,12.9002325,71.2748559
0.471186267,1.45028594,3.45899659,4.97067491,10.8357092,11.3349382,17.1211246,35.2221575,62.195247,41.1988779
0.533813214,1.71124386,4.76390511,7.78900075,14.5289618,15.7666856,31.9853969,17.071472,67.2949537,24.1246943
0.338800689,0.989520448,3.35896274,5.81705511,7.66291054,8.5275996,15.2699478,27.506546,52.973801,63.8217066
0.644958741,2.94523234,5.31197892,9.32518923,19.5831244,24.7502634,42.534559,39.9661407,37.9718546,21.260086
0.456838521,1.60394517,2.95380773,7.98029276,14.1093139,14.5466612,12.2609229,23.9607678,31.8397159,75.2424927
0.328197774,0.947891515,3.41324633,6.65740084,9.35700478,16.5087625,29.3006875,35.9921681,70.3609788,19.4737493
0.455420827,1.64585495,4.80026892,5.45493092,12.7470616,21.4762974,20.4950174,30.6257842,4.59439368,98.7599371
0.462872699,1.96031124,5.02356452,10.3291487,12.9888661,15.3645386,19.361184,9.33831983,31.6559977,87.4829772
0.51065872,1.71827827,4.81625076,8.51441979,12.3117116,25.2729273,28.906188,60.0526155,36.5880637,20.4306653
0.415733015,1.90828465,4.80811968,7.09978344,8.82593157,7.36064552,21.5290815,27.7428976,41.8691442,72.1598869
0.40632598,1.29207585,3.74169111,7.76868428,9.43746005,10.3193689,25.701697,17.0460951,51.8547814,59.3685632
0.485112852,2.27113442,5.29743887,7.31014882,9.23783506,21.8868045,24.3457086,13.8434506,18.7160296,96.2896472
0.459286671,1.43500184,4.05694602,4.85271923,11.9290238,10.485176,23.7231763,38.4115231,29.693756,67.7164216
0.49977283,1.96674718,3.42125344,9.00422399,8.53749431,21.0759168,35.6476005,43.6129272,56.5911414,8.95035603
0.608038327,2.10172368,4.84483863,7.08593372,14.9736982,26.9924391,25.6951574,22.0798217,1.08929016,99.330709
0.631144308,2.22806008,4.40629608,8.18829008,13.5902388,12.6720144,27.862137,36.7127874,44.0562815,45.8574272
0.512388587,2.38450695,6.13458212,10.1651548,14.9808642,17.8165025,38.7784546,28.1111198,68.9487571,0.150740502
0.518400229,1.63060617,5.24715662,7.05314053,14.5022919,17.9667993,20.8411183,49.4971163,15.7976727,58.8499259
0.399503691,1.83278427,4.30294912,8.90048854,16.3017189,21.2251288,20.3126615,23.0096912,56.4332506,45.4501257
0.319624654,1.71928145,3.03269681,7.39024996,12.6659793,14.3928518,20.5730854,26.0386154,46.489322,52.0293162
0.529601356,2.52574297,4.35758571,6.53055572,15.7049067,19.8909179,16.1752723,29.040638,18.1525213,75.305172
0.527678366,2.48969147,4.39070854,10.716832,13.3605841,25.7249266,44.4906744,36.8091255,45.9829531,13.3847247
0.525419562,1.68005163,4.03894392,9.29229653,9.75221445,14.2318933,22.7669269,40.4569277,24.6974658,66.9998687
0.692867522,2.47844177,6.44587568,12.9364698,16.2334645,30.0949622,31.1086889,46.0525331,40.3219225,14.1646235
0.445929772,1.65236329,4.83369269,9.86049001,16.9351105,24.8697378,40.0816012,35.9250625,54.7346082,1.82291446
0.662391569,2.21919171,4.51937134,9.48658103,10.7974744,20.4484787,22.7669432,51.0025769,53.5215843,20.1689899
0.648488067,2.37979356,4.74438361,8.85030492,11.1542066,23.2948531,32.7754106,41.4396268,39.9760578,23.7159402
0.594687317,2.49524723,5.01552261,8.49190695,17.1366543,22.9199545,21.4681105,42.2551769,16.7210878,55.9196647
0.584696077,2.24177145,6.29596088,8.74838338,13.7987249,23.8075624,20.7967347,36.0795841,71.6178043,2.78993557
0.605452485,1.9920413,5.31529069,8.51119151,10.0923529,10.6717051,23.3120121,32.6917771,58.9779734,34.7376714
0.64782719,2.17462481,4.68281927,10.3342666,11.6471478,22.342037,32.649744,25.7010513,29.8793238,49.6069788
0.348615577,1.58331301,3.32622536,5.07607853,5.59067324,12.3527564,23.2102636,24.7638541,27.9886081,79.5057097
0.644742397,2.99170211,5.91777932,9.29402161,13.1788659,15.3126588,14.3924113,42.5910619,46.5562235,44.5074962
0.389262383,1.33978484,4.21304323,7.78460999,14.8012199,15.0530984,34.626144,31.5345501,53.7039038,23.7316904
0.553669846,1.94090271,5.36288449,7.39385946,15.2005064,14.5865188,17.8518729,32.6533164,41.748891,48.8305718
0.505420553,2.39660227,6.05344074,11.608184,19.4463618,23.9728637,28.0981425,44.7668908,46.7469819,17.3417172
0.581149718,2.75132191,4.98611458,10.0527606,14.484427,15.7415645,14.9288131,21.8199419,50.8597493,49.6362827
0.600799499,2.8132757,7.04879438,10.7885376,14.8772945,18.4843393,20.1720792,46.8784636,43.5958097,23.7576787
0.338783557,1.47511687,3.27471616,6.89282811,6.18331167,16.565513,28.1011558,6.82100426,52.7384478,72.5267993
0.549636982,2.58531721,6.39136111,12.9877801,16.4859284,22.1261668,39.5418006,34.8064564,55.7580658,0.51869412
0.473908404,1.47212156,2.61216881,6.73578535,5.30688493,10.2915414,9.57125226,24.0688412,32.27676,99.5216612
0.585924767,2.01589658,5.00299033,10.8087431,14.0711819,15.1755168,14.2631369,44.3866871,30.5286113,49.8193958
0.374062316,1.57684873,2.5460218,7.00812068,12.5448604,10.9513928,5.06735225,27.859249,53.3418089,69.8680363
0.269015091,0.737700585,2.80718552,5.68904989,9.00739104,14.8119452,6.39759574,19.0675681,42.457499,83.9826058
0.401105158,1.77619456,4.78549282,9.14318261,16.0868338,26.9908968,33.1230963,53.361694,42.5160618,3.51250786
0.37735945,1.80246424,2.92740897,7.79154748,13.9529021,11.5788107,22.3329021,44.7546304,55.0262908,23.6900623
0.481708296,2.10047797,3.90779942,5.24822603,13.5718145,12.4355261,27.4459093,9.64969476,25.254999,98.0828353
0.629356131,2.28973744,5.44642743,8.10259597,11.0191186,11.393409,8.67976367,12.9301831,41.6028266,86.7819706
0.521337639,2.47592784,4.31950336,7.00520759,8.89707523,21.2932814,21.4838535,34.8764439,0.172353287,99.6748497
0.497986926,2.36172182,3.92849512,6.65901441,15.2936203,20.5441518,24.9201972,14.3758405,65.0750228,39.4492127
0.538229722,2.54468007,6.0952948,10.7882515,14.9580506,29.3542803,30.8078329,48.4227251,47.3207802,0.548473549
0.541053484,2.60817613,6.19263762,9.25612831,12.9637043,23.2675181,31.3306246,27.4043821,51.2513318,24.2401627
0.431576245,2.01850165,3.54692567,6.99601074,9.94228897,8.97326295,18.3325056,35.7812155,16.1995871,88.2465865
0.71318233,2.5120827,5.24881268,10.1690883,13.2131764,17.1102055,29.0201552,35.1683884,71.7079766,0.163751621
0.60013937,2.10211943,4.23760134,6.28607708,13.4465057,22.5524795,29.6372327,23.2862597,77.2510751,9.61124316
0.51983454,2.47872939,4.12427063,6.59981594,14.6077727,13.1228317,9.0831018,6.46960215,40.1445589,99.4930126
0.65706734,2.20720982,6.32978593,8.92687214,17.4607623,19.0902227,33.622357,29.7094839,63.4491525,13.8360551
0.652057081,2.2564528,4.64100092,11.1634492,12.6599775,25.5619716,29.2135308,32.5576074,67.0500432,2.42466718
0.401454845,1.6688635,4.54457538,9.32580419,11.7754164,19.6538141,20.6435212,32.364758,72.5532392,23.2950612
0.446084512,1.44417466,3.53799342,5.18028302,11.8641207,20.3335194,28.9268397,33.8629206,52.1012782,27.5379509
0.495979781,2.25437058,4.651287,8.74319001,10.3907383,23.603843,20.3705295,39.4765686,63.9535618,22.808949
0.752861857,2.59887594,7.55075104,10.9437026,16.0128729,26.3435351,27.4050117,32.4883734,59.7211503,12.8760867
0.417703502,2.11015281,3.135002,8.58452861,7.36834465,12.3388119,10.3217948,12.5644554,42.9877311,89.3361797
0.448040728,2.1373811,5.17583026,6.63524828,12.82593,11.3660668,26.606686,49.26451,66.3612605,1.96160132
0.548942766,2.24002347,3.92850027,10.119389,18.213997,18.5465777,30.3648571,33.3606861,68.3022048,2.20345205
0.561902828,1.80835921,3.7232229,5.39020796,12.7076478,20.4957214,35.5036976,20.7026434,6.27054056,90.5411081
0.501201661,1.70255694,3.00960674,4.08592088,10.8323278,14.8639308,6.36546708,23.6052452,31.5803681,96.5595279
0.375478257,1.17133536,3.8968497,7.26677231,13.2364854,10.9933097,8.08097227,11.2133935,39.8688794,99.5335492
0.423759394,2.12562175,4.95717678,7.53381895,16.4451645,14.6776766,14.8165261,14.577348,34.4152853,77.6118902
0.474352986,2.23578017,3.62361122,9.15351008,13.4123469,12.8510724,21.6843262,32.6110227,30.7084782,69.8148113
0.688869442,3.12340081,6.07945992,10.8878179,14.8643831,20.6905085,22.9703172,39.726021,36.0499006,44.8289553
0.453071086,1.69316369,4.86298303,6.58491863,6.8111195,17.5223977,17.6344237,41.8726294,74.2334333,17.9086838
0.36092029,1.85002246,4.67486133,9.24789411,11.2875176,12.3252489,31.2790815,23.7142351,35.3632197,63.242112
0.244718766,1.24642925,3.37177888,3.98447185,3.15464207,8.71858034,16.0847553,23.5424274,42.5968743,75.3240256
0.50242721,1.8767047,3.5050589,6.65381467,13.95815,24.391044,19.0001364,28.4444663,37.9460273,50.862305
0.600117167,1.96864408,4.63629362,7.01664889,14.7480233,19.4110304,30.3683911,50.6902641,24.8395649,44.0945409
0.480262663,1.83022021,3.66228139,8.79755797,15.5945903,13.65009,24.1455059,13.5279625,32.303063,73.8829446
0.399422826,1.45837694,4.40668685,4.91041367,10.9440535,18.841273,30.9382496,15.9821499,67.884937,29.398872
0.574814631,2.14073291,4.00620663,7.58088088,8.79679262,21.45702,24.6436662,38.2014053,41.6275528,48.1577076
0.589888178,2.67342937,4.85089412,8.71861199,17.786736,18.0895152,20.4298101,13.0864263,25.5689544,79.5539996
0.483663745,2.26935176,3.84791146,9.43381093,9.87140981,14.3834427,31.9649991,49.099022,33.1269675,37.8085253
0.483687829,1.8425117,4.93724924,6.07740684,7.26131536,16.9630348,27.9180172,47.5870834,40.1346742,35.3023896
0.347840271,1.07774017,3.03913005,6.24685683,11.1048869,19.8378024,9.4916782,36.2091694,43.6459359,52.8953699
0.536113707,2.31760584,5.13475616,7.64203004,9.8880188,11.7791492,28.9973734,10.9847912,58.722892,48.6944497
0.746846698,3.29958867,6.62580277,10.9587011,16.739037,28.9140133,34.5292568,36.2616443,45.9575702,18.4181386
0.296396487,0.768977962,2.99233887,5.38172257,9.48410311,3.6870746,12.7791506,20.242392,39.2046154,95.4635869
0.374451544,1.47256151,2.77423139,7.16584916,12.6957532,21.7732925,14.3917601,33.3811967,18.3813552,74.6294532
0.522935562,1.66823154,5.13071899,10.3341252,11.3832602,16.9642058,16.5373645,28.5357392,43.524778,51.2932223
0.509304746,1.72529839,5.22003523,7.96304458,8.76410827,13.9301505,15.2128711,19.1277333,27.3189357,95.8957729
0.356449602,1.85410329,2.49454776,5.24318684,8.24149587,9.18656132,10.6570985,20.2495095,45.4789731,75.7841046
0.52649373,2.31977835,5.54692343,11.1175829,13.4314609,23.1201844,22.3961825,23.1182144,51.9134357,46.4549036
0.530163104,2.5156614,4.21848098,9.99696663,12.1571231,13.5074384,9.8982848,32.2435541,66.1009595,36.8748061
0.403452423,1.88459328,4.54969862,6.77898211,14.4097203,12.5899085,31.6268102,55.1970859,50.1167254,14.8121533
0.370758806,1.74998533,3.75370263,8.30715749,14.6447775,20.0942958,24.2029901,32.6437792,3.80310534,86.4935886
0.414260717,1.97851661,4.2207365,8.51009052,11.780607,13.7673935,11.9893498,18.6099658,53.0168737,69.1469534
0.62186535,2.08680775,4.32578516,9.03344118,12.3546153,20.873693,21.073988,34.7491183,8.27793611,75.8692275
0.473413263,1.64584047,4.01017575,7.27779818,13.5295126,10.5717897,29.549569,45.0465671,42.3931933,33.9923991
0.543750135,2.35769241,4.19400045,9.32100412,10.0174718,16.7936892,24.758404,20.0211423,43.7847637,56.4070273
0.389415708,1.74198231,4.08929117,4.49607332,7.74013809,13.1851337,25.5459945,6.99309711,34.5687416,95.3680757
0.291672843,0.78515287,2.37161463,5.46047446,9.71631137,16.9714002,25.8946494,44.2370799,46.0668536,36.7007074
0.495449529,1.68825921,4.76244588,10.0861729,15.2194618,28.7270356,36.2740642,40.6446359,42.808337,22.7279582
0.451112212,2.19279143,5.45040935,7.61486854,15.0644303,19.2624204,32.4267018,32.9988303,61.9351108,20.3193053
0.492329611,1.70978928,2.97237925,8.3112064,13.670845,22.2740587,39.510402,30.178414,63.6876599,7.23220364
0.511696981,1.79650718,4.57459929,10.1348934,11.9902601,22.5190381,41.3160101,29.5328513,41.1526038,26.5719901
0.526137292,2.3623496,6.01842827,8.70190863,14.6776976,26.153753,36.645744,35.4929189,31.8467113,32.7224
0.562682274,2.56883849,6.4044072,11.4271992,18.2122074,20.9816526,23.6473261,42.3584113,61.5854535,1.57318365
0.254044296,1.38378956,3.31211984,4.78241943,10.4042902,13.3619962,20.0673037,30.6845139,18.4581954,88.5073119
0.539089108,1.71923752,3.30322828,8.6801697,14.251178,22.0559448,25.053176,23.5862857,13.332926,78.5345958
0.423534987,1.27249964,3.48968895,4.20404977,10.3370565,12.3407236,24.3165108,40.6503941,4.48795099,92.7305709
0.749786879,2.57861185,6.68983292,11.0240155,16.2207095,21.6305108,23.9732747,20.5848016,75.5981371,18.002471
0.290898422,1.37002161,3.49824636,5.89268389,9.28698891,17.9691095,16.970597,19.0708458,53.3101577,59.3707422
0.474283622,1.98496811,5.00998896,8.01298717,10.1817814,14.5726363,20.9406459,38.1177704,1.20805743,99.447701
0.735399138,3.27381013,6.58395625,10.9637129,16.7761971,23.4935141,26.0198813,25.0538633,48.8549196,31.3683476
0.442972495,1.79925122,5.02071515,5.78706729,7.42243719,15.9820491,14.3734871,4.73247634,40.6648879,99.171806
0.383744008,1.94070321,4.02951222,7.77544551,12.9371087,23.2783835,16.3243354,43.2392378,25.73277,52.7814011
0.541139263,2.5976254,4.66829316,11.2081911,16.346434,19.2940909,30.3695773,59.7070072,39.3847358,9.79216567
0.389928457,1.12195694,3.43103986,7.30045965,7.51221718,17.1286441,21.2587939,20.0023599,31.6675056,74.5527933
0.631944185,2.88087519,6.14913935,11.4981197,21.1905648,23.994722,28.9775945,33.3210909,18.6499258,48.6994782
0.477274767,2.02280025,5.17034234,7.45467092,14.8007097,13.0816711,29.2236751,33.821401,5.67884535,78.6501275
0.267291588,1.46862561,3.55175573,6.76078909,6.08236286,13.8562868,24.0832887,43.0288187,5.66369754,84.9352721
0.512325002,1.6127161,3.40508527,4.49117067,8.69895401,17.3867211,24.5271478,29.5493819,32.3388344,73.1222989
0.663488094,2.23930721,6.41161695,10.7410169,15.3230718,18.4030521,28.9039542,20.7202918,13.1874776,75.252946
0.393694085,1.2080535,3.72427904,4.06139155,7.66970417,7.93477792,16.3851731,20.3492266,32.5607501,98.2116954
0.517438754,1.71987496,5.16665723,10.596712,17.4551102,29.7548374,28.5013306,38.5553887,29.4189481,38.0118372
0.581658365,2.7190458,4.83913028,8.30166197,17.5727797,22.7016361,36.8166843,44.9594806,50.523058,0.605047172
0.73983114,2.51808331,5.62531129,10.1368627,17.9229438,26.6427359,44.7453974,43.3668671,40.3988349,1.06738986
0.678375516,2.33902503,4.81782794,7.77121476,17.8574764,23.4100591,22.2020384,23.1126018,62.2934886,23.7467114
0.372937494,1.59743228,4.37326328,8.70873909,10.0252934,11.7222964,27.7971163,37.7674821,78.2451851,1.01062875
0.58773665,1.9277843,4.71615483,6.65900931,14.8918191,26.2936844,25.885985,39.4299615,21.891658,48.701098
0.443062189,2.15573425,4.7393093,10.0164438,17.8811176,17.46413,39.1251821,52.2988667,36.0728219,21.7576682
0.310545583,1.54208149,3.87974641,7.00397502,13.0615918,17.024486,28.5018819,28.6287623,30.2938154,64.265731
0.775627503,2.69917998,5.68860441,11.446007,15.6953839,20.4231684,21.5408054,53.0647556,32.055498,25.936649
0.594262607,2.13276043,4.03123708,7.17002948,14.240155,18.5312112,15.0208931,18.8535003,21.0583984,97.2956417
0.496919035,2.4251465,3.96133492,7.73972038,10.9278655,23.4938177,39.8231702,31.7599443,17.6068256,52.8959056
0.577858161,2.0648924,3.89201352,9.91366057,10.4449643,10.5015442,17.3066799,10.8040304,37.6078963,86.8842165
0.451721513,1.52859308,3.00254557,7.76872575,13.848807,20.0216209,32.6355961,21.3878138,59.2770878,26.515099
0.413216682,1.37257483,4.25745865,8.37232597,11.4382189,19.8689485,22.4688129,47.7087384,36.8485374,42.7519692
0.630671492,2.50867101,5.54117805,8.82353689,11.3082726,13.5966805,23.4052341,9.21140432,25.5514217,98.7350894
0.432834951,1.35854395,4.26122429,7.09493875,14.3055087,12.1531535,9.98209058,31.5875435,43.4090528,68.4117303
0.446144694,1.837315,3.19948831,8.07155433,10.3717525,21.5585696,30.1157388,17.5434939,45.5064665,48.7470314
0.662942798,2.2342852,5.43486745,11.9284051,21.2735506,25.9925623,29.5933579,41.144625,31.3850437,24.3567141
0.288309512,1.52846238,3.79707419,7.42051858,8.97304898,19.7550467,30.4285026,26.0014146,59.8316126,26.9290536
0.518771258,1.813882,3.35271118,7.51631226,6.95722567,18.8465487,13.972705,20.2862449,53.6350523,59.4128448
0.379292257,1.70526701,2.85218263,5.78317393,10.1750843,19.1315768,12.1429747,38.2005851,8.78169432,98.4886687
0.236754241,1.03887445,1.01192389,3.74282896,5.5190281,8.86117084,16.481477,28.2913246,54.0562633,66.4373619
0.509675939,1.77369796,5.00806859,10.062852,10.6157976,23.4150477,32.9384695,23.182743,72.3188135,13.4241792
0.610122296,2.12294016,4.97782794,6.99112584,12.1389944,23.4265277,16.9409724,48.9258281,62.9586293,9.0145389
0.561683423,1.82415623,5.66532429,11.4850592,14.2575384,19.3966657,25.5707118,36.3701283,42.4591606,37.2047399
0.549741668,2.39393394,4.50541711,8.03278195,10.1138556,18.2495261,26.6436425,32.7580561,73.8047942,11.8032393
0.445299751,2.22385325,5.54517991,6.86305178,16.3219497,21.9518978,25.0477905,18.2039253,14.8495332,83.4474923
0.619891447,2.20841448,4.26797401,10.1939103,13.2050945,16.7316721,28.2193803,16.5619493,61.3932534,40.6552865
0.496806196,1.55382638,3.71063767,4.47882496,11.3996998,17.5373431,31.7239193,51.2629214,28.7531071,44.7780986
0.489057622,1.60886574,2.94065724,6.83988559,11.5176426,9.19085186,24.2862747,10.7262924,32.2322724,94.2281856
0.38785491,1.7247919,3.21596504,6.4370548,12.8503064,18.3297733,10.2651264,38.3815259,61.5849809,31.7399682
0.433588029,2.07053095,3.73863263,9.14940875,16.0111496,15.7553041,35.2835564,31.2006269,46.6021421,29.0362742
0.479155021,2.20725245,4.91117825,10.413786,11.784626,13.1438158,10.6666761,35.3449235,10.8738436,99.5029539
0.405200196,1.95824286,2.94141074,7.14009675,7.4054181,18.352242,31.304309,34.6985817,69.0251608,19.1326726
0.586082479,2.08781012,5.16898059,10.8089887,12.8915293,15.7428701,37.6375814,23.7293478,46.7235285,41.4632492
0.45061475,2.22332961,3.43668555,6.76515494,13.5725967,14.2606908,32.2926625,25.5375351,39.0632086,48.9272712
0.395162709,1.89926087,4.50662352,5.3737725,11.3675428,11.1482438,24.6955011,45.6275855,5.78045621,75.0218465
0.593911733,2.76718761,6.47766618,10.1549505,13.8170778,17.8179517,30.4407451,47.4097221,24.2957827,48.1453391
0.666101787,2.22239147,6.56716209,9.29739411,14.3056837,23.1905869,41.2067809,48.6132001,37.4270441,15.1202801
0.418991807,1.29581468,3.94949671,4.69876606,8.44907518,13.1477379,11.4465277,15.9143141,45.2195521,76.5477779
0.570554951,1.94415957,3.94065219,5.73879533,14.3178757,21.919433,26.3668093,40.953565,47.4162001,23.7277551
0.433865139,2.07204579,4.72698877,5.93965453,12.2595367,10.1222359,13.2105358,24.2089957,31.1565511,82.5980225
0.47557319,1.68932141,5.03989642,9.15856373,15.6202323,14.5224178,30.6436068,35.3789262,28.5422225,48.7033624
0.59776714,1.97070011,4.05041038,9.38812871,11.6682543,19.3319581,28.6163133,16.7577577,11.1031793,98.3067953
0.434455576,2.12331866,3.42415394,8.31552897,10.0734809,16.4682717,18.4014926,20.8396504,29.790133,75.5922879
0.532728919,2.50705901,6.36334806,9.24697802,11.967235,17.7799445,22.5884989,13.8758628,49.8149793,52.9981779
0.361462327,1.14100275,3.73061228,5.64695844,4.01038078,13.5852329,23.2842632,21.4323689,53.6428653,55.4595316
0.447800282,1.4677235,4.25522108,5.30943287,9.67283775,7.3474232,22.7957943,9.81136615,44.7537873,75.8002585
0.50345058,1.59761185,3.65644956,8.67847742,13.5238625,19.9941187,25.1872548,42.4587441,12.6392361,72.6177509
0.411541877,2.0697817,3.98915189,5.27848705,7.75614541,15.4484321,16.7701493,32.8877168,63.1754719,40.5670042
0.655286895,2.320193,6.49832403,9.00136898,12.6298543,17.5837664,14.993655,27.069453,39.9918434,60.6711177
0.519916082,2.09267711,5.27663888,11.2548508,14.2088255,15.829265,28.1495114,53.7391694,54.320773,1.55078421
0.513661691,1.76580587,3.34993172,4.39102697,5.62350982,7.68531249,19.0857036,25.3393797,52.2153022,67.1555402
0.443876393,1.70248587,3.1742419,7.52254644,7.80409543,18.709978,19.5514076,43.534278,4.88200843,81.5603292
0.312425466,1.04654087,3.40981452,2.85143635,8.38440487,14.9683793,22.2513394,5.17952462,42.4133136,87.4952568
0.536810448,2.06372365,4.2265461,8.41089462,16.8579948,28.3146834,25.1676454,26.0210708,43.7056294,46.0839871
0.491243419,1.75590935,3.20451438,4.114737,5.62361666,14.7279003,21.3696176,39.9780273,13.202667,80.0635571
0.254295657,0.644528374,2.34472072,3.85876217,7.9841047,13.1484721,19.6738057,13.428362,46.6188921,73.7192216
0.48372832,1.56820908,4.62425233,5.88949933,6.58265476,16.6517729,15.1611217,36.6501054,33.8141726,73.0906466
0.602548407,2.0655256,5.51596491,7.727028,10.4142613,22.6302491,18.1308745,14.4306816,46.2979874,67.4415592
0.446717648,1.99162264,3.31243043,4.54867638,10.7784324,17.8607055,8.30556705,34.2986427,42.3346693,67.0617445
0.632429223,2.26764143,6.1219868,8.66783077,19.6501586,21.8387758,31.8474437,28.3986554,23.60068,49.5749658
0.519204363,2.43856917,4.32768428,10.0914469,15.4240316,28.8205177,28.3871689,45.1348576,27.0497411,33.4791436
0.443382798,2.18927288,4.3639611,7.79547197,9.85430774,20.8409214,13.9530671,24.4455001,15.8314574,99.8701919
0.48292543,2.32470407,5.90867463,7.56229046,9.84412516,13.6366487,28.2716008,25.0347119,62.787207,29.1138578
0.461750083,2.15356516,3.47128011,7.34913135,13.2684675,22.8340805,35.9735481,39.6298027,50.788003,23.6720829
0.397911797,1.35769856,2.20581088,6.4881456,8.86451528,14.1013702,10.824153,11.814332,41.6719221,93.8908817
0.653205581,2.30552237,5.03410258,7.86224006,15.6818358,14.8865821,26.4148217,53.377409,37.084404,23.8100134
0.589331564,2.06763461,4.29533897,6.18607839,7.91572692,17.5961123,31.5614044,24.9754722,16.1474049,75.1572077
0.4673716,1.60277023,2.85663748,6.55411637,12.9993345,13.3441862,29.3732809,28.1859522,6.29322163,97.6374869
0.536014609,2.4031992,5.93712856,9.30522925,11.5362959,12.8900963,16.1759804,43.5094587,76.7870899,3.92724676
0.656400139,2.49535025,6.07839399,12.5727604,15.4081114,26.0748161,43.1519765,39.5662605,37.7691835,20.6951776
0.399710811,1.98902571,3.20078836,8.29949771,14.9076058,15.1815849,33.9861434,41.0313539,18.2338041,52.0351154
0.54412854,1.82918851,5.53597753,10.1353482,19.3328084,28.2973101,28.5450863,48.3877856,46.7946363,3.34932852
0.580195949,1.93080993,5.87689674,11.6032068,13.720711,23.3577707,23.7063594,27.3521794,4.3137744,84.9672203
0.746533629,2.57425056,5.51774374,8.86457198,13.0014591,20.0119335,32.0383575,34.6743936,37.0094684,43.9104715
0.535244725,2.25794325,4.3793159,10.2816813,17.1707848,17.4570436,33.8391964,24.6293761,6.75467647,75.1772516
0.417829279,1.37866727,4.32453059,8.69941022,15.7244177,17.058708,28.4073122,35.7435602,70.2988106,5.22255252
0.788453162,2.9253164,6.03226767,13.5610405,17.4941366,28.7438868,31.6594813,34.1069323,35.0164991,24.0963616
0.419476688,1.89291925,4.81177068,9.82648161,10.2077397,20.3413414,37.3821294,44.746445,28.7660456,35.90398
0.783104109,2.97378921,6.27257724,10.5602803,16.5549685,20.1635121,30.0339837,38.9428557,38.6027162,25.2151382
0.513557973,2.45982416,4.73391727,7.09191489,11.1920599,21.0245704,27.6290128,54.0680633,55.2465108,1.14751198
0.524639491,1.91125336,4.93649825,10.6785679,18.3163913,24.5894053,29.8536477,27.7664961,62.7297964,18.3312881
0.62477159,2.42918469,5.49196229,11.3971412,14.2043981,17.0780638,16.7488208,27.557251,16.6060407,78.2612408
0.586531861,2.24801287,6.12144784,8.84421876,16.9092544,17.3956276,19.0569009,37.5363696,53.6555998,24.4257947
0.311880635,1.54618493,2.98390694,7.07751593,11.8412618,9.63010454,22.7005118,42.3666237,2.80912107,95.5787799
0.663719229,2.35583899,4.83078743,11.4251457,13.9365332,16.1396443,38.6164418,30.3107597,22.9523392,49.3800865
0.477213941,1.51973683,4.80998409,9.6592244,10.0892562,10.4677927,28.0262821,31.7948703,3.50635872,99.8305739
0.327500205,1.50991328,3.75710863,7.62097091,7.69507496,17.9380898,28.1899615,49.5430866,62.9740616,4.64268317
0.300916322,1.50510626,3.90508887,7.20031645,5.9231411,9.31725805,19.5446062,35.1529734,37.5349804,72.8824319
0.279864064,1.51826285,3.22506652,6.89270778,5.49068342,15.8385272,26.55528,36.53438,49.6360715,48.2516502
0.38093527,1.88651948,4.15113397,8.9570219,14.1116228,12.8827345,30.8124207,31.136699,69.2003994,22.9302622
0.407386791,1.6958305,3.94419193,8.41053163,14.0373898,23.6768608,17.6165796,47.6018762,64.9366068,4.26568761
0.471059042,1.58893809,4.77418354,9.55803773,14.987254,14.8134857,20.0595208,22.1231536,66.0950798,35.0415749
0.548941462,2.4551533,5.88786468,12.4511101,16.1542326,26.7991627,27.7749851,44.278471,30.291583,26.4462689
0.668821659,2.31028447,4.96160905,11.373689,14.6223825,20.5099736,40.3891286,51.5345056,40.3420472,5.43255086
0.372607806,1.75836675,2.8274582,7.07141083,12.061469,21.1608575,33.4861162,59.0353969,39.229552,20.1257596
0.531189328,1.72742551,4.1763088,9.5577894,10.9283563,10.8293164,24.4590486,46.0548514,63.7235087,21.580314
0.46925855,2.08218319,5.34603247,6.5936358,9.31074077,19.7424448,34.6191007,39.3137655,22.3030898,48.7732654
0.440675264,2.20006813,4.44759071,9.52025524,15.8850587,15.7613859,28.4666672,16.9229833,13.9663712,91.816738
0.462404887,1.62627158,4.93118502,8.59987749,9.55351338,16.9949243,29.7714386,35.1224878,6.10307261,75.5230977
0.656720819,2.339223,5.28170795,8.61801474,10.8017682,11.6662956,26.1805587,47.2860033,17.0253804,62.5548799
0.598254377,2.05110628,4.15559,6.92524326,10.3563204,21.5818097,35.0809403,60.6362161,38.8105401,11.758147
0.315829361,1.5862363,3.26503907,5.75346202,11.4042712,12.7212997,18.7262612,20.2153131,33.3012585,76.896196
0.584229838,1.99309788,4.25361724,9.47352855,14.5794439,21.1224128,22.9384841,30.0097678,28.6588604,59.9572939
0.497812153,2.36290008,5.74682661,7.55261187,10.7594115,24.3178537,29.7471547,35.7935269,68.349977,0.760311634
0.346448476,1.78479741,4.51489616,5.32724147,12.5619427,18.0916937,21.0051304,20.3981559,52.3063329,48.8077307
0.403244403,1.99564707,5.08668314,5.8584864,10.6835094,10.6849162,25.1040665,30.295116,19.0890383,76.2827624
0.527538069,2.33666834,6.04455318,8.96756331,11.3183505,13.1269863,31.7605712,19.1568094,36.310908,65.8748543
0.376051246,1.82461087,2.99272992,7.29160261,12.7464597,16.5770966,10.5526617,5.13285936,39.8546558,99.7092138
0.689199684,2.48036847,5.14537267,10.6897736,16.7114587,19.7279275,31.7068076,32.9774827,13.4836441,68.0260195
0.702320779,2.42937401,5.65622712,10.1140281,18.6714063,20.2550751,23.0443633,33.839785,70.6036411,2.70543376
0.61617273,2.1591025,4.18606298,6.24063557,12.3891317,22.9130397,29.6998869,19.6724214,40.1023606,49.3833636
0.326774357,1.68547852,4.09788652,7.97075417,8.40331861,7.02771227,17.6784162,17.8087754,31.7904536,97.8361242
0.469934465,2.15359149,5.64854845,9.5516635,13.1203111,18.0345313,20.8261389,49.3072748,21.0036827,48.8479571
0.479909663,2.18215011,3.52039923,9.1407382,13.5529564,14.1633312,19.9309455,21.2545307,64.1375378,46.9978154
0.417212538,1.89139231,4.9480468,6.12054674,10.1061666,21.3475866,30.4557794,28.2762825,70.3411043,21.7461898
0.406981083,1.4890807,2.50302822,6.81008813,7.1549449,14.2335676,12.7687723,34.3283265,64.1040465,46.8894741
0.707006969,2.43353079,6.82286066,9.98782416,18.2789414,21.2150536,27.8906538,49.6216193,48.6529088,6.99746181
0.389762673,1.15548363,3.83155091,6.31457623,12.3499709,9.07808824,24.8369742,43.8269392,55.4911019,24.475341
0.706771921,2.49233702,6.90226451,10.0264742,14.858279,25.6242043,25.832154,44.6674395,26.0278832,44.6273044
0.642800745,2.19251468,6.42331197,11.5976442,14.7105291,22.8740506,35.5631705,29.4726671,34.2802353,44.5014325
0.600072266,2.74652007,5.17127183,8.14815865,11.4488229,20.9959963,15.986326,10.7391801,26.8389346,96.2005541
0.528591477,2.55079959,5.16453437,9.5414257,18.3862585,18.8263792,21.0748714,33.890424,44.3379393,45.0885546
0.562887199,1.83923056,5.51539279,7.15732817,10.0745498,10.3897267,25.3380625,42.6240777,8.59393462,74.0629494
0.510526887,1.60247157,3.05275194,7.60076025,6.76168584,17.2088758,20.7117651,23.2815277,22.1144962,88.633029
0.36949727,1.88972436,3.15215074,4.37073413,9.99444465,13.8156198,26.8982494,34.7444756,17.0441406,73.6891224
0.602902215,1.97824612,5.9716873,8.99383234,13.6049062,25.679658,29.0994678,43.4184533,58.4184569,0.242519222
0.532745124,1.86156575,4.12277721,9.5149382,13.8011526,22.0307846,18.6401825,43.7478571,37.9946755,46.4126886
0.651027282,2.50985739,6.23489282,9.91279791,13.5450054,17.2253076,16.1758548,26.8627131,63.0070301,31.8649907
0.567206634,1.90473109,5.70999494,11.4500015,13.4491359,17.1094691,27.1653625,17.5123458,9.71431765,98.9449474
0.547544856,2.37714376,4.26072224,8.94644039,9.86118436,9.99454192,28.2123442,26.3106259,35.3773931,68.6921933
0.391591115,1.92526375,4.55131192,7.00800395,14.8356616,24.2675197,20.5412652,53.4112973,34.381141,27.0975716
0.402601425,2.03462881,5.02794819,8.35749767,12.7247054,25.1418617,27.7268407,24.9546776,55.9556482,25.6260443
0.702925476,2.52322124,5.09786991,8.69512057,11.1746687,14.8750516,19.5920551,22.2977987,22.5579693,81.6697057
0.301684289,1.2623965,3.55878698,6.62336527,11.6347239,7.94353923,14.9008445,27.0821403,23.4925661,98.8237468
0.360319261,1.84560163,4.06714247,8.86130963,13.9121163,23.8218545,32.5119948,24.4606682,71.4992231,11.3137933
0.573501533,1.94358365,4.14922179,7.31502617,13.2274639,11.234318,18.4618927,20.1245208,46.6570501,70.8529726
0.54572787,2.02599316,5.45515491,6.97354066,13.0617903,25.0743378,35.7678672,27.8791153,14.7241444,71.0931805
0.542782091,2.16210719,5.50824659,8.76053855,12.4208475,18.2297781,37.5061393,47.7019692,44.3703014,22.0663861
0.313811033,1.31964349,3.22983492,3.36461169,8.32931742,15.4269984,10.6993234,31.0869867,28.2220113,83.3396949
0.488614414,1.71346449,4.46844425,8.51504904,9.0194168,13.5011804,20.3911013,18.0666061,59.0031111,48.6869431
0.517965373,2.50260373,4.54048888,8.28706284,10.8151565,17.3001562,22.4130159,39.8527085,26.7697676,55.5299037
0.443111888,1.87235009,5.10725388,6.95375975,14.9805965,24.6276609,37.4528504,28.5645395,40.5150106,33.2332031
0.664432815,2.29289494,4.87387327,10.2253549,17.9386603,24.3946842,33.1820187,29.7717859,41.1885436,27.4687216
0.451246257,2.16400579,4.12451962,5.44865316,5.92883044,16.4010422,27.6223753,7.92162105,39.6348955,74.1323884
0.705496348,2.38690044,5.49417169,9.44055575,17.4421974,28.6917446,33.8280595,34.7574215,54.3768995,6.540361
0.307444067,1.06771285,1.71710412,5.18136442,9.50834893,9.58171565,17.3343301,33.9614495,44.5024372,64.0559259
0.430421768,2.16521127,3.93897166,7.91862106,13.7918919,17.1523922,29.2602016,37.8496298,71.3982408,0.427494642
0.71538136,2.49037008,5.41372441,11.6509067,16.6436431,21.1279228,36.3855449,37.6376553,50.9046407,15.0386793
0.559542248,2.650471,5.78994611,8.67766385,11.2854898,14.466815,30.7028187,36.1865279,46.0639108,33.1291652
0.370027295,1.6327374,4.49586048,8.63442683,9.61832901,12.5719583,14.8973979,30.3260307,15.9303663,99.3299989
0.700175803,2.38747537,5.11186575,12.3027887,14.525449,24.9727875,24.7704803,46.1022543,48.2684035,21.6319617
0.516555263,2.43771463,6.22891279,8.73435262,14.1041246,16.6362492,28.1720222,47.0394525,56.7508662,10.8358728
0.544546212,1.79668675,3.40492171,5.91671852,10.2666952,11.7342986,16.8189535,21.4937077,27.7333117,92.6954065
0.438923282,2.02573996,4.23426062,7.34811892,15.0588615,20.3401084,16.9535269,35.3374003,77.1181262,8.75330534
0.654014199,2.37802734,4.83223766,9.73572954,14.0101327,15.346532,26.2210379,20.5708231,34.7988587,69.4780978
0.602884216,2.83080011,4.97959229,10.516564,12.6299377,22.4403174,34.8197107,26.0226413,64.5579352,18.0210628
0.74589278,2.56685643,5.44436228,10.770399,17.365356,19.8014972,38.8792475,39.9906403,27.5609449,31.2373761
0.563839977,1.94543751,4.04817632,9.46016387,17.3949636,17.9435603,39.9570481,36.3059387,26.9484635,48.4442282
0.353044505,1.65024388,2.40481894,2.67172362,7.4848233,12.1243808,15.6077967,17.9131549,34.6782674,96.9742725
0.340652494,1.65304127,4.33123396,4.75432393,11.3836673,18.5942766,24.2817592,15.7254772,22.6723086,91.8458293
0.318990235,1.48818774,4.05535192,8.02854751,9.41282387,19.5510249,18.9697684,21.1141934,19.7013008,95.0318634
0.363546342,1.89351157,3.92015167,6.95010383,13.503328,18.1267204,24.2934263,11.9239795,44.0485929,73.6828381
0.405353644,1.35601965,3.11822242,7.17028826,11.5108147,21.3350683,20.929132,49.7716611,19.4274189,52.2904248
0.591999832,1.97223683,3.91686701,5.84467989,10.9077497,7.81707118,24.6260208,40.3905676,74.177407,18.8211536
0.470199927,1.53569909,4.70391876,8.3157435,10.4846291,15.5054751,30.9964679,13.0885537,40.5569027,72.4574869
0.561337853,2.62167204,4.59802284,7.88441633,17.3856053,17.0987433,37.0698934,29.9539256,47.2662809,24.283315
0.506509932,2.40811087,6.16402038,11.2682009,14.2639566,24.9135037,24.9947281,22.9699176,71.2849722,20.5196396
0.706308261,3.13183819,6.97268053,10.8829348,16.4736575,20.8660152,41.1024778,49.112307,40.1987949,3.11007367
0.661174762,2.24993344,4.97609924,8.05434089,11.6606108,25.479718,27.4520318,24.5217061,26.2701748,66.9449621
0.535663808,2.43579552,6.34770785,10.2765475,14.4934525,17.0140245,22.5508867,14.5784265,21.6274793,84.952184
0.530900512,1.90266412,5.3846408,7.61120222,8.92266843,21.3164042,26.7345626,27.0884487,35.1748514,52.8561335
0.25459408,1.33144262,2.0353542,5.29998224,8.46363871,14.9317739,25.304931,21.0215358,44.6815144,69.5244471
0.599729469,2.73277042,6.83196844,9.89893615,14.9071701,22.7288158,45.1578572,40.2221102,46.9274411,1.68618872
0.731665389,2.55108789,5.69844641,12.3350756,15.9251387,25.171657,26.2492805,29.1544042,22.8389527,52.8288301
0.60950186,2.01207984,6.19250254,9.62826209,12.0187821,14.3586999,28.7454102,14.3255295,64.0943886,42.6956639
0.72977794,2.54094485,6.64060699,10.105164,14.0998842,17.9930959,38.5666902,32.546627,41.501296,24.8272003
0.375215107,1.89023823,4.38352034,5.67062896,13.1941735,23.2307888,16.6522006,25.6933605,63.3315155,34.478046
0.697638196,2.43328442,6.74701175,9.71103937,14.248064,26.300028,28.05797,58.7896916,40.5569603,3.24205841
0.648371211,2.2605163,5.01036308,10.4144314,14.152602,15.6714308,34.9771779,23.1539928,74.0470144,10.578901
0.564417486,2.49368572,4.37155375,6.94858029,15.4554896,16.9601484,28.7331012,31.4952006,27.875373,54.9138013
0.545493934,1.89379895,3.51403291,9.123131,16.5344847,23.2445136,21.9920242,28.296304,56.2743373,26.1752198
0.767012599,2.64488773,5.94268467,10.6881179,19.2620121,21.7853826,25.9417949,31.8651159,59.3791411,23.205158
0.534662136,1.79720857,4.17498538,6.78031683,14.8190607,18.0777271,26.0720795,14.1293644,48.7967399,51.3425559
0.43023292,1.52967935,2.46621906,3.80426075,9.95627794,16.3218411,17.5670858,34.7895791,46.7855017,48.6983981
0.419153032,1.32906565,4.3613545,7.09440239,8.01100019,9.26426706,22.4766721,35.4436982,63.9136335,29.0937945
0.65322602,2.69505715,6.50561203,9.63811626,13.9803121,22.6620905,29.2201429,23.7606062,44.6567556,47.6999736
0.627479019,2.13400845,6.12912468,8.87113978,11.9145491,18.653709,30.6247725,60.338157,37.0358619,22.8159826
0.487273379,1.52767177,4.72208125,9.58206942,11.6857435,25.1737234,39.6996022,31.5063627,30.4053256,48.055642
0.335831571,1.77061952,4.22780712,8.35098757,14.5245109,12.1029834,25.9528109,49.5002563,14.653197,62.4139581
0.687953146,2.50702095,5.35218843,8.74607458,16.8874333,27.3806179,26.3079289,24.0062807,26.8991155,54.8783232
0.712929457,2.51618653,6.10536299,9.36918123,12.7039942,25.6923508,22.9477526,34.4308874,15.5025386,72.7772608
0.497340709,2.15479812,3.70507338,5.54661336,11.4537415,18.7602048,20.6690284,41.2158281,67.5471499,22.1420596
0.571076691,2.63574217,4.8667419,7.74852064,17.7456865,18.4934185,28.2373171,20.2738835,5.0193804,98.3203578
0.479073596,2.04666181,4.65930017,6.43737358,15.1184737,25.3218337,20.8511557,14.863611,40.3191884,67.7745407
0.523691884,2.00637524,4.20388651,7.92845409,8.42708157,21.4045261,14.4173867,5.03264418,35.1237379,98.7251546
0.45404466,1.38400611,4.36359841,8.12409599,15.0953127,13.1849618,14.7958732,41.6693865,3.58579358,96.2171363
0.465104821,2.01621179,4.75099182,8.14047111,8.61836616,13.9969843,30.1626194,36.9517552,44.8926653,44.9227877
0.424807884,1.29040872,2.39185993,5.09237437,9.69825292,8.6097334,10.6075924,25.2622193,35.4266083,87.6580925
0.492755229,2.35781935,4.69428563,9.00528298,13.9295075,13.3258385,26.6028329,32.5190314,56.8131605,25.3831739
0.529252159,2.55117984,4.67664522,10.5222032,11.9867873,25.9388226,23.7754107,28.5839017,27.7733581,56.4966939
0.528259122,1.74942218,3.20655909,8.73044146,8.17726021,15.8636447,7.3052731,28.4582729,27.6706193,88.1610861
0.617069504,2.12037941,5.44657958,7.50415881,12.5644549,12.7141551,9.09218161,33.7223929,24.3339481,76.853341
0.501789589,2.27001623,4.46608828,8.18886501,16.4016107,15.5344713,16.9718833,11.4144844,54.8710334,59.4739931
0.356849432,1.81536179,4.59739678,7.518509,9.70807535,15.3224628,31.4468718,20.7882235,18.2847716,79.1222167
0.517375556,1.7080019,5.18491076,7.69965279,14.0454344,21.2045035,19.8537642,17.610491,23.8374438,78.0212781
0.579471954,2.46377929,4.38205754,6.76620711,8.25856509,15.7037842,22.6316543,23.706054,61.7019798,47.6641313
0.346239139,1.7784084,4.52877559,8.14557454,14.3594576,17.4760066,25.6846358,51.4794896,59.2458738,3.1032367
0.484835576,2.3382864,3.78701135,8.67317143,9.72407326,15.1618279,17.7238419,43.1571952,50.0521596,39.0018239
0.400048115,1.84049835,4.87572686,8.22655665,16.0135783,21.3866151,29.9271295,22.1552058,2.8870492,95.9522965
0.516844943,2.49275309,4.16196313,10.4625753,15.3831856,27.391428,35.2573433,30.8990604,62.0493616,1.58839235
0.289371926,1.51557816,3.86619941,5.12933591,11.6541557,19.0839146,17.5878582,38.9162631,29.1640365,66.7407027
0.558024247,2.08634955,3.80097113,9.95510425,17.1819481,16.2901762,29.9354137,43.6828386,55.5900218,16.5537107
0.436851324,1.47741069,2.75391794,6.86522573,7.71652423,15.1534737,25.6130398,42.4598662,76.681742,0.649575428
0.362079635,1.8874753,4.59560264,6.89074779,9.36812759,14.878199,7.42352815,22.0639752,29.0009795,99.6253721
0.368634483,1.90755907,3.55376982,4.46135315,10.8584225,12.4786815,26.921416,23.4691384,65.5237559,38.7614037
0.264697299,1.27662092,2.93065162,6.06242165,9.65282635,14.2316745,20.9225488,4.37845279,38.1938242,97.8717438
0.593924662,2.03653363,4.4002429,8.84067046,14.6531105,14.9224714,18.0343759,33.981477,76.7268223,18.1511608
0.442888846,2.21346408,4.27119427,6.81859572,14.9346867,24.6678709,42.8798761,37.7242997,53.1233447,2.82292182
0.406159968,2.02231815,4.01937133,5.15494651,7.25796949,17.4813502,29.759839,47.5985805,57.2385757,23.180934
0.573256887,1.94284599,3.83713419,5.96814168,12.2665455,18.3384955,21.600769,24.1061098,24.4509393,73.7998994
0.618504495,2.20271014,6.41765278,9.3881466,19.2169511,21.6936194,24.134065,28.3106093,5.48751556,76.1306687
0.479186827,2.01530341,5.47361968,10.0831152,11.5823075,16.7127609,34.6102274,24.366655,57.8910065,23.9640611
0.441592418,1.67602919,3.63121539,4.34039569,9.13281965,5.2517396,19.3882671,31.9543755,18.7366319,99.3401516
0.442005691,2.19247387,3.54709551,9.09094004,14.9751776,17.3167952,14.1519697,30.1502978,45.0917284,49.0700503
0.475049525,1.82579405,4.97330233,9.72115212,17.9672337,20.9214815,20.8693325,29.8320424,10.7887952,74.4685279
0.479159749,2.18884999,5.33852462,11.2249835,16.3689661,21.589371,33.731967,38.1390469,38.21812,24.1329296
0.276382217,1.45876576,2.25419404,6.02434409,11.0529369,13.2600582,26.4469509,36.9833634,27.9529002,68.459326
0.676675359,2.70610689,5.66129304,10.3188495,13.5260178,18.8854279,23.2629272,14.3026274,14.4456912,98.9695387
0.499656485,1.59858927,4.88564036,6.09542507,14.0998704,18.2958407,17.1561514,41.6513427,5.71981135,79.5325898
0.615392276,2.16880275,5.97463112,8.91489288,11.4821587,15.9752905,26.5792074,28.8992265,5.85513414,91.3643025
0.531214798,2.33741134,4.01263823,5.84618168,7.34672315,6.0371427,21.3830984,35.2024981,46.7783136,50.1694634
0.669135159,2.98811699,6.18799127,9.93145597,15.9637009,18.582806,19.5223739,53.7968986,27.344519,43.9629425
0.438136081,1.54294228,4.45064627,5.50820311,13.2927291,22.0936782,32.8536984,51.7091053,45.7908307,18.7848147
0.445585131,1.3890122,4.29565362,8.92265624,15.590214,24.6234998,22.7124275,30.0977891,75.8370548,3.26824756
0.457760694,2.17828611,5.63612286,7.99725004,9.6660539,9.7928865,28.4603715,39.6007604,56.5899384,23.6894253
0.483745934,2.00651046,5.52867454,9.28923699,13.9407414,23.7662852,19.9167104,39.5759566,47.693662,25.7038134
0.553104632,1.9652734,3.96030662,5.59716705,13.9882806,21.299335,16.1251874,47.1614481,20.858475,59.4300901
0.538701932,1.7531498,5.37892632,10.1506828,13.4612227,14.5015526,34.0815147,19.1661172,14.5467519,77.2083236
0.430291851,1.4580231,4.40613138,7.29522978,14.3996439,14.8056109,15.4820848,40.2989266,72.7112064,22.7141784
0.490941842,2.38302072,5.57446095,10.3150983,17.2842467,24.5069697,26.3600663,26.6298681,24.5425506,57.9615864
0.55536727,2.47849283,5.84899398,8.04059438,14.6214652,25.8699222,36.0010109,54.2284941,39.1971562,5.42366364
0.404674444,1.80292445,4.59936842,8.93091167,8.91924264,13.6934104,17.3435607,32.6376761,62.7367899,36.6345845
0.547018166,1.76237453,3.89249222,9.40364623,11.8946601,17.7418904,33.1097687,32.9968435,19.2263195,67.3497636
0.46860701,2.26894389,3.60879184,8.21696386,12.1656244,23.5044468,28.0400186,36.8696281,15.492917,69.122758
0.35773565,1.53089404,4.28411418,8.27548051,10.4244605,22.2647884,16.2189575,43.3237152,52.5108347,25.4845696
0.601779557,2.33466499,6.49024537,8.96890205,13.2544109,16.3951584,24.4857182,38.4108235,17.5087829,72.0313431
0.352716095,1.55760262,4.11847815,8.49080087,9.21725157,7.59966521,3.29867645,23.1052907,39.7766331,92.7880013
0.320823915,1.70022439,3.28828137,7.64600596,13.4338822,21.6346402,15.3984268,34.2801849,51.2430754,48.5022599
0.583142124,2.14695521,5.68479807,9.44240297,12.8621153,14.1380861,22.7518146,45.5751479,43.4896367,31.6826877
0.489063888,1.53027339,3.821693,5.29648006,11.7174067,19.060814,33.5762385,16.5489049,20.8336982,74.8696058
0.346598679,1.78576742,4.44780592,8.12521032,12.5463052,11.819034,26.2054426,39.9723797,30.109569,50.5908465
0.68070133,2.32383319,5.05000381,8.56202061,13.1577938,14.3339168,26.7948795,34.5872028,67.0530913,23.4319401
0.519536082,2.49878091,6.18876354,8.56000551,11.7692775,18.7865633,15.2597403,36.271871,29.4405256,66.0395626
0.45415024,1.44438915,2.49994425,6.84164295,5.45353109,12.412306,18.2737099,34.6361052,40.2480157,67.4472799
0.581021873,1.89931284,5.51389026,11.3659713,13.0808019,23.1875967,30.7849977,46.6653935,45.8712051,21.6394947
0.396872505,2.03074788,3.01445964,4.48844242,10.2598823,7.69932646,21.1357052,29.6636319,41.1590765,73.1054342
0.73118801,3.01657763,6.28188871,11.8039826,22.9472844,28.4450102,35.0581551,45.015783,41.3408639,0.464016294
0.657675047,2.2007548,4.51366035,10.7792012,16.493337,18.7083847,21.0967392,21.9525674,41.3992,50.7345209
0.595362803,2.25803459,4.30809603,10.7367221,15.8068207,23.9217839,22.1197389,22.5376126,9.54008096,85.1783438
0.467843229,2.29814607,5.53739392,7.78028956,10.0683339,9.9234865,14.4908247,26.2953499,51.4696417,56.4112325
0.335877554,1.73531718,3.56767408,6.93176916,13.4947723,9.52180372,14.1092442,32.075159,28.5769082,73.9521281
0.439633941,2.08658188,4.96535801,9.62278788,13.0252665,16.734173,27.2003435,55.7644061,46.3680324,21.5248173
0.586826292,2.61706479,6.22353143,9.20493158,17.6434254,25.9032668,28.0375385,29.1995084,61.9278035,17.9304725
0.573228622,1.98459501,3.74190657,5.7415916,6.43914929,17.5450472,22.7889159,27.3966052,65.6989183,31.2087
0.40734839,1.35023856,4.19359086,6.16995615,13.3592761,15.8966129,13.8757678,12.7064241,40.6757671,76.0982442
0.599379286,2.13842329,5.89300742,8.04200134,14.0131638,27.2065768,23.7251304,24.4292332,48.8237305,44.1087755
0.538799506,2.54780485,4.32216163,6.48427552,10.0504448,22.20697,21.8035901,48.7444151,41.3764747,27.6462864
0.496571057,1.82104139,3.155955,7.01099345,11.9847224,11.850781,28.7879837,40.9744419,18.3075046,73.4555721
0.611401248,2.05832955,4.06139659,9.44007193,17.0786872,16.3577247,17.5226681,26.9122903,21.18639,73.8690115
0.556582739,1.89529846,3.89201732,8.7370676,10.0393603,16.8551859,26.581695,12.3160295,27.8208803,79.8840682
0.36560504,1.82465424,4.47382163,4.79606669,6.40876313,16.4067379,11.4526823,24.3412689,39.0130699,73.6975992
0.455294434,1.70719982,4.71489028,6.40735953,14.3284364,20.5726979,38.452173,27.9295221,70.0233681,2.10623541
0.517645929,1.79137914,3.42375531,6.83434901,6.79264149,4.36231765,18.7135262,24.5128082,26.6068184,99.6407616
0.219932504,1.30398611,3.21675473,6.35174955,11.8357755,9.2103592,24.5679528,38.5616566,51.1455207,47.6313936
0.439983537,1.54388101,2.53274856,7.37337884,12.5250119,12.4755176,12.3377528,29.4323985,55.5198294,48.6846408
0.247502481,1.38561325,2.4597369,6.12335947,11.0816766,14.697698,28.683892,24.9046707,68.8416283,24.0428483
0.459982018,1.66128912,4.98332597,6.99169453,15.2086918,21.3175123,34.0385554,40.3028464,28.2606635,48.5717588
0.383312011,1.92148229,4.07957135,9.01410613,11.7006315,10.3600266,29.3681475,31.749383,13.5549761,75.1687104
0.249403114,0.874095325,2.23354963,3.14076719,6.94419146,8.60724452,17.4602533,30.5050006,22.8794807,99.7960596
0.346155504,1.24935285,3.88479181,3.44995099,9.91421269,9.27711946,17.2802774,30.5074952,43.4173931,73.1292444
0.637909088,2.94754303,5.48029605,8.71493023,14.653212,17.3165299,23.8636737,39.7504257,46.5060066,27.4503637
0.582219315,2.59323411,5.05823356,11.5270913,19.1009127,24.1838565,28.8471467,27.723409,69.7712949,0.486073167
0.517256715,1.97573616,5.35679682,9.96271687,18.2887777,31.5696064,32.4075094,35.437125,56.0676423,0.565757096
0.341188221,1.54765221,4.18956927,4.73769192,8.76318732,14.2885852,18.9451933,40.2440155,52.6948378,46.9242719
0.231740809,1.33913902,3.31981801,2.62850254,5.25221199,11.8184412,19.0183921,27.6039206,27.5354852,89.0948617
0.611741977,2.02334929,5.04002582,6.87450612,9.75243468,9.15241523,18.9515046,5.73061567,38.6263581,98.3256232
0.592196072,2.71646993,6.9926199,11.1946195,15.9917046,21.1571957,22.5287608,60.1442865,43.4671741,8.07998947
0.536310178,2.23085529,5.235321,11.1503204,13.8310991,16.1130015,27.4166089,30.7891871,23.7640629,67.878688
0.608027507,2.59960563,4.87189377,7.79123107,10.1580907,18.594188,32.5733681,25.2323278,49.5924662,43.899702
0.634574798,2.56024505,6.47577408,9.20340094,20.508928,25.5902009,28.7915308,40.4704724,56.4434216,0.233600147
0.588010636,2.37702828,6.4516803,9.13641395,13.0277774,22.2841498,20.2062558,51.6312329,57.537394,4.7411465
0.574725321,1.89141041,3.80636978,7.46350254,12.1322173,11.1245629,22.8686314,27.858975,68.3213652,25.4998458
0.400787575,1.81736241,3.67745939,4.16884646,7.73718877,9.46893032,20.5071683,36.8191905,67.1086124,26.8948548
0.557000447,1.8229584,5.1169285,9.80123375,18.7771028,18.91785,42.867466,33.4159628,34.9868295,25.6049822
0.380929204,1.80551617,3.05710937,6.83205266,11.9280116,14.2970381,30.6004217,53.0398566,30.5943536,41.1993345
0.58748672,1.90669652,3.76594764,9.33388522,11.6973526,16.1641655,13.9646785,38.5927246,6.09199544,96.1855593
0.575476302,2.58171468,4.49919702,10.8614872,16.1400872,24.8065505,40.6200003,35.7863728,28.6005437,30.5018946
0.608362529,2.84745906,5.13256247,9.59224237,13.2633208,23.8109267,25.2551767,27.160565,75.4891578,4.70364317
0.519933456,2.03075164,3.59133409,7.20714101,13.883233,24.5172265,19.985256,31.905433,2.17804448,95.0099412
0.580964462,1.90676546,5.10628699,6.86705803,8.74719173,20.6752999,27.1517781,52.9475696,50.1384793,21.409027
0.455604613,2.21598455,5.15671329,8.20904249,10.1097782,18.3392637,22.1505582,8.06372194,37.9538922,74.1370164
0.432336085,1.48018407,4.16674386,5.2950284,7.91046577,13.5834272,23.692316,21.4944155,44.5289838,70.6870685
0.483931153,1.63865313,3.83115273,5.1396867,12.0416792,9.62381382,26.1649918,30.4764037,44.5976174,48.941755
0.540917477,2.48278961,4.26518001,7.44330662,13.4350181,13.2208621,31.2238657,54.6830648,26.3884254,41.2427373
0.53499705,2.19200447,3.98990403,9.50270823,14.4098239,22.9635401,34.3444973,49.5593687,47.8539152,4.99455782
0.540780234,1.95555919,5.65729828,8.13649423,17.3161187,20.0154936,25.51815,25.8459991,71.2703936,21.9486753
0.500556005,2.34736847,5.79996021,8.41182863,11.1501721,24.3683703,42.1107366,36.6666064,49.2936709,18.0648019
0.55009047,1.93083256,5.46964074,7.14974465,15.632818,14.8962543,33.0063602,44.5533113,61.4807344,0.846023474
0.45076388,2.17648276,4.2117687,5.51114576,10.7912543,17.5896618,16.4150863,15.1129352,28.3328039,95.3902666
0.599715409,1.99978316,4.85132424,10.3830806,13.0604488,24.3859519,22.9260317,22.867932,60.0866078,26.477959
0.566925237,1.92517047,4.83963648,8.11158456,9.16761745,22.5501269,31.4189638,32.7003446,49.2381375,25.8275271
0.497586309,1.57476207,4.40763903,9.45341384,15.2958987,14.5920468,18.5616994,28.5508215,11.8701441,93.7666601
0.479988712,2.27707233,5.5814357,9.11130655,10.7482575,24.283721,29.402637,59.4361181,42.9237621,5.82158816
0.514128611,2.37592344,3.9565568,9.54954093,17.2743084,17.5705362,29.6503606,22.7845062,26.6319305,71.0059199
0.461768068,1.45171587,4.59857618,7.62709491,11.5308489,16.0596736,32.8634464,17.5699499,56.6866057,48.6708627
0.552079548,2.63499873,4.74179374,11.4361298,20.9447367,29.1176058,37.9682262,41.1072678,35.9608027,22.143529
0.403938659,1.97611825,4.5389566,9.21895914,9.75376861,9.0446124,15.9561256,37.6222296,39.9416981,57.8041933
0.467277006,2.0495411,3.54751074,8.39075905,13.4369343,25.1196109,18.9322968,18.4940946,25.8356825,73.7306085
0.548958013,2.36129017,4.24178413,7.09307547,14.268648,12.7500366,28.2979793,14.239612,26.3543364,77.6838398
0.5233286,2.00680353,3.753982,9.44553976,14.2830963,15.8020167,16.7131939,45.372424,64.321032,23.4721724
