0.15725666,0.0507468749,2.03113478,0.501760699,1.70635872,5.43028264,9.20160367,9.6037485,2.78579313,88.6853388
0.986254993,3.95069321,7.42670695,15.4020348,21.8735549,5.52614325,46.1275111,47.1231964,80.4445784,17.099867
0.0804491369,0.434578393,8.90785968,14.9292304,5.58545114,35.5352219,0.646420566,46.2242692,75.042698,44.6184457
0.13803511,3.8243614,0.0947754994,15.8076758,24.3868207,27.784619,27.3473135,8.22518909,0.953137408,49.5744694
0.968996572,3.70153086,8.1657121,0.219000056,1.14679593,34.8467725,29.5445954,50.9578862,1.51062605,41.6997391
0.199808094,0.698530808,0.466418374,0.16642344,20.4355579,15.0064916,46.4197935,63.3069389,80.648616,48.8543178
0.954442692,1.27326432,8.44525291,0.650128834,22.9926832,18.7593745,1.09915812,0.718966753,65.4001738,49.6263385
0.962525368,0.655452343,0.421940149,15.1965804,1.44893798,3.31299077,34.6209488,63.0674583,8.57102974,54.7684866
0.0508048688,3.50972169,8.75801982,1.84718219,8.73611541,4.16397128,48.8166796,7.75155196,51.0474455,53.0055542
0.829932668,2.71341554,0.843712642,9.38378365,1.95595399,34.1548543,28.0879017,9.61872873,78.4355801,45.4737932
0.872254666,3.93670919,0.610472155,0.365352109,19.4889064,0.0710511972,8.38100173,43.7500521,14.0799417,58.2545726
0.013289019,1.39416973,8.57410253,10.5622571,24.7743733,11.3642587,25.9911147,60.9499399,2.07497373,46.7812217
0.272925442,0.231597707,1.04098029,15.565852,23.866731,4.53266409,6.10517412,4.78230486,71.1252206,60.2517809
0.979057365,0.0685400926,8.89500634,14.8829045,14.0244819,13.6336022,48.9359472,1.91274574,24.7021324,42.3561949
0.526860309,3.76485875,8.95715399,15.7992066,1.97608075,17.2644456,4.81357816,3.66770539,14.0794022,51.7917793
0.79169845,0.303373739,6.3054806,2.15533147,1.02505371,4.43184276,2.69666983,61.2961666,76.7880061,57.4693922
0.88124481,0.326103002,1.82959731,10.7412331,24.8511259,32.9373497,8.21528156,53.8607785,27.9764491,43.3224515
0.0547343642,3.68183492,1.34891731,0.450165987,21.7808551,29.9982193,0.0973330862,24.655909,70.7013394,54.246475
0.139583062,3.89005948,0.516725212,15.2900126,5.06657221,5.58603875,44.3087137,56.882137,63.3780864,43.7949263
0.156801296,1.43752785,1.19382917,6.55447535,1.66745307,35.8325968,41.4514036,53.2123159,4.29367213,57.211873
0.886843512,0.715641389,8.51585618,14.213151,0.670665747,31.5060702,46.9882062,61.1020796,79.2930709,25.6125882
0.0492042033,3.900181,5.26982966,1.82591541,0.250513898,14.9574084,1.58255454,52.2373425,1.28450341,66.5136279
0.16442713,2.10710196,4.64091461,10.4032741,24.7305807,31.493291,48.6475812,7.70335999,78.9388465,35.4574696
0.857457398,1.14597766,1.00461378,0.966768884,13.2572297,20.5328168,47.7085773,2.68864033,5.03463666,61.1727303
0.945319505,3.93970788,6.00843468,6.68731898,15.2656807,29.2251211,3.55371468,59.144549,73.9570624,29.4671952
0.810022325,0.180876294,8.97272372,1.00911398,0.279232417,26.0053036,42.3822062,6.19149107,76.4316233,49.398839
0.00922263414,0.0192480292,7.87866121,15.3935929,0.180101756,2.83709777,26.000223,4.89426506,22.6709239,68.6163225
0.0806347137,0.910531018,7.41335729,0.526304461,21.2485644,35.4544095,13.965259,5.36587855,10.5310996,61.1276016
0.898073322,3.67326631,1.32046589,14.3469317,13.8767592,2.43736576,44.6531074,1.01459307,35.7737105,46.0960199
0.894577255,0.639696302,7.59543955,0.982316152,21.5430655,34.9953243,46.8425267,63.1454191,46.9023609,29.829918
0.710604854,0.543110818,0.142912899,14.1103947,2.19391666,33.3465161,9.38522804,8.52602336,1.10697438,65.5929894
0.91472547,3.16391847,8.94976275,2.95572057,19.9932886,3.16995459,45.4976687,44.8233446,2.47093681,39.6440495
0.948414093,3.98263475,0.320230468,0.201744258,22.9933634,35.2202952,48.3221475,31.7809778,79.6000809,29.3799985
0.581508265,1.63764935,8.93836068,14.2719884,20.794943,0.873993567,1.64677426,53.9885898,73.6949127,38.6762281
0.0610375037,3.4292972,0.445420039,12.7548253,3.66963428,0.782338998,11.9390332,5.65602961,26.4385648,71.2002473
0.0147474725,3.44308034,8.66548257,4.91652041,12.4352459,34.8150583,39.0435147,59.2351784,57.7669416,32.8260614
0.922393768,2.68823903,2.77495517,1.19381476,0.694668736,0.428314934,47.215708,63.2217551,50.6721402,48.9545837
0.834699456,3.17506178,7.34266966,0.442690484,0.467143511,1.8446171,8.81944208,4.39256609,42.851813,63.1159163
0.398048854,0.0283356719,0.534684089,7.88529847,0.330337952,2.86554243,39.7057726,5.12104541,67.597356,69.1660147
0.789545945,3.5947766,3.17329741,15.3060266,0.60850234,3.02232063,0.194395581,43.3717916,67.965682,48.5946356
0.00827407046,0.249208667,1.01263021,0.490483463,5.55556765,32.2926749,9.51025402,1.09622899,71.2807502,73.0643108
0.908027694,0.885815734,8.78636026,0.63454035,13.6244605,16.2832827,1.54173197,52.1002808,1.79550305,55.440089
0.26614022,0.0747333579,0.0979794357,15.5384472,4.18981519,26.2423631,26.4018107,52.5491566,72.9942762,50.8392534
0.0193972746,0.0399768129,8.75316309,0.732646935,14.9953704,3.15332118,7.98837649,0.840817303,65.3270178,69.8018343
0.4458852,3.97021185,7.53864336,15.9626199,18.3641351,30.2680207,47.1272341,41.0419809,0.726065012,28.2100254
0.0477748332,3.80648527,8.09531605,8.84770034,23.9056266,9.88748206,3.96227858,3.93932265,40.7478304,51.9087922
0.0858603255,0.217964675,7.49767296,7.80351404,2.59441101,6.14290062,43.1889658,52.1761954,77.6039643,51.2189709
0.315696032,3.61286613,3.24240881,0.293180056,24.1831282,30.0045547,47.0285826,51.4452854,1.15397458,42.4873875
0.934721286,3.44264063,1.03755496,9.21998293,0.395380485,29.0301185,1.63523997,56.7878879,2.57225332,52.6493237
0.188179857,2.95543885,0.136549543,15.9789592,22.447569,1.86139262,0.579596767,51.3082191,1.56734809,58.6291755
0.0177891059,3.92601098,1.04954978,15.6144757,0.770376798,32.7208871,5.37515547,43.4129397,52.2422608,50.3940862
0.930871536,0.631621652,8.24647322,13.2894987,19.6941913,0.394137053,0.355862249,3.88809708,4.1102612,58.2986744
0.938044916,2.88360466,1.67299601,3.63354641,20.3352731,35.9059426,4.32365267,0.823338926,17.5381871,53.3294144
0.912065329,0.327905981,7.01060186,14.5520423,0.273854903,3.85826129,13.3355927,6.93037486,79.4943354,53.7502004
0.107806377,3.60709261,0.912486535,0.286566377,0.501711259,10.456036,25.3133098,29.7777728,74.7072094,62.8491299
0.550427525,0.141625775,0.684904369,0.333739244,14.3054176,8.86023623,24.4867734,61.6507165,4.54539154,66.441489
0.787773236,0.41911437,0.12424089,0.20734901,20.1793899,7.20852293,18.5722124,17.2075594,70.1809122,61.76609
0.000601044391,0.407012293,1.47513054,11.5893242,21.5181987,9.16728197,41.5248939,2.47170383,7.50040527,65.7263364
0.115010891,3.95215982,8.88764659,2.98008547,9.83830306,3.39760313,10.2297972,52.5075811,79.6276904,46.9223034
0.803169006,3.44593029,8.43832045,1.51430947,17.1862578,35.1858536,44.4288206,5.46998501,38.0169403,35.2972634
0.889689129,0.0207506009,1.69953426,12.5728544,24.9437404,6.4000513,45.8180922,38.7593177,45.3768613,42.8229806
0.644186709,3.38409794,1.2016394,15.9171468,24.1979303,28.2439915,1.04118284,8.04563788,69.6547368,40.2453596
0.00408218382,2.43705393,8.02212642,14.0066072,1.636169,34.693074,41.507305,0.358966023,21.6952765,49.6690125
0.27400579,0.861243599,6.5726124,15.8162863,0.505889987,3.58994487,0.276955334,63.7234949,31.3603771,58.7046884
0.00368795917,3.93411882,1.65370922,3.36144855,24.7902889,0.554705819,47.5581835,29.2430852,41.1742968,51.9567028
0.643222802,2.58254311,1.80453455,13.8881762,16.5272242,33.2025503,47.9969279,60.5609287,70.2784775,25.1757262
0.748264708,0.339818938,7.50799946,12.3501705,2.05558535,33.4410972,17.0430189,48.3500417,14.1123758,47.4668554
0.250234065,2.73570586,6.76885149,7.26564262,2.58684637,3.0627733,43.5976329,63.2384874,1.59165322,53.0399143
0.526517758,0.735861117,8.14004892,1.42602649,23.792436,6.43853943,44.2798911,0.168893695,28.5984816,54.5112976
0.152140143,0.0775290728,6.82003465,0.573007606,22.7169344,5.06388419,6.39937111,62.9945269,77.220187,54.6368625
0.344842089,3.04393034,7.50875913,3.04839446,3.69633492,34.9935022,5.16115449,17.6634676,47.9663724,53.0661131
0.0774710803,0.22578454,6.21172915,0.945503682,4.81310791,27.222653,9.70253915,62.1394208,31.9506954,62.2743897
0.875225992,3.69298237,8.8980542,9.95016152,0.569825759,2.96861561,45.6280029,25.9195482,58.0238755,38.1466138
0.52258301,0.210622106,8.83289913,15.1744929,21.4104938,30.4845231,1.87777037,4.81519908,41.8300795,46.2414477
0.980897484,3.77604579,0.00364749832,12.9840077,22.2135319,25.6770013,29.0749605,45.5318541,7.4325088,36.2759208
0.408205637,2.84859333,0.693128642,6.06770914,18.7303849,2.27265623,0.725938144,63.7941271,75.8043322,51.8177881
0.155147997,2.2895604,1.44373471,1.50981045,24.0378222,5.29524532,7.06157611,7.71883551,3.12401436,73.3976896
0.411040952,1.46113147,2.78242289,0.322725788,0.0817459193,34.4212796,46.8859465,56.2965165,80.4334892,45.6159563
0.1675996,3.38590117,6.392153,15.8495784,24.7886217,32.2045443,2.41676943,60.9226041,68.6055014,28.3416964
0.106679401,3.842798,4.28847335,7.77186472,21.4535616,28.8137798,1.62950395,58.8707477,0.831908848,48.316402
0.279761389,3.79869289,1.42070344,1.35594475,8.38042051,35.6076143,39.7087073,5.5417065,24.630619,55.5843669
0.130680178,1.36703031,8.27652148,15.1050348,22.3761344,0.993632829,43.537809,29.9827416,60.6724313,40.3909819
0.0815935778,1.37304753,1.82225183,15.2650451,24.3960521,35.2053284,48.9381052,49.2861971,1.41178055,40.8730651
0.983332417,3.47175911,4.17465118,14.8664298,6.38415888,33.9240068,39.1751275,4.39862046,9.6365271,39.6759513
0.853580686,0.52234025,6.68829054,0.176118001,0.0238280161,0.687552849,48.592668,18.2481496,10.9489617,64.7738318
0.994428864,1.46368324,0.279583615,1.7098949,3.44320027,28.6084112,7.57677564,53.3789015,64.7976211,53.1185212
0.990061115,3.82860813,7.68792821,12.4612804,19.9044865,13.9742298,1.19770155,51.9444602,8.28124956,36.6341927
0.684888808,3.70477817,4.96515547,2.43211625,19.6528037,6.72693835,26.7497849,11.2788964,76.4586064,44.9574861
0.876493324,0.893186039,8.49994584,2.82620868,18.8895648,2.75837649,38.1570156,54.8074803,77.610558,37.2632557
0.616707559,0.0157472193,1.49290943,14.8068299,16.2357246,34.3047741,27.6822393,0.516826451,58.6011751,48.7691133
0.0302255107,0.00063489005,6.00884341,2.89983601,2.41228665,26.3543989,41.3531035,7.32778719,27.994829,66.5346212
0.0065458566,0.0648473762,4.25216759,10.9877479,23.5615939,35.5813687,27.3084999,52.1907825,63.8915027,41.3958733
0.176822532,3.4251534,5.74463381,12.5519854,1.90458089,14.8191715,24.2480755,5.75349385,74.6353057,50.5565549
0.599749817,3.98071923,8.88319152,13.8665674,24.0610596,27.69022,23.8573147,3.77278933,62.3577069,27.8232381
0.832786929,2.59964832,0.651042427,12.5690215,24.289001,0.345046342,4.34720233,5.78545743,25.5442479,57.5975241
0.91051364,0.0110127591,2.4557436,15.4360208,14.3776395,28.7815737,48.8771488,55.1693946,0.0198461507,40.1640899
0.659799588,1.00671686,8.7531336,15.8514604,24.2099913,32.1458389,31.4604376,59.5256385,80.2476883,18.9004984
0.852990775,0.863810607,4.64595043,0.869167589,0.155733223,25.0679252,11.7318841,2.31910643,1.54632045,70.7022631
0.957696626,0.0287689064,7.91777156,15.9762106,0.267704576,35.0075739,33.0671024,1.03190857,80.0980814,38.8208578
0.202333288,2.46230997,0.0980645372,2.08120323,4.34796607,1.82257286,43.5311738,12.3266216,6.99852005,73.8797338
0.991911671,0.237794792,1.38842033,12.7654504,7.6949598,6.03256569,18.1456303,60.8773499,77.9865008,47.0759612
0.112696264,0.344435629,2.09162465,15.8852848,12.4710098,0.376217131,31.4162363,49.2191397,33.0078039,58.3218937
0.0356466635,0.45389577,1.40897287,2.85706896,4.30931897,2.48253881,0.0404320504,55.5643699,58.6802307,74.2329129
0.551675427,0.0355771091,4.37506345,3.00700385,16.7400407,35.8030597,2.75635863,27.584654,80.0888142,51.3914456
0.854588594,0.282012217,8.50349041,12.7347663,1.90117683,4.43370585,45.3172141,51.4848805,33.3961531,44.3706341
0.0996096516,0.557661072,1.37167136,8.32097812,16.6864491,34.7769498,0.266661263,29.7480394,9.23759316,65.2302458
0.0159503152,0.307788497,2.25285468,1.29543493,19.3357329,0.955287584,48.3445132,10.7535397,79.4078576,62.6762768
0.922287913,3.57184668,0.0611087345,1.8746676,5.52869448,29.9059872,46.1771389,48.5527955,33.9615791,43.2068602
0.945236622,2.36761472,1.12639016,7.53687392,0.374901015,1.38436887,15.0915622,25.9743325,8.36163355,66.6236648
0.6476936,3.14536376,0.289634225,14.0131932,24.589538,1.96564424,33.4597872,45.2494618,75.5639184,36.6334782
0.0355846211,0.282910537,6.47414358,1.65542647,23.0511485,29.7389808,47.7081013,56.2401243,14.8955227,47.6273729
0.177955321,3.5803282,5.79605179,12.8755339,23.5914105,1.20357551,44.2275055,2.20151439,11.2038465,49.1758558
0.0926437169,0.251798499,8.9491072,15.3682593,9.89586533,28.5244525,46.9218179,11.7474735,80.729588,39.5951191
0.0209975173,3.62109213,8.31454854,15.3197929,12.1229772,1.26442755,15.2903835,38.4982893,0.947763681,52.7452933
0.443450434,0.285799803,7.73391336,10.4565388,23.5109488,33.8640327,39.196114,17.0940276,4.20523266,44.1356153
0.972024943,3.29288151,7.78392245,0.683737509,5.58799737,25.1594274,46.9525316,45.9727811,71.5478961,31.2766771
0.702857449,3.70058451,8.37883254,0.0684635118,22.9160043,34.9700383,7.39609124,54.9949964,16.3315002,37.0760558
0.949846065,0.251265496,6.79318537,14.3406061,22.7616804,8.00983728,23.5951503,8.73918364,80.3158205,39.9294649
0.894316893,3.13605276,8.18711971,15.8596445,14.1340264,0.836693963,30.3737978,13.6096554,1.87006405,44.1838679
0.55667341,0.0399857313,0.0904169977,13.579521,10.9524371,3.75926056,2.57548024,24.9422022,4.54643502,72.5958979
0.110769011,2.77908037,0.00856744498,15.9876406,0.431075169,28.9157143,30.5018833,9.3413792,10.8340171,60.7958263
0.155111827,3.85793878,0.848328619,3.30507162,19.2791466,35.4488902,34.7054726,62.5335655,72.9445539,35.9756505
0.853330286,3.68844608,8.35492651,5.77765504,1.63784811,3.3309016,3.35272201,62.9536206,17.088632,50.1560737
0.292547822,3.40498648,8.11748007,15.0890209,1.83518252,27.2341528,27.775431,62.2611293,28.8555669,36.5041193
0.657088516,2.74676174,1.85528956,10.4029963,17.4348393,3.37569679,48.0961348,62.3517337,12.1342079,43.3680325
0.048240528,3.1142163,1.42509126,4.46015204,2.7739503,31.3669995,1.58036437,4.15864128,7.95319306,72.8713355
0.0541364528,3.48544588,8.74993441,0.262565449,20.2148459,1.31797644,15.2853143,55.2195902,14.7479564,54.2649743
0.235497125,0.000724101439,0.382439009,2.93764588,20.3349499,28.0848639,35.8080604,10.542455,44.34821,61.1297921
0.953155963,2.76909362,0.351955528,4.11831544,0.824319024,6.23497619,42.5277273,0.66948694,65.8973023,57.3331414
0.109074098,0.833436355,8.02085607,8.04971806,18.1429542,5.22895352,9.55743121,12.7299955,1.3090173,66.7463314
0.54553866,3.47306089,8.40245121,1.77330663,18.6946149,0.566396529,20.9971328,1.05874631,2.97321679,58.8497636
0.104098041,2.30307743,8.60013511,4.39241491,23.9333514,32.8858211,5.43843438,24.5115881,78.8001319,41.693154
0.927709634,0.0633002427,8.74615201,15.2477898,21.2547505,5.17119423,11.2446261,58.0330122,1.05830171,44.3170671
0.704527826,3.99668033,0.464348358,2.31619246,0.385342539,2.09094506,8.86568931,59.6116554,46.9439407,59.2725658
0.226157007,0.0832920485,8.75128167,8.51752704,3.2452608,26.0615222,5.44901997,0.886383981,62.5922025,61.0752314
0.0957170949,2.86885481,1.89617398,15.9929243,14.1845801,0.342579765,45.9213261,0.951280088,66.0206112,51.4758132
0.152672175,3.84500706,6.82565965,8.64297262,22.5638502,8.10688366,38.6469875,58.6686487,75.9102775,31.3018093
0.987696762,0.877928576,7.52754446,4.33719012,23.6787571,27.1727497,44.1052505,6.4581011,77.5893096,33.6055145
0.865505447,2.20019649,6.0804438,14.2560303,1.71947881,34.9637085,9.59369507,40.7942162,76.4333138,35.5669435
0.588046744,1.20652405,4.6119303,8.37782374,9.50553535,13.7270387,30.4062134,21.1966724,36.0359584,54.6235796
0.951460138,0.762184782,4.58918159,0.666544311,4.0784937,32.0308053,45.9300207,63.8140116,12.7739786,46.237739
0.0859741746,3.87180945,3.37824097,10.8374043,0.397006818,32.3907765,48.701768,45.2113099,74.0207202,37.3730569
0.0342630693,3.43762234,0.267149803,14.1986577,20.0623934,19.6512283,19.319943,47.388445,52.6428045,45.0692063
0.982216524,0.452472242,1.57717808,4.67904971,1.23199706,8.8915242,5.23641715,5.8293024,67.1863211,67.9256319
0.0205331016,0.399357239,8.99350959,14.0724623,6.05246336,34.2025522,41.235655,53.0988581,20.8939573,43.1054077
0.935578743,1.08776341,4.58933407,5.222493,22.562144,2.81455248,0.249759454,42.7195327,44.5321488,52.8123485
0.788701656,2.83494141,6.43551641,15.5100182,7.61875539,33.7273307,47.9745545,17.4210703,75.8473804,26.5427198
0.970904617,3.9755978,4.21260134,12.7833658,3.17069107,21.3189594,48.661583,59.0705513,38.9252607,29.4724236
0.980553414,0.644898391,6.31631803,5.96816642,4.64537549,35.7492509,45.8138489,9.61174915,10.9703257,48.7105833
0.0293704742,2.51823798,0.0578692169,1.08076226,6.83016656,28.2375673,1.08126015,55.8227077,45.8775943,63.8758061
0.380070418,3.37408123,0.412324886,15.9010836,2.36151866,21.6634808,40.9997304,58.0825237,1.23568102,47.5669958
0.0184791321,2.31509296,3.97658654,0.871036403,24.2325469,2.0396027,10.3479053,21.2176725,77.7369956,59.7564836
0.945141874,3.99792061,2.36644885,3.3880467,23.2825927,15.1713243,44.1640957,18.2292736,14.4304387,42.9295874
0.106546874,2.93325924,7.39792345,3.37671741,0.764926244,8.80614968,12.1924842,1.41317061,9.05983024,71.8792546
0.427967101,3.37227068,3.94485174,12.6633243,0.767655485,2.85945401,47.4260461,8.56423644,3.95100905,58.2064725
0.971497223,3.81532355,0.321401395,3.18799406,19.7128752,20.5823122,3.97511985,29.8308681,70.1153819,45.1845654
0.860034725,2.41446758,8.90238378,11.3140347,17.1588652,20.2283576,40.8425199,62.9962875,33.6699509,26.203309
0.0305820373,3.9692038,5.41866835,0.993576721,17.2561669,35.1317773,32.3676946,7.63085139,75.5822865,43.7100326
0.13743253,3.31410365,0.315017293,4.43671005,12.1652448,16.2287736,28.5799905,59.9522516,1.88999737,58.2331539
0.0496562338,2.28928412,8.99590741,5.71717526,13.3820585,17.6515994,41.4208234,21.9146964,0.383471517,53.3675021
0.818954627,0.681660278,1.49466105,3.14345168,24.9880302,34.3053766,41.4653286,38.8940203,75.6828611,36.7481802
0.31903575,0.135434391,0.553072974,13.328853,3.17446973,4.77027207,2.67148944,20.5361099,78.9733002,68.2526391
0.276448288,1.06548309,8.04209146,2.54436823,17.495091,21.5931132,48.2552353,34.9259916,72.3197209,40.9069385
0.32451252,0.327727532,0.262424539,1.01195803,24.9666656,21.2376647,1.94735394,60.3136084,74.4389786,55.6822933
0.897667888,0.416745756,0.553323044,4.800719,21.3814876,12.4731941,12.2128547,0.586615265,4.10411006,68.0645273
0.898116194,2.55549897,5.11017477,15.4797933,13.8854074,31.7418721,2.23708332,20.4530337,12.8306737,44.0772558
0.224505477,1.0542228,5.22586152,0.0970812887,24.445656,11.7230076,0.801686491,62.6218561,7.00631267,61.5603276
0.505975439,3.71681196,1.03189268,0.0359185934,18.255937,3.64726252,37.4866612,59.1866457,78.4118212,43.9833241
0.93510583,1.29476618,2.55427279,15.4004518,5.30144669,2.03693848,47.4006573,27.2300739,70.6867159,44.0080116
0.920227428,1.04952486,7.56976029,1.70886612,1.42637793,33.3127257,20.390569,61.7714697,62.1319832,41.541326
0.987251744,2.96022334,1.06559144,14.9249961,19.389375,3.20475292,8.55094032,62.2419284,25.4277764,43.2880325
0.448562542,3.96258604,7.16317014,13.156558,3.54789355,6.40347312,26.0961148,61.9131094,78.0005126,35.1096987
0.924765096,2.10784332,5.67609629,12.7118435,24.9285502,34.7659661,43.0011075,24.3117159,39.2461917,26.869757
0.810310535,3.55661867,0.202462306,1.39374696,1.10175044,24.6522554,8.7877138,11.8932863,23.367529,64.5379245
0.48872087,3.72667113,4.86382969,14.9078573,19.3089663,1.14829636,4.65082176,14.8392274,74.5379257,45.0687779
0.286031737,1.34159217,0.3139967,5.94229531,0.245695131,6.33320514,35.6322472,55.0910469,34.4574911,64.146118
0.518895629,0.315353384,0.324745682,7.11232189,1.24054788,35.8389159,39.0087483,0.0437121093,38.815987,62.2280675
0.0600348562,0.0233145077,8.65559414,13.4590596,22.5220472,4.38912417,5.45795663,5.06403417,69.8906389,56.1672312
0.979782425,0.812889642,5.03146166,15.6021107,1.05353359,9.70415923,24.2334833,5.42633593,0.541727788,59.8341694
0.574228597,0.240128594,8.64286461,1.11191408,24.9060665,30.6131312,3.94129364,55.2779758,41.689262,44.7831526
0.0373661327,0.0503715072,5.83632363,0.162276484,11.5326079,5.09959596,39.3487434,39.6155513,33.6275145,65.014172
0.150678583,1.81974832,1.14755219,15.8393894,7.21405701,31.184796,47.4581032,8.28180787,71.3115525,46.0420509
0.900577804,0.0446404591,5.11244276,3.24538204,1.77497516,10.0907648,48.2967022,49.2061165,79.9885881,46.9341388
0.1221837,2.16576231,8.92621501,3.37013303,2.85284135,32.6946182,41.4434281,6.1340563,69.7160429,47.8813609
0.859462361,3.93562223,4.50627906,3.61278472,0.113802194,18.2497965,5.89363761,33.1327041,77.6564953,48.0216167
0.298712074,1.81527717,3.06775857,13.899314,9.01527447,28.3939726,2.03833447,9.51839337,50.1660876,56.4323226
0.621417472,0.653805109,1.13055238,3.90026067,24.5015924,33.5001872,45.7958924,63.4292107,8.53551017,43.3783938
0.900217662,3.83298452,2.18429344,0.746411823,1.47423527,3.55984018,46.5961011,29.6105784,1.25448554,58.5026526
0.0841617808,2.02820055,8.92491412,12.5007519,6.46307157,35.7751156,0.501499367,0.914108336,4.32693119,58.9513485
0.124369495,1.112388,8.78666739,9.81117744,0.717672904,17.1770338,14.1650015,38.1136744,0.665689246,62.3262842
0.509075782,0.146674527,2.60724151,14.0588612,23.874384,9.75239554,0.696701726,61.9962848,65.2547796,47.4609234
0.442191528,3.65203744,8.53466968,0.343688354,0.578385347,30.1284463,39.1954548,2.62438572,15.2516984,53.1753269
0.739810581,3.98572147,0.0464973925,13.3007566,15.3372467,33.2715765,10.0524682,63.7817067,54.6058363,33.4856373
0.043270635,0.99824797,3.49568516,15.9652472,12.3592543,31.6610456,15.2360894,62.6336631,15.1571397,49.6707726
0.0229894021,1.53152237,0.667193818,15.1582271,19.255673,7.33834936,48.5067906,53.0673846,80.4081893,42.0748014
0.858637541,0.484575112,0.571278175,13.2840564,1.77568833,27.3510082,5.98223466,58.0152679,28.6128609,54.5987985
0.544607676,0.884865899,8.86762204,12.6641733,23.0645902,31.0568579,11.7200745,63.0751953,11.1471313,36.7749505
0.380177682,2.58520395,3.42629361,6.60751011,19.4099729,33.7175833,20.9926932,31.6000379,37.7615348,45.3165502
0.146991587,1.95040053,0.858995987,2.03652676,6.10184187,5.26500164,1.2011889,0.498623342,76.396291,75.2987612
0.937877852,3.65226389,8.09808727,11.6491844,18.5045319,8.16083564,47.8629857,0.261367321,51.6382168,32.621502
0.989413682,0.303038132,2.61422455,14.7058585,14.6314923,16.5469334,5.86684979,21.0866163,43.9943223,52.0888301
0.313241585,2.60526549,6.06845578,8.06464742,10.2017917,16.5789135,2.44896458,63.6705457,39.0591245,49.5721012
0.990840575,0.230157424,0.575601774,14.4693632,4.04258047,26.85593,48.4774336,48.622852,66.1591603,38.9975627
0.87478064,1.75286241,0.80659439,4.32339642,11.4430823,34.3923073,21.1095996,37.9308821,0.424222729,54.2821024
0.00361927692,3.31674879,1.34298972,15.3391792,21.226341,1.60177048,39.412998,42.1311531,2.89776499,51.8589494
0.47640694,3.88573204,7.87131197,3.8048304,18.4132395,30.694429,1.72608527,3.02391192,8.71726605,51.7835545
0.991348329,2.36549306,1.89412308,2.71408085,24.3075472,17.2020996,48.5742683,62.3378725,41.2880804,34.5775778
0.915513181,0.120138202,7.1162092,2.00538185,13.2073181,0.568503723,20.2017055,11.838382,70.4781789,56.9665123
0.335724908,2.11412064,0.0576240379,9.75503019,1.23811778,13.0254414,3.53038865,59.0916302,1.30179047,67.7431488
0.841074253,3.73987348,0.120407812,13.67839,7.34593877,18.9977254,14.6591586,5.84915501,3.47829005,56.6736201
0.938131269,0.688923629,6.16373552,6.93839712,8.81312349,31.9197688,4.83677417,0.86656648,46.0470101,53.9023548
0.992168561,1.5080247,3.08500461,1.19560543,22.7194084,28.9403988,7.18938935,61.4749699,73.1771511,38.7772786
0.0230249125,3.91881544,7.94502781,14.3687863,12.7996785,34.8420101,18.59871,22.8813548,69.5200838,34.9029016
0.251499491,3.80780752,4.09708139,1.15003503,0.998089638,35.8452565,37.0581134,59.7059684,28.1102003,46.6397969
0.883978019,0.0742578898,0.117796095,15.6426013,14.3755623,14.5090473,34.7877679,13.080482,4.63367897,57.3012444
0.905218464,0.0268851929,8.68373166,6.18317293,0.917845045,1.759211,15.05301,11.6760911,20.3307339,65.6725795
0.0273388531,1.93641746,3.07854336,0.138986081,24.9047852,35.6035222,44.0967532,11.9265449,1.82352221,56.0425891
0.713804851,3.6725333,0.601266034,13.294644,4.81567396,17.3263957,0.997105706,0.464468688,78.8803807,53.2776136
0.999280631,3.63823469,8.57332476,3.32307453,17.0525043,2.07214592,19.8130535,56.1507143,57.0224972,35.6170304
0.682713711,1.47736451,4.64700631,0.417825572,22.4912424,14.8469658,23.0771999,30.6921046,2.78739206,56.7610219
0.944095381,1.64427682,7.56111909,15.5174451,2.65696447,8.06666027,0.488771455,41.5109727,13.8176309,51.9482929
0.292344615,1.74374588,7.05837037,1.83260364,0.889697159,4.52182088,3.05366759,26.1109367,79.1184498,64.051663
0.183692703,1.29304462,0.452013198,1.75255375,23.7044133,0.106211554,28.7161686,41.3332913,41.2923693,62.6722414
0.990602904,0.252029777,8.69502789,7.70430061,22.156757,19.6065472,26.1850434,30.0725687,27.4167559,41.3901008
0.05070575,0.84616307,3.2911228,15.8238039,22.924098,14.8528535,10.7649921,25.1064991,16.365374,58.2168648
0.372527269,0.263232848,0.347564127,0.907168642,23.0990124,0.145565411,46.9826497,3.12642416,2.29197316,72.2485371
0.22289533,0.807271297,8.56953192,1.9963711,1.57665219,34.2624905,40.3959129,51.0800791,8.71885793,52.8152073
0.94758765,0.422519356,2.88634456,1.40993553,1.228759,2.52352175,6.57429133,62.8431965,17.2178874,67.6671971
0.0778901847,0.401339984,2.97249066,15.3788153,12.1064515,33.3072182,41.3996105,4.25048393,17.5712372,55.4736765
0.93154965,2.21984692,2.17624347,0.220421091,13.4644898,32.6600235,34.0472845,13.9890219,52.5128551,47.2264127
0.869466113,0.467835743,6.55950584,8.20392751,17.8274858,2.23812073,43.6850556,62.3398638,2.64704396,45.5383819
0.493975357,0.975294808,8.50465,15.3821656,0.0893207384,1.74765583,44.7145943,6.77352682,64.1232396,49.9301292
0.909679254,3.91688853,7.07754639,14.794836,1.26427636,34.1175123,6.84507378,55.0595566,12.6160851,36.0665833
0.082972867,2.09990182,2.36241245,10.7841973,3.13123685,2.44468338,16.0523917,62.1036003,80.0003034,55.2973897
0.946626361,3.79696392,8.03824418,15.590907,6.83409479,15.3087949,3.96876766,18.3877583,64.614125,37.4660601
0.53988701,3.52390193,4.99454487,0.561140575,11.0775629,8.06377721,32.5354177,41.4890431,33.3454005,51.0899382
0.510443323,0.0836916324,5.86184846,10.8215496,9.03885804,23.1653538,0.137706405,14.9309941,1.54196893,65.3421142
0.00987915788,0.156026162,5.24634623,4.16198327,22.5824878,27.1759506,19.3296143,3.69367513,80.4911542,55.5995823
0.934810304,1.42708954,2.46130827,5.70329123,23.7746025,6.8327137,45.4871058,4.94593016,68.6577799,45.3831762
0.157343427,1.88389641,5.95571723,15.5367143,8.68339113,24.126775,41.7958408,62.2974602,72.6640131,33.3100765
0.977739348,3.46089178,7.21816072,8.22614823,1.3645127,12.0454208,26.3877763,0.464694172,2.67673974,54.1430777
0.176535388,0.121037955,5.14102867,9.36698736,10.8696089,15.1440309,7.79486557,40.8889401,66.3396478,57.3790506
0.0498585771,3.89242175,8.84780397,12.5179446,7.96142266,10.9881964,47.1183454,37.9171966,33.3145135,40.2505018
0.228715485,0.084598871,4.16975554,12.5890839,1.14589641,13.0765682,46.1156973,43.7876228,3.2607557,60.2818055
0.986235569,2.64484785,8.9048956,6.36515927,5.04973185,30.014273,24.3450852,23.3103224,41.2458655,39.5478624
0.144581581,3.9305007,8.83202613,5.09014336,21.9365148,17.285489,45.206985,63.734294,18.0721256,34.157305
0.283446275,3.52616426,0.54595686,8.70568435,19.4326887,7.48709045,21.1370321,0.128047258,50.739236,57.6131575
0.408995011,3.91660492,5.35254822,9.38305934,7.9349418,18.0961781,19.6894394,30.5739327,0.109793158,52.5524136
0.0636444292,2.68768846,8.95487983,11.8492912,23.4959094,29.8783191,1.23724393,23.9787204,2.97978351,48.026351
0.165555051,1.93494669,1.46031717,0.978840642,5.27292552,31.7652573,47.2016512,10.6469237,79.5395417,54.6929018
0.901216981,3.01519566,0.885132512,14.9726887,21.8432476,28.0253862,47.1842478,12.607905,77.2777213,28.2737984
0.866416249,3.43161211,6.98562985,4.41054062,24.9315645,35.7187471,34.0051158,48.3030961,68.5162444,21.5532605
0.701405025,2.05701722,0.648980404,14.9575887,0.302835379,21.2460791,47.4373755,1.26596555,36.8082072,52.5865271
0.615578388,0.103878588,4.24669649,7.51630704,10.2695277,35.9312601,44.4918202,44.4372679,52.0955739,41.8052452
0.0781343668,0.817212116,6.48908901,0.211401902,1.61214204,29.1907075,0.300819622,11.592353,21.1058551,74.0018403
0.650059755,2.21722682,2.0950191,5.30851885,6.6817843,1.07826115,19.5117419,33.7572204,77.9666971,56.0626771
0.0404465227,3.13882569,5.04751515,15.2660073,24.6634853,27.6439175,42.6322103,54.2805392,46.8559726,28.9868138
0.766065264,1.03553768,0.633922926,13.0535551,23.5958022,35.4923694,0.344372523,7.66562879,5.34492156,55.1805095
0.0967570264,0.781373125,1.2107492,0.110005021,13.834985,35.4141183,23.2558175,47.705608,76.1326623,54.1050414
0.969831002,3.7985978,6.82487808,1.29058942,17.0879691,32.3951654,2.10268259,14.0881354,54.7903413,41.3187831
0.91628299,3.87285018,6.73410926,9.19893966,22.7795559,8.63475021,11.2247416,5.52697146,35.1962228,43.237149
0.440122858,0.579521857,0.0536816935,3.96128563,2.07435493,19.7040742,3.23159889,28.0587419,39.5827867,72.6455209
0.51432738,1.20107902,5.70412305,2.12646709,18.0192771,35.9858824,20.0436672,62.5834486,0.0271140654,47.9008081
0.778200756,0.880405803,2.20573306,1.3432508,0.0252222293,34.4304117,10.7932645,5.74233982,80.3740144,60.1443045
0.0614350178,2.1533742,8.46025623,0.935919702,3.12881208,15.7602501,41.5450736,61.4547226,47.488701,49.3821315
0.434185671,1.43428266,4.47433215,9.06759184,23.4624626,12.3968214,29.0961227,62.0866005,42.3924835,41.9250106
0.212051943,3.82802691,3.70873628,13.7432899,11.6761761,23.7476804,42.5539536,0.389731854,28.1263344,46.7935865
0.85304175,0.290758567,6.25328254,10.5237283,12.9717681,23.7699465,12.9181233,58.6421635,79.5352379,37.5638212
0.38011563,2.41359261,2.81466245,3.61216452,8.82673645,1.38161443,1.08035982,36.0586835,28.2159855,68.3636382
0.971292443,2.04836435,6.43429666,11.0648079,22.2300022,28.2913935,7.41991718,2.02186233,77.7602068,36.578344
0.249905963,0.678054571,0.142160971,7.64345563,24.3105346,17.5031945,27.4799819,40.5621975,1.0799668,60.2279368
0.811174614,1.64693664,0.144208067,4.808848,9.85666606,15.820486,47.5130831,63.200111,76.2736498,41.4220448
0.981729617,3.71871412,0.963473388,3.72841196,11.5934389,1.33685716,6.20440612,7.12308443,47.6887529,60.2330252
0.964352781,3.5087881,0.453635926,2.23822614,2.91674971,31.4097694,48.9914129,3.49594835,5.57362627,53.9526038
0.13090139,0.238634568,6.145158,11.8586045,18.0728836,1.37516717,0.591601527,58.836723,6.0799591,62.42121
0.968285815,3.91879165,7.04540232,14.3587037,23.0203016,3.18055279,42.9440548,51.8907767,0.359182195,29.6775227
0.331942455,3.8273692,5.83682435,15.123164,23.463568,3.15088902,1.34980957,63.0196997,45.6792249,39.0582561
0.42555557,1.24987672,6.02541645,2.08774302,1.08903046,4.80227101,48.6854163,6.25920397,58.7771185,60.7557726
0.176059007,0.0949401409,8.23263277,15.7492811,15.886854,14.9118251,36.8107949,6.56989196,25.532989,52.0258892
0.991749647,1.34524189,3.33100116,7.35383714,18.6574105,0.141016653,40.924371,3.79292533,4.67777234,57.1088255
0.146311822,0.251166042,3.03225493,9.08204429,2.99734835,2.06465614,44.4753054,1.90431631,7.39652989,74.2264086
0.0271709715,2.65007296,8.49659071,14.5778066,1.86699925,5.26511449,3.78285767,33.2915692,54.9336413,55.0958227
0.31947741,1.82733323,8.9764331,15.8420231,1.3788127,34.1352645,20.9478613,7.45201022,78.387409,41.3459584
0.0458397484,1.71460319,3.00572983,0.535432197,10.9514715,16.3890019,18.9947378,12.4839551,32.69453,69.7602263
0.989528283,0.00744125247,2.39654322,6.5812743,5.4331645,21.8819925,41.7148621,12.6532627,70.0990153,51.0154287
0.594018954,2.70624818,8.80469607,4.49203415,15.0279768,0.295619164,0.64147259,1.60628522,66.8700707,55.525452
0.342598926,0.240626406,0.468014079,15.844665,20.7564456,5.15781892,48.2685563,7.34819866,57.1743641,53.0630694
0.988303081,1.6395067,7.17557158,15.7005812,11.9818099,4.72234514,33.2856176,61.8784926,70.6541582,29.9375135
0.958470168,0.0324255861,2.19785943,6.08597185,23.3263799,30.9121238,32.7551812,1.73768684,26.9613291,50.9848659
0.873800511,3.86078128,0.33983983,10.1120472,1.83873738,5.26911703,46.3458135,39.2969997,61.6025826,43.8994791
0.993520287,0.381845193,3.7623633,0.0710557029,15.9893728,12.0803453,41.3279764,31.7373031,41.5796835,51.7860459
0.878314115,3.3012953,1.95783487,2.36557827,22.3029711,30.291738,1.68762983,54.849935,8.67888711,46.6533532
0.836837378,2.90323399,5.97081123,2.53230727,0.762905414,31.8978534,42.4956426,0.346342355,77.1727037,43.0408301
0.988924337,3.40533323,3.22995131,12.0740634,1.22441209,5.31946262,22.0611575,62.530471,7.12045267,48.1590827
0.122954201,1.96505684,6.09817389,0.0152016655,24.2099868,32.0362384,23.2186578,63.9755371,46.6406816,42.218698
0.796065059,1.86178174,6.67274753,15.7650011,3.70944048,28.1753049,46.7544254,49.1456409,8.58935719,36.1402392
0.162426347,3.59842405,6.10408659,0.681525454,22.4973585,18.8707191,0.238688359,55.6868498,71.9945332,44.769554
0.587011508,3.60969016,0.140855792,0.645847217,10.5533883,29.9490945,3.30903374,63.9085785,80.3401042,46.0282117
0.0781192128,3.79843798,0.780933118,5.58739881,5.33106242,34.7992518,20.4495865,13.323843,78.2528904,52.9421281
0.938403232,2.97248052,5.58029945,14.3873383,24.9905779,23.9650824,17.8857436,51.8438503,55.1713055,25.3079145
0.146015499,0.32998834,4.75657098,10.1129536,0.643617777,24.8889168,32.7005315,18.0682295,71.8037025,56.196412
0.188300985,3.09861953,5.62161575,0.881509103,24.2554672,16.7580361,33.0934322,3.02468068,25.0696429,54.3274176
0.668740826,2.10828425,4.35030122,15.13361,22.7858326,16.5438262,32.7850563,17.5548731,6.01422112,44.2928815
0.0906230212,0.404467082,4.22605007,14.6195925,24.2053637,28.1476773,2.73836286,16.5415906,79.1184762,48.7084607
0.602010651,3.97203471,4.47163678,8.53224861,14.847358,20.9460353,43.5758492,33.0410645,72.3580905,32.2250948
0.612721616,0.0487840623,8.80590351,8.56934244,13.9661908,6.86783836,16.005818,63.7163081,40.4880003,47.6619478
0.491052289,0.463302128,6.11745572,0.13903679,1.23644192,8.46622189,26.9380733,48.5856087,2.94276621,67.4983043
0.982794959,3.33950971,7.06425918,1.78503733,1.75381382,1.94239554,40.6179955,62.2369383,0.280279711,48.4098447
0.742800121,0.966508382,0.239328419,14.9204085,23.9159207,7.02683044,27.1395573,55.5616496,0.815194734,49.6949469
0.498866359,1.78758314,8.79697144,13.6871454,12.2690149,7.67942606,11.0438321,2.20281157,38.7965409,53.0944346
0.338069109,3.71008698,7.72181083,0.843717732,6.81862581,0.92737764,46.8712108,52.8197771,78.4613519,41.9407698
0.945172616,2.06461429,8.93788747,0.13293229,15.9265725,4.18096489,45.565683,1.87270606,64.0035318,44.8302904
0.3646623,3.51710667,0.0266515017,12.3231796,18.2496921,32.5084891,46.5176729,35.9556005,22.5001379,39.5663751
0.500954284,2.1546115,1.249657,10.6403975,1.81317445,34.5930305,6.89206686,62.6516608,73.9929376,45.4443672
0.109709211,3.53085127,6.78873188,9.27404634,20.1512008,8.9743038,36.9188419,10.4180898,71.9311218,42.3782815
0.945487683,3.24596267,6.51268666,1.28825715,5.84056421,17.8021966,7.51169295,32.6835831,1.24169744,55.9048362
0.745543761,1.41593726,3.72945696,8.8589366,18.9804876,7.27839783,0.0439574532,4.95401356,78.6027525,54.6922128
0.153983104,3.9760921,4.90476514,6.02261248,9.44986264,34.3314806,1.62617822,49.8643717,68.9712943,43.7238263
0.0541668171,1.52678212,1.41089748,12.3624754,0.193654222,6.83497411,48.1967962,32.0701181,74.0069758,55.9859994
0.521460593,0.752776808,8.81955915,0.587774746,10.5158791,22.1477999,46.3762378,3.1720539,0.898566264,58.1188428
0.985426104,0.226098834,0.0969709042,1.40442108,6.41412238,3.10301668,33.2129715,3.15094528,37.8893684,70.2435475
0.0743292882,1.00939016,1.84583661,15.9572187,1.5223449,15.9130253,8.46192039,28.0764142,10.4953705,69.1891452
0.564526275,3.97238864,8.85578478,10.977273,23.4797802,35.5194629,32.140076,2.947633,6.16084012,34.0937947
0.0798288067,2.73101846,0.511425506,0.939521701,22.7206589,23.2033721,36.8521394,18.1637565,78.7920735,50.6652458
0.00184265664,3.87812055,8.03714958,14.8851986,24.2695246,32.9753793,45.1897222,4.78124401,48.559638,30.2452674
0.0327249053,0.0299340915,6.98012092,15.8085964,23.5607144,14.2940826,17.2122769,51.9019426,75.8740478,41.7527048
0.397214805,3.95693922,0.624394597,0.355536312,11.7168692,0.605997987,44.9277921,14.8922552,68.5121351,56.0114457
0.616352379,0.137745053,6.93247438,0.172242999,23.2626357,0.169637701,9.66502453,6.6185436,7.41941552,69.3410643
0.428169431,0.974531755,6.64922568,0.952909314,24.2919273,35.1666757,46.7115644,4.2627843,36.2168732,45.7142625
0.431783371,3.93248847,3.00090622,0.41052568,5.78921883,35.1373589,13.0540716,34.9797656,1.1645159,57.6783437
0.0609606291,2.26116991,7.83593932,2.9016219,24.3114131,2.76512314,45.4945592,40.5643816,47.53796,45.8144761
0.27370059,0.343289588,3.7532301,15.1790836,16.965538,21.3077212,36.5727018,27.9501987,79.7216392,42.6326085
0.0599168185,0.0878769663,2.133387,15.707199,10.7710352,5.45442946,22.5889843,1.38425735,42.0354963,67.9492469
0.085020667,3.76939984,0.681939531,7.74700299,18.5612069,11.8150079,47.4174181,11.1610915,0.587928239,57.6963872
0.568982081,3.52732946,8.60908103,15.6887208,0.517162122,24.3990514,47.4437475,13.1453485,7.43195539,40.5361076
0.124354899,0.131117826,8.31894326,2.62999019,16.0080444,31.9709932,0.655924288,62.8499789,80.48712,47.0741559
0.91976548,1.993709,0.601215772,11.7928577,16.4983439,18.2397486,21.03653,33.9058585,80.7011284,40.6216918
0.077546957,1.32682419,8.85188995,6.60341964,11.9905113,35.313037,13.8997343,38.9678658,26.4771521,50.1614714
0.908708197,2.63470071,3.18348927,15.8296788,2.20668479,18.3618155,20.4618218,25.911312,44.8299813,45.7257093
0.987822301,1.31763474,3.34597429,6.73752938,8.83789473,19.4352129,26.708318,60.9972688,36.8260567,44.9302553
0.546881364,1.74030646,2.99416234,6.90919129,16.8406756,23.3786275,28.0291994,0.986118108,78.072672,48.6578533
0.0882439297,0.462906568,0.159033545,15.7809724,23.1302432,35.9966486,21.3337946,31.4589165,32.9190527,50.3732715
0.149247097,1.58386311,8.97133486,7.51119973,1.1466898,32.278346,24.7192364,44.6783899,78.0878143,43.1045855
0.46280737,1.61384575,8.78747506,1.94356792,14.9156126,16.8486224,47.3612222,57.5499855,13.4241281,43.7747359
0.620007241,1.84676448,5.78387293,0.981921047,11.1672565,18.8347359,10.0809625,49.2896815,75.5277635,48.1786103
0.360395537,0.671187755,1.46834739,0.914785743,23.1312277,23.8230594,2.93880823,0.718228221,49.690608,66.4424518
0.129598548,0.651169136,0.449272458,15.8616834,17.6753924,29.2613661,48.6996695,63.1456761,52.3694242,39.1049475
0.0437946096,0.224015981,2.33233589,8.12328802,0.159099966,34.5501026,4.86545487,54.4652905,7.76731432,68.0116718
0.589434824,2.52436314,6.68537202,8.97333427,23.1704813,1.84307687,22.5849555,40.9430289,1.88260958,48.5990186
0.79574117,0.0873511006,0.247381001,15.5244125,10.6267165,4.64281335,26.9009511,1.67849612,63.8942449,58.5175495
0.353878932,2.57285653,4.49931991,3.67942702,0.203059637,18.4655814,42.2314793,25.4334774,5.6375862,60.2566475
0.0190991047,3.99461028,3.18382907,9.98254593,1.01480628,8.42287254,15.2700866,40.9412091,44.1713132,58.1483758
0.115861749,1.15368399,4.4253038,0.143947482,5.19583271,1.95888842,25.9124735,62.6176733,80.0315059,59.3055869
0.137795974,3.74771542,8.66942803,10.8034301,8.20186816,34.2693752,1.89151389,50.5128433,11.8423503,44.8080204
0.944909295,0.362055747,2.40961488,13.150785,1.94407726,34.71338,16.0301276,21.361491,58.9519455,49.3797057
0.218608024,0.580217343,8.3539921,9.85830362,13.2951828,3.07777544,43.7893095,46.9225051,23.4694455,50.645572
0.0102528133,1.27613574,0.0301626935,5.23446993,12.0876848,11.1155239,19.8849901,35.3031607,76.2179797,62.77272
0.559607663,1.30399858,0.684332254,15.2394461,2.14204256,1.88547065,12.3931259,53.8994454,40.4734259,59.4784757
0.866399413,2.29973128,8.06321691,9.75407208,1.0773189,9.35825567,0.276412805,51.8138896,65.867294,45.7963488
0.273668059,2.15625766,0.500472869,9.68446172,23.0438804,33.8366985,1.89461454,54.5784637,66.114843,43.9670038
0.459742181,3.54732756,8.85228885,2.52204086,6.15739794,17.8374318,29.5580015,25.2499068,69.8408834,43.4493683
0.430747672,2.30447433,7.4250988,15.3521347,11.4487869,28.45735,30.8727624,22.8796557,33.3787636,39.561627
0.340804491,3.60431323,3.8078849,0.216019742,22.8809511,14.6085469,7.95830407,44.690953,21.3228632,54.1836767
0.0935609602,1.91623148,4.73046361,14.0478353,9.32357016,1.79089503,4.86303794,1.408768,77.4103801,61.3794792
0.0292577404,2.93936982,4.47432463,8.84281851,20.7042197,1.18090113,15.5237694,41.7863666,39.8215873,54.0417415
0.29816174,0.817462635,6.96262724,5.11306755,23.9474906,15.0838618,3.35660599,20.2147135,46.4347482,56.3306587
0.011244569,3.94988332,3.80020657,10.7944574,22.5706296,28.1841481,4.05302416,11.9864677,61.4619741,46.5541612
0.6275951,3.96337694,1.07135069,11.0063197,11.2739252,8.43983544,11.3165324,36.519779,35.3424284,51.6814708
0.620677817,2.9283106,0.261733309,12.3586078,23.6279255,20.9420717,1.90527949,32.6953467,8.46951377,51.8288765
0.406263131,0.257764559,0.560135587,0.353438683,6.63116484,35.9819006,26.9543242,21.3247931,7.33657857,68.9595723
0.982652999,1.7958472,6.30877962,4.72738791,20.6383724,27.5409687,39.5543409,8.89161453,1.72810544,44.598762
0.0209290185,3.01605645,6.43682581,6.63347464,1.26282873,35.0819877,20.3712492,21.6633997,0.959805974,58.935213
0.197373314,1.0131483,8.96264548,3.88010247,20.1285193,0.0342666116,48.8896694,10.0224671,80.4984796,48.4081477
0.149053945,0.598601677,1.57135954,6.82633698,16.00867,11.1124819,48.2972818,61.9296642,25.1430356,54.3034395
0.306341475,2.72471385,5.09763879,8.91577124,11.5111721,26.3072967,41.8335087,57.1838014,0.189574221,43.8672504
0.9641056,2.8913087,5.00683681,15.8332405,20.7398195,34.7699584,36.3293661,62.2450604,11.0481011,23.5706502
0.997188068,2.95946639,8.44099023,1.28504773,21.5580023,0.497136075,4.58152348,29.6034161,10.903204,51.9772367
0.0643100906,3.43877397,7.81671545,4.50948055,23.1867637,35.9111625,25.7361878,32.794385,9.14948153,42.7781106
0.868229967,1.36419118,8.91250183,9.63240392,5.95737292,0.816002146,47.0237542,9.45145169,3.22558589,53.2254215
0.550317439,0.74076056,4.41613022,14.0455875,0.295723591,29.1259993,39.0240223,15.3383943,0.496573687,55.9208446
0.119237686,0.111160947,0.634583848,0.801300504,17.902446,16.4311183,2.45649752,37.0335887,29.7747089,72.9276918
0.000832853374,3.9910666,4.17661011,9.39765412,16.2075059,35.3532213,2.16364676,8.37373701,1.76927865,56.9200725
0.0140411439,3.95802491,5.68061987,3.87236409,16.911363,6.16061843,7.50521103,18.3924262,1.90750655,64.572982
0.46533289,3.39953874,0.107186521,2.63795629,0.205329422,1.39908641,8.77269353,2.16847465,37.4034786,75.4026171
0.0526580047,0.0923406948,8.93262876,3.0071116,19.5698601,15.3201367,18.4253291,56.8235666,32.5057443,54.1138161
0.832591718,1.47604799,8.86169486,11.5654583,19.777657,4.4359858,48.4736729,30.0665524,61.441578,32.877864
0.688153862,3.20785755,5.53910185,15.4397023,11.0565833,4.31379621,46.2408354,38.8196911,33.6010581,37.8030836
0.694409569,3.76651263,8.49986212,0.324775845,3.9181661,3.76939445,38.4002858,19.0740694,2.3853647,55.8515781
0.932217001,3.08457131,5.37761773,6.43772351,10.6548163,0.715451897,0.816700525,8.20992548,0.275253863,63.3595268
0.892456482,2.06437959,0.0625734218,13.6382218,2.49125895,29.6483459,32.3251163,32.9539926,2.21860505,51.1877673
0.948526724,3.5545844,4.27511444,8.61926873,0.0773314038,35.5808206,14.7706094,20.4182672,2.29879128,50.0978245
0.0748305326,2.70704392,2.89601366,2.31378259,12.0999511,19.9843295,44.4079365,59.0215597,49.8081612,47.7720846
0.773063363,3.50379477,0.6270909,0.918678806,0.366698008,18.8545191,21.6442007,61.4947003,6.87061667,57.7565965
0.711487077,3.85321539,2.23005355,8.01787988,7.04233891,15.2497336,24.8716656,62.8041236,77.0841678,38.1161639
0.190337875,0.0346928314,6.93543726,8.70050063,8.30316974,1.97818931,26.4434111,5.76097679,71.8077376,62.0370556
0.00219096802,3.29439823,2.14004872,6.75343265,1.47271999,2.88707041,42.1840184,7.57267583,53.1089612,63.7815995
0.51837456,1.28490024,7.46643697,2.49996387,1.39502896,30.6024506,4.61119439,40.9391607,0.600264208,61.4165359
0.993693053,3.99658415,5.82689454,6.42951244,20.0242557,32.6382893,26.8532364,42.2458205,12.0308402,32.1516579
0.473534207,2.75767359,0.495161613,10.9888592,2.74436397,35.316385,41.4896248,60.2436795,44.9559109,40.6821635
0.982247804,2.55535505,8.66776455,9.09997462,23.8647894,29.542517,12.3621548,14.0216208,16.936043,37.6822153
0.279927477,2.96441739,6.66677665,13.3602216,1.94424893,2.86805505,48.1851016,31.3506806,79.5944183,42.1099141
0.820043957,1.91512621,7.9340125,5.24115793,12.7208027,33.8837648,0.591618754,59.2148932,31.273393,41.3177728
0.0152588058,1.81899857,8.7951208,6.39165517,0.856808387,0.545130283,24.506349,43.3742378,38.9991415,60.4948855
0.477657548,3.96166211,8.22393334,11.8179017,24.1782843,20.7714913,19.6734266,63.060509,22.7492203,29.6416325
0.479500729,3.87503263,8.26502795,7.68858496,9.44902255,13.9996064,42.7172952,2.06497589,22.844225,46.6661667
0.0307336715,2.1632689,4.63592607,5.35000893,21.2501293,1.32968524,38.1380516,22.5087493,0.696430894,61.7045008
0.651574781,0.0693772212,4.55165257,15.3329074,6.52333477,18.2700551,28.3319446,54.8478775,45.9132198,45.5174355
0.482317787,1.26017693,8.53578464,1.6577248,8.40732555,2.76544988,3.96920364,27.9582183,7.30808714,68.1047109
0.938122451,0.0961544216,0.1515691,0.749984913,20.3069242,33.8047144,5.21931117,14.3188531,21.4704841,62.5278969
0.999794358,2.17512567,3.00872268,9.95927691,14.9485255,21.4110697,48.7945567,34.1084345,15.7670022,39.8174225
0.914285563,1.58982214,0.316673671,5.92778914,19.3001063,2.71707993,24.4487863,59.7564564,49.0591236,48.8532197
0.376888069,1.43113633,2.49350739,7.78421333,20.7397588,33.3023263,27.4927827,1.56516826,2.25658881,57.0412344
0.882493765,0.29083602,0.182207316,4.19263343,2.48445597,9.00222957,38.7541608,43.3388608,15.4829838,63.9317036
0.995657071,0.0335381199,8.26915697,3.05983853,4.22832751,22.3205856,30.0568591,32.171245,38.1138061,50.1128011
0.951693261,0.434583141,0.0874044202,3.56638199,6.53460801,3.10592775,1.80714058,54.3500901,68.2975632,62.5567779
0.582690466,1.11461701,3.07823741,6.99766156,15.1529792,1.61500205,48.1010066,41.2962521,63.4190701,47.7604011
0.829992398,2.72890647,1.64479857,9.11926065,5.33399291,33.7231561,1.47658637,30.0240151,47.6153446,49.9761592
0.0929399901,0.169657821,7.73774126,12.8307235,21.8267463,24.6604139,48.422578,60.4328838,19.5899564,38.5618218
0.234815092,2.14900063,5.07060355,1.12677282,15.1106414,20.9528348,3.12254334,2.07131076,76.5955438,59.6216512
0.978762655,0.255773258,6.25756545,10.493506,19.3059226,35.4838166,0.688623772,12.6690398,0.698980669,51.4181077
0.512519113,3.63493057,0.625543018,2.66934447,24.4883228,0.347128172,2.97155148,15.4979917,74.350159,57.0281206
0.247622501,3.16548074,5.02822245,14.8173465,17.411469,13.7665262,2.72912649,5.78478137,11.1634118,56.8162882
0.0869247113,3.77449012,4.17474724,1.73651595,2.53676492,14.9874563,2.96528808,6.00383562,53.7451289,67.3491639
0.603735255,3.91371594,4.10369623,6.79566165,10.4457649,17.2388624,7.5685949,1.79515773,34.4452397,55.9188049
0.696340298,1.56553196,8.76537563,13.6324178,0.0727176201,31.9176589,5.57160973,3.97681707,28.3051346,51.9057715
0.841081329,0.215591505,7.75446542,0.534007252,23.5310565,16.5115551,29.5451352,62.8083867,5.76553006,46.1624348
0.58308829,3.85957476,8.71441583,10.9987544,12.6031068,29.3998179,30.9501337,57.335522,68.4932646,23.3604754
0.256688316,0.642108487,8.81402727,11.2999901,23.3333875,20.5105474,28.2715441,8.93670482,69.8598246,42.3894735
0.798463978,3.13629816,8.46709619,13.3078411,1.38374014,9.38959738,31.2555322,41.441998,4.63192317,44.2908637
0.922080675,1.63959457,1.49831144,0.213862449,16.2284076,1.21858123,44.5012494,59.4270785,8.74429374,54.0055371
0.859551769,1.94633643,0.17187064,15.3419382,18.6795413,31.7540305,35.3766125,11.3984586,27.7093155,42.2721697
0.724291171,0.646863116,8.61388843,15.3295194,17.5521907,35.5243726,46.4553229,11.2485885,79.7686076,26.6810997
0.416989881,1.39573828,4.8897247,4.62760595,0.270549499,31.8606209,23.7597025,36.9885201,43.104495,54.5635159
0.401654716,2.44326758,8.99610645,11.6642141,13.1979209,25.1382201,2.81202349,33.5396039,65.9673161,40.4099004
0.751413596,0.0332148746,5.04539344,15.8711641,16.6478513,0.628997041,32.0586196,6.81735295,24.3646654,54.9196939
0.614383604,3.78094302,5.19597883,3.22868704,13.3486173,0.30421437,1.26707285,38.7831119,65.5106579,51.9804813
0.0357024027,0.201130066,0.884299414,6.08045173,3.3628466,27.8823748,9.62700207,3.94941038,12.3275288,79.0704045
0.757262251,1.22662548,8.76236688,3.7334812,19.7164582,35.2982644,18.9603655,25.9428182,67.0092752,37.1155449
0.0124007077,1.67477735,8.96158223,4.11105393,10.1303319,15.1020117,26.5569765,2.74784675,49.4358051,58.8476259
0.979132742,1.13598897,1.27474705,8.308649,17.9120964,33.9911395,6.91600279,12.0933061,66.0594519,47.4401012
0.0293338904,0.0587857869,0.0286201928,7.14592053,8.57230901,35.7085461,45.644041,57.9869536,74.3287369,49.0686364
0.186910458,1.61623886,0.284643703,8.90082325,18.9631865,20.5564038,48.2900065,30.2221434,50.0738911,49.0626123
0.652724248,1.34575768,4.83601168,15.7302866,17.0720353,6.7643441,0.451033318,45.0834002,26.2083663,50.9153996
0.365360584,2.46132868,7.99006255,15.9665961,22.7815972,22.0383618,41.8497294,29.2598105,72.944835,26.6483943
0.782055898,0.0539109037,4.681255,15.7381462,23.4733499,23.892705,28.1651484,41.3372441,44.3750926,36.9948724
0.900741713,3.06385532,4.98687938,11.5231329,8.27336853,0.727046298,21.0524878,0.211642116,46.915517,52.1746338
0.5559526,3.58136127,8.86249312,3.41672559,1.41723709,28.0854346,48.8621313,45.5061921,28.566779,38.363366
0.529051716,3.08877805,2.45841068,15.1257405,16.1256608,34.5336916,21.4447193,34.477059,80.912032,32.2297472
0.776791813,2.16001873,7.72843183,6.67342055,0.28001538,8.95463409,27.9506947,5.65066222,74.2667074,50.7985861
0.652765542,0.121833468,8.22396422,12.7407872,10.0157497,13.9755761,31.9955681,30.7110516,0.814682591,51.9441543
0.337390687,2.10113749,4.08989882,10.5412226,22.388644,15.7526892,15.5817025,33.5325525,77.9749101,43.1816844
0.550715408,3.49545432,0.226577649,1.93876363,13.7506269,9.77280521,26.5921899,7.7537053,15.8518508,63.8669982
0.0632454646,3.8660949,3.27815304,12.2989386,6.65770803,30.3824046,17.7957983,61.365339,9.17861067,47.6857195
0.593564836,0.176771309,6.73964,14.4525387,12.2166435,0.182896094,18.9666205,35.2531485,65.3904771,49.6796602
0.084284199,2.25812871,0.83087883,9.92086664,6.25885875,25.4002944,20.0746953,39.7109879,38.6937918,57.5002058
0.535389518,1.16649481,2.87609743,15.2346063,0.0449363375,7.55283579,6.1401017,3.51254225,34.548507,67.5882512
0.297674144,0.0373724066,0.265584487,15.4284002,14.2540513,25.6907855,1.40440244,45.4424477,49.6349217,56.265856
0.772956089,0.291983331,7.56864012,0.239178844,6.06067118,16.8487645,1.61323517,21.7383666,56.6078374,61.2915996
0.622082637,1.37155029,8.20268866,1.0457598,12.6326843,25.2371482,11.9096977,1.68383411,15.4404075,59.9103712
0.0659862124,0.121085459,6.93746217,5.20296821,9.82304045,30.0107556,41.8803906,62.3345793,52.2368945,45.6399387
0.0271585179,1.81283928,0.8771358,0.038018018,23.3887952,29.4932099,11.4033789,22.9737427,9.7366193,66.145516
0.0997320228,0.784427382,8.70978664,0.682892248,8.39065322,31.2604534,14.210844,20.4485197,78.812205,54.5248745
0.924114254,2.35308592,0.709069668,2.37140107,0.215160707,23.3366464,47.6603034,30.9812124,77.5032968,46.5577561
0.486553879,2.04419191,1.6501844,10.0430618,15.2185648,4.92318265,21.683501,28.2130401,0.714959988,61.7075494
0.0158337555,0.47171454,0.239103641,8.20425671,1.47268897,2.13620854,15.3219538,27.5289222,28.5982335,79.0306762
0.627206042,1.80777609,7.40876853,7.41795712,2.50838735,12.1914344,34.6238541,62.8449797,55.1481747,42.5071214
0.000774560031,0.072121758,0.338371887,14.2511955,24.7546382,1.73468587,42.0113633,57.4466206,1.71124672,58.2046939
0.156820697,2.74183925,4.70747594,15.1967783,6.64486453,7.54306024,27.5128231,57.4932733,22.0783239,49.7461495
0.65121398,3.81345534,1.67361134,6.01912786,17.9404314,35.7556772,45.8251596,1.9027504,55.0876354,38.6378588
0.715995141,2.92131946,5.88629883,5.37680566,24.9573386,11.5063294,42.0279346,37.2207717,42.4120512,36.4753839
0.88276307,2.39566994,0.0556786652,15.629024,7.82183159,16.5938414,0.941387685,57.3424506,53.8751225,46.4576986
0.996512886,1.56830909,5.78460723,6.9221768,7.85221529,31.942592,36.9459201,28.8374718,80.2254178,34.8848411
0.780859564,3.62679071,7.81070687,0.978329942,16.8614635,22.4884794,48.8279681,63.5561913,36.5861799,29.3674047
0.544891823,3.98749929,4.27638677,14.635513,17.2933357,34.694159,17.3284473,42.0741518,5.40405032,37.0570284
0.397606728,2.30510005,4.08739058,15.597288,24.4064436,34.7003826,12.7002705,12.3388519,24.1531388,43.4089481
0.260892008,3.24791968,8.5185761,15.481919,19.7063992,7.85025176,47.8857909,52.881025,4.28776405,35.0024306
0.698221884,0.0607903935,3.83432413,6.19658449,3.11796221,5.17075392,1.1722063,4.27265507,3.18151805,78.610518
0.930922041,0.0269823857,3.35915119,0.451737896,13.0606485,14.8590266,4.98097021,30.2580175,3.1647337,67.913092
0.520202369,0.164845659,5.76221205,9.77399143,24.1781441,17.376694,24.6317691,44.5947728,0.438617114,50.3639638
0.659682206,1.11535743,4.07777781,0.376298204,6.9436229,2.11687411,14.0236484,7.13031796,39.5557752,70.6930597
0.545013001,0.133998361,0.248502864,1.04468944,9.52408349,30.6305805,11.1162965,56.9412898,25.6388041,62.9296755
0.00122181373,2.14009329,1.23277269,2.15213413,17.0598511,35.8813075,28.7662978,53.7688943,17.4746984,54.1136824
0.93924726,3.71481596,6.5514683,8.04934495,8.3447312,35.8521867,48.594512,58.7263819,7.97409205,28.4841157
0.481918228,2.39863758,4.27909882,15.6691142,10.6299158,10.0737176,1.32359208,63.4932983,75.7652377,42.2684113
0.0541292383,3.00043012,0.515369095,6.77045717,23.5524987,31.4568443,47.886299,0.0362935066,43.0122227,48.7843518
0.0231447406,3.97462254,3.33239365,0.960068338,12.2946217,15.4177074,45.4731824,19.3002896,35.3969714,55.1809341
0.0161830178,3.95191801,8.74347328,15.2095775,17.7651191,4.83305625,17.9345156,34.4871579,52.7294562,40.8114691
0.869872963,3.81952495,6.20053228,2.39301178,17.7327837,14.2487548,9.28570373,63.7683723,13.964526,43.0370879
0.479790996,3.38905129,8.51645859,0.2125481,6.71235822,21.0305135,16.1163773,58.7152396,13.9619376,49.3556957
0.537528577,0.971177603,5.809427,12.5147422,23.8637588,4.59868851,46.4926201,61.9970083,80.6442078,31.0731367
0.0100057405,0.665919207,0.234265217,7.6364403,15.0815198,0.147679763,46.3509735,24.5707342,40.918214,65.3091708
0.904026407,3.8872745,3.20060029,15.0918213,0.376248243,33.9900876,31.8530244,37.5913784,68.7201584,30.8916758
0.781661187,1.51829287,4.3837804,7.46168559,0.8590266,18.2304859,5.13989105,62.8882863,4.33819577,57.81641
0.957710242,0.944141055,0.402099316,14.3701463,23.5141406,3.11236343,2.03090584,38.4449077,80.448101,46.6787479
0.0446857834,0.135843132,7.00990964,9.86913975,22.8621647,27.939851,1.46339266,60.3957593,39.9010647,48.5433906
0.991745429,1.06170818,0.291276248,15.0753872,18.8012897,26.3177239,35.3701929,62.4752258,46.9807776,33.4125183
0.0344335404,2.8980566,8.18386123,14.4989848,6.93477005,3.85949699,41.6035619,1.39050984,13.0346163,55.6583178
0.510558571,3.83157806,2.99805671,11.2696459,1.46636129,28.9933524,42.5668994,28.5758435,23.0370921,44.7825883
0.940895426,2.51767183,5.64837435,0.404859804,6.998004,22.2526298,43.4869055,0.549516738,24.9680106,51.9379539
0.221734995,2.80025231,8.64123555,0.437156603,5.14222762,0.604258843,5.14278833,62.4894952,26.5099252,60.6625781
0.0985513088,1.4073868,4.38748769,6.23223421,14.3131445,15.8682304,12.7250269,43.7914146,2.91832334,63.1034977
0.99884828,2.57219495,6.48110966,1.79552554,2.18409662,11.6811259,22.7072821,38.256725,46.5453786,49.7567801
0.624045086,1.30306741,1.47151688,15.6164834,3.4956482,1.95744275,41.8408823,27.0481443,7.79769402,59.3740666
0.447028621,0.840153298,1.0270713,15.9776301,12.5462666,21.7487502,31.637634,45.3413557,5.27106435,52.2781108
0.565300264,0.00616119057,7.99004238,15.3641535,2.0741283,14.2189789,14.1262799,20.0963424,39.5205556,55.7441747
0.755263335,2.84348253,5.42431295,9.6492046,22.1589613,0.95408535,20.8419942,51.4566133,80.1136479,35.5201633
0.985387593,1.63707327,5.15357576,0.262722299,24.3338641,6.12455208,15.4442139,23.3845344,80.8343985,46.6032942
0.892589839,3.02967341,8.37232947,13.7626304,19.5770182,8.56016991,20.1113678,12.7451043,79.6936038,32.7250597
0.697785548,2.72680708,3.25475057,1.05379283,23.5875763,16.4074735,0.554321564,8.46697426,41.0523537,57.1479682
0.174201206,3.19867156,0.164129173,8.03378255,24.6613158,11.137401,30.3498423,63.7372468,80.8812277,39.9571705
0.984946126,3.9581349,0.840014253,10.8792064,23.1583865,33.1224661,28.9738959,2.96278525,4.46970516,41.2561312
0.04346233,1.88552326,4.47616849,15.9355744,8.12445106,32.6145981,23.8876369,29.4048687,80.5302508,42.4415311
0.717259032,3.89017565,4.90990107,15.4795565,7.66520482,5.90024911,29.2459861,23.8870191,77.3678635,37.7936208
0.463497152,3.98655497,4.56614302,0.294792496,16.5273078,35.225792,27.066904,60.6773244,35.1728622,38.2200218
0.877843282,3.64817094,6.3203104,13.2568101,11.2620097,8.05872723,15.0111089,51.8625719,48.4054066,36.5630362
0.0120359645,1.1538233,0.693311212,11.5227511,23.2470069,17.9200844,9.33509022,59.9005839,36.8460871,54.3699184
0.994973578,2.08373459,2.98630923,12.2653745,0.232436112,9.43738324,46.4139345,62.6900144,79.8253461,35.5777225
0.677036833,3.83223133,0.702046065,0.512380861,5.60176651,34.4012216,29.0334379,30.0290625,73.9806321,45.5572431
0.36386754,2.08698463,8.88887285,7.61964013,23.8932362,34.0141019,42.209667,58.6109468,63.5120956,24.318032
0.912118708,3.91651542,1.96817571,7.3407441,24.8219211,10.1207864,0.0785035948,59.3109124,48.7324834,40.3032136
0.986459505,1.69958914,2.23807785,7.77688642,3.32827493,19.1760063,26.0496387,1.66861454,15.6994813,60.4066279
0.0744292662,3.73070738,4.49770575,3.44970821,17.5716973,3.62405203,45.5188479,61.7497496,5.11505445,50.18957
0.319013773,2.6579411,0.0360301305,4.54827189,16.8838132,23.3989435,2.78135035,0.202870905,22.3399375,67.4130402
0.410070668,0.230879437,0.879080544,10.1452409,23.5383759,13.6560701,23.9139102,30.1574431,50.8091734,54.3673689
0.921860591,2.84381218,8.89038087,4.67773845,16.7971463,13.8780113,5.08577191,26.8649673,80.3746506,39.0420604
0.0604521875,0.0796586946,6.35328041,6.37130045,16.3228317,18.478647,47.1225327,1.83759046,46.046992,56.5602191
0.681799085,3.98889962,3.23081427,5.85850651,24.8733261,30.2276171,4.84571106,5.04922554,78.8910549,40.1055674
0.0302480841,1.51819919,0.841205661,14.4774156,15.5071647,5.6400274,5.36340907,41.5559865,80.3220366,56.2726959
0.0826683767,1.62962606,2.53149223,6.73748584,7.69465784,34.7245525,26.6153363,3.86313579,40.1496325,60.3999112
0.767495534,1.1897469,0.171336863,15.3931751,14.2083147,34.7688128,10.1218999,51.9472097,66.7669087,39.7477396
0.0499563762,2.46726065,7.31187661,8.37359335,23.4115933,5.25468447,10.1836643,63.7979389,75.8853691,41.9276874
0.0460007312,0.53715705,8.99670041,13.4110386,11.4466463,12.6490082,16.1717063,57.2956208,29.7411982,50.8911705
0.995535415,3.85485702,1.30942498,4.45432267,24.6891893,1.73424199,31.8568761,58.144717,28.1718081,40.8296767
0.0677655908,3.74513604,1.12817486,12.8621226,21.3981414,19.5296457,30.9714368,12.981246,80.7481804,42.6278437
0.98684825,3.8341214,0.176277237,3.00713961,20.3053432,31.5397794,34.1252295,61.0377042,5.94142429,38.1696867
0.319314657,2.88575595,2.02542784,5.98345693,6.18859858,16.9579391,0.112398322,35.3679702,77.8048046,56.9573715
0.562563848,0.0423741769,0.411281025,0.711436786,7.99697468,7.42095462,27.2008976,58.1043838,61.2295728,62.1304588
0.920028825,3.69783282,3.32149303,11.2592627,3.79350404,10.6883609,48.0220918,36.9598454,0.154818035,45.2740399
0.934168726,2.295092,3.62525743,15.4696396,22.2380719,7.5949322,38.1458893,2.56264937,79.0357106,35.8625306
0.189203824,3.79464888,1.49352637,1.2404966,1.60364905,3.64248279,26.1446285,38.8838646,21.6571549,67.164811
0.870020881,1.76377234,8.37384556,11.0619061,21.0254273,35.074699,0.635022771,52.0198772,73.5029811,27.9856765
0.043107329,2.01951109,4.32648916,7.65040191,6.72637534,0.274131149,48.0774719,36.6642185,29.7686026,58.832323
0.0492064115,0.0486315768,3.03955203,3.11292099,23.2236534,28.7180415,16.5011714,57.7138282,15.579982,58.3199777
0.931518983,0.158193426,6.20305986,13.9148455,16.8872911,35.5692909,45.0147182,3.09331498,27.0145346,38.9553879
0.263580565,3.99425498,7.74790964,12.653133,8.13458872,25.9669542,47.0938044,11.1945157,63.5673373,34.6519322
0.109873809,2.59642954,4.93034665,2.37551195,8.17072866,0.628615212,23.3238202,4.50051859,71.1483508,64.1750078
0.175722182,1.45087466,1.91331478,0.144768395,1.75376249,0.700162903,43.0627073,32.5495426,66.017316,66.0875019
0.388114175,0.139788788,3.21785516,2.65195534,17.8333726,0.711412892,6.41964943,60.1443855,38.8386749,64.1144055
0.490507671,3.84973102,5.46562941,12.1483843,2.96163878,1.81870302,4.0039414,22.5215714,30.4397489,57.8010701
0.00643010997,0.283432782,8.22321942,6.48685055,0.77680843,8.37976442,9.12016763,13.9197593,37.2033265,71.9647387
0.372727521,1.72577758,2.57360173,0.931906365,22.7348148,5.80628657,35.7405875,1.37715346,52.9260952,59.7402612
0.292319509,0.0559736993,1.68742091,2.63683563,20.7756374,1.6392792,15.4696548,5.86172253,27.8065276,74.6027275
0.111637232,1.14782925,8.02410291,9.0625113,15.042824,35.6290884,40.9544095,23.196467,49.3862759,41.6007274
0.820083029,0.541874873,7.40472006,14.4534686,11.6362852,30.3049883,10.8055331,19.0621066,71.9190529,40.0538568
0.266640898,1.73428835,0.414762947,8.74817729,10.3371576,16.7154618,39.1546685,3.28323445,16.8598722,64.1179389
0.368359033,0.0410832893,5.59539846,1.53232095,15.1846235,11.4735384,26.8963073,27.7368434,77.3630485,56.0044781
0.499732471,0.0145808179,2.3845645,0.66763366,7.68582994,1.07096413,48.5837693,14.9044774,4.49432332,73.0320887
0.329513465,0.531207683,0.0169313061,9.89237661,8.08378457,20.4009229,19.4783027,3.70088506,71.8560992,63.1670121
0.0580108692,3.95471598,6.55075765,2.81571643,18.3532347,18.4543239,29.7015822,41.1319175,50.7982022,43.6304128
0.764076303,3.32170583,8.7970635,0.437895023,24.5338184,21.4354818,19.2487823,21.2686825,28.7886725,41.5924817
0.636872072,3.63562977,0.0666576382,7.67097843,22.0851274,14.0189232,43.6129339,15.124217,61.6540307,42.3002407
0.646818722,0.329040473,4.91228501,6.70965971,1.95438645,32.2173119,0.492401338,57.1941808,58.9742372,52.2319123
0.237816392,3.92040737,5.14499057,15.7450173,3.91635864,32.0249992,11.1079175,1.00533336,0.807287489,54.7527541
0.918857682,0.964276322,5.83231162,8.28696815,23.5525375,32.3964782,32.1339484,60.4362628,10.4656098,34.4753656
0.71717023,1.92022118,2.60411095,0.520474993,18.1612598,16.2619671,3.92118053,61.7550445,36.7458136,53.3792083
0.833951243,0.874172612,0.492935946,8.48788654,24.8578577,15.8608508,39.9064384,58.1357567,80.5726374,35.6648479
0.581782533,0.0761370473,8.1795463,13.5727622,8.45996961,16.8613935,45.5173875,29.6894349,58.6393944,41.3167714
0.777319341,1.62467884,4.44883445,15.2188801,12.0587788,31.528084,11.5800528,61.3201349,19.6258902,39.7348343
0.540838943,3.52043642,8.94365081,12.3363473,14.0447087,35.1628564,8.34132772,4.8261711,32.2199241,40.359333
0.529961825,0.27357981,4.62569782,3.73905488,16.0865857,24.8337361,44.3749463,38.8221921,5.80032574,52.6319953
0.00835927716,1.97748485,8.07290014,11.0801674,0.584051467,23.2603353,16.9540554,15.4242243,44.2180479,56.7264577
0.658430235,0.947827533,4.80904348,9.944463,0.921427831,16.4700918,12.0219265,33.3307101,77.5127348,52.570011
0.645326021,3.97776856,5.30124407,12.4606631,3.69470613,31.5733951,19.1254348,1.54577467,75.7285008,40.2022088
0.757179757,3.68070369,3.57064035,15.5598258,15.6134357,21.6202893,32.9423218,13.8477477,44.4170138,36.5699426
0.064848457,3.63206905,0.41528936,8.47692551,12.0110401,28.1528401,22.8435734,22.1241708,1.18775827,59.5796556
0.0407826719,1.73746692,3.61485778,8.73735993,1.26304128,4.22616626,1.60110922,11.5496484,3.7226073,79.4455834
0.100466643,2.17147837,0.0833571763,10.6383331,22.5999146,16.940837,0.881050667,12.8242465,62.1554223,59.1357809
0.758288097,2.19218442,0.0979602202,14.9643047,1.67084928,10.0278816,30.7699221,5.33101034,78.8368618,52.4175203
0.978458873,3.83314442,8.23126721,6.94760067,0.506863301,27.146158,23.7897663,56.9505515,60.6483347,31.2889731
0.400129712,3.92027211,0.0301139024,3.77663648,3.01444577,19.857728,39.2480333,4.82777173,66.267354,55.707838
0.536187067,2.78416797,3.39987497,1.24191015,13.7249011,35.1539191,48.8878869,34.8921234,80.8965686,36.0585489
0.754838591,2.28881776,0.36002171,5.12866451,8.5381779,1.66469792,8.95334759,63.8861993,9.30368283,62.5426753
0.0240814383,2.94693574,2.58516747,10.506055,23.852614,22.8713558,36.5818367,36.4800615,0.499210781,48.7018135
0.451896209,0.0783083234,0.287981926,12.643955,17.1113731,22.8205637,1.65333121,5.92666519,32.2251442,65.1526131
0.967235145,1.28433773,4.19443576,14.0122607,0.102589512,34.8795836,45.1375637,11.7991993,47.0090394,41.2332115
0.97725453,2.86757002,7.31111452,1.60311635,24.3382498,4.26852686,39.6503488,4.45596984,14.5358811,47.1437923
0.0206982377,3.50112464,7.65427221,14.8499672,24.0608038,21.4982158,33.3647836,7.730173,1.28781506,43.8691255
0.790762999,1.41489661,0.376476601,0.786190264,21.0933937,24.0020189,29.8503639,43.1872569,30.6624204,51.0171816
0.689183938,0.457795445,4.87810263,9.37047491,2.45593422,2.71646089,10.2875737,40.8186796,29.8027753,63.1036517
0.649038539,1.56287562,7.31379314,1.63782239,10.7514295,34.9565001,40.6924783,33.2829347,33.2652919,43.1441855
0.238769408,3.9897897,0.889993597,0.217580006,13.854929,14.1010909,12.2971302,58.603065,57.8556995,53.6055498
0.702359348,2.21424272,6.24928519,3.08669666,9.54816022,1.33742529,19.2009532,59.3240554,4.30265726,56.286728
0.989966385,1.46010363,8.91391044,3.72048903,3.5298035,0.586765962,45.97224,30.611908,78.8956532,43.0445667
0.367045978,3.76699483,8.73474682,10.4708925,0.453545409,32.7422835,4.8445223,42.9534808,79.9258727,37.5760256
0.931396209,3.90431657,8.65942379,15.885587,20.4077308,25.5343937,0.756422742,28.9920256,46.7954933,28.5084397
0.28625006,0.0190398544,0.00637463853,14.4685329,7.23948967,34.708108,42.427233,34.6196035,35.0281235,52.3451723
0.335623679,3.3086856,2.42742424,1.27852885,0.366153405,5.67400537,47.6501116,63.2497336,78.8130743,48.6844045
0.166245169,0.330195854,3.6038523,15.9033769,12.5869954,35.4692206,9.78742667,5.59017769,2.67856359,61.6435802
0.983810943,3.64204995,8.85051677,13.5739605,14.9296047,31.4884513,35.9337973,18.7178148,38.3649434,25.584444
0.00124858739,3.940033,0.302776404,6.68981294,5.75947787,35.3442685,42.3577767,45.9131419,17.9413443,50.5165371
0.552625162,3.88441236,2.96660926,15.6476487,21.924126,5.452399,25.139655,57.7058268,7.38086884,40.382448
0.992120279,2.26214762,8.80877209,14.2799819,5.71244966,13.1636204,28.5399025,11.9397646,40.0235453,41.264597
0.250681487,0.815009972,4.21336606,3.63260739,20.6757532,32.2320328,43.2506145,61.4904296,78.0263329,36.9030031
0.12656968,1.02647816,0.0413627518,3.8822557,1.67442851,24.6528289,21.9065948,61.5697401,64.0673535,60.1971162
0.249532058,3.54119656,2.0038946,2.58941098,0.359823066,32.4666286,19.9095365,62.1450528,70.7506358,47.9292642
0.996927101,1.41512572,0.0405491204,11.5716745,8.01967566,16.8317949,5.41262553,33.9555833,4.41622096,60.4186721
0.539679301,1.5600626,8.93709344,8.40801391,2.32769825,31.1392395,34.298397,22.4101895,10.1936702,49.0859191
0.2223106,1.49704639,1.93206974,0.526456557,0.242751907,7.10106705,10.3905762,61.928636,3.27224666,74.7644699
0.538554807,1.96253226,0.629257211,1.64613357,4.01086748,15.3356363,29.998284,26.3300811,42.618457,62.9090614
0.884513821,0.0951537118,7.30897626,1.71389704,8.54292608,8.58037345,41.2914372,61.6293722,36.5242964,48.1761266
0.371278371,0.302319098,2.4234455,10.3973572,19.3485847,23.9943922,2.38178629,60.9727053,0.326570611,57.6471431
0.297863389,0.759918275,8.87949693,15.4754412,24.5943936,11.4810205,2.0572655,41.09234,18.9306798,48.1985922
0.570205051,1.74518555,7.50064545,0.618780278,24.7502057,2.45779719,22.0463684,57.8791501,49.2031465,45.5711723
0.886121358,0.166669322,2.72542308,9.21899793,24.5284474,35.447346,48.3804818,32.3372762,5.82401141,40.6987185
0.360505153,0.0404344388,8.05862731,0.620930806,6.22509059,0.140543981,30.111428,14.0665583,0.81693884,73.3096981
0.529740629,1.40300863,0.823784382,5.9450953,23.7761953,9.37967977,0.378158092,45.3264402,11.9981862,62.0082644
0.0609862195,3.9815624,4.76826599,7.54932155,2.26140944,10.8122746,40.6967076,62.1249619,48.3897153,46.1392715
0.747018259,0.543509387,6.21509135,5.40490472,12.864999,31.7347593,35.5248394,1.27421439,50.272158,48.0784538
0.133037061,3.8155074,7.27412871,0.499866635,1.96645587,0.322300555,23.0101734,31.3261688,44.1935432,60.9036757
0.0288068359,0.625963351,1.27359245,5.81026375,7.9731498,6.80919233,46.4078151,56.3574611,80.8083356,55.2962553
0.247271725,3.58350316,8.85970953,0.245586418,24.3295668,10.1232807,8.13714174,2.53551766,68.9074314,50.5146182
0.599386886,3.58157479,7.9367235,6.24320321,2.36931751,30.4118404,5.17493459,0.164034635,6.23966901,56.76009
0.716373005,0.324367939,8.21687843,9.0237243,21.4598438,0.856404964,40.286486,16.9417035,4.06307226,52.2926031
0.682919126,3.28702437,2.29199829,2.87156327,9.94361395,32.1403103,2.98857999,5.30792743,73.8319456,52.3913483
0.505983702,0.272296345,1.09050799,7.40931105,0.454458222,18.8342456,47.8649693,43.8055328,60.2302462,54.3940006
0.922224131,3.28387288,0.115850823,5.51960043,24.881949,22.9204456,32.5713221,61.6617791,77.8636692,29.7504142
0.0144688482,0.711729907,4.60022424,10.6111204,7.97061564,17.4774427,26.3766847,12.9817133,9.68892938,66.3133679
0.495861445,3.7732459,2.1234605,7.11209711,20.3377045,22.7518182,46.0174486,63.0305922,34.3783625,34.2940999
0.545431287,0.254550081,5.00222047,5.90118347,20.6103823,34.121845,7.96013937,20.9793489,30.2694353,53.6678861
0.237831997,0.969485211,4.81035676,1.18425059,24.5306308,16.2891443,37.6312765,33.781907,36.0849724,52.6252719
0.636044542,0.00244739279,2.549994,15.5540176,13.0853252,0.087793395,48.3787741,58.849844,42.1816543,46.1602359
0.137388745,0.370543558,8.38256566,15.6106295,24.7663857,34.047616,24.8847598,30.2480085,33.2586262,39.2823844
0.437734568,0.0195216443,0.225622255,5.39242612,10.1653308,34.1491427,44.429461,19.5268955,76.6123427,52.0269543
0.941563589,3.43699297,3.46687131,3.03307276,1.33408229,31.566292,3.63254839,61.7023037,48.8757731,45.0285747
0.983576024,3.84893768,2.46489422,0.848164723,23.600773,11.7965002,16.0321758,2.32316846,6.95115104,55.6254133
0.539475786,3.87816038,0.543522173,15.9593943,8.65503615,21.8773467,33.4365477,47.095408,56.3487894,37.3924085
0.341590542,0.448928936,2.58439877,3.53810301,13.9019729,0.659846502,2.77687711,30.006355,76.9601388,66.5315217
0.0363553725,0.0989847985,8.18439246,14.3717383,15.3200616,13.3572141,47.2274007,63.9001197,62.4107088,37.9409467
0.69486632,2.47292806,5.62912545,1.26476799,13.9931402,11.0974482,47.3838731,42.7821402,80.2787172,38.753591
0.843550293,2.19907778,8.77564653,0.517880462,0.026454276,28.2485029,6.24580811,19.9796867,69.095714,50.231339
0.0412604548,1.85785684,2.24961467,0.486753404,7.60073,29.4754591,46.3335717,26.565275,23.5119699,60.446304
0.556223512,1.79429301,1.5358066,0.53595677,24.727251,22.9067946,14.2868073,23.9936085,76.6681728,50.5853621
0.583934734,0.764291708,3.26414857,9.85766076,21.4131173,21.9786986,48.9825768,1.52520907,43.2702492,46.9053872
0.00404980499,0.260290194,6.06891979,5.9287162,18.6455932,2.13759073,46.9412604,54.5478145,62.1662781,50.0336421
0.98455043,1.3563371,8.90458245,13.0083278,10.884591,17.7424109,11.8423636,59.5654321,35.7118801,37.0271133
0.015624858,2.42795232,5.83789405,15.084929,19.3781543,19.6404148,16.947601,1.73613611,74.9751079,46.2957301
0.267346427,1.16562358,5.93002556,15.8926074,4.77038094,1.14104332,34.728749,61.4980555,78.2391214,43.6776103
0.0237821052,2.82336813,0.783280411,11.7224365,17.1713113,33.4487811,45.8212219,43.4635699,76.2144245,36.4393677
0.906885975,0.130327107,5.41731338,8.50845726,15.0643868,17.4952725,42.2558076,47.4883864,72.5322982,37.0938307
0.401089456,0.441955978,8.89678476,4.02032032,2.38066693,17.0914805,17.0311254,43.2648676,61.5475403,54.3910683
0.475188594,1.97880194,3.87955409,13.6277316,2.0079525,32.6269544,12.5527563,38.1063178,6.17987773,53.6978782
0.321267944,2.20130651,3.05658052,15.9090684,12.0516693,3.46435406,18.2370235,19.1406877,42.4463939,55.7875868
0.814679342,1.26278852,8.29496957,6.31734879,24.5017042,0.204698648,27.7260833,2.9804267,55.7274332,47.41079
0.157428827,3.62519568,1.49346596,15.4354228,23.673247,1.8165829,4.50369631,49.1413176,78.6268105,44.1975615
0.610575368,3.76083862,0.933053844,6.81946694,10.5952058,34.0196041,21.0782916,54.6564499,23.9869215,44.1135259
0.0160286678,1.57527937,8.3707915,15.8093207,17.5819222,35.0881191,13.6354,60.3003471,35.353981,37.0788761
0.867437489,0.0874972735,5.77502039,8.47580968,7.70833093,5.64191504,48.5453858,4.30929825,53.6317108,52.8228136
0.0692439447,3.13191752,4.80978168,0.00117512792,5.85996097,19.244135,16.5733958,43.1844712,52.4058951,57.6038779
0.431216431,1.8181954,5.42268785,9.09290705,13.263812,35.8400657,16.3117041,58.5277546,75.9009227,35.9206753
0.0354136289,0.787445452,5.84036777,8.99741075,5.4413313,3.53532024,24.6733369,61.0908246,1.88463869,63.9916859
0.348427848,0.107342197,0.225674043,6.93979324,20.4765329,34.6879318,21.8737897,45.4310685,50.5842447,51.1394277
0.245295861,2.75016916,4.70931394,6.11459922,0.107845024,18.0738934,48.89921,27.4586129,72.0223401,48.2136369
0.771996417,3.7750892,8.82950354,9.71732373,11.0312046,2.09695574,48.367163,59.9621527,50.4980872,29.4324319
0.941491177,2.56886607,6.59700458,8.63271089,3.08121669,15.8527764,2.19632099,21.6383154,34.3822899,53.0305503
0.321555235,1.51531448,8.75365514,15.4345755,1.42268349,15.8995875,44.0542746,39.4355597,11.9633448,46.6757913
0.961565765,0.143254036,8.25881756,14.1274986,1.35746615,21.504264,24.7248961,40.9195601,69.6675895,39.403498
0.403796292,2.41709387,0.217460058,1.51324313,14.1833129,5.67388744,44.9522447,39.676,23.4543013,59.1262255
0.883314976,3.49923438,8.17264512,15.3717244,0.893256371,18.6621593,31.1855556,41.3157992,74.212562,29.1193851
0.973271425,3.09138244,1.9456371,5.90696415,22.4163146,1.43920357,44.5007201,47.808489,77.5510585,34.6586585
0.66468871,1.69262498,8.88299844,8.09746892,22.125121,9.94946151,0.816150306,60.1315211,8.19516783,46.6699842
0.187344067,2.76692861,8.48047106,12.9370317,13.5805121,32.6413825,48.6121296,61.4692363,32.2167571,28.5542261
0.341286337,3.99787473,0.631295824,14.5580768,8.7449189,1.22673139,34.9459016,28.4311292,22.7672966,53.9650309
0.985036829,2.05594094,4.94874536,8.11246136,15.8408009,16.3310614,16.5352327,37.4283675,3.25555393,48.826132
0.979774158,0.257123508,3.31828551,11.4215518,15.6587327,1.90059121,15.2941741,57.70975,9.83092416,53.9893978
0.612774305,3.59099879,4.3124591,4.44464433,20.5268693,28.9327131,27.3705361,6.00908694,3.44780595,49.03025
0.0182053368,3.90838032,0.333095608,0.600695029,24.8146179,13.3670578,27.4124242,29.5350967,15.6552113,59.4672924
0.993389556,3.59305165,0.943053207,1.5915517,20.6397082,23.8691643,28.6444583,3.14914927,80.6858548,42.0618143
0.57337917,3.13486876,8.41349426,11.7299041,13.2774284,5.38502741,2.93401733,23.5483547,1.51480044,53.8638725
0.937128849,1.29824932,8.27171524,15.4986723,9.66339922,18.3610013,1.83676125,0.58288008,5.65165458,53.7514735
0.227467473,0.18329075,1.27717453,0.839807861,4.14174827,14.9229161,45.5310816,10.3026574,46.5274475,69.8613388
0.511412502,1.23965577,6.51264944,0.176161386,1.16315172,34.6910057,43.192434,0.310113818,35.5424613,56.7639005
0.937153667,2.96673733,4.39716723,7.44838471,1.56542732,14.5972862,44.3566939,22.1451446,42.329664,45.8346842
0.0676956084,3.04036112,7.53591491,14.4389002,4.0549852,3.07614355,6.45788816,3.56093171,10.8581993,65.1480677
0.99577764,0.139214845,8.51379141,0.519572646,19.4647746,28.031814,47.2285388,24.8828922,38.9417054,40.0034593
0.897674737,0.877218018,7.65725522,7.97966566,3.50124914,29.5118175,45.075768,63.2592488,38.2148638,35.4837223
0.988532226,1.04446237,5.12787745,0.420138695,8.23599869,32.299136,10.3146263,58.6765666,1.33437006,53.1543728
0.347830523,3.95042936,6.44904878,3.84517331,2.8559326,35.5091986,42.3309349,32.6834566,79.5519074,36.1152883
0.124604291,0.897266942,0.822345407,10.9497775,1.42188724,32.628781,5.3395888,30.6533406,69.2244182,60.7729284
0.604586223,1.12262821,0.0276154541,9.12522027,11.8390729,6.19059676,7.29530189,18.4671332,52.0269829,64.6233004
0.289619988,2.57251963,0.759250798,13.7389591,22.9472912,0.177180894,35.2245784,1.94609511,5.08846045,59.8810382
0.942029086,2.73138787,5.48076678,0.439648375,20.578501,18.5274565,36.6965788,59.2972058,0.175215405,41.3698718
0.0360535127,3.80555367,8.86615922,0.956468076,17.7483635,31.3135523,3.91208008,53.9820229,15.0096707,47.5475836
0.988600152,1.61102361,1.06612554,14.8834013,2.07084383,6.72792378,0.29260068,23.1701233,56.0186282,58.1184425
0.96042711,3.59372414,8.37374442,8.04005104,14.2778406,25.4398314,42.5308275,4.72559047,79.7331391,27.825265
0.128101627,0.0161756799,8.69546605,4.79612588,0.762071542,11.7164332,46.4045242,48.1144378,24.4984406,58.2747252
0.709714347,0.676144416,8.90819283,8.88337028,10.631828,20.3530113,1.44447665,29.1513968,34.837505,51.8949201
0.816448715,0.21420962,0.497437866,15.0012603,22.1584424,24.3965193,38.5203347,30.3871584,77.1668818,37.3280474
0.360464994,1.34061879,8.50514202,14.0834681,20.0744103,22.4849641,17.41121,2.88275328,3.08109614,51.2575218
0.00286104716,0.342478804,0.0928493715,6.25668861,6.50861331,21.9800417,30.7071963,36.3738781,9.83374253,70.2537202
0.993552321,2.53544288,2.67390089,5.78193191,13.9525081,35.7166239,34.4339247,53.5154307,52.9575528,33.013096
0.747070757,0.072826257,8.9795285,12.3299227,20.3293186,35.7959688,36.5415039,47.0945529,38.1586324,30.0686702
0.269734638,1.72023925,0.137588953,15.0356203,24.4838378,35.8012407,10.1428646,0.162766576,60.26633,49.0865553
0.0167856119,0.463114931,8.03843428,5.27109797,23.9742938,15.7775181,44.5718425,9.08575848,0.433858276,57.6738426
0.0162827787,2.65864688,8.72585894,0.908784785,15.5404346,18.8409081,4.27738256,9.10185937,18.9215373,63.1625703
0.071026261,2.95347435,6.84764293,9.48397319,8.02711953,16.989055,25.9262627,45.3180945,77.4745775,42.7813971
0.498720587,3.98762269,8.94264813,14.377131,6.93782206,5.72458223,28.6561126,2.98401916,51.1439696,43.4755053
0.409068085,0.829216905,1.45918752,15.2260266,24.733744,0.0504906904,28.0348517,61.063498,68.6110526,43.3978865
0.710180934,0.0438567419,2.47558678,0.332579196,8.84147088,33.9854965,24.8268117,38.1697341,59.1314667,53.9134805
0.253731854,1.88507483,5.51838289,4.37564697,8.59148971,31.9212176,37.9796949,2.26192552,0.230606172,59.3858043
0.527422191,1.53908042,7.48043896,4.86698511,11.5919104,0.343738446,23.4275327,41.1970964,60.2420288,51.263225
0.552484499,2.42787299,2.83810932,0.18378596,1.39161324,19.934954,41.8833624,63.5711863,31.5497652,51.852626
0.0777698108,0.308842864,6.12453549,3.67653145,24.1626429,2.21623999,33.1369856,63.108976,0.709047791,58.1729771
0.0352693419,3.08731817,1.25210195,3.69335603,15.9919061,1.39040027,6.06703216,63.4900231,6.09821689,66.1501137
0.623150335,1.15072028,0.350506397,8.81958493,10.5684942,35.543033,32.3349451,56.7153474,79.5367479,39.5660537
0.0842171256,1.74891911,4.68768165,15.7608082,18.6000557,16.0363484,36.6249592,23.1045931,39.1025991,46.5776352
0.0332540712,3.60469556,0.266131637,15.7767464,12.1523271,27.5929957,4.73509247,8.74998978,67.1771779,52.6076557
0.912775523,0.0728907865,2.41975913,12.2520416,0.0988717541,16.9021016,45.7619764,22.9058265,23.0670473,55.3814397
0.0673178891,1.64704864,4.37960432,10.6840648,23.5572557,2.58805801,12.9183772,0.216041118,59.4882609,59.4547056
0.966288664,1.65429646,8.46130195,0.181165002,7.56280445,11.5982462,37.7361765,32.5466808,5.14298633,52.2424719
0.187181959,3.86870941,3.147995,11.2924053,24.1511159,11.2385145,40.4418468,35.4199776,50.0724146,39.0544847
0.269447954,2.44702232,6.98415589,8.3698703,0.640871015,30.4115798,48.212783,63.0125299,55.1681915,36.6629711
0.964892495,3.79268124,8.08543981,1.75451002,0.0780706993,17.4733095,29.825175,2.24137089,49.005643,48.241102
0.134267657,2.54602199,6.73106082,14.1140263,22.5635089,35.8471214,30.7189244,37.8286186,12.1416126,37.0336154
0.393860851,2.47726861,7.77055833,1.37561591,24.9634453,15.3013022,28.5639084,26.9181331,77.2827155,40.6248479
0.951387607,3.88601237,0.472410877,3.21709758,8.99853049,19.1548092,31.1407598,17.9601758,41.3536844,50.053762
0.499843091,3.4512908,4.15024546,5.64528801,0.555550214,17.4707272,19.7516694,52.6462758,32.8513071,52.0508921
0.500321739,3.6298776,7.54373577,8.11938485,22.6581201,21.6346166,17.6953736,32.8421611,53.410871,35.6176196
0.713893314,1.61969739,5.07146824,10.9629326,21.887218,12.2009196,6.60981659,10.6936846,21.2078062,53.9365736
0.131815449,1.68900069,6.82795651,13.2710898,11.2605361,8.39631043,44.6299321,4.26853439,77.5291016,47.1057439
0.906288874,3.9884409,3.8839329,0.462711789,1.24536959,8.53440171,18.6330153,7.95138464,8.76015274,63.7399531
0.718397539,0.429750404,6.33382454,1.0471247,23.4762816,22.8453478,29.6180133,62.6289595,77.1049368,36.6264165
0.0948678316,1.7745832,3.19467638,14.0904037,2.2108497,11.1612879,37.7930955,2.03191757,48.648915,60.264023
0.268028777,3.03860347,4.06928437,2.59970082,20.5806788,35.2354238,2.40535441,2.34004191,41.8723506,55.0345867
0.984202529,1.96763954,4.76480549,0.152715437,10.4505512,25.0764216,10.0971819,21.3376409,37.6276173,54.0702963
0.936575205,0.0778528396,1.06352063,1.05097294,24.534666,5.94880256,12.9641079,44.0970379,23.9412235,60.7146128
0.432915875,0.0684417077,5.17450693,1.66738893,12.1965234,17.2347472,11.4274218,38.7625474,33.075228,62.8555458
0.0384865492,3.37372848,5.07262284,13.4615683,13.4030541,21.78645,12.0657172,34.623736,41.9303107,47.4101563
0.324861761,3.80649095,8.31014988,11.8917617,13.811444,5.67196726,1.02590983,56.7724939,80.1202662,38.3307973
0.0514987824,2.1601418,3.38215535,15.7954178,2.48081797,28.9550119,47.4825154,32.1774789,8.71735009,50.6943652
0.463025796,0.298211949,0.10851361,10.2902248,5.95138598,35.9196661,24.2652368,62.4775939,16.3520571,54.4233621
0.366193556,2.46040948,0.229736542,0.323649906,24.3499474,35.374443,46.6374095,40.4125396,57.6528826,41.348162
0.552538022,2.02612452,2.4184319,4.59551551,7.54569527,29.5206075,1.15831337,19.2951987,8.10486959,64.8662793
0.430115157,3.78177529,0.668783639,14.6606571,2.60019694,2.17427165,4.06107761,60.7757594,23.0194314,57.2527273
0.190093961,3.63679004,7.94305247,3.34719303,0.426872273,35.1968939,2.9882767,62.650129,41.4092657,47.3673576
0.0266318522,2.40615692,0.628585951,13.5894658,22.1111399,31.5770127,3.88226169,39.4085407,4.23134334,54.9314722
0.468991787,1.37988274,8.3006736,0.748873771,16.1272847,1.83546406,44.4327589,27.9236913,1.8724155,57.273827
0.938898029,0.236678647,4.18054482,14.9632444,23.8250188,3.0102951,19.0959587,58.4846051,49.0536457,40.6274282
0.417751163,0.575215662,8.21167656,13.5962884,1.27864609,21.8950343,46.0613567,2.90318936,32.7842623,51.4088128
0.518382106,1.7922055,3.59514871,11.8479026,12.0297244,12.3534121,16.0583023,63.8515291,0.821949148,52.5969356
0.435547063,0.957942242,0.304347323,5.6274921,8.21838867,2.10007917,21.8194099,3.68611008,0.572228867,78.248973
0.479472642,1.98678017,8.58212107,10.1490836,24.4488419,16.8270827,44.6164494,28.2975385,16.1109099,38.2109333
0.524126204,3.95647212,0.960615712,14.3435999,1.38029883,34.1028158,13.6448416,11.5621397,26.4292368,52.173576
0.0737746265,3.72059121,8.94703817,1.54745542,12.6301553,0.0299317259,47.7239828,20.8714406,2.91302448,56.2574472
0.789159213,1.59554662,0.791981225,15.6950139,15.7781884,12.978551,8.85736698,4.91990379,1.04154968,60.8986698
0.925892541,1.90372516,8.7947636,11.7188667,23.4262776,0.645354107,14.2460446,25.1718777,30.0559372,43.0940699
0.934049549,2.28308126,8.43018211,14.3478896,14.0314927,3.30837993,27.1425989,58.3304719,10.4296738,37.9387263
0.00850780262,3.96255459,5.97369506,8.69850404,5.87099586,34.3114726,33.9195441,25.83122,42.1633575,44.3237019
0.259119641,0.0952356663,1.40814805,10.2121452,5.50720756,13.8779354,3.3497032,60.6846842,29.7258709,65.922438
0.287778548,2.7762316,0.280105078,1.29075605,21.4638878,26.729911,7.64119629,59.5409653,1.27078388,57.8150713
0.975961445,3.93604825,2.61670365,8.7792504,1.34611339,34.7440436,31.4981423,55.2189096,0.270762035,40.80738
0.925680357,3.63904019,3.03401567,13.6913993,23.9822184,27.5673613,6.31777388,63.7722675,15.8199495,32.5111295
0.656410534,1.16736461,8.76842562,8.7632876,7.14797087,15.7628046,1.98274927,5.31204224,80.3594767,52.1160175
0.00551548461,2.7949992,7.99086748,8.01721664,14.6251454,6.94003621,1.61767892,55.2877357,6.29503134,57.2710972
0.129065026,0.783576236,3.52302912,0.97859227,23.7504294,33.7918578,5.1096372,38.7558645,52.9208056,55.2285484
0.486880302,3.98892434,4.16565842,2.17089429,9.71923039,1.59144904,48.2976828,6.73376611,28.3589131,56.0376502
0.924052073,2.17274035,2.80605248,2.3538972,15.5472541,3.8865449,23.3569338,27.411191,35.294011,55.5923378
0.0667654425,0.507169847,0.00812964561,2.90658443,4.63200518,0.159905708,32.0340584,43.6503848,0.0220244355,78.8676642
0.51401241,0.0262734946,3.55190337,15.7153396,24.5522247,34.905345,46.4586845,21.0413581,53.2897403,35.7340777
0.657797739,2.42638071,0.406332047,12.8403917,0.722969754,1.37183526,22.3702469,63.6610313,79.6750852,48.7336331
0.548678978,2.59034214,8.7306084,14.8183905,19.8274362,21.1973729,11.2233397,38.7534371,1.28735964,40.8349065
0.871005985,3.99038379,5.355837,11.648823,9.01251558,33.6230528,14.4941989,32.6549672,40.5421421,35.6358356
0.877134804,0.0185781252,0.545736994,2.13629261,1.04664955,23.0962226,35.6792046,61.9002638,47.7557513,55.0635709
0.364548841,3.88946458,5.02024157,0.355764188,17.7011068,3.6030109,5.17797952,3.00648743,43.0745915,62.1164747
0.0363803934,1.78109069,6.28028504,1.33449319,20.0422744,0.728436822,3.86238996,51.1844997,42.8870171,61.1906099
0.964697134,2.65890662,0.548061929,7.60327138,19.0344048,16.1875712,17.0266032,7.99444861,33.7893015,52.5988689
0.065718404,2.11686734,4.92605065,2.01466622,7.02376488,33.7195814,17.6995818,61.2203663,3.41195694,57.2699603
0.66632779,3.88467969,4.07584434,6.60592221,2.71029488,2.77341527,39.1870059,9.15421045,79.5003301,48.7450504
0.0351670776,0.212291053,8.94537477,15.8467549,0.638860069,17.7424886,13.6194659,30.5164884,74.1919872,52.6476363
0.726541204,3.91207936,5.21520995,1.83771274,10.0594933,28.6612245,39.7448404,30.7358411,42.1213047,39.902294
0.1477791,2.89334675,1.07724288,11.0596823,12.624473,6.50443891,32.8091705,34.9109552,76.4736969,49.7013816
0.282826096,1.83280991,0.0813930952,15.9533363,24.5664716,19.7115389,26.9967933,57.6064072,79.590325,36.5443437
0.19018616,1.83514927,7.54616322,0.649166271,22.7148802,27.3466856,5.09803131,39.9833772,0.786231554,56.28086
0.225578269,1.17584341,5.40045975,0.93681828,1.72629369,19.8980543,30.7593568,29.4010027,79.2948167,57.0444686
0.77885891,1.12681572,5.38142478,8.18905443,2.24665816,13.8004196,43.0811114,52.5574928,7.3175611,50.7301824
0.647906645,1.46796387,0.154554738,9.9581975,11.6021987,33.3416487,45.0382986,8.73163179,0.677728823,54.3483302
0.0947372336,0.994743027,5.95363296,1.26085406,11.2096283,0.321583366,6.60361463,2.54841894,19.3351172,78.284989
0.205328808,3.84509051,0.981533481,15.3479321,1.08524083,21.0852688,43.7089332,10.5012403,58.6560523,48.3970252
0.571241244,3.4063835,6.94695176,0.743435726,23.3191335,35.5355857,8.96781551,61.486024,65.3134891,32.0986059
0.978306277,1.57440221,2.20037676,1.30163798,7.23358704,35.8522003,48.9051405,29.6453192,11.2392813,49.0776421
0.471948573,0.158673706,6.36518281,10.0043997,24.9152247,0.261074005,43.3796986,15.1429998,56.1908701,48.1820073
0.767808935,2.25908428,0.96628226,7.65501491,2.86800588,3.70772795,48.7054445,61.9173306,5.79056101,53.6774314
0.985685586,1.67057503,3.04751443,1.02214951,17.6044282,3.77881346,8.87145453,58.1699317,78.5221599,48.0629419
0.220258103,3.51177003,5.21752166,6.90949117,24.715764,32.8982866,45.6012378,14.3723445,25.3042988,39.1128396
0.491062329,1.13827952,6.89370711,9.84066634,0.123801956,8.26483226,25.9098779,5.63970152,3.11775844,66.1493748
0.991519512,1.87373078,8.53465696,15.9636399,20.14871,20.6909433,39.0410858,5.91619078,52.4201274,29.7440984
0.0810353905,3.84723482,1.0701071,5.84897246,24.5001428,34.4150747,2.94018289,30.8947045,19.3629503,52.8325786
0.542121582,1.74974504,8.92092912,5.43249871,12.5091157,22.6188535,42.2916165,1.56490767,77.7134532,41.2673254
0.649272113,1.26560899,6.95306637,7.44257538,24.0069896,15.0839324,4.97072421,61.3379323,74.2016388,38.2378431
0.625549069,2.41280843,0.160338017,6.75741832,6.14023456,34.4479684,20.4230003,5.70209569,34.3266136,57.7657881
0.417563038,3.92789686,0.365508286,9.06267512,19.3449791,8.73297332,4.19580626,10.3389139,7.75358962,62.6017134
0.701192233,3.75141599,4.60923055,7.71162361,14.4657155,0.404031621,30.7059347,8.67829827,0.201238724,55.6917142
0.0592264911,1.67854034,7.26180988,0.424342923,18.6429812,10.92122,33.9531503,59.5560563,79.2775446,44.8493647
0.916254345,1.94709376,1.81077062,8.21662242,1.20792415,2.27681146,46.7817399,8.75471968,5.78851225,62.307665
0.880638328,3.55350535,8.46985734,15.8086674,0.426912122,0.161321713,15.4268686,26.6192729,38.1207932,45.3211494
0.143825708,1.11466774,4.99659791,13.9042228,12.9267288,13.7233477,43.9708417,63.9163894,3.48900084,47.954565
0.602614723,0.582626522,0.458893977,15.3441365,1.41075419,15.1857333,30.788589,31.1056799,52.0960531,55.621665
0.397673334,2.78287896,8.6551341,15.7134507,24.9469354,11.7252996,4.23387602,14.0463872,57.7500969,40.2267768
0.948416518,0.145642374,8.57559622,7.19234697,2.77428653,3.50448262,5.22582476,29.305242,67.3351203,55.6516367
0.0566560859,0.875343722,8.77934643,15.0675376,12.6641151,29.9258668,10.9481411,13.5927801,47.9114622,49.3571899
0.0717799403,1.62182721,4.61239167,6.16312794,24.5176183,25.3588001,1.84279319,4.99603197,0.391527788,64.6606584
0.112193083,2.5166137,1.63433971,0.617845886,0.212190137,23.4426792,23.2876794,43.137084,16.4161014,66.9647563
0.172501594,0.937155283,6.22987652,15.1726448,22.8774171,1.07932262,43.7940777,23.5944964,11.0117785,51.2140482
0.584422907,1.58320073,1.922907,14.7519204,24.2606462,34.101253,26.8949416,61.7582177,23.2422379,35.1739217
0.486504358,2.71497965,5.99162354,0.385555364,0.0453265384,16.9965086,0.435667851,27.7806596,37.3933737,64.0707633
0.0206808271,2.33064416,7.05702425,9.61170241,12.3162416,34.6655901,0.778920199,10.8562118,76.3829969,49.1967289
0.359957419,3.21733577,3.96505663,8.36753513,14.3169634,0.292705128,31.9794254,60.3470764,57.3483716,44.3088625
0.00161998672,0.908467539,1.38134088,9.23772304,16.2674457,10.0222923,0.907522232,17.9280317,5.60435845,74.9276924
0.95577028,2.52436541,6.77137599,2.69556344,13.0229413,2.2682757,47.5160026,63.2896854,37.6421978,38.7225674
0.826215228,0.797378276,3.45753742,12.1448496,10.1356166,35.0029487,25.2604833,22.1287365,17.3061057,48.6505587
0.430058277,3.95784257,7.78522854,7.7086443,11.226089,2.70409593,21.4241889,31.7948965,51.6690708,45.9732746
0.967754442,0.195610916,8.17350932,9.19323317,22.9218026,31.3006271,2.2316225,28.5770993,49.7486156,40.0891461
0.97308827,2.7782183,3.40862458,6.67269668,6.27035143,15.5468596,10.9825581,1.11515588,68.8814018,52.9106717
0.812320498,2.68245276,8.96288941,11.1686436,24.0524911,0.31428764,35.705171,55.9138959,41.5731379,30.4082159
0.951980828,3.76709265,3.43397417,12.0958157,22.4613214,10.6969043,47.4634685,62.0605258,54.7473753,23.9876033
0.695309734,0.282785928,1.76195709,5.71160264,17.0399103,21.2726611,18.5327351,46.6013299,76.6353319,48.4029097
0.968335085,3.23109896,2.4303128,7.58622638,21.4167589,2.11213154,3.53181766,26.4612208,78.1380527,45.7130421
0.170279993,3.58335755,3.35313091,12.5709677,0.397735823,14.034199,1.06550236,29.9077051,3.54352563,64.8564075
0.935967675,3.23484917,0.247410857,0.416493386,12.5067848,2.20616478,47.6544024,29.4416529,52.9789604,50.5957718
0.987347385,1.39002396,4.79851187,15.2693211,11.6880156,22.2892474,48.1586566,26.8294278,53.3997386,33.6631568
0.925750887,0.380630352,2.82222534,5.5843642,0.639253098,27.2546265,6.13547552,29.9585765,32.6474005,61.5274913
0.167779294,3.46640301,8.62959219,4.54377305,23.7400735,35.1569842,21.0059648,2.93832404,51.1465211,41.0062414
0.508934564,2.65285034,5.52519047,15.7799787,22.0341932,5.30687923,28.2012542,1.93281797,46.665575,44.6339867
0.305662314,1.06605125,2.52765864,4.1932498,18.6709529,3.89517986,24.8917938,56.6581416,77.6923311,51.9712712
0.96144528,0.0433062129,8.65692019,5.08014786,9.44537261,33.6635957,10.9602403,23.194458,6.65138834,52.9690715
0.0487886062,3.96041841,6.1926508,6.9011922,6.77701151,1.77480195,28.7144629,3.88943628,32.5968053,60.8013097
0.975939295,2.44690932,2.71114611,14.6357916,24.60923,10.5538716,9.41995479,2.84744781,62.0857507,43.5066616
0.0523445895,3.02206415,8.62248056,0.0547171086,11.92257,10.9926051,0.971780602,20.5277826,63.84083,59.1075107
0.806646592,1.23711113,0.285404537,15.6338589,9.79156365,24.2068733,12.1402392,6.53025735,73.4508454,50.6064036
0.116410646,2.05488983,1.19990724,12.1618052,5.40593866,10.9599916,38.8998005,40.4214724,4.66502864,60.8077484
0.96358898,0.159916779,8.37293928,15.9831694,8.01205717,12.4485771,37.0700548,1.84250558,69.5982381,41.7369186
0.367149051,2.69643087,6.55555614,2.19029328,19.1548235,14.5707056,24.2943146,60.7937662,1.04921364,49.5984647
0.943190545,0.813946972,0.015208255,6.40914218,10.0821339,0.610067686,40.0270172,17.0819609,71.5296542,56.2662683
0.0330637554,2.81014709,4.82000463,1.45384868,4.42939927,28.675503,23.3819302,0.132590711,66.3846673,59.6160263
0.859825791,0.368294837,4.345487,15.2889501,2.16282657,0.901781772,0.335157053,61.3676326,57.9675862,53.5198696
0.500895004,2.16933035,8.8542611,13.4510952,13.3695682,3.35855637,47.9885077,3.72187185,32.2737671,45.2027011
0.821340436,1.0748023,0.455023256,11.6904344,1.76697552,32.4827934,46.6967732,63.5663836,10.3890915,45.3476596
0.736171353,3.32768951,1.07471072,15.4011062,22.4883492,16.8274767,4.62889711,45.5493243,55.0457392,38.8578716
0.378533563,0.0543613695,3.71595815,5.5263081,1.0316072,19.0400717,3.38242984,11.0998014,73.8651307,68.0562629
0.4185077,3.43565893,7.01923771,0.583554924,24.6993819,32.4164548,48.1226854,5.19009272,78.3273316,33.1951424
0.418384139,3.12887582,6.78584398,2.98638431,0.251747901,8.82283348,1.85417015,62.7431136,75.3171981,51.7285921
0.698757894,0.0956797637,0.202025995,4.35714454,22.7005502,4.53246449,1.53893376,54.6739259,71.7269391,57.5269425
0.0546077509,3.16987571,0.227552167,15.0564887,22.5091055,15.171534,48.9619653,61.062391,45.0635032,37.2794477
0.468399991,1.59456591,8.70595568,14.2170451,2.9333327,0.752621748,18.1214482,42.0301253,40.8994056,51.192758
0.413399384,0.0137931909,8.59986058,12.1897538,14.3630435,35.5271272,11.4707438,29.7668404,4.15859773,50.5980206
0.294918385,2.77318718,2.15318802,15.344025,23.4811485,32.6348661,46.5426169,7.52646137,42.0645455,37.5667165
0.94031523,3.51229966,7.24574062,0.288985826,14.0387205,34.2360914,24.4848355,19.1083263,2.07504125,44.6893187
0.144312123,1.81542989,8.84284428,8.32670708,17.1343107,1.95795838,4.63671561,25.180976,61.5902312,54.5628886
0.555469978,3.13567615,2.94532687,3.74888526,24.241528,3.39903953,43.0893172,40.6917121,2.03230517,49.9410691
0.481438598,2.15405884,7.35069186,0.138710409,17.6653936,3.2697155,24.6476136,8.41415021,51.4129979,56.5331176
0.982372573,2.94331326,0.598520173,11.2507525,5.30722534,33.8922162,46.9280073,19.61675,43.9392544,39.4633255
0.0110047618,3.82812615,7.46128468,8.5539031,8.51467459,8.83569636,2.10803715,3.63143611,52.5825694,59.2595584
0.00619859156,0.718913097,6.23795806,0.642057412,11.0295593,34.2770464,30.377496,30.7915193,11.4727025,60.4978984
0.101843155,2.7116268,5.20120142,15.2752201,16.6004295,4.92325062,23.2385614,52.899819,80.0610616,39.9737698
0.898416698,2.75776855,4.08605636,7.73189181,21.7275015,34.7305014,15.7040251,30.7600958,72.0532147,32.782142
0.4921896,0.92245311,8.25617953,15.3054415,10.2427959,0.966135728,2.5087664,32.4399296,2.39977112,59.7667199
0.685371479,0.15381298,2.55321171,15.6962682,23.7176157,31.6327319,4.52561292,18.2549082,73.7135813,43.2937789
0.344131032,3.2410304,8.99542928,7.4308582,16.3027166,35.6516503,18.0845301,63.6054561,31.5158378,33.191851
0.396545281,2.94614348,8.62514505,15.6673001,12.9886539,0.441098007,45.6437691,52.0198792,73.5454548,30.5031065
0.00700825407,3.15090433,2.81024222,15.5396162,9.89031388,2.16779398,2.87666467,44.5427466,27.7709936,59.6491314
0.439104882,0.143025477,8.61566492,4.40958365,24.8007015,0.561698506,11.5242405,52.1274474,12.6661212,56.4284562
0.497608355,1.21449078,8.87982856,9.38412558,10.9353431,22.0484594,27.8454251,62.771008,20.6685312,41.9056058
0.842557174,3.43369907,4.9056496,0.449443974,2.82010598,32.4305381,27.2943933,62.5225134,80.8525914,35.3342252
0.481047045,3.83075456,7.85672994,0.106971845,9.18093792,5.79404505,0.701238464,33.5867711,16.2773949,60.1485065
0.270250148,0.376967609,8.31286398,12.9865964,15.1974842,34.7276178,47.7368657,47.6751024,75.2358648,29.7739516
0.973487552,1.62113089,5.2804549,15.2986399,6.62704876,8.36436644,48.8730923,30.1210904,6.53922185,44.8015426
0.201910412,2.03314885,7.04870729,1.10845002,8.9366547,33.6319577,22.2040486,63.2756574,63.2491989,43.5885223
0.0400397172,3.7901105,0.871297574,1.59701276,14.0522508,1.69723538,18.2865745,18.8832973,75.4024868,62.3047916
0.794129718,3.75265034,6.28726991,2.03621252,22.8497181,14.7059035,30.1078129,62.7089271,77.1248782,28.588241
0.118225146,0.0401247051,5.34581613,0.234099403,22.6697945,16.1790064,17.0966576,9.8286742,8.26112572,70.0272294
0.350055233,1.51319115,0.458417093,1.09526084,12.5763786,30.5214723,14.1353786,27.8302947,40.2009531,62.019451
0.898133632,3.72779517,2.37014815,1.91979714,15.6726609,14.9924895,20.1049543,63.9566103,49.0419317,41.4236979
0.900063199,1.44876995,3.32230909,3.64234741,1.45774027,0.346730702,42.8789539,30.7967517,41.7728302,57.7890804
0.452958754,3.51114583,8.61284762,0.230909005,13.8869463,32.9843389,5.1501396,31.8644709,73.6121047,41.2705751
0.651667772,2.32095576,0.682921911,5.09964437,21.4419494,35.7747764,41.7419203,30.6353699,10.9616984,45.0686705
0.287427506,3.17634729,1.9550588,15.4190872,19.6850991,32.3437127,1.06113714,62.0823912,33.8547416,40.4674505
0.411622495,0.557070386,6.03444651,15.8977535,14.9118208,33.08006,38.8853928,44.1424883,18.7321564,39.5008428
0.752846321,0.352435267,7.6039391,14.9412366,20.881498,7.68534278,48.3958326,49.3179462,28.7563842,35.7590415
0.862241176,2.74980423,8.90937443,12.1885603,8.01999986,24.678231,15.0098635,24.5231232,0.165659783,44.4527013
0.242565427,3.1885323,3.74039097,15.5573852,1.52055862,8.68141377,0.709498707,22.9156074,69.1197414,56.0503014
0.576680262,1.06067901,6.37226024,13.4716449,3.02394695,33.8060051,34.7451345,37.1914751,67.2327657,38.0877152
0.563820228,0.506304331,3.27801861,8.28232067,1.50539603,1.71507442,34.3758511,58.6832761,63.0548972,54.6994208
0.913756647,2.03184041,2.56895296,6.03088219,1.62026135,9.6947799,5.6700404,52.7269239,47.3465411,56.1967279
0.51877582,0.260798503,7.29098358,8.10844608,10.3957366,30.4480405,0.294281113,60.0589947,4.46078201,53.7558901
0.976570517,0.882735664,0.311202396,2.45096371,14.6049178,21.3899326,6.25627859,57.8275044,3.62834883,59.5621382
0.664191138,0.241814904,0.411956979,4.90835313,22.9547703,1.18616915,38.0361599,25.781502,37.5940702,59.2051296
0.00571009796,3.87846591,3.09721544,14.044411,19.3997613,2.5755557,20.9130416,11.0899696,26.7277722,55.835322
0.982018181,3.11824866,0.91168287,8.27376283,1.76846351,32.4954245,41.6500125,61.0750124,70.536629,33.0166917
0.0583871519,1.25145106,2.56038045,5.89184828,0.459539553,33.8130224,48.2756919,35.9877827,59.058366,52.6860857
0.0326425829,2.49556403,6.62538882,8.72876321,0.505158899,21.8960893,21.1952812,62.8125286,12.8693089,54.0050051
0.526385415,3.83865671,0.682495766,8.3668303,20.8076001,19.2014048,19.0689226,40.988359,75.1149771,39.9173789
0.963467567,3.99757714,7.37773599,8.19330449,13.8571406,31.6241589,4.40813969,63.4825161,8.41419871,34.2979817
0.917255684,1.26513936,7.19377447,15.5867874,23.6499969,15.1159102,1.50145107,63.8537906,48.9262739,33.2745034
0.258999536,0.0208331123,4.8197668,10.3478811,20.0578053,16.6076333,22.4491535,3.8176193,43.9519959,58.1052343
0.368197845,1.20475502,0.714786834,13.1952463,19.5379976,0.180491528,12.9592816,2.148785,23.5778712,67.2313496
0.876867352,2.03830869,4.17199684,15.5571343,19.931147,11.2147667,36.1834954,60.0904606,25.7829945,34.1472389
0.952161825,3.93518722,6.05599438,3.72907439,3.98950122,2.22763428,48.7950278,44.4497605,74.8300965,36.9161603
0.390375311,0.151421525,2.11852096,3.52330217,0.218061463,21.5409631,31.2592683,59.4578398,15.0783595,63.9551508
0.895602124,1.53960766,0.41835727,4.14336938,8.76429053,2.06065475,1.93881058,0.769758314,11.8057344,75.6543818
0.243098869,3.05074066,4.04613826,15.0146296,23.2499544,17.256188,11.9115087,41.4382837,6.62512464,46.9393012
0.0411486482,2.34131788,5.69169582,14.8119535,0.785099599,29.0433016,9.21533993,55.1421104,67.6477169,45.4709016
0.0812888882,0.88937302,8.30777168,4.83308728,21.4030615,30.6076035,24.4889942,46.3996053,78.6791053,39.6529365
0.942394333,3.28624575,8.84785883,14.1569742,0.41414781,15.238436,11.4256059,62.9009078,29.8144912,37.157774
0.727907129,3.74046646,4.54469319,15.392913,7.32502293,16.7908852,0.555393685,32.0021815,5.90252377,50.2922175
0.676130749,2.91800281,6.46468522,7.04786218,8.46809702,33.5615635,28.8513351,0.507477671,21.7399177,47.7718126
0.736856265,1.37300605,0.253683081,11.8249786,10.0230531,10.7329675,39.4512186,49.1504954,30.8505436,49.9956626
0.925245415,2.39875417,8.68784133,0.976276949,12.9479536,23.4083776,22.5972785,55.4569118,40.9006896,38.31058
0.666603585,2.42578674,4.94485576,3.89463452,1.75363262,33.5569678,21.7200455,62.4391805,9.24670524,48.875423
0.140949603,3.75989503,1.25049196,3.58835824,8.65146852,7.53330349,0.315439189,12.5210769,12.3270013,73.847544
0.0941347829,0.493188193,2.28142069,6.82236141,11.6064694,28.7002499,1.49832787,59.2932932,78.9476716,54.5499224
0.546746009,0.640680842,8.82656598,1.9457821,23.0620143,4.71503701,13.1033899,29.6143231,80.9091666,48.9807834
0.0552733406,3.91614018,5.77801343,1.90516416,6.39695195,19.5428132,38.1948891,54.2063182,7.07472302,52.1342205
0.935586905,1.63645451,8.75464913,13.1342068,16.5836996,32.0238769,34.4350393,13.9827897,0.945445423,37.5095941
0.0796639091,3.64527946,4.97679065,14.0808162,0.434007053,27.8734285,0.97107737,5.09042576,64.2757536,54.3498073
0.0551573425,0.117820628,0.475414889,12.974283,16.8353855,3.34611365,8.34648658,54.0733586,13.843831,67.7684859
0.974674347,1.407021,8.5543722,13.0374238,24.9726305,21.6009311,31.1006082,32.5502122,80.2624899,24.1679582
0.952882854,0.408525251,4.6887621,0.0438927114,2.66375134,28.3231173,47.1384379,30.9878263,56.1895237,48.7563791
0.733228227,1.46724472,8.95933813,1.05960577,1.24090866,8.57060825,13.9007732,61.7742815,40.9413006,53.2909319
0.439337675,3.79319695,0.587421523,15.6329612,11.2169742,34.1062327,42.811268,16.956165,68.6798387,35.4157885
0.0476703751,0.783978049,0.717909387,10.4943334,16.0332933,31.0471743,35.1950996,58.8258208,17.1754263,51.8606138
0.488923577,1.35422704,1.11099902,11.6630477,7.56590297,14.5889199,48.9684452,11.3089689,68.1417794,51.0548417
0.206054124,0.606626768,8.04620002,13.3042884,8.08735313,34.767506,29.2275407,2.97446579,9.93074212,54.0214727
0.299369011,1.97988588,8.86928653,14.3978073,24.9168425,3.41549155,27.4488415,60.9682876,68.3557149,31.9118241
0.0487290956,3.95964106,3.79640871,9.31773811,17.5380227,16.6281571,1.95583939,54.5862056,68.7968119,45.0177416
0.0071531795,0.893951416,1.44327593,3.80201861,19.5730108,19.5724837,30.9421477,10.0263532,1.16308833,69.358611
0.5300206,0.224894511,8.5545925,3.61996389,13.6453635,18.1799169,24.3133643,30.9738312,1.49385426,57.6398406
0.0311284564,0.7038645,4.16397549,15.8864092,16.998727,32.5515713,3.07432962,31.6837218,35.8320163,52.8112373
0.694770261,0.0150777251,3.17548143,0.562543951,22.9315444,15.0729437,47.5920403,4.46816865,31.0210635,57.2606447
0.425598945,0.165887985,0.178585998,7.99088703,23.1849873,28.9173473,18.8605326,10.4106619,75.9314713,53.3110622
0.91873477,0.701133047,8.87200794,15.7109038,8.06200103,33.1938992,46.0916145,27.1217639,34.7861169,32.2206449
0.168976005,3.91884934,0.226775785,7.85887979,6.55087803,0.874232132,7.10425025,48.5014259,75.2614655,57.9626849
0.443486982,2.74284147,6.6074752,1.48562355,13.8673024,25.5622718,1.50032316,39.0939131,34.6748509,52.327625
0.551965531,3.53873278,7.83398172,8.41021816,10.2134819,11.5056371,26.1923956,63.4680808,25.3559298,39.9985144
0.580157695,2.84149774,2.36827345,9.90540796,0.299411151,10.3726237,28.15751,1.65859756,45.6247468,59.592293
0.329728089,2.95996466,0.283608161,9.95974197,2.16137911,1.87020164,6.09625519,0.993844361,80.4205566,66.7232342
0.499812118,1.3690383,3.21028047,0.326880321,9.18368131,0.189674774,27.0370175,44.6076908,32.221307,64.0179946
0.299335065,3.6977479,0.110325895,0.439684138,21.5176653,32.2572476,32.068359,28.6177327,23.0771213,51.0359654
0.980781294,3.96485969,3.14277062,15.1925278,20.0218599,10.656257,48.6075044,23.9373097,13.1163275,34.4939134
0.978950286,0.869814342,6.68171456,11.6917994,12.6123337,0.709236279,5.62703599,4.69398496,55.4409368,54.8179399
0.332802765,1.66430064,8.77685503,4.62661945,24.364289,22.4704135,27.548126,0.462611377,39.3728608,48.1386986
0.438570902,0.244596681,6.6069297,1.18661477,11.6162398,13.1659516,32.86908,6.04502955,38.9960672,62.3884296
0.946395893,0.303069389,3.79623327,4.07582381,9.95428616,2.43003051,23.8503895,43.7493857,80.9064026,51.8494501
0.0516036833,1.21242053,2.59149073,7.43936731,14.7600378,31.6144598,27.5288181,24.614502,80.9177593,49.7600831
0.489557771,3.98984493,2.97853067,3.84887973,0.190139166,29.7633107,16.2835991,17.5684291,51.3688449,54.0678404
0.951117346,1.71693961,1.3590681,15.7467687,24.9093872,2.98183535,5.04526609,33.6812277,0.499225566,52.9985091
0.0241773869,1.39736667,3.46870938,9.95289723,22.412178,9.32579067,41.6006387,1.22129434,58.5908947,54.1339569
0.276616818,0.395467421,5.89713415,9.12665399,24.4899745,4.32256316,1.7953122,50.6934475,46.5402423,54.3988679
0.143661645,2.08509076,0.271090417,3.94068561,11.0984937,10.6326652,47.916013,12.317714,60.520148,60.0206186
0.00756328507,0.464528516,7.49423465,1.06970748,16.5213688,35.4899812,43.7117054,7.35608232,62.8706982,50.5207967
0.994588978,0.227821078,2.22494012,15.2330019,7.90972084,19.6964771,25.4395014,47.9343205,0.157793464,51.2841005
0.379530572,3.08126604,6.38609441,10.8245305,12.3180077,5.40808486,40.4009313,33.2433014,0.211675414,49.7173352
0.570024823,1.62877633,6.39861926,1.05571274,24.006221,32.4805901,45.2940239,54.4122431,13.3778768,38.2626199
0.6312674,2.84475517,8.5504028,6.43537186,23.898306,12.7147922,2.05834166,0.716204256,6.63811853,54.0113072
0.397790479,2.6583039,4.75588241,5.53886891,5.89037502,35.327406,48.609599,5.9162899,54.5285983,45.426931
0.883462542,1.41978353,5.17900778,8.1489563,24.2321534,28.5153496,34.6817761,54.3497377,60.8031729,28.9754984
0.751202276,1.82663287,0.491858653,8.2993446,23.5699133,20.9267392,43.1545903,1.5654352,7.93475276,52.1284323
0.927352514,0.0547855422,1.75636804,14.7157911,0.471661857,3.19799808,1.0258691,55.8784095,15.7291676,63.8682099
0.963319038,2.01225696,0.00622031512,9.85748663,16.8401698,11.1360572,48.61065,28.9886769,56.5645526,42.1173442
0.948836607,0.387440207,8.34199513,3.39944679,22.6596088,21.6661249,3.48717139,6.38641143,10.6526745,55.602883
0.227711978,0.620888884,7.37879762,7.91389215,1.2272277,1.46306495,2.35838093,59.1782002,60.7632594,60.9988671
0.437685272,0.705461234,1.54566655,7.14253475,19.6586888,5.15881337,22.0176908,4.34854686,78.5031165,59.4632377
0.00365920831,2.00125606,6.9986694,10.0206011,0.37915844,32.4229029,48.6321523,53.006649,3.48103725,47.9178798
0.298164206,0.983256441,3.5797613,0.0856490732,24.2249573,34.3542779,33.1412949,29.7051117,68.1055315,46.0925468
0.999030761,2.83999746,8.63382699,3.07600325,3.72903086,34.3032975,42.9042557,10.2205288,0.542081097,44.3932197
0.67329208,0.0799713135,0.17519901,2.79067319,10.6942298,18.6061412,23.7033898,16.8133704,28.243757,67.4787233
0.783507284,1.62766698,0.447699099,0.851125047,1.34166414,35.0628447,23.4535741,36.8586488,34.5645777,57.7524211
0.892891064,3.28046648,6.30035566,9.02671931,0.111724308,3.9606469,3.52851121,17.8780949,77.3813476,51.129055
0.154255915,2.31665626,0.0941389525,12.7882211,5.67457284,32.4658101,1.18438454,15.6094077,14.3201925,65.3687193
0.649817167,1.90848203,8.67921999,15.378533,4.69487979,9.85628311,25.2489779,25.5626593,80.5120301,39.7476434
0.00534611754,3.40879023,7.95901724,0.360392288,14.2393386,29.6120841,35.7933684,8.02391366,12.5509589,53.6962717
0.444660013,1.60337299,8.75207498,0.220907256,1.231646,0.395092506,22.2129941,3.64715114,62.8626802,64.6844557
0.521949108,1.59466405,3.41694606,15.3109383,4.59332883,0.111835677,10.3746981,33.3729538,4.09343163,64.1359304
0.130728497,0.615411831,7.25996147,9.19547078,6.68335697,3.14005494,47.5073062,0.386381954,37.8694024,61.5153738
0.19044247,3.06634125,8.99415116,1.24193287,14.3214661,1.26769681,41.0786281,62.0442664,32.8884251,46.0457543
0.493204042,1.12134092,5.34788824,14.1468161,8.65391688,30.7885609,48.1051375,3.97845176,63.0771532,41.378326
0.6195662,0.196470624,4.68399678,1.66032205,1.61354666,27.1854502,40.6457635,31.8006579,12.2215609,60.112606
0.166161358,2.69577349,8.69618205,10.189788,18.3858992,17.0039596,23.8860153,57.8067847,48.8913807,37.274721
0.921803053,2.97561352,7.05693386,6.91091629,12.1408748,2.42438238,41.6426993,28.5345155,34.9328082,42.6478505
0.0314248949,0.632837266,0.215842669,1.18710345,24.4495288,33.4528268,40.3701359,61.2228125,55.4473182,48.2215711
0.747547837,0.145976203,3.19958462,0.744417094,24.0907805,26.9978564,12.2127701,62.7293239,24.9925168,50.6935053
0.970010694,3.87891181,1.95927672,13.4466731,22.2419011,28.269882,5.31787713,2.03872269,31.4031085,42.2124498
0.457067472,3.73201714,0.0273297066,0.587340124,24.1022935,17.6357923,22.8138565,9.77713407,45.9323629,54.7865017
0.133118376,1.28219503,4.16657912,13.6803944,9.98238088,34.3806716,48.9288879,38.9461264,50.0513346,40.5449047
0.959709038,3.31917589,3.12556908,13.2259677,1.3120333,1.93482086,14.3382434,1.11955425,0.440833118,62.386773
0.442201544,0.325418247,2.93507632,1.471375,14.6868272,23.7664088,29.9882528,62.1248512,46.0365452,51.7739321
0.987807828,0.344691821,2.77971497,15.4125934,24.1516435,24.0082377,25.1132754,54.6211197,1.46667709,40.4092859
0.218800519,1.52127544,0.171755703,11.9077273,8.08354569,14.6194274,11.8630805,2.34335277,31.2988266,69.3666981
0.553219087,3.81276391,2.52671342,7.95095108,24.429397,14.2215198,23.25256,40.1978878,27.7180799,43.3206545
0.0689659519,0.443017306,4.03168984,15.3088455,24.634803,17.4719808,48.4307421,47.6509797,48.1129248,40.1985627
0.21020563,3.70412706,7.34301429,10.7399384,15.8520082,35.5713878,43.9842102,37.3824462,79.4484337,25.4652113
0.015505543,2.40664385,1.04231102,7.32668795,5.69434555,7.0065601,4.43127186,59.2798936,36.9205774,65.7134513
