0.011135073,0.0394563908,0.0228693215,0.473089159,0.959818658,2.15857374,2.01393415,1.746274
0.00127533811,1.97109148e-05,4.82603428,8.54115822e-05,0.00961264501,0.0374827052,1.26764266,0.783701924
0.000170490229,1.64450787,0.00290665575,0.212084944,0.00108336968,0.289102474,0.805402508,0.857164078
0.439233173,0.000300794683,0.0419326918,0.165714948,0.0243148956,0.0840244331,1.51930781,0.0336848486
3.80894879e-17,7.84390323e-18,1.12109882e-15,1.2633492e-14,7.74565814e-12,1.30634054e-14,1.50431966e-09,63.9994587
7.45035132e-08,6.96367545e-07,2.00865694e-08,2.68372361e-05,2.78369236e-08,0.000204976621,48.7050616,6.97806159e-06
2.70147837e-07,7.73675188e-05,0.0430659713,10.6822297,0.119377358,0.000881506842,0.305758217,0.0449577237
8.45543767e-06,0.00174906589,0.00543852924,0.000223028015,21.1459042,0.00211440548,0.128683644,0.0024199438
4.51493054e-09,2.07593859e-09,6.6413234e-07,3.44984348e-07,1.41398002e-05,34.1623161,0.00011741834,0.0718367101
0.00248902612,0.000388199281,2.47803483,0.0442352125,0.0125085122,6.44543043,0.00015082525,0.120249457
4.51510533e-09,4.83669956e-09,1.22575708e-09,7.83481372e-06,8.06189341e-06,0.00261922878,5.96511684,32.8444326
1.24466049e-08,4.13702877e-08,2.36533265e-07,6.62387989e-07,2.94255916e-06,4.67774277e-05,25.2622953,7.94740049
0.000327367366,3.2496458e-05,0.000101123988,1.68540134,11.2001005,0.000551004241,0.0703307758,0.099275184
0.00739426584,0.786970466,0.834320545,0.00981936426,0.00796486208,1.71928414,0.000314906868,0.258505065
3.83017716e-05,0.015020778,0.905204709,5.22811315,0.175410262,0.0324945221,0.000112464855,0.258504548
0.227105651,0.0118096708,0.00678590302,0.253269222,0.51901093,0.561100203,0.500784174,1.00123986
8.4738959e-07,0.000112241525,0.000598787332,0.000897166439,0.000107295297,18.1691073,5.58974738,0.0059833709
8.55947396e-07,3.47499777e-05,0.00700737334,3.07315742,0.0372206604,0.0213882991,0.0769730314,19.1938618
2.52489727e-07,0.000939564362,1.49913249,0.00130512474,5.40691752,0.00357115772,0.664766204,0.828130595
9.59772208e-09,4.18695581e-10,8.13445568e-09,0.000109230795,6.48948871,0.0356693783,14.3860591,0.00447312761
2.73613809e-07,3.55909223e-08,4.77274215e-06,5.75353627e-06,6.6717202,0.0299064425,0.0588916925,17.2139458
1.27460102e-05,5.86019484e-06,1.98657433e-05,3.30252009,0.000155378358,0.0348600449,14.0649993,0.42003773
0.000476407245,0.000866999885,1.64721236,0.0284695077,0.00855899429,0.000982108262,0.353286685,17.2306037
7.93281153e-15,9.28332073e-15,1.87274817e-12,6.34357482e-05,6.27865385e-05,11.1496902,1.93353479e-05,17.5045318
0.00018348837,0.508871727,0.000239550262,0.0114069754,0.00891027389,0.0343300624,19.5715657,0.0499134641
0.00030369363,5.44217356e-06,1.3938237,0.0479884682,0.148069785,0.0289051264,12.7202382,0.241339092
0.000746367939,0.466563963,0.134776022,0.0567491978,5.46119231,0.056400382,0.0135157312,0.521633764
9.07334885e-09,7.05530466e-09,9.54105855e-06,0.00238227833,4.23717868e-05,8.89825897,16.1476146,7.63999958e-05
3.08623596e-05,8.21239574e-05,0.0101507211,0.031824543,5.39275084,11.0673098,0.00145574767,2.79792222e-05
0.000631774724,0.42412071,0.188229324,0.0149798267,0.000214870259,0.230648903,0.288643948,14.9398674
2.891196e-12,6.13336595e-08,0.000106134008,2.78514875,0.117640763,9.89380303,0.508903192,0.00437387185
0.00306701035,0.00780739115,1.88193602,2.4384214,0.0810177445,0.00816436679,0.3694039,0.161416016
0.142058349,0.0322231802,0.000410290524,2.875694,0.616108784,0.0205860857,0.0123513903,0.267176316
0.0764088284,0.000750337481,0.0062998562,0.0828314542,6.82567049,0.115780203,1.18875546,0.0770688978
1.26535665e-06,0.000147916442,1.32696796e-05,3.59906045,4.12486569,0.0749224634,0.000406716309,2.38953372
0.000316910214,0.000549756468,1.05792103,0.0228807908,0.0400947008,12.2232308,0.0425117653,0.314417748
1.08829553e-06,1.82546698e-06,1.76637945e-06,0.0189133059,0.00148906359,0.430848743,11.5766287,15.1504953
0.0884348481,1.11145238e-05,0.0289680007,0.00355289411,0.12030314,0.927544511,12.911656,0.164149134
6.28305501e-11,9.95056321e-07,5.44045586e-06,7.41838911,0.000922780197,0.0305918502,0.183553858,6.37977227
0.148227508,0.000832366105,1.10528514,0.291571474,0.0276588053,0.992173585,0.102497097,0.097949924
0.00511892929,0.332007046,0.00707359928,0.133545323,0.0764572734,9.62954249,0.00182755034,0.772402358
5.74547015e-05,0.352220707,0.0867727284,4.00472614,0.0636860259,0.0898289623,0.625292017,0.123608999
0.0808394122,0.41057614,0.0978971495,0.355413039,0.437509768,0.0343716815,0.783985676,0.158894362
0.0168093324,0.305641803,1.45522731,0.115334757,0.962953431,0.0160837284,0.00685472509,0.227287681
0.100014783,0.000102941235,0.000628164839,7.76550104e-09,0.000853939868,0.199415672,0.426212136,24.8596663
0.00303081688,0.114675147,3.55472781,0.038770882,0.258182625,0.0337542149,0.283993609,0.0500238546
0.0834077112,0.00877151315,0.0333012926,0.0514554622,0.0717756742,9.615124,0.328958565,0.260159179
8.48843301e-08,8.62690497e-07,8.5374169e-06,0.00223681479,15.6545879,1.50681697,0.0526168457,0.0519237241
1.75988145e-06,1.13801332e-05,2.70657776e-06,2.73264084e-06,0.000364503419,1.06673014,0.00551895143,47.4310655
1.23511016e-05,0.00028522263,0.413972519,0.387870672,0.0304219998,1.34726747,0.0798188842,17.4678177
0.00049793622,6.56583462e-06,0.0025911518,0.0103224106,0.0770970289,0.299714893,36.1892894,0.00215649449
0.00239526596,0.00976813804,0.638250664,2.57349298,0.000130397414,0.285341304,0.105968317,4.98982382
3.16657296e-06,5.08562403e-05,0.000109791493,0.000142517217,0.0462738967,25.6996116,0.0605997596,1.02022952
0.0655971045,0.00425099354,9.39411096e-05,4.88440056,0.00920617208,0.112376866,1.78741478,0.0671488406
0.0935585461,0.0400603207,0.249323661,0.0156495786,0.00413056808,0.0259203355,1.18837053,9.78009399
0.00278515663,1.14642309,0.345021881,0.0224486712,0.194130007,0.662877776,0.0156129957,0.570749226
0.000220101983,0.715270057,0.00223315636,0.120940984,0.167750681,0.300170218,7.75853092,0.177193266
4.13424216e-09,5.65868362e-09,0.000459737909,0.000583053,9.30678902,5.48453252,0.365444521,4.7805934e-05
0.331213057,0.00150722895,0.0734635191,0.18137175,0.0126636506,0.358481478,0.188910704,1.91359928
0.000322764516,0.019580876,1.20342251,0.770128771,0.123210009,4.41564187,0.0304753455,0.252642209
0.00185156564,0.156258917,0.00141576622,0.0396879998,1.6640896,0.00963009582,14.0475686,0.179038232
9.14575369e-05,0.00267119391,0.0165658076,1.32947032,5.47652675,0.000146098305,4.87142424,6.53167689e-05
7.61461378e-12,4.1925964e-09,2.11310806e-08,4.65372736e-06,2.36832287e-06,9.58829402,5.5264201,4.6669816
6.1798706e-07,5.32396362e-07,2.72009705e-05,2.1446699e-05,0.000586978662,5.79416574,0.0153162471,27.748627
5.55991582e-05,0.108664122,2.21831358,0.212712068,0.0577908502,0.00897171364,0.0251135652,5.24757697
0.000156640037,0.000335500398,0.615161339,1.71496917e-06,3.89482081,0.49423509,0.0785715929,7.01623233
0.000755218359,0.260253764,0.00222695809,2.37207792,0.00743132144,0.0559697068,0.012311643,10.3885504
3.18724898e-09,6.94857475e-09,2.45495193e-07,2.00311621e-06,3.14197743,0.139538275,0.146256331,26.0241247
0.128531458,0.0017569427,0.00689168135,0.000318277671,3.18760632,1.30389358,0.0517298886,2.05090904
0.000595448467,0.375336696,0.00126204748,0.0717643889,0.0202205532,1.31217183,6.81115079,2.20438763
3.13144295e-05,2.65895653e-05,3.56209435e-06,0.0290515611,10.5227363,0.00958580121,0.000496632354,9.05806268
0.000195206618,0.0181627951,0.723236964,0.0284132718,8.27328144,0.00295575231,0.130398479,0.687791872
4.38462337e-06,0.000136490291,0.00353356999,1.54094544,0.0688611876,0.089049756,20.1525346,0.107631072
2.86324598e-08,0.000260261074,3.05187515e-09,1.44509345,2.93823847,0.00460646932,0.133885265,11.9858339
1.22701778e-05,9.08001769e-06,0.000430486185,4.4157246,0.440645312,0.00140673968,0.449770198,8.46044681
0.000194287927,7.5343291e-05,0.000204686348,5.3171286e-05,3.2687008,0.000969750639,7.76903635,7.89987293
0.00352025236,0.000247805547,0.813727031,0.015962966,0.146535403,0.301946135,5.15942844,5.80758192
0.00010712058,0.00544533169,5.88960621e-05,1.87810042,0.00210384911,0.0364222544,6.57107984,8.20472897
0.000255870554,0.251457602,5.06156787e-05,0.00685285061,0.0625141684,0.00999586927,1.05604133,25.8135066
0.000250586575,0.705142911,0.001488907,0.00453366511,2.79386414,0.181548636,0.0789772518,3.942246
0.152753208,0.248864285,0.0139807707,0.00163680203,0.053512743,0.584329613,0.64310709,2.71914561
8.06995697e-06,5.23128437e-05,0.00236391666,5.30839317,0.0161784479,0.181689847,7.96892465,0.0166915025
0.00118884206,0.194971653,0.13880495,2.08393219,2.13788738,0.275828142,0.18121926,0.00846786373
3.50394951e-08,8.92747551e-08,5.7008703e-07,0.000117998914,1.77030968,5.59326383,0.155595315,11.4579603
1.31210456e-06,4.25080531e-08,0.00765430564,1.41797664,0.0176858325,0.125958864,0.181363099,27.0571872
3.45504674e-05,1.07369326e-06,1.82312802e-05,0.0115614165,4.94287849,4.35980726,1.09867478,1.98108803
0.000845525415,0.000337420432,0.00276215409,0.00182229357,8.7727421,0.201512323,6.46908354,0.0456925641
0.00255612735,0.000388295714,0.0151866579,3.56441793,0.0133216384,3.69043542,2.70962859,0.00202966559
2.55283555e-08,1.69959106e-07,5.96121178e-07,0.000614072531,0.000185349831,16.4630167,0.0033581041,9.57706327
3.94562123e-05,4.37578086e-06,0.609071247,6.79833169e-05,0.0358724456,0.312382791,18.556039,0.910158953
0.000177229985,0.00225548689,0.000583114751,5.66761812e-08,3.59880902,0.0047593142,21.0780519,0.00234616063
0.0795607909,0.00541922796,0.0306489226,1.66278415,1.90152796,0.260269362,0.572653834,0.0346497335
8.45375504e-05,0.000737723978,0.346913251,0.111522649,0.113558004,3.79156328,10.562533,0.0193964683
0.000230364364,0.000544166006,0.000789061151,1.33234305,0.00194245668,14.5060016,0.700332711,0.0654973718
0.0307122937,0.215223468,0.453027157,0.00139892695,0.666083656,3.67269801e-07,0.144627892,7.42192723
3.08729307e-07,6.47082757e-05,0.0101518657,1.70268085,2.69662603,6.31954684,0.0279662895,0.0142788625
9.1080343e-07,0.000231214182,0.027732662,5.39562536,2.55552702,0.0572762071,0.641288772,0.00423591092
0.00499995622,0.0144821833,1.02286487,1.27320548,3.10455569,0.0424361225,0.0241244998,0.0300729988
0.0242579078,0.218666448,0.113309601,0.00819040211,3.44991404,0.00171766217,3.70407779,0.0100109695
5.88455844e-06,9.03383206e-07,0.000572238073,0.000233757196,0.0154435859,4.46142537,22.6531547,0.031864459
2.09044061e-07,9.07685697e-05,5.7619868e-06,1.62456492,2.07263769,0.000862784181,11.0595327,0.159035446
0.000604070274,0.417655186,0.0128603361,1.10301536,0.010745519,4.4643521,0.758616655,0.0710212129
0.021062355,0.132465397,0.484096489,0.0883817916,0.132475221,6.53493094,0.000970703484,0.231839644
0.0472115429,0.0350322213,1.5564587,0.0960249192,0.242196696,0.0955655158,0.0232918642,2.92802893
4.28278093e-05,0.00173501404,0.729770183,0.00641562056,0.0210455755,0.179236934,0.0550755693,27.9610547
0.0533747121,0.00041730617,0.483197377,0.0371750303,1.8287995,0.000460310691,6.8086793,0.0130822064
1.01991814e-08,8.81603367e-07,3.46976966e-06,4.77827866e-05,2.78739715,15.6453879,0.0571053266,0.281569744
0.0118682692,0.460663503,0.360804563,0.0740569201,1.62587596,0.286726563,0.203614395,0.373206025
8.5117523e-06,9.82504253e-05,0.00138524313,0.0496816296,12.3613951,0.00413674522,3.81168932,0.0546637396
2.9533312e-05,4.1957425e-05,1.76702246,0.00384368213,0.109046215,2.26843289,5.61168258,0.0612936814
0.0490668452,0.00421780357,0.796218825,1.4259781,0.0537934821,0.193097269,1.96665701,0.0383002669
0.0808623341,0.010212442,0.227868771,0.0870400015,0.0772537285,4.03867987,2.79115316,2.37407585e-05
0.000140558988,7.75031475e-05,0.0168843923,1.84853824,0.0615040367,4.16873357,5.89137237,0.0652845295
0.0422652071,0.0240273821,0.00162403213,0.0056618469,0.146218653,0.0605444518,8.88025401,6.80128327
1.4914777e-07,2.68124117e-06,1.85621041e-06,1.19205046e-06,9.09257337e-05,4.54579289,7.2033411,9.7715553
0.155024213,0.001910088,0.00636593387,0.594945599,0.0518524765,1.91610817,1.76610559,0.459690792
0.0108150512,0.199179401,0.496914171,0.594227304,0.00530276116,0.316999201,5.00483575,0.0364831925
4.83779971e-05,0.00241689246,0.00731922175,1.22496596,0.00901857877,7.26670386,0.102014931,6.21156907
0.0119966692,0.000338959876,0.0764857864,0.0244842987,6.73600527,0.0100287762,0.301562682,5.82927219
6.82540412e-06,0.00900623142,1.85052605,0.000716958343,0.0236904152,11.0567401,0.00671225181,0.000699088269
2.04390623e-05,1.82881744e-05,0.000956630138,0.00215938885,0.589138433,0.0472550708,5.37839216,22.1892505
2.71871536e-07,4.97639445e-06,0.000240386715,9.53232736e-07,1.93153952,0.00679651793,0.0107663261,37.2001766
0.000280127631,0.000653017784,0.158269813,0.00426612579,2.42485669,8.29035414,1.12994656,0.136189116
0.000114534687,0.00124399441,0.00683653673,0.0152293451,0.285976007,0.00197717612,17.2058657,7.61521722
0.00296492056,0.855142877,0.00241177571,0.0168946996,0.0490486229,0.60013131,0.546845536,6.65072898
5.99686167e-05,1.74125654e-05,0.00662087799,2.0253428,0.0201639212,2.71121261,0.0625648134,11.6291999
0.000789430767,0.208035268,0.00461600579,0.00850812207,4.56468885,0.0464788028,0.119688229,7.9446989
0.0535203225,0.000734538912,0.837799168,0.0564774245,0.00972233377,2.02060082,0.0327293919,5.63366985
1.89473549e-06,2.27206595e-07,2.13181107e-05,3.05783811e-05,1.10271002e-05,13.6471281,10.1876614,0.00322535446
0.059636302,0.0023095096,0.349316834,3.01842851,0.0569497982,0.0644590178,0.236424162,0.976071997
0.000491138844,0.160429281,0.00375113062,0.460367705,0.0103610244,0.0938234415,3.0593714,13.2124545
0.000230848458,0.18384945,1.22717917,1.42404105,0.075641414,0.100837724,0.0471053134,1.3518106
2.3874198e-05,9.14036156e-06,0.000579199542,0.833629925,0.0110792732,0.0222700423,28.6627798,0.0746247293
0.000103347809,0.000134735841,0.0101114164,5.17032107,0.0579915901,3.82169013,0.0144968285,0.972898635
1.52344039e-10,2.11585204e-06,3.09615345e-06,0.00160307894,3.40437079,3.84355425,7.89106861,0.0708130696
0.000101733263,0.00300009617,0.924650694,1.32974581,0.00410608198,0.101510202,0.0856677578,10.893964
0.0015263119,0.177383464,0.0195112304,0.00401708874,0.437218177,14.2697403,0.0130597772,0.207589026
0.0501727062,0.0228148903,0.000229745247,1.19351349,0.280348781,0.0383608605,0.0474005233,12.2167379
0.0475224488,0.00172560084,0.00025215858,0.049758501,3.31003637,0.924966808,0.525872462,4.53278046
3.62841431e-06,0.2696422,0.00139072812,0.0212947226,0.472069569,3.4548347,0.552757337,6.87283063
0.0179440155,0.679775469,0.0964963206,9.25892745e-05,0.394027285,3.06508836,0.0256942115,0.496046251
0.0597829069,0.0413978863,0.00213293829,1.68882753,0.0191330366,0.145727136,6.47090707,0.125188333
0.000110279667,0.179158768,0.685667892,0.151555327,2.89223786,1.01055655,0.0402458923,0.248941004
0.0371379828,0.0500453316,0.000108933051,0.0146652312,0.00613158503,0.0832389284,0.153941141,29.5741005
8.17856583e-06,3.24090837e-07,4.57677629e-06,0.00342265039,2.98380422,0.0949003555,2.65002903,15.8592079
0.0477073427,1.29983494e-08,0.000440935957,0.00346129223,0.0105717893,16.3095661,0.772639947,0.195309502
0.000436929742,0.000694562141,0.577094747,0.181812325,0.00427964247,5.27633425,0.0715236605,7.79236636
0.0549554907,0.00394003779,0.0555026729,0.0209932578,0.0694461746,4.00071282,0.0165462456,10.2680077
0.0014353185,0.000301891223,0.00429400944,2.57075711,2.69578677,0.055155661,5.07770321,1.92211899e-05
6.40619578e-05,1.26498515e-05,0.00723558181,2.47032195,7.12599925,0.00515851725,1.04694082,0.000270909279
0.0944459203,0.203614658,0.417360513,0.089017012,0.238827383,0.0290187899,0.0854759513,2.8182031
0.0243363038,0.100923333,0.00181333709,0.0818113403,9.0805522,0.00677146562,0.200330567,0.352849513
0.00318005205,0.123559892,0.175634456,2.4424742,0.00147878591,0.208422408,5.57030897,0.000735810735
1.05145238e-05,0.000240094975,0.460426211,0.00310125488,0.223794127,18.9796151,0.016763876,0.0125642265
2.08576376e-06,0.000123838703,0.00737271956,1.49549222,3.45240029,1.62532647,0.0596823058,2.90128596
0.0577185631,0.190920246,0.00667699948,0.992282392,0.449004024,0.0444159132,0.0523155446,4.54366358
0.117243953,0.000458241958,0.000390648019,0.00631957255,0.0343057369,0.832980154,5.82509746,4.40820493
0.000728721624,0.00591079,0.598481739,0.0844306213,4.07107544,0.0107956739,4.9996018,0.115998815
4.49372637e-05,0.000251683652,0.61291357,0.0898253465,2.57619485,4.34064484,0.00494642124,1.466604
0.00103191238,0.00188737673,1.22043978,0.0457689993,2.25888567,0.0031620948,3.53692603,1.00775098
1.10866156e-05,0.000249457503,0.0171798177,0.970414139,7.48748056,2.10546712,0.080563759,0.0103078192
0.00116824738,0.000291206594,0.525109872,0.0291609966,2.06814226,0.0737695372,11.2758231,0.0557048499
0.0103289167,0.0126727532,2.60336451,0.00739198093,1.48203146,0.0382126641,0.791208556,0.0943693461
0.00177568223,0.144839337,0.0127820771,0.0043388616,0.0298309371,0.00051449274,23.3443702,0.784220053
0.000365490359,1.82591932e-07,0.00827712384,1.45057085,0.0042686496,0.00463863154,3.01061893,17.7081064
0.047380947,0.00170581532,0.0178118437,1.75871311,5.59928047,0.0262693672,0.000905801711,0.107071797
7.7522961e-06,0.161467375,0.202251281,1.75241109,0.234460075,4.02222122,0.271615277,4.62352903e-06
0.00844262296,0.000321282603,1.23222555,3.02340929,0.0651684752,0.567924705,0.000130073712,0.382251693
5.9732971e-05,0.587094377,0.00366882757,0.0624842177,0.116058941,0.755513005,1.27925292,7.20020193
0.0472067473,1.07990716e-07,0.0636656192,0.0162213025,0.0793167526,0.00792921442,3.38466456,16.3913386
8.29104925e-05,0.000491367056,2.60869368e-08,9.14092219,0.000365727189,0.313991739,0.182471284,1.528413
0.000389069222,0.0147528619,0.297722202,0.0247465628,0.000213842238,11.9204397,7.5542515e-05,4.56352746
0.00755204437,1.58617958e-07,0.616923127,0.682293987,0.000635570159,4.13672021,3.7941901,0.00364875417
0.0026754753,0.145508151,0.0236437257,0.116254692,0.0144668518,4.94561608,6.2955811,0.243341067
0.00140243551,1.87142983e-06,0.0202223116,0.466732017,0.0381614618,2.6783679,16.4081216,0.00812941966
0.0498993647,0.00072164405,0.631881338,0.00160797709,4.25541766,0.0212355072,0.323273568,1.39998271
1.28776393e-08,4.28170344e-07,2.09035204e-05,0.00312890434,0.00322086361,4.85049636,1.88134203,18.7233021
9.28073449e-05,2.06749814e-05,0.0287641877,2.95084065,1.2592599,0.365145414,0.00509448821,7.02975423
0.000653514559,0.00182379815,0.446097344,1.29765971,0.00951373182,0.0743408947,13.083133,0.0411017808
0.014244112,0.0317331888,0.0465797446,6.32333317,0.00722374267,0.0993619336,0.403759783,0.432137035
0.00143999444,0.00399424459,0.527158802,0.000240810561,9.70905907e-05,0.00383248996,6.05959988,14.5215524
0.000685504452,0.000748102315,1.49737159,0.488737851,0.00384993381,0.394323992,0.25158754,8.34480742
0.000117416202,0.640803669,0.03508532,1.12197463,0.868344777,0.344344108,0.739520097,0.0876723501
0.0128912308,0.00874528646,0.333981785,0.0273883634,1.18869391,0.0848188802,1.40609474,9.44907658
0.0293094845,0.00202638797,0.00109290819,0.00704190144,4.1373188,0.00609901658,11.5353677,0.0139558879
0.0525340063,0.163709256,0.0627462859,0.193980884,0.0308562716,0.481057049,7.49152833,0.0852643679
0.00665574588,0.322960232,0.00169639152,0.777653625,1.53050333,0.0327996469,0.0983554058,4.87011082
2.17157094e-10,3.00149765e-10,4.24081029e-09,1.58246007e-06,2.58335901e-05,3.59735011,0.000921464308,35.7796788
0.00339094607,0.00267191759,0.375762525,1.5598758,1.45571599,0.12003066,3.43770826,0.0924725795
0.00132770211,0.116782831,0.00229563044,0.000316935162,0.158024289,8.1711877,0.031054896,8.08372249
0.00779772415,0.135507452,0.010488501,4.30994068,0.224007965,0.517750319,0.00696086111,0.946065606
2.09111147e-08,6.95181107e-05,0.00165976287,0.00328943448,12.0984116,4.04596623,0.00209800313,0.0211382808
4.10688637e-10,7.06069968e-09,0.00010769125,1.84268202e-07,1.08263736,7.44620808,9.66354904,0.0208939933
1.3185838e-09,9.08460231e-08,5.05948081e-05,0.00470049826,4.03226529,2.65398152,0.176006932,10.0033032
0.0385713599,0.00172000171,0.89484153,0.0148203844,0.021551974,0.00268504779,9.47603075,1.08220907
1.31917528e-07,1.50071948e-05,4.20907015e-05,8.73922207e-05,9.76094544e-08,20.8740947,0.0137519639,5.21203776
0.000197822464,0.0097928082,0.154582184,0.645080504,0.384907932,0.346432307,7.89086913,2.40320015
8.76601164e-05,0.00282151691,0.125608943,0.000185561021,5.82580587,0.00802415071,7.27681622,0.762591346
0.115075688,0.0161851255,0.495003078,0.413989689,0.400807646,0.0377431211,1.47304253,0.324046259
9.14834599e-06,4.63761844e-05,0.900735228,0.0551625755,1.39919308,0.0349653642,0.0492456609,14.6489222
0.00120609911,0.000676024633,0.903361588,1.82530478,0.766584507,2.33290254,0.0971870288,0.000426022351
0.0282199306,0.1059239,0.0086125048,2.52690009,0.00462856355,1.44379331,0.0260598958,2.49099291
0.000365070973,0.00124959176,4.0991597,0.000337773093,0.748545566,0.18351453,0.095215532,0.804257528
4.19966537e-05,0.206231483,0.0144412741,0.71504051,1.91652335,4.4713602,0.00690585626,0.261202128
0.00111353906,0.116511347,1.2604431,0.0309945504,0.258657442,0.263130934,6.59245711,0.0023317722
0.000446849302,0.00711023972,0.0099088942,3.68218464,0.0115554914,0.104979586,6.6461077,1.2198427
7.79140891e-07,7.36895534e-05,0.00156710756,1.05841615,0.0138930902,0.00872801718,0.00779999031,36.8800708
0.0337365809,3.88300635e-05,0.00259610286,0.00890057754,1.45226619,5.93122113,0.146982065,4.11352658
0.000321360439,2.25688267e-05,0.0027609631,7.1875456,0.0710383881,3.48516123,0.0431847421,1.14815912e-06
0.0701604826,0.613842357,0.048327507,0.0158855331,0.937308684,0.219544203,0.0513003272,0.884605662
0.0193157693,0.0112365616,0.0119247805,0.528016096,2.8885594,0.132237627,5.40743956,0.248040229
4.64341984e-07,4.90614524e-05,0.00550330333,1.07254734,0.239731861,10.1790115,2.34692097,0.014811644
0.0470694133,0.0174930856,0.000783055512,0.0113680026,0.0519659369,4.96988631,8.1599987,0.0584655156
5.35909173e-06,2.95003876e-06,0.0151603065,0.0482149307,18.3279057,0.0188631454,0.024173136,0.250521477
0.00788543484,0.163645307,0.0476852634,0.0133480607,0.0034301982,1.14594069,5.04041888,5.94275925
0.00044252823,0.000870414003,0.0386716929,0.707782827,0.00275335837,3.26331211,1.88631934,8.99145415
4.83892113e-05,0.000351156925,0.015058886,2.37675866,0.0290875844,5.46688564,0.449450259,2.65053939
4.41587337e-05,0.130713446,0.000667768827,0.765947942,5.49547586,0.732457927,0.0037298922,1.22873141
0.172085787,0.00147467499,0.145516623,1.74442687,0.341808695,0.0130659966,0.624877594,0.060196603
0.0673016598,0.161696586,0.00686588051,0.295205868,0.00836599039,0.00340655627,0.0126009178,15.9960752
2.98622719e-06,5.32032422e-06,3.80297501e-05,0.00415918,2.13770951,0.000240855774,27.0032859,0.0291082969
1.768183e-07,1.09830031e-06,1.11175186e-06,6.38218825e-06,6.11822982e-07,6.37734156e-05,0.406345131,55.5903185
0.00161181203,0.000170700351,0.313159677,1.44769943,0.665084564,0.532059813,0.139024711,6.97277192
0.000401565027,0.0132241963,1.91628236,0.866875987,0.27329719,0.367131872,1.67948908,0.00948047088
0.00369630733,0.986615682,0.000633157097,0.000167243512,0.501622565,2.3240285,0.301430506,0.886634014
0.0665927686,0.00509888093,0.00612877927,0.239120189,1.10311147,0.115328261,3.2706909,3.80950452
4.46931707e-06,1.64466457e-05,9.99490189e-06,0.342067398,0.781449008,0.18948257,6.66030687,10.587011
2.51433855e-05,0.00010926826,4.73914488e-05,0.0167479701,0.0116564705,2.60808716,12.2595805,6.22588611
0.034675116,0.00510098275,4.64189117e-05,0.00101817824,0.00230042452,0.194600152,20.4534942,1.9101737
0.183841747,0.0978186741,0.346034678,0.00340111156,0.0867042896,1.01806359,1.11497424,0.00252989473
5.65845384e-05,2.17387873e-05,0.0177594591,1.06538647,0.020512157,18.7907431,0.00329335977,0.0548491022
2.37810005e-05,6.57429336e-07,5.57531246e-07,5.77043328,0.140329884,0.0317404872,0.016068957,9.28644589
0.000272501506,0.0194600425,0.0808262487,0.104617376,0.052493763,1.67376545,0.045079853,24.3264961
1.34794586e-06,6.27969585e-06,0.000115496599,0.000664476524,0.0043458859,14.0233055,4.11265098,1.93578472
1.79979049e-08,1.3914341e-06,1.94756631e-06,0.000202737409,3.71626271e-05,0.00280362284,42.4602445,0.432067945
0.0224633654,0.0813303454,0.921484088,0.210406126,0.258382276,0.284059544,1.51528018,1.04069121
9.38254614e-05,0.181021459,0.0207902869,0.425632801,1.73143679,0.272665974,6.85022579,0.113867659
0.000185721297,0.286763534,0.332157034,0.381532262,0.477101378,2.3540236,0.360940451,0.708082916
2.46092129e-05,0.0758070027,2.98810979,0.0279006972,0.0201228253,0.0904165212,0.218564538,3.57878178
0.000237063433,0.000248109001,4.21044295e-05,0.786870439,1.73061644,0.0567890134,0.0411511947,20.6903483
0.0121752593,0.125616503,0.0096002266,1.44860835,0.0255096003,0.00818614075,10.9774727,0.0810219279
0.0330279084,0.00479460214,0.100996195,0.387234778,0.552711926,0.0561750253,13.2404367,0.000128963676
0.00656469595,0.0482512341,1.70210363,0.0325831564,2.54518488,0.027381418,0.0745817222,0.958428977
0.0135784008,0.182184681,0.0282476778,0.025935537,1.94336785,0.0348467552,0.113207942,10.8406401
1.16133363e-05,6.74573861e-06,0.578442625,0.837648396,0.000161837609,10.0828491,0.538875565,0.038282055
0.000522404524,0.301365411,0.0129617754,0.0675243181,0.00299902865,0.218368538,19.1915952,0.0400602855
2.20605235e-12,8.24472922e-11,1.18360129e-13,2.69040424e-10,1.03733477e-09,0.000450077572,3.26046601,40.8279791
0.122911885,0.0251673805,0.0528600304,0.0111368707,0.267465708,5.55095319,0.128982194,0.687791633
0.000716934383,0.000817372754,0.155799617,2.73350269,1.90394826,1.98788214,0.0360070607,0.195266316
0.0215235818,0.000713305858,0.00408104375,0.630938306,0.00076518754,5.77221959,3.63365027,1.0831142
0.0463445042,0.000852074529,0.0151985325,1.20829471,0.0126965732,2.68199974,0.68920436,3.73634526
0.0182722004,0.14860933,0.0543824672,0.124584606,0.285581305,0.0163741258,0.000268121996,19.6657692
0.000160100637,0.00254459513,1.18103408,7.64297987e-06,0.0406005283,4.80545682,4.93645811,0.080376167
2.2591818e-09,1.92748644e-10,9.48775665e-09,2.36256219e-06,3.07535494e-05,3.33128458e-05,11.2459331,23.0855045
1.40302574e-08,2.03546396e-06,2.98738991e-05,0.0161000248,0.00155821207,29.9041597,0.208277429,0.0216102781
0.0101920633,0.0103344128,0.350073184,3.56171946,0.219802551,0.282541993,0.237677069,0.89657492
9.57279981e-07,0.502775415,0.000312276842,0.893378064,0.608692894,0.0295495689,6.35148024,0.0472874482
0.0126584057,0.165116766,0.350137521,1.15509496,0.24602282,0.178160071,0.251091974,2.5342265
0.0443023608,0.018448334,0.484957642,0.270242345,1.4689292,0.0474240068,0.132707863,3.82531363
0.00370060754,0.00723111838,0.347930137,0.0348709481,6.36358451,2.17816563,0.0148339637,0.231337446
1.98586969e-05,1.67340304e-05,0.602080859,0.00163410958,1.62369337,1.70362773,5.93350591,0.490351702
0.0331046028,0.00143464517,3.21560483e-05,0.105118695,0.155202683,11.2578437,1.82606203,0.152664436
0.169136981,0.00362081492,0.047845294,0.0271285043,0.00423595294,0.0371137136,3.69955464,5.58785873
1.14139397e-07,1.46697675e-09,6.74026995e-07,0.0001025552,2.36180797,2.19315543,12.7963177,0.335772459
0.000642049525,4.9141298e-07,0.976959978,0.261606679,1.64655497,0.145158437,0.270801117,6.19367519
1.01323013e-05,7.97779374e-05,0.0150438783,7.5507416e-05,7.01731004,7.37928283,0.145485282,0.049547388
0.013706428,0.156108653,1.93491329e-05,0.752301154,0.00642221212,6.90998328,0.219578218,1.15639906
0.00227624139,0.010061861,0.907527396,0.00319526471,0.00502453466,7.78366914,0.0153835699,3.58262063
0.000169956951,0.000100890024,0.288125045,0.002485852,0.0024622547,0.102983453,0.691713716,33.9124216
2.620898e-06,6.66679861e-05,7.04706417e-07,0.975275199,0.0202112543,0.0147235014,11.6476841,7.95502011
4.7970766e-06,0.000101055191,0.00304529549,0.900921749,13.3549751,0.12422457,0.00943237133,0.0462991439
0.000731626453,0.000902975139,0.0250416541,0.504097068,3.35852517,0.00552681852,2.48760642,6.34648619
0.000125585151,0.0994158257,0.0120119985,0.0108233136,7.09316435,0.718883372,2.90616225,0.00682159616
0.00142661719,0.000108118877,0.493933959,0.00250903278,0.134762974,0.00531216025,9.8927047,7.43173448
0.0511272387,0.317025057,0.00355234188,0.142552284,0.0248168242,1.43290521,0.369210078,4.46005814
5.91602356e-05,0.174262823,0.000706766178,0.171606945,0.0323218291,0.0168682691,11.9102455,5.27504845
1.29811164e-05,3.38410576e-05,0.675188201,1.95172854e-06,0.262882673,7.49553145,4.56162347,0.00614555028
0.00128814055,0.00199281201,1.16290213,0.0183496357,0.00318260739,0.0899798295,0.0201003971,22.8836622
0.0344306056,0.00345888254,0.00138912037,4.00284329e-05,0.0305669035,0.18529365,26.4402126,0.119780334
3.36685796e-06,6.79349821e-07,5.49400245e-06,0.00809581791,13.0126218,0.0207947396,0.0197234121,5.52131366
0.0457511932,0.0396307972,0.42557128,0.00139925709,2.10519399,3.75345053,0.000361678997,0.0989315964
0.000280177255,0.00790812377,3.67831382e-05,0.000216327342,2.03034914,11.9104456,0.00728148967,2.46789099
0.000679302208,0.399556322,0.680210916,0.0129021599,0.00645345741,0.0042380779,0.285984533,11.1795449
5.47107549e-05,0.108032297,0.798111565,0.000574779097,0.0218391808,0.202076746,1.95741598,10.4646266
0.000113236238,0.00304280426,1.3800645,1.86515048,0.00447209544,0.245863131,1.06461914,1.58358657
2.27101637e-06,4.34936632e-05,6.37932934e-05,0.00209580613,0.000861463926,2.28887015,6.2584624,16.2204578
1.56318393e-09,1.11228113e-07,5.455913e-05,0.000294972197,0.00233085533,3.0450719,28.5709241,3.88131835e-06
1.76628056e-08,2.77229651e-06,1.42963251e-05,0.00054601151,1.61722753,4.90662875,4.56758295,3.27994251
8.3948649e-05,0.000229272123,0.00237378785,1.12125585,0.133137145,2.92334236,10.8751171,0.10175847
4.3219908e-11,2.4913333e-11,3.28924524e-08,3.41716126e-08,9.2068383e-08,1.50822748e-06,17.3733212,15.1011236
0.000301117251,0.385318913,0.0650126464,0.153957262,0.0169022664,0.523778143,12.1175624,0.0154966068
0.0982093348,0.0799410602,0.00714896931,0.840902049,0.669306572,0.829535524,1.47316706,0.000621581645
1.83513401e-06,1.90999237e-09,1.48121438,0.20845553,0.0710076742,7.36295695,0.490991473,0.0317591898
2.1584119e-05,1.92805402e-05,0.000151465555,0.000820682432,1.69004179,19.8384762,0.0412755326,0.0818002034
0.00107603743,0.0928936026,0.269173802,0.0483124891,2.45961325,1.53882738,0.0729798972,3.74019536
0.00266957475,1.05996438e-05,0.0207285184,0.00277258244,1.55533011,0.103923117,17.634352,1.15250565
1.44271486e-05,1.1107464e-05,0.865184847,0.0262745759,4.48208848,2.73362383,0.329621948,0.0300830384
2.70451908e-11,1.54633432e-10,2.32856108e-09,5.30924943e-11,1.90187565e-08,1.22895348e-06,31.4730794,4.22808832
0.000803741738,0.329671498,0.0409399627,5.22952036,0.120157649,0.101976264,5.64893684e-05,0.271554307
0.00632466214,0.118028313,0.0264358323,1.22550484,0.181683584,0.82256289,4.73780944,0.503716568
7.91533242e-08,0.000205015658,0.0101044075,0.472208796,10.6097135,0.396423054,0.178131717,0.62960722
0.0125739734,0.0748661144,0.0201721786,0.00122713587,0.705471967,2.17506444,0.0138369927,13.5847556
0.000614019704,0.000998744188,0.000660644685,1.95707132,0.0503250142,0.000854386478,14.2892421,1.47496337
0.000103294306,0.000274193108,0.000454697436,0.0053798285,1.84863168,0.000100312985,12.6538229,6.36301982
0.0369910992,0.00885301444,0.331447996,0.736070432,0.100371917,0.0368319052,3.7606653,2.54293398
0.00866686192,0.0181564355,1.78340796,2.97302806e-05,0.00905092536,3.81953947,0.604360244,0.773424545
0.0626910699,0.142731386,0.028985293,0.0474763609,0.0193543565,1.63507196,0.288808878,7.28559763
0.0176044425,0.00200509702,0.419473561,1.66962928,0.0467059945,3.94181528,0.643780594,0.009269126
0.00183619831,0.339517152,0.0647100496,0.0683812861,3.75613919,0.734412739,0.0831203677,1.21133395
0.000362634629,0.335314477,0.357326817,0.028499275,0.310547676,0.000199700861,3.60783236,4.37535278
0.000741637263,2.66309667e-05,1.49269787,0.0118620915,0.0573096045,0.105300658,5.07513771,4.94205315
0.0316811675,0.143768034,0.00822302554,0.0017860197,4.2507239,2.19196876,0.335325997,0.0857929868
0.000153974261,4.59981061e-06,0.00144631231,4.15593845,8.86793208e-05,6.5298027,0.0752547208,0.944044974
1.03507222e-10,2.47261717e-09,6.28709355e-09,2.85374103e-08,0.00583584966,7.90904846,1.48072176,13.8743583
8.78908467e-06,0.0114054253,0.000804824662,2.4191604,0.0221826901,1.14202807,9.50336765,0.200622914
2.71739985e-06,5.76313234e-07,4.21809972e-05,8.40423318e-08,0.00197170873,12.6040981,0.404160839,10.7378005
0.00215910381,0.00192385553,0.000544890914,4.65675264,0.775539038,0.195911748,3.18054439,0.0668914726
0.0819747484,3.16687322e-05,0.000735225161,0.327640715,2.64189365,1.78866903,0.947157482,0.254828004
6.08001959e-05,4.88522425e-05,6.32429486e-05,0.000110073954,8.14563107,0.010374688,0.342613892,11.451259
0.000254762803,0.00356884557,0.00217161752,1.29759374,5.78429452,0.00436840932,0.046268903,5.21207602
0.0511759442,0.000128412848,0.680325466,0.0804003751,0.138104841,6.8489672,0.284489456,0.0110765702
0.000274023028,0.108972087,0.0114359356,0.000449465939,4.62923118,0.0260173974,4.05316893,2.73328733
0.0565546184,0.00533854084,0.00697808076,0.0544482887,1.10288896,0.163053719,1.30032729,10.3174348
0.116991452,0.00632023297,0.0371114124,2.03685651,0.0764614384,1.68982926,0.100260011,0.239035433
0.000148077989,6.24038534e-05,6.4420906e-05,0.0235171062,8.69821376,2.23462726,0.000100296367,3.38982858
0.00194490815,0.434094123,0.170134951,0.00053768141,0.0609228218,3.27742023,1.97186657,1.01934155
0.0741164209,0.112560011,0.563316223,0.0331020389,0.151818763,0.34734994,3.37382037,0.0625903167
0.000321365065,0.326802751,0.13233329,0.0310957011,0.891700636,6.19773213,0.261722151,0.110580669
2.37726951e-05,8.93828804e-06,2.71756927e-05,0.0299399092,1.86600703,2.39485474,2.83471566,8.15157929
3.75131343e-11,6.35413458e-10,6.04581152e-08,6.19407622e-06,3.96328043e-06,21.933528,3.45788558,0.0208682609
2.5065239e-07,4.46630708e-05,0.373805524,5.23586997,0.245679728,0.0982008265,0.341267573,1.06653232
0.0012777606,0.102873899,0.429569883,0.761823174,4.15085979,0.154781198,0.032233298,0.26500185
0.00407223519,0.112961168,0.638714025,0.169387741,0.189456754,2.32948548,0.018087006,4.10711549
7.90297732e-05,0.000552521341,0.00328142025,0.542676836,0.930348461,0.0245220763,22.6952119,0.00127889198
0.000518961156,0.1070334,0.00747831344,0.804663871,0.76925984,0.346610399,1.19466335,7.67591979
0.0453002982,1.69913438e-06,0.00381867288,0.0435680894,0.0363924864,2.91269332,5.08811623,4.39506687
0.0585011921,0.0677480382,0.0210367437,0.0140636672,0.0583810024,0.0920148241,0.0392926163,21.9155813
0.025495984,0.138928802,0.290035612,0.0684326466,0.0356409142,2.61203714,3.09033596,0.312178337
0.00239416244,0.00901483074,0.00197873566,0.00201829425,0.111828224,16.7479085,0.191257412,2.49271473
0.000132505824,0.000968656281,0.938080416,0.851685071,0.0858654704,0.365686313,5.0095188,1.10187602
0.125028236,0.0141269207,0.00590378759,7.43431669e-05,1.31566376,1.9760243,3.4542971,0.00948808744
1.12069013e-06,1.16956353e-05,0.0156761628,0.939129902,0.0170582649,3.62437564,0.0285405717,15.9882137
2.3050045e-06,0.00933029544,0.0241017596,7.61564594,0.115847751,0.000507935021,2.38255594,0.0526910027
0.0408998316,0.0506690298,0.0115388231,0.00776492991,0.00143817436,8.63960348,0.0975508743,4.23247319
0.00460350556,0.289482257,0.00545147864,2.93606008,0.444959383,0.270403223,0.694554973,0.192515011
0.000861367781,0.0933048594,0.203134251,0.0761389792,0.150573693,9.27181566,0.385223076,0.866910188
8.07587866e-10,7.88745757e-07,0.000160458475,0.405355504,1.17347077,0.10630985,0.00724263297,29.2866682
5.86483776e-06,1.57992478e-05,0.00960396429,1.30744012,1.66113633,3.80063693,0.00248384904,4.45766662
0.0866859458,0.00278598246,0.003131025,2.95438585,0.541162178,0.00146014619,2.6216067,0.00682061335
0.0540819079,0.0325201461,0.00296793918,1.04783769,3.8332215,0.389385834,0.0447186695,0.302105024
0.0380425953,0.139751315,0.0326779877,0.00531208954,1.08196203,3.96296732,0.0766367877,1.82885752
0.00398232585,0.424859865,0.0517324878,0.445293299,0.0261543493,0.39821529,0.232155291,8.2740579
0.000912657219,0.0194782982,0.886492205,0.000627141408,0.00082921438,0.236457327,13.9673926,0.866375088
0.167793609,0.00416882341,0.251201256,0.0254749628,1.76006129,0.0592507872,1.18743435,0.327652997
3.70766971e-05,6.65341482e-07,0.00798001932,1.4338323,1.57615591,0.0110129282,4.01361808,5.34600489
6.57006353e-10,7.25524014e-10,4.26000202e-07,0.00013465221,0.000451577186,8.40459418,0.001291108,22.2770778
0.0403933251,0.214474316,0.0939166424,1.76446682,0.0812322498,0.330913857,0.594139359,0.394823406
0.00022604815,0.0366614369,1.2583108,0.785809172,0.606778247,0.374913214,0.333654356,1.49355582
0.0494375377,0.00510316564,0.00130694808,0.112301953,1.53065473,0.0190534344,8.59509538,1.38676175
0.0195750979,0.5963774,0.119622721,0.00022116823,0.0600850572,0.42093916,2.87672146,1.41766192
5.41994533e-06,7.63445909e-06,7.74125982e-06,0.000499792676,0.00926163974,5.75265711,13.6494028,1.76764186
0.0123189443,0.433250066,1.0989509,0.0864258719,0.653701843,0.050453207,0.367151219,0.0956603412
5.56012242e-07,9.79785281e-06,1.13914071e-05,0.00145797177,3.20912448,5.96068558,0.334980896,5.29766955
0.00117324301,0.0034721901,0.361578653,0.192054528,0.00047316228,2.75568699,3.97176554,4.56424913
0.0153475775,0.0432673604,0.023174078,0.0254709929,1.03320576,2.76425605,7.92690787,0.000919921512
0.00512908611,0.459386888,0.00132200869,0.00173183645,1.91227717,0.00988054367,5.83111615,0.690672138
0.107139561,0.321725707,0.241925289,0.00928698555,0.0012315091,0.0272968627,0.00325314796,7.01340364
0.00300524605,0.012839992,0.0304003747,2.11814186,0.0105621186,1.01460511,2.84852075,3.71851731
0.00118183624,0.00319645398,0.206294231,0.57763595,3.23273056,2.93827399,0.469464278,0.203792391
0.0415291292,0.00696085189,0.0232405101,3.81658716,0.0139472701,1.2231928,1.20826522,0.0360500667
0.000185357963,0.00249437498,1.04418002,3.95612238,0.00328262703,0.0591931444,2.08028889,0.00510829255
0.00188210404,0.00609320918,0.541492736,1.62164469,3.10215683,0.769358587,0.000159744882,0.10432205
0.0127154,0.131689944,0.00582259523,0.0175802891,0.000128637429,0.0613257993,17.7640273,1.56971833
0.0229190898,0.00752881434,0.0140234186,0.449868468,5.79075072,0.368304155,1.97339148,6.4421968e-05
2.27119051e-05,5.95769349e-05,6.12968486e-05,0.000611671883,4.97063223,0.0135060383,0.073929991,21.7581664
0.0274364082,0.256898304,0.0536446865,1.21844008,2.0423648,0.0306040717,0.134255963,0.253718997
5.23874649e-05,0.00223650903,0.00114976818,4.26084553,0.0217856189,0.00130460431,11.0577321,0.148266843
0.000110891938,0.000392898221,0.00768080892,0.00548017188,0.241177274,6.27747544,2.82630891,7.850405
0.0332436838,0.0946022329,0.277513032,0.00585685364,2.14093705,0.124531394,2.64370579,0.658527621
0.000173590867,4.08567286e-05,3.86554172e-06,0.0183921188,3.77706997,0.1241476,15.9180182,0.214156645
9.60494079e-06,0.000189095605,0.00193845634,2.58524414,4.54010255,0.930218942,0.377889743,0.15262367
3.18257444e-06,3.70432888e-05,0.000119849927,3.14826785,0.0212999632,0.00118421347,5.18806509,6.88435736
0.0226576116,0.407379363,0.0526168434,0.514205953,0.302514687,0.249887828,3.43483988,0.0338951735
5.26165653e-05,3.07852268e-06,1.12555424e-05,0.44646488,5.81551986,0.025724724,0.0597603687,11.081599
4.0770207e-06,1.37564382e-07,0.0398366324,2.59481304,0.000832529607,0.0105317237,2.00491906,12.9946085
0.0788196635,0.163280093,0.0618952067,0.0968218868,0.000601167713,0.0779163926,4.01025573,3.13037402
1.4718645e-07,3.37690403e-05,7.22152751e-05,0.843331638,0.0391530325,10.7532191,0.00898300857,5.74705255
4.91881685e-05,0.000120354668,0.635477164,0.971328987,1.37227156,0.55082583,0.635608416,2.69332946
6.57917861e-07,8.50538368e-06,0.00119312994,0.00821101566,4.49562623,7.80543488,0.459578562,0.847404744
1.53909965e-05,0.176749824,0.77843988,0.100435413,1.58817488,0.098026017,3.85792676,0.0274273042
3.91031656e-05,3.44557987e-06,1.08546589e-05,0.997476233,0.0314282232,3.01742011e-05,16.7514543,3.93736589
6.61010306e-06,8.65920854e-06,0.00473656245,6.65444758,0.110475868,0.0681685779,4.9979883,0.00304021032
0.000825583525,0.000316009369,0.590431007,0.78894693,0.0446555512,0.0479965114,2.54200977,8.75759082
0.072168888,1.93521872e-06,0.00251041833,0.00743014202,0.0744452108,0.486355625,5.30278635,8.94008934
0.000187184807,0.0292067107,0.401194976,0.0524119613,0.00738315073,1.14535992,13.8742858,0.437313409
0.000710723844,3.99122167e-05,0.248732623,0.0125395797,0.00479682985,4.49693547,0.788164038,13.1245691
0.000101817473,0.00578697814,0.418039801,0.532420065,1.03402606,5.70936724,0.628516981,0.0876695626
1.01180361e-05,2.16997695e-05,0.000112955664,3.86918534,1.77937901,1.50640557,1.17931928,0.0315805528
3.99936927e-08,7.87852442e-07,5.15172279e-05,0.000154963412,2.07518027,3.10567448,0.0545556689,17.1038872
0.0486392353,2.93841732e-05,0.435393299,0.0015966543,0.10521387,0.0309786203,6.84007032,4.50697804
0.000251748867,0.00930396665,0.000707683892,0.558240091,1.06942892,0.108043693,2.06036936,13.8894125
1.28013973e-06,3.9254296e-07,0.0026569826,2.82507565e-05,1.88305966,9.1828192,0.00449321407,6.71161923
0.396535401,0.000239631088,0.0978932948,0.000983257186,0.114907231,0.259815957,0.367548256,1.31785194
0.00495354911,0.199736894,0.000127057211,1.96758584,0.192184253,0.211819346,0.863469346,4.12215516
0.0160589932,0.000167389143,1.12247463,0.100816247,4.01324068,0.00724228087,1.32325228,0.0495712153
0.000355567336,0.121384708,0.0181654212,0.00494318706,0.0290388459,3.31485743,11.4428825,0.623280464
1.44083592e-05,1.02781573e-06,2.06570505,0.0124873438,0.177829145,0.180706049,8.33825806,0.253903158
4.08861048e-05,0.000127216619,0.000915007001,1.09056518,0.00781281253,2.29665736,5.47244374,5.41335823
0.0525871827,0.0483528167,0.602190361,0.769418791,0.0415935372,1.98049936,0.00248882774,0.761325124
2.71022248e-07,1.84977058e-06,1.27358202e-05,0.00138142756,7.1407307,4.23627031,2.40965999,0.0109803109
0.00966376311,8.64425168e-07,0.0574039949,2.95399127,0.60498321,0.391920004,3.44589303,0.186598463
6.00230247e-05,0.28069806,0.206243893,0.0260478561,0.00556701253,0.616565924,1.15030761,11.7158615
0.00084034027,0.0821331765,0.394974148,2.42721202,0.757276189,0.238426898,0.274481536,0.645621198
4.83887104e-07,3.5910437e-05,0.000241122848,1.57008014,0.582517904,7.11777545,2.7040479,0.000676967531
2.64575584e-05,2.22921245e-06,0.0150108353,0.0202402281,3.66856075,2.21375679,3.7211093,2.32246427
0.0436180367,0.0220238742,0.39263778,0.0701243232,0.329202832,0.0157084939,0.00859867182,14.8168045
0.0751525068,0.0376255043,0.0114013267,1.92002506,0.0319090819,1.38899629,1.59374002,0.0548884194
0.02909909,0.0237571005,0.333699519,0.287186825,0.277163726,3.80652663,0.162753759,1.67328377
0.00261391809,0.00821907056,7.26155785e-05,0.79655594,0.0241898651,5.56559544,8.03730109,0.0243853915
0.00030647541,0.0854437571,0.00238709891,0.266515194,0.720369676,4.9479732,0.391648811,4.60376268
0.000409764075,0.0051525476,0.0347892082,1.76199631,8.69170742,0.0887012015,0.0344860095,0.0328868179
1.44650884e-05,6.84594147e-06,2.91849493e-06,1.23122651e-05,1.47325906,10.2291294,4.22226992,0.204836253
0.0817907732,0.014376248,0.0738174854,0.557725767,0.000333587661,6.54456122,0.624781172,0.0202406181
0.0128582705,0.00018160377,0.584842593,0.524078565,0.0280570616,0.980349196,7.50674967,0.173209837
0.122572399,2.72876638e-06,0.166260193,0.0434240175,0.0156178891,1.91426879,0.124529594,7.30492148
0.00347044381,0.140049555,0.858567461,0.0165510538,0.0294431961,4.4476031,1.01672913,0.396172925
0.0212504385,0.00119894089,0.251214536,0.010469432,0.00635085358,13.8755904,0.396347463,0.28216013
6.77607627e-05,3.11092149e-05,0.000678774281,0.994772237,1.52837136,4.61713171,3.78553731,0.0352738477
7.06771349e-08,2.25445062e-06,1.95784935e-05,0.000171364471,5.60850576,0.0499342697,4.42478976,6.56137585
0.0262693874,0.00445324881,0.033109495,0.860057355,0.0816760098,0.000890846157,0.28474728,19.3352871
1.8321656e-06,2.51852972e-08,0.000211116872,0.594414616,4.27462893,0.404914854,8.60293756,0.0102381312
2.77516755e-05,0.158004684,0.787968274,0.00242193409,1.38831818,0.112326368,0.410815822,5.68550468
6.55505724e-09,2.28079022e-06,0.320622797,0.0201670016,0.00980913102,8.46519009,0.528440073,6.6852823
0.00232391487,0.0126315949,2.54704826,0.736837822,0.0222033575,0.210413051,1.42713021,0.0707518353
0.00898669964,0.209731987,0.00415791308,0.380693117,1.39609901,1.59380674,1.5067499,0.643164268
1.61363428e-05,1.16845032e-05,0.212193733,0.000263264502,0.00201574149,0.0137594193,21.7457107,4.11507776
5.69614787e-06,4.6982568e-05,0.00107234708,0.011311252,1.2811885,2.02256976,7.08923866,5.44483877
0.000140690984,0.00748587974,0.912019546,0.155128403,0.9732231,0.000489077435,9.49582271,0.249677206
0.0128041178,0.0900930726,0.685454369,1.22820851,0.124473178,1.47597776,0.557084597,0.0174826528
0.0468310879,0.232608696,0.000772803024,0.219321033,0.595589792,0.475369411,3.00617733,0.847550075
3.58125173e-06,0.12362994,0.0207564597,0.00448124507,0.00488216804,0.604872747,0.119562505,31.1257719
0.00507199512,0.120585281,0.0507279807,1.22447332,0.0649108065,0.000589578741,0.00485638411,16.8885817
0.055748664,0.16258705,1.77234566,0.0049606097,0.439352189,0.00781191696,0.0732775006,0.533144544
1.69769086e-06,0.0163625124,0.335585015,0.000472862869,1.31970387,0.119069137,0.0561054956,21.119337
1.28267874e-09,1.29480103e-12,1.99343066e-05,0.00335939788,0.0642788667,10.4084282,11.6787093,0.0102452412
4.10941547e-06,0.000194730157,0.0195990543,2.08056479,2.46916008,0.269459253,0.0178257576,7.0216096
5.23824367e-06,4.9804117e-05,0.262654293,0.000179171386,0.0122783188,6.61471846,5.6268996,2.34177467
0.0348544061,0.00437189062,1.12209779,0.00538626663,0.363505516,0.00333332491,1.45266448,5.68327531
0.00648554327,0.0419050602,1.66840295,0.0121560912,0.120339525,0.611507824,1.36736672,2.26514724
0.000491471094,0.0643275143,0.246383514,9.66969017e-05,1.89864802,0.206023661,5.04478692,3.02961797
6.47846459e-05,0.000118399676,0.22394685,0.154045133,4.12518144,0.0370122583,0.00410801898,12.6202747
0.0723692692,0.00023699129,0.0436785593,0.908636316,1.67640913,0.0828614571,0.015770953,5.20731333
0.000435025513,0.00197548345,0.231655562,0.0650165025,4.71752167,0.313703153,0.986716928,4.16239941
0.0322208822,0.00197218041,0.164514503,0.125940939,7.41877433,0.231862079,0.084688562,0.430025104
0.00262489281,0.115338374,0.0355020174,0.0176186031,2.8795602,3.90998806,0.564450811,0.769717143
0.0415940922,0.00258593425,0.0540281911,0.452388179,2.99489696,3.10973006,0.0942497474,0.111981409
0.00214198111,0.0959309863,0.0545444605,1.43462647,1.40017968,1.10786286,1.04822506,0.440541522
1.65571498e-05,9.0985775e-05,0.0140097305,2.96314614,0.00398007693,3.11057847,0.315051059,5.52634657
0.180878866,0.00101227692,0.00059487203,0.841814888,0.282823934,0.443677205,0.0698225747,3.72208113
0.0690674152,0.0130785176,0.0176467561,0.0937420862,4.76830912,0.719672728,0.0203177257,1.39369177
2.34661745e-05,3.79248178e-05,0.001204313,1.52996429,0.65411096,0.0505568576,2.75510439,10.7484176
0.000215999481,4.54284848e-05,2.16338079e-07,0.782565952,2.08251538,0.000521454857,14.7413479,0.239288252
0.0172471231,0.124450642,0.0247336066,0.00499495651,0.563717013,0.421330175,10.0645287,0.838077992
0.00021845435,0.00606924879,0.815108925,0.00193043922,0.0193549341,2.44500291,0.00987090618,15.4035114
7.38381948e-06,0.257722082,0.10093098,0.00184952972,0.00912140156,0.0091877403,6.54832827,9.95972929
0.0395224524,4.64406314e-05,0.148622667,1.40863511,0.0532333564,0.00549523535,10.0272242,0.0906112581
1.40910386e-11,0.00100612367,0.090649151,0.294920192,2.32133198,0.0133896285,9.01456243,2.03056292
0.00863689304,0.114754547,0.00325716695,0.0151996058,2.22034739,0.00806963219,0.0496636611,16.9049199
0.0245289856,0.434133573,0.000281076147,0.142559105,1.41785257,0.0650659315,0.0667150258,5.3476954
3.197962e-06,2.5993757e-05,0.0224193742,1.68347439,0.925714051,1.19987716,6.55204823,0.258691494
6.75020573e-05,0.400218762,0.751535995,0.0149907489,2.22968401,0.0960772413,0.751272773,0.255353834
2.08067079e-05,0.00066617108,1.89431877e-05,0.00244571173,0.0778936292,5.11429481,9.21032087,4.17798699
0.0126141597,0.0369069456,0.536177911,0.00197845089,0.125416101,2.22789332,0.00525610863,10.5031535
6.18284764e-05,0.00210803933,0.93260532,0.0554120121,2.2846302,2.03665207,0.890683535,0.698398236
0.00100899381,0.220441284,1.36841087,0.00257294842,0.644973129,0.0775415117,0.0507080136,4.73594661
1.9174223e-05,0.000123203699,0.637947728,2.14922621,0.505148938,0.0231905696,5.32805494,0.0551710997
0.0448484496,0.00624983043,0.605908548,0.800922665,2.60623177,0.0409794255,0.360440217,0.0273958398
0.0274475705,0.134228713,0.0936899959,0.0153536596,5.57697787,0.00183006197,0.0766665398,2.16818595
3.32485069e-05,0.00742381764,0.393528927,0.853293964,0.0472432358,3.67503963,0.232015289,4.97831217
0.0209298382,0.209111697,0.00328286921,1.14085579,0.0272196268,3.20364828,0.0985663088,1.799171
2.27953614e-06,2.06907966e-07,6.85834501e-05,0.811610471,1.40738113,7.0716944,0.219087891,2.34772475
3.76097855e-05,9.69377674e-05,0.865107293,0.0942345805,0.0339863654,2.50276217,1.34157729,6.73347385
1.08408056e-07,2.18615439e-07,2.43615282e-06,7.70643115e-07,0.000899471889,5.19659272e-05,21.128096,11.0444266
4.78119923e-07,6.36110031e-09,4.0817172e-06,0.0156347564,0.00423860878,5.71890445,18.2493118,0.167202778
0.00290811179,0.143089386,0.00206485307,2.64496133e-07,0.404323608,4.83412337,0.0518094468,10.0771635
0.0807147619,0.00708310843,0.0026808022,0.806320312,0.511536009,3.29577833,0.372007977,0.658405833
0.0325971449,0.000520870566,0.393706874,0.000234955256,0.441732044,0.975372473,10.1975656,0.055948898
0.000824534823,0.00435063751,0.021692169,0.0331879501,0.411406752,1.25061523,1.69946741,18.5039292
2.8293667e-05,0.00217839654,0.648656205,0.393851263,5.12726972,0.0419611318,0.673948844,0.898618494
3.36852029e-06,0.000282419546,0.000849816668,1.9612839e-05,0.00688482751,0.853378266,3.72279285,27.5987932
0.0603718297,0.00310244957,0.130092041,0.0930976386,0.421872477,3.18694024,0.156433203,4.29690997
0.02845737,0.000218139655,1.03594263,0.0885132701,0.000271962995,3.31948821,0.562772922,2.21173292
0.000245725724,0.00872387579,0.372679727,0.0377439152,1.43115136,3.56534941,0.00155582614,6.66634718
0.00228654682,0.00915865316,2.12848497,0.0302245324,0.284348727,1.13406758,2.98958817,0.0146865718
0.0128571445,0.363200936,0.0670237668,0.00200802949,0.00298110485,3.58326196e-05,0.0436166501,22.1775851
0.00215399003,0.00768342191,0.0249165601,1.90823277,0.905699784,3.24483521,1.06711457,0.385613967
0.026472165,0.00182701299,0.119150248,0.00292242734,0.0925943209,1.26714672,3.96917679,8.44334767
0.0751327046,0.000938048028,0.000496662972,0.712579128,1.71009204,0.125366367,5.74461381,0.0122459978
5.56415547e-08,5.91647421e-06,0.534407458,0.000216296125,2.50443983,0.942765892,0.00130630316,11.7600344
4.13746587e-06,7.86773451e-05,0.000779927316,4.50801426,0.00100602858,0.000286784783,0.306945415,14.4403782
0.000188830495,0.00175377379,3.9895697e-07,0.0615184892,3.38748476,5.87518034,3.18844613,0.0963669327
8.73839593e-05,0.00155699283,0.266428769,0.00656738369,0.051382338,0.126329293,27.9990385,0.053063294
0.0388157452,0.00826640311,0.00401746795,1.09917288,1.10717161,0.00112938574,5.28898206,1.09306217
0.00033276861,2.81989513e-05,0.438158267,0.0338360746,0.000702498838,10.7783197,2.85984287,0.283927191
0.000381123073,0.0437849949,0.0718400739,0.0314467621,0.0782044212,0.00594991038,11.0048556,9.00485667
0.0396625624,0.0942080629,0.093796521,0.153448432,0.108523328,0.0192706424,4.99851072,4.18407791
5.30276846e-07,0.182681294,0.394703957,0.00106974775,0.0739465605,0.00164188893,0.0234475876,24.7880488
0.00474508884,0.233542356,0.0150501871,0.186004106,0.0919687672,1.67970592,7.8621143,0.292520527
0.0296326879,0.0030505278,6.81552705e-06,0.318655753,1.68408826,1.19975828,0.46150437,6.94037209
2.2009064e-06,0.188286986,0.0978395121,0.113057642,1.88571768,0.0613319206,1.77748453,5.60473456
0.000915179795,0.233611468,0.0153184085,0.968844456,0.663550913,0.00105694266,3.34822419,3.00046881
9.51762111e-06,5.50547996e-06,0.00906591073,1.55245671,3.51446022,0.215125962,5.00269033,0.132762648
2.12272575e-06,0.00114486825,1.07440313,0.373459313,5.38735942e-05,0.241093852,1.19819764,11.125933
4.13902206e-05,0.0822012417,0.00904297048,0.0854277235,0.540550071,6.95434105,3.31643645,0.557465108
0.00247234801,5.29889881e-05,0.000311435522,4.10030885,0.0820093785,1.5750985,0.391461576,3.60847321
1.70407733e-09,7.83054142e-08,0.00564109982,1.68843214,0.096795956,0.100776687,9.76748285,3.95976305
0.00128796132,0.0145361002,0.420324605,0.092073744,1.43233272,2.3480565,1.89633841,1.31557261
0.0550471538,0.0016183398,0.0178788578,0.122846964,1.22561424e-05,1.31574267,16.142655,0.00163726105
0.0224000194,0.0617417879,0.0193344501,1.00950111,0.0030166294,0.00146448607,4.59352247,6.05142171
0.00621583496,0.00102935034,1.36873963,0.582158624,0.00300997175,0.0399434857,7.76342213,0.159847318
0.000271856192,0.00301981433,0.204879003,3.16507558,0.0301503658,6.07246555,0.0740546073,0.0682101632
3.59584235e-07,3.21010479e-06,0.0243983793,0.00786978956,0.0457017679,2.77011419,0.0942595109,29.9276699
3.12307148e-05,3.21824743e-05,3.7449533,0.0587014334,0.0822474653,0.039460061,0.20249284,4.01913566
1.42584877e-07,1.30280971e-06,0.328675275,0.000692949192,8.22065786,0.0850176972,0.130895711,4.35960558
0.000164785911,0.000104121304,0.113635418,0.781685815,3.37590521,6.13620962,0.00138773441,0.0638560132
4.88051133e-05,0.0460905161,0.21906667,2.34893995,0.00273198719,0.0635960426,0.70603515,8.23311341
3.12435843e-05,0.429198479,1.5559112,0.116821912,0.291486664,0.651236104,0.181914509,0.061226005
2.00622413e-07,4.90052714e-06,3.28481975e-05,0.984956232,1.91752418,1.42342821,0.376379134,8.52294006
0.000438353893,0.000278781055,0.399532472,1.04026373,0.0290097064,0.0475429432,0.00194751614,21.3371466
0.00206470953,0.344819791,0.594765794,0.38775684,0.00592382753,0.662419155,3.7905238,0.0148187005
0.114065809,0.000441287293,0.142071723,0.511066337,1.70556129,1.54225008,0.0671762965,0.0833210632
2.61015644e-07,0.000151341072,0.000908792645,0.00653310501,1.47893071,0.0324660237,5.81381264,15.7222318
3.45549702e-07,0.532550533,0.0707205416,0.000523187122,1.23873044,1.78782946,0.0869874852,3.59254632
0.00327339423,0.0129757117,0.000488589575,2.11385227,0.062902157,0.0370081872,0.00110058065,20.8003752
3.98141294e-07,9.948177e-07,7.39215505e-10,4.63963233e-06,0.00132589225,0.00429734163,8.19527118,27.5611638
0.053398876,0.152728917,0.320894065,0.136063328,0.00116461504,4.79336751,0.154566093,0.262305587
0.000343900759,0.172566582,0.906370512,0.778139498,0.00949841008,0.592745909,1.95842632,0.505133926
0.0014260505,8.98281019e-05,0.0132517246,0.924671833,4.62240477,1.62780244,1.54511738,0.102677427
1.9115469e-07,4.62081667e-07,2.05133688e-05,9.36923123e-06,9.7311197,0.00394007069,2.58817124,3.8216455
1.45040232e-05,0.000237824871,0.000360970457,0.00163734964,5.67995483,2.14732322,4.15782011,0.795062385
0.0253123397,0.00108536666,0.136043438,0.625730584,0.0925030498,2.27551293,5.93864129,0.19869175
0.00360838695,0.0856594809,0.309980934,0.164598444,0.00058201641,0.0110079319,3.81693113,10.5372133
1.99764909e-06,0.000172916822,0.852209032,0.69156036,0.00952932939,0.251392034,0.0167106706,16.6183038
0.0925446277,3.98473267e-05,0.400202069,0.0519795077,0.0445556178,0.241155886,3.25174788,3.70650896
1.93395522e-06,0.0399178163,1.11318046,0.194144375,0.0905167694,2.18174549,2.75210251,0.519512322
0.00402721683,5.4659063e-06,0.00198182791,5.52958755,0.0975892757,0.0148682387,2.39320051,1.81071294
8.5910914e-09,8.45090843e-09,1.14047327e-06,0.0113571122,0.00035822003,1.61332387,24.6546725,1.39709752
0.000601383018,0.114338742,0.471975486,0.568408903,0.137834432,0.0463605826,2.62026234,4.44069601
1.71148012e-06,0.114305824,0.00197559282,0.331472144,2.03400383,9.37381341,0.0138236259,0.03522604
0.000108492996,0.0394863937,0.96713292,1.48387976,0.0360947737,0.0692780539,1.82417797,1.97230403
0.00263982358,2.92573683e-06,0.361123431,0.120635329,7.21625896,0.0516804044,2.68648951,0.0079090078
0.0233550837,0.00518665932,0.030675377,0.000716157515,0.00818901529,0.0525466903,7.31182141,14.2346589
0.1373753,0.00989989727,0.0192687289,1.67270958,0.0713755019,0.203075361,0.00527354232,3.94838043
4.62084343e-06,0.0283043145,0.830534625,0.0186962699,0.0843524332,2.66548164,6.88864301,0.188936214
0.00147456341,0.00122009747,0.482402663,1.13235543,0.158180752,0.101584671,4.21504243,3.25350423
2.19798814e-05,2.29340038e-05,0.00247041557,0.771504438,0.0396380636,6.79917198,0.00400976173,11.3929314
0.0317076982,0.161640603,0.39002912,0.21272977,0.186318558,0.123770218,1.52114146,2.63367674
0.0403326918,0.0890391104,0.0361111004,0.0532313221,0.0691838075,4.9989444,4.02629405,0.0208712459
0.0485520723,0.00173028501,0.0178957123,0.55428831,8.87248107e-05,5.96730237,0.246728642,3.58273626
0.0446441748,0.00259396749,0.0689483961,5.70904346,0.0677651318,0.00102422665,0.747326963,0.12660319
0.0510583994,0.000201148669,1.00035509,0.852517646,0.302399668,0.0897098281,0.0183599696,2.94414265
0.0624746471,0.00125984099,0.302860332,0.0139312667,4.9903396e-05,7.79375245,0.136793805,1.90054166
0.0473357746,0.00613376923,0.00959563631,2.2146768,0.553558426,0.236924143,0.363157297,3.14291508
0.00116246692,2.25075571e-08,0.317267499,1.25240398,0.180746208,7.02905745,0.0241743219,1.05995143
0.107780189,0.195013595,0.00913323296,0.00251952707,0.237233245,0.25597914,1.30239381,4.30795043
0.00464179975,0.10930965,0.260798828,0.0102196274,0.0932295303,1.6897788,6.47505647,1.35712433
0.0177163326,0.000991426032,0.585836108,0.146326142,2.39195793,0.266619467,1.65261979,1.14411304
2.81659845e-07,0.000174206557,0.0016599657,0.00479499052,7.43689346,0.0503935549,9.71435326,0.156086773
0.0134477456,0.0355790147,0.176545809,0.594233865,3.03555373,0.000539942421,1.25103311,1.72407805
0.0243183769,0.0930254886,0.231690696,0.389611315,0.0267278679,0.424426839,0.00734678721,11.763524
0.0523137927,0.00368340447,0.0640358553,0.734673616,1.49874325,1.15281404,2.05567003,0.0548940486
0.0294782443,0.00432726679,0.00233914185,4.86435971e-05,2.03483347,1.80624485,4.17056162,1.99166044
2.75638433e-07,0.00266350943,0.738870151,1.15979989,0.0207256167,4.10842841,0.357367836,1.43252351
5.68248386e-06,0.0736212164,0.000146255704,0.0123261314,0.00472041465,0.893176429,0.00135050227,36.8474504
0.00145080755,0.493147004,0.0518044558,0.743811581,0.17322983,2.16426507,0.128324256,1.22761491
5.4773549e-07,2.87935148e-06,4.49376902e-05,0.616652165,8.59039533,0.229744095,3.02612621,0.0123530176
0.0858648356,0.000410479339,0.00136538484,0.0146634582,0.0231599207,0.160728383,2.48761135,15.8040216
8.32287515e-09,0.000678278905,0.000773094119,0.808869285,0.0315456038,8.15241791,5.47296208,0.234550446
5.69819493e-09,7.77432159e-06,0.199937372,0.00105997623,12.3435332,0.916621134,0.0649133756,0.142457671
0.000306999808,1.0205066e-05,1.86816886,0.00841621899,0.058108821,0.0785662414,2.91951362,6.56646777
0.00148172812,0.0187309935,0.609182754,4.30462398,0.248553471,0.00412794797,0.00751974214,1.54267491
3.70188982e-07,5.47107752e-07,2.76985416e-05,0.000247710051,0.00290462743,2.08561049,0.000136968443,41.4594125
0.0418571512,0.00295041558,0.00566091143,0.0330139081,0.115566933,2.30724952,0.208461371,15.7165566
8.63738797e-07,7.0646616e-07,9.52865743e-08,0.0070917797,4.27591961,13.6753588,0.000537264603,0.103640869
0.00296274245,0.203856816,0.168599099,2.6329271,0.079279481,2.17313019,0.000832552779,0.235926658
0.0513274575,0.122607771,0.0224435705,0.387406854,1.04224833,1.34832672,0.0164840635,2.48768064
1.29096928e-08,2.84230789e-05,0.0440427356,4.48824382,1.66156776,0.00598817472,0.113689796,3.16323638
2.34916774e-05,0.00152363929,0.28385245,1.04415354,0.443830901,0.435401186,0.0206959323,13.7584412
1.69015105e-05,0.000223296799,0.000783535739,0.000872604038,2.07837125,7.52164833,5.88142718,0.0346933358
4.18102321e-06,1.11625459e-05,3.35275887e-06,0.491059462,0.430620206,0.784272117,12.5931668,2.74410501
2.0274397e-05,2.7101454e-09,0.00494536992,1.37257175,0.0888365897,4.37925068,2.33463757,3.49089466
0.000975657951,0.0242434929,0.0199747528,0.577885703,0.831752097,13.3035603,0.0148090203,0.00416137024
0.0154254728,0.00163168815,4.91971343e-05,0.113464111,2.52052212,0.184989006,1.21942074,11.0317529
0.02023669,0.0116775062,0.00847681751,0.019901584,1.71790656,0.0240471106,0.000388922767,23.2283065
0.0214702731,0.005091313,0.866119675,0.0305840267,0.64145197,0.297808457,5.03812335,0.617327145
0.00404310756,0.121289976,0.00130605712,5.96794818e-05,2.91242289,0.104626491,9.71343762,0.417241868
0.178927301,0.000137581226,0.00207853317,0.0160822964,0.619655166,3.17989226,1.12272391,0.527082065
0.000100227662,0.652753833,0.353062176,0.112222268,0.482280278,1.03425648,1.04553529,0.0943750869
0.0663980539,0.535347666,0.0129636886,0.0553028075,0.235657761,0.147155738,0.0110221326,5.23807186
0.000726219485,0.115652039,0.0333123888,0.177872615,1.75615569,6.39737153,0.0581307557,0.846375275
0.000193203178,0.00674226857,0.357231502,2.08613415,0.160071292,2.43533385,0.00239753008,3.34961892
6.55756975e-07,1.08837863e-05,0.0019885416,1.78849572,0.012084259,9.83130014,0.120551314,2.34448616
1.21199256e-05,1.47340138e-05,4.45934551e-06,0.0366244439,0.0128535169,2.0965495,20.0905888,1.80854421
2.16409235e-05,0.00251272972,0.251337831,0.0180659966,0.0564785001,1.73204497,2.68135317,13.5012967
1.04942112e-05,0.000198513844,0.000437548379,2.05175893,1.54290796,8.49234695,0.00176543307,0.0390949887
0.00755240421,0.00468499389,0.0622500604,8.76929992e-07,1.45641635e-06,10.704356,7.23105792,0.00198881598
0.0306000574,0.076273327,0.00361210452,0.334380999,0.154467084,3.32873488,0.167684687,5.63867274
0.00300877304,0.116584879,0.015650703,0.000513536549,3.54464206,0.129007148,0.0868779031,11.536566
0.074512504,0.00183868949,0.014444074,0.0966737807,0.10869297,3.20126312,6.41381087,0.181653289
0.0298481381,0.000508354868,0.00702574589,0.278013497,0.0375582057,0.00156233567,1.0897018,24.6192725
0.00220395505,1.09958764e-05,0.761105561,0.0734660273,0.465062563,0.0222608226,0.000950655514,21.3237572
2.05788704e-08,5.62260639e-07,3.24454101,0.0021194707,0.265928393,0.936648038,1.12082024,0.739535465
0.00108935375,0.00198788721,0.00209656695,0.00363841387,0.000505148743,14.0532402,0.70044594,5.49489229
6.80977967e-08,9.7968067e-05,0.000137540399,0.0573854014,3.07218663,0.633439858,0.0255832873,20.2998592
1.46953346e-07,2.69791757e-07,1.81714074e-06,0.000460567432,1.237437,4.57943386e-05,7.69923241e-05,43.5891644
0.000164015543,0.00214449216,0.300250455,1.74694281,0.038290076,0.782867213,9.32579053,0.000551032802
0.0208030438,0.00458492797,0.681478589,0.0036012623,0.0316093345,5.20338206,0.336266731,3.25118445
0.00456753483,0.206827923,0.349813211,0.631602699,0.249649955,0.0553121775,0.131880237,6.98363147
0.08383083,6.17601683e-07,3.00633869e-05,0.0894764151,3.28835729,0.507452396,0.00392390092,6.37180144
0.075547899,0.224472269,0.0103878241,0.781926544,0.635637309,0.959385716,0.208045935,0.168271504
0.00263704306,2.51989494e-05,0.344817203,1.39065924,1.4506357,2.19228847,0.400393602,0.417004804
0.0216024666,0.000731600617,0.00662407211,1.42388385,0.330754892,1.73774875,0.02492759,8.00532425
0.000163273714,5.85853425e-06,5.82305913e-07,0.404845261,5.68032035,1.8217411,0.217452317,3.10779517
0.000515574021,0.116581214,0.00323411911,0.00863184309,0.491520844,2.09839637,2.28064796,8.90307171
0.000443892713,2.59109334e-05,0.0284294675,0.0122385568,14.0762556,0.0184162898,0.850528947,0.510347891
0.000128911764,0.000189374121,3.85816663e-06,0.636682477,0.0468382596,0.126728393,5.46867324,16.3518606
0.00121040955,0.103478643,0.00684213461,3.19562392,0.0536044263,0.540422908,0.00265648908,6.82673692
9.57549509e-08,0.0354156631,0.267232481,0.0130884566,0.0320706958,0.00579157335,13.7034892,5.33477358
2.5643085e-05,0.00089168106,1.38038941,0.823455219,2.7732115,0.0547573925,0.318920468,0.390834483
1.82556812e-06,8.21382031e-05,0.000286092917,1.95022666,1.51310954,0.102744987,0.0246182954,13.9815604
0.00138778241,0.221582987,0.420879042,0.380117437,0.000947519423,4.8484881,0.401855455,0.544024379
0.00612805764,0.000749977631,0.291086179,0.0138337721,0.0123083787,0.000148260957,2.57677389,23.1427649
0.0898721113,0.0914728224,0.174972561,0.0374910471,0.693939179,0.0971249324,0.907213028,3.13931395
0.00146950134,1.36592853e-06,0.211087353,0.490231199,0.420478351,0.0135856176,19.0504994,0.0116991422
0.0502071353,0.0179001114,0.634691278,0.00549368255,0.218561804,0.0159215138,2.30863156,5.67355438
0.00146917206,8.34829098e-05,0.148754449,3.29592701,0.124320918,0.00350357308,0.0838591078,10.7342626
3.39129026e-06,2.6639256e-06,1.98462759e-05,1.40646442,0.0024676324,0.0661317355,24.3688617,0.0850539642
0.0173966348,0.00712056478,0.127399931,0.00408170023,0.736466643,0.0126497178,10.0810205,3.76738966
0.000257413156,0.00344984002,0.00298183867,0.852788493,0.0185946402,1.95910469,0.0400291161,21.0837844
0.00116491482,0.000335219312,0.906357894,0.0302830648,1.7931134,5.90766049,0.0793826958,0.195272071
1.95264586e-05,0.00910589602,0.0153414215,0.000685240469,1.14420482,4.47976994,10.7638463,0.0562022937
0.00023587076,0.419398804,0.0427360573,0.0280764451,0.0709002122,7.22613199,2.2458702,0.000238225956
1.73986621e-07,0.00082215484,1.34868514,0.0140649193,0.00987461293,1.29700257,0.100210369,13.8104928
1.03887912e-05,0.000430683462,0.153205547,3.21382779,7.41493786e-05,0.0140887455,10.1368257,0.315847846
0.0174900002,0.0348769191,0.0679715945,0.636309528,0.0376842217,7.99182926,1.23570175,0.0183383583
1.96213743e-07,2.42644802e-06,9.59257296e-06,0.839897274,9.18628093,0.0376657954,0.0285758235,3.29070697
4.34655475e-05,0.00461922169,0.698330634,2.84335254,0.00506899459,0.000143519492,3.1160337,1.57580493
0.0542309515,0.0878802224,0.105852934,0.500898207,2.574011,0.0247696579,0.797130689,0.335541912
0.133059869,0.00175113127,0.284429271,0.180205253,1.07778883,0.0352991215,0.2381342,3.00371144
0.000147403053,0.0016137769,0.00098311241,0.000862414404,0.00205482793,2.03059052,8.91994223,11.6793217
0.0137096329,0.409276096,0.0448795949,0.13406964,1.29673075,1.85814606,1.03786783,0.00263711939
3.46031305e-05,5.91642506e-06,0.00137561701,0.772079555,1.50311599,2.30496496,8.26114838,0.0500978869
3.27717345e-13,1.39754731e-12,2.80195966e-11,1.63674111e-05,2.09011774e-07,10.0225784,2.17053703,9.30275003
1.87392032e-05,0.00391531851,0.050447931,1.42133841,3.78981303,4.0673215,0.00815825243,0.0300714419
0.0245504497,0.0435085993,1.01728167,0.529703528,1.67577605,0.510335414,0.078901822,0.00274154295
0.0301713434,0.00286447839,0.0105878243,1.73952253,3.4393771,0.00353115883,0.0506367831,2.68631609
3.07965943e-09,1.77119937e-07,0.000154916896,0.000138290549,4.50236703,0.000182011719,9.99841971,3.70295032
0.0420906971,0.0700308266,1.31620458,0.0331031811,0.446313325,0.00118281519,2.49224733,0.267831364
1.57985983e-10,1.12335049e-08,8.63955539e-10,3.26909007e-05,3.08309732e-05,5.36178489,3.92879604,13.5015712
3.8527384e-05,1.48479452e-05,0.319948297,0.112710037,0.00155820504,0.581293763,0.181712581,28.3081355
3.53181341e-06,0.000148842076,8.19643104e-05,0.441764405,2.20365005,3.3504555,1.10867756,4.25629105
0.00253363025,0.00223743589,1.74316646,1.64781996,0.778326618,0.0430743054,0.0632578609,0.471829125
0.00754164652,0.424644346,0.331333449,0.0460836369,0.421796007,0.330888147,0.0566841839,5.22154658
0.00089341581,0.198914377,0.00288197083,0.157420253,0.52752024,5.53114273,1.46138018,0.979303619
0.0149621342,0.0340115458,0.00455432789,0.0215818883,1.53575984,0.136269205,4.59112658,6.5983793
0.017448338,0.0253207631,0.363312393,0.316410617,0.209515043,0.865532134,0.958715077,5.55329494
2.26314735e-06,6.85262721e-07,0.0163210384,0.415247727,0.132051847,4.19504803,4.37382779,4.7456807
4.09467432e-06,6.63773904e-07,0.0469950594,3.97132764,1.06597515,4.29710871,0.00208411102,0.00517033927
0.00768684026,0.00324897238,0.218572373,0.064796509,1.73482271,0.0474632145,13.9524461,0.00528425059
2.95803108e-08,1.038984e-06,2.05111204e-06,2.11703337e-06,1.67962629,2.47212379,0.00165062502,22.6502322
1.2161677e-08,5.19746449e-06,0.000977690363,0.015881028,10.2313673,2.95975553,0.0588579814,0.765033861
0.00155976523,0.000260563713,0.32541481,0.314260963,2.2691549,0.143252909,1.38011407,5.74502694
1.03012782e-05,7.28408513e-07,0.0144410691,0.0477272893,0.0707659373,0.0485330412,8.42536888,18.7799876
0.0327443456,0.0630699569,0.203802941,0.0423018452,4.07219482,0.309113337,0.99828601,0.235993764
0.00158769019,0.00524502019,0.507691684,0.000135076067,0.432069203,4.64603935,5.9413508,0.0658262397
0.00106358649,0.217591627,0.00232652494,0.0235160303,0.0142058856,0.00396507103,4.02188973,17.2932587
6.46940065e-06,0.00041458964,0.00824299936,0.261606386,3.65055318,10.7457365,1.14662081e-05,0.0882638375
0.0241124704,0.00664306671,0.0561212951,0.0384139,0.0354843479,2.507871,13.4533822,0.066689071
0.022707143,0.015507406,0.00176034687,0.000105977983,0.0344081757,2.9502962,0.0925572314,20.4093868
1.67365866e-05,0.1000516,0.139991795,0.0182900581,5.90815357e-05,12.1645553,0.842134632,0.944138232
3.17140035e-05,0.00502859606,0.56129477,0.0112832621,0.615791435,7.84097096,0.427064815,1.35555892
4.93501361e-07,3.02857355e-06,0.528329174,0.00119884065,0.00360515418,2.63935481,7.74386302,3.54998995
0.00536740898,0.00496024573,0.319835278,0.0656742137,0.175332773,5.71778523,0.770636914,3.72227636
0.027179779,6.634477e-05,0.016037397,0.149687289,0.0099206595,6.67564526,0.164267315,8.36248435
7.9500827e-09,2.58659818e-06,1.22102988e-06,1.18661002e-05,3.06107113,0.00395218921,0.0181127401,31.4698944
0.00897408384,0.0622014673,0.257516149,0.00271212868,0.00251663638,0.296162782,7.37736894,6.19466239
0.000647761131,0.115910773,3.83281592e-05,0.0602282972,0.936415471,0.0699996463,0.000826090464,26.5989073
0.0558225851,0.0167658069,0.000621694318,0.741362657,0.265752619,0.772308908,0.760407547,6.35396154
0.0287244507,0.205875993,0.0234706239,0.661378248,1.87281648,0.0031300237,0.0242417448,4.0127813
5.54391683e-09,1.59644378e-07,3.06788137e-08,5.38589723e-06,0.000758462037,1.77238859,32.6235739,0.0154085808
3.0685869e-05,6.99777664e-06,0.647312191,0.0937140438,0.656056091,0.000110108623,2.34018482,12.6284781
3.14407397e-05,1.64749458e-05,0.00604321654,0.312747522,0.611239112,10.6058105,0.787728992,1.79506749
0.0159380036,0.0128322954,0.00913586308,1.26793968,2.49074855,0.72297014,2.16023209,0.131570057
0.000645828343,0.130892904,0.0295856561,0.47057857,0.0780645777,0.13147746,8.03303258,3.93484125
1.18563331e-12,2.19199141e-11,2.79328929e-10,4.84525691e-08,0.0234662041,2.27932929,16.1972906,4.57614429
0.0399054732,0.120265771,0.0110395747,0.19524804,2.18194621,0.0183385846,0.000810487553,8.14778048
0.000517863531,0.105955548,0.000114894477,1.03740214,0.0703274812,3.30194728,0.176716023,7.14757644
2.13178479e-05,0.0390636971,0.223191644,0.0468707013,9.34134615,0.691572186,0.0146193776,0.30500732
0.0259397581,3.46603157e-05,8.85638359e-05,0.0331327357,5.1569967,0.320088651,0.324481678,6.82697859
0.00131146237,0.000247272546,0.273969721,0.0249302394,0.0020427126,0.176214898,4.37808395,18.1569295
0.00943934509,0.0350470866,0.211122602,0.823050193,1.02615419,0.0305586273,1.89090697,3.43843028
0.00331467554,0.00210256411,1.05937943,0.0550893802,0.108056556,6.23606443,1.60490044,0.0710359991
2.6256341e-05,0.000104746095,2.45769564,0.00286800922,0.67693431,3.77921122,0.16290177,0.150965177
7.14879113e-06,2.75293974e-06,0.000771848312,0.780012869,0.000202050724,0.00458125103,3.90107787,22.9731399
0.00166262764,0.000931511348,0.2389894,0.0407606087,1.90066498,2.81064986,5.22667409,0.16578713
0.0235729172,0.0186087175,0.0347840015,3.28065808,1.04032672,1.10097584,0.0869629979,0.0628009306
0.204638129,0.013806897,0.253908505,0.0763046737,1.27706133,0.00952522814,0.536205749,0.43771549
0.0100702339,0.00184437224,0.0317683676,2.27489025,1.40743756,0.116590301,1.24629511,2.31588361
0.00199976673,0.00447194459,0.250563174,0.0134004614,1.90928553,5.60460649,0.0998671019,2.73456384
1.23071709e-07,1.80046441e-09,1.35028365e-06,0.666572948,1.34767689,4.70983073,0.000184843558,8.49281537
0.0329108097,0.0746039474,0.391189273,0.335069106,1.37718578,1.70823884,0.16155,0.113761309
0.0212715123,0.206059902,0.000144036795,0.613746508,0.663703709,0.0173173448,0.24006417,8.99095238
0.000281945124,0.10454146,0.771408366,0.000274696064,4.55240398,0.556925097,1.03443558,0.000569330953
0.000471098955,0.00103719136,0.184685548,0.0399996524,0.17689098,21.0889998,0.034368528,0.000756509433
0.000260636051,0.00627216777,1.21553257,0.136304035,0.911844595,2.45217175,0.00311864337,2.94770842
0.134862355,0.0670272821,0.00205923577,0.101741217,0.0292504503,3.0677321,1.24659044,0.83297405
2.91849942e-05,0.000119653198,0.0161663642,3.07346049,2.69529402,0.106451674,0.425285092,2.44832984
0.0209805648,0.059671069,0.0249602644,1.44025454,0.0587390072,7.30045725,0.0135458719,0.174816157
1.11199564e-06,7.05030136e-06,0.00574588946,1.97447676,0.151619413,3.18316439,0.668850566,5.96985607
0.00492750587,0.223204669,0.00559747855,0.229738243,0.00233023705,2.87183758,2.72769404,3.37114047
0.0366887063,0.000927156194,0.291194921,1.54003614,0.0526707333,1.74821956,1.1613363,0.5432942
2.38185778e-12,2.65916364e-10,8.95319611e-08,1.07494414e-10,1.8396533e-05,7.00928027,6.62685543,6.51682214
0.00606602578,0.17544048,0.275010555,0.395671629,1.9871755,0.0804546515,2.68613757,0.075920819
0.000332002867,1.85704335e-06,1.02731707,2.37721999,0.108667999,0.257732987,0.330411212,2.47954135
0.0473282008,0.104205954,1.46690872,0.65911382,0.185262832,0.0754217536,0.222764504,0.000700495464
2.55255721e-07,3.09893849e-05,7.95802742e-05,0.0932506456,0.656465292,8.18479635,2.04701491,3.75266644
5.33885509e-06,1.17787136e-07,5.77616409e-05,0.848030919,1.77508893,9.65219866,0.158905036,0.345979412
0.000631335432,0.0770889751,0.0019399493,3.56280308,0.0837441064,0.289384153,2.88173722,1.18392643
0.000674285866,0.00020029961,0.331344356,2.64337579,0.00564697416,1.40390687,2.21622974,1.04503269
0.000344572003,0.00856606549,0.0413973625,1.93757002,5.5744349,0.00585705798,0.447772685,0.720567953
7.27978947e-11,6.69211992e-06,1.34472156e-06,0.665613832,1.81900634,0.464936648,5.66403897,4.16712746
3.14824651e-05,0.000852553704,0.000157679504,2.51390505,0.0810822334,0.0955180833,7.04795152,4.0470551
0.0311173,0.000423908786,0.0625371179,0.627760549,0.00602890231,1.09825451,1.19865473,9.91079269
7.97126596e-06,3.00401908e-06,8.1042854e-05,0.00019430965,0.00111510897,0.690365742,14.4223117,11.3785681
0.0751607775,0.00637736082,0.00316055236,1.54926914,0.038254911,1.42391633,0.112874724,4.40091817
4.28389612e-05,1.49270509e-05,0.724231798,1.52510535,0.0152601742,0.000381754889,0.0341225134,15.3607943
0.00954663068,0.0247976455,0.290467036,0.039260632,4.40719679,2.20881948,0.235130486,0.22230586
6.55597164e-06,1.13262792e-05,0.00224291203,0.633071784,6.95411021,0.105191473,1.69511138,1.78531984
9.83983133e-07,1.67051877e-05,0.000307297827,0.000444529417,2.55007209,0.213749896,4.95575049,11.6615366
0.000694746459,0.00158545542,0.00598614997,4.55695043,3.10793814,0.00249384352,1.00622492,0.0556254091
0.000383394647,0.141067944,0.0387026491,0.693676835,0.262683579,3.78661474,3.78600736,0.0295682874
0.0001838013,0.000220446188,0.00053304987,0.03334846,4.93597889,0.0669189734,0.228554014,16.4460978
1.06914918e-05,0.133678021,0.0228481014,0.0493884696,0.0187045712,0.0909492338,7.03906038,11.7964622
0.0205364056,0.00187625519,0.0425909933,0.10117784,0.116285517,0.0176619003,16.0125984,2.51518836
3.06836309e-05,0.248984899,0.00152220438,0.00769369354,0.34995011,0.194932381,15.6084071,0.804758291
1.5229086e-07,9.37203337e-08,0.000324827764,0.000159196993,7.03601786,0.177207251,5.0645346,2.61022068
1.39080365e-05,4.82683941e-06,0.54789645,0.0064036128,0.0730143295,1.85631295,3.41032283,8.7215255
0.0454604086,0.0192426871,0.0406883804,0.0621353395,0.906741049,0.00310568607,0.084040191,17.8763775
0.0204827979,0.701937615,0.024300861,0.753550418,0.0305903503,0.102254531,0.653595518,1.48333877
0.0922526917,0.00656258151,0.0359413636,0.00785873945,0.766302653,3.77043085,0.175530244,2.80421057
0.000693700054,0.00686995184,0.389245487,0.0723057965,0.00118333606,16.2446309,0.165456621,0.181973883
0.00505244505,0.321868551,0.0185003635,0.00291171879,1.82001574,0.0178909195,1.63443993,6.04596243
2.83369383e-05,0.000410351983,0.677059846,0.529155531,3.2373481,0.0642080815,0.348996541,3.34787084
7.39806285e-06,3.26838984e-06,1.89823204e-05,0.000697199228,0.607561203,2.5603676,4.9185355,11.0325045
0.000425542104,0.104147454,1.19026903,0.0515974447,0.612529083,0.456924851,1.04032214,2.23994431
0.00208146211,0.497539296,0.0113566421,0.0835752826,0.0351788994,0.276975833,10.0321706,0.505322489
0.00750585514,0.17837375,0.240984137,0.0845516244,3.32465365,0.0657345997,0.198516726,2.66583467
0.000303717835,0.00149934495,0.000941160518,0.437919326,0.0223925993,2.74074685,9.49250614,3.17706365
0.00114375784,0.018053815,0.170975929,2.01494617,2.64224143,0.00115186848,2.5254217,0.10439368
0.000497487162,0.00564603239,0.425302295,0.0323478384,0.17885381,0.0538760355,22.9360465,0.00245123781
1.01966594e-05,6.26450613e-07,0.00018892182,0.00110621109,1.60837543,0.031266753,9.82554872,10.0050271
4.87374503e-05,0.0938932944,0.736830033,2.07302176,0.390246634,1.02220954,0.120430953,0.108474296
9.13242253e-06,9.93858134e-08,0.000240161049,0.000443990176,1.40131631,3.61445368,15.4177533,0.000141755914
0.024703637,0.0137536514,0.0351376885,2.09770765,0.0694118506,0.0500492411,0.163815149,10.2876845
0.0323660721,0.0334903748,0.00389320482,0.138950964,1.10614575,7.98484402,0.0548459765,0.561236405
0.000311312182,0.000494373778,0.00077264112,0.285232807,3.99089452,2.69561628,0.278848633,4.3444873
1.15952066e-06,8.44912144e-10,1.33054048e-08,7.25958196e-05,10.5031637,0.208977944,6.49797287,0.00076550885
0.000571296872,0.170693209,0.423105751,0.283568468,1.49378546,0.572251097,0.088883319,3.19487494
4.78606299e-07,0.000318033051,0.0703050728,0.647153732,4.69416452,0.117826015,0.0839903007,7.39673945
0.000600901422,0.000142213651,0.000381433454,2.58534569,0.0339253003,2.07085027,5.85673914,0.702996653
0.00506876426,0.155024474,0.241054524,0.0593835253,0.0267584642,3.27622037,0.0778456318,7.4106976
0.000266232683,0.00809453464,0.389215012,0.647222639,1.2912513,0.0346416608,9.45097097,0.0290528899
0.000358328067,7.77902006e-05,1.11475684,0.111203707,0.215839687,0.493420888,2.28246431,6.08928137
0.0210333775,0.0837413541,0.605050819,0.0276657053,1.08252017,0.0331701224,0.0833685899,7.31877201
0.000522763714,1.60206094e-05,0.00520354856,2.89832411,0.999024808,4.17885818,0.0344516435,0.969793708
0.0247967732,0.00256104076,1.81251009e-05,0.172195809,4.25918103e-05,7.26661579,8.49686364,1.58409014e-06
4.15112948e-09,1.08446466e-05,0.00623771011,3.16035593,6.15065251,0.0277958523,0.149934352,0.340410924
0.00449148022,0.138247112,1.67878995e-08,0.0940325435,1.59862069,2.95600087,0.482174737,3.80304528
1.94895428e-08,4.48380356e-07,0.0207250307,0.564866228,8.96753727e-05,0.00257000311,0.0143875302,42.2060216
7.11539436e-05,0.00323926394,0.00824733209,0.0158541824,4.0047309,0.00510387664,3.17236434,10.1814704
2.2380664e-16,6.87792468e-14,4.31992645e-13,1.25861475e-12,1.8007597e-14,1.61393922e-06,14.0071669,19.1893043
0.0872543081,0.000927177608,0.00169075735,1.09120877,3.34685341,0.44813979,0.195041065,0.181525517
0.00189447871,0.0108088788,0.362901609,0.013234839,2.9826872,1.12732084,3.79904308,0.399589267
1.69335704e-05,4.33278363e-06,0.000253722132,8.38698018,0.017492835,1.57959266,0.0632728028,0.498287937
0.0307876303,0.171320324,0.977867813,0.059121503,1.28348479,0.130621353,0.644112562,0.0551212925
0.000345569861,0.000357277572,0.00314046868,5.30992214,0.0141605563,1.52320868,0.014918372,4.50166175
0.0524904158,0.0169324345,0.005982751,0.355779024,0.875712948,4.3476801,0.573287135,0.643108713
0.000831979713,4.39490278e-05,0.67508061,3.49288357,1.02504383,0.215291911,0.0439177482,0.410852769
1.52169389e-05,0.129897798,0.504492993,0.172780995,0.0305346197,3.11080575,4.65066661,0.0874138858
0.00171870283,0.106139387,0.256864342,0.637506391,0.139271926,3.30681829,0.300112916,2.40263368
0.000170032968,0.00382469852,0.345989752,0.992043226,0.0237074261,1.83733767,6.07502264,0.666355869
0.000117922517,0.0743903564,0.00672550136,0.684424514,0.275047603,0.110485856,0.00411847554,23.7516287
1.50051312e-05,0.000221047737,0.000901700543,0.854440493,0.17342388,0.439061296,7.84525539,7.17074911
2.02039486e-06,0.000230317222,9.05532142e-05,0.000762221351,0.0206016557,11.6039136,2.65342361,5.09271138
0.0126571516,0.0221943438,1.05060994,1.03965934,0.0102024349,0.261851725,0.0416982268,5.00136151
2.08631474e-06,1.02011363e-05,0.00537368702,6.01988644,0.0358641083,2.30364125,0.23212811,1.00542599
2.79977439e-08,1.62188229e-08,0.00018005524,0.734134813,1.06917585,1.70829641,2.93008428,5.98033814
0.0197513577,0.0568558473,0.165819695,0.110549123,2.67694034,2.07023954,1.41395477,0.000595416136
0.000835590879,0.0103371413,0.021690984,7.12223117,0.998299915,0.570152784,9.5193256e-07,0.000617456937
0.046551006,8.37626845e-05,0.0958672777,2.18494902,0.561021981,2.41919679,0.0479163356,0.222288049
0.000396587541,0.00648521397,0.513474011,0.0174293807,1.28947368,0.553462791,3.32884955,4.55753379
1.10090652e-05,4.65118848e-06,0.635637023,2.27862486,1.40271559,0.0253648129,0.150160907,2.73804337
6.47811323e-05,0.000154743805,0.0293117228,5.98981235e-05,5.50974246,2.30574612,0.00320747715,7.54244696
0.000382622871,0.0152755658,0.219777769,0.548184733,0.247435084,0.108881069,4.45929556,7.23656483
8.27223851e-06,0.0334634541,0.000537317975,0.0136446507,2.60859111,3.86014271,0.0253213943,8.64537776
7.42388755e-07,0.00379924871,0.194431383,0.0625639388,1.88567363,0.321741409,0.485313685,14.6645468
0.112943449,0.0634729019,0.265772261,1.33617217e-05,1.48693218,0.296193619,1.29677046,0.298704688
9.1409348e-07,2.40242474e-06,1.81130708e-07,0.150113343,0.0128400783,4.44878978,0.121846606,23.344094
6.86664067e-05,0.0668019034,0.00242736583,0.0327995768,0.127435064,8.39427862,7.25402521,0.0360928195
2.29240155e-06,0.255205764,0.000243770609,0.0501897065,0.790623835,4.47919133,4.50688133,0.0791779021
0.0923731074,0.00468351665,0.387567438,0.618258646,0.0121786573,0.816950688,0.327269554,2.79550234
3.64708357e-08,1.38903659e-06,4.03203238e-05,1.05521412,2.02610383,0.077339967,0.206826047,15.8818263
0.00362631514,0.197631995,0.382947129,1.86062804,0.0343273415,0.481337304,0.832321735,0.573229941
0.000540505896,0.0655534165,0.814815045,0.149993014,0.0270972965,0.0233836275,7.30802271,2.50985352
0.00348668743,0.00143816306,0.000154632556,0.731903143,2.43016405,2.28468403,4.53151354,0.0515034022
1.39876889e-05,0.000168452145,0.000387086513,0.00303851546,0.000232375093,15.4230156,7.19550271,0.0316205721
2.53509507e-08,6.71604077e-05,0.0005296954,0.00744541089,1.12993257,14.8701191,1.59526875,0.1788837
2.13972386e-05,5.6310897e-05,0.000335278483,0.00126380944,3.43870006,1.98289548,0.0684164594,14.6489545
0.000474929882,0.624529415,0.0550979453,0.0929569216,0.0748993851,0.341571557,0.0137183416,11.7117572
3.26123328e-05,0.0638894129,0.280817338,0.267426253,0.740189325,4.32316858,2.76207683,0.0177803055
8.76039747e-06,0.00022952715,0.318107388,0.00948128261,1.98486414e-05,0.0560631994,17.9966289,4.41983369
0.00746468979,0.0202180947,0.0587521816,4.57672394e-06,3.58690351,1.28095748,7.03792805,2.44130635e-05
0.000566980191,0.00460499526,0.283629382,0.106026212,4.7718857,5.62636966,0.000168152149,0.0176093246
0.000253962253,0.0771584435,0.118130073,0.00595856154,3.82656754,0.0919381109,0.829646438,7.03560633
0.0542672193,0.140389526,0.320362424,0.0972492143,0.942687668,0.00319487923,3.58428426,0.162766022
3.9620004e-05,9.65647305e-05,0.739476573,1.18056277e-06,6.73934067,1.07985632,0.0426065774,0.983328798
0.00089837005,0.0543608697,0.0377094955,0.830740344,0.0465768234,1.87315863,0.092873572,12.738385
0.0203798687,0.00338585838,0.78703608,0.0323974687,1.1769516,1.53658227,0.546016928,1.89339302
0.000584914859,0.000202817434,3.78645359e-05,0.0208721472,0.0179176548,0.00338255355,27.4578137,3.71576863
0.0600251837,0.00154034916,0.118987882,0.231199256,0.326239474,0.132980931,10.9180325,0.12672852
9.09685887e-06,4.97806415e-06,0.00052075217,0.486581136,0.00355210391,0.0291556652,1.54352599,32.4974635
2.65498926e-06,0.000491446877,0.0875521214,0.333387783,1.0822913,2.49573883,0.187358367,10.7277233
0.00199851998,0.0442941249,0.133350595,7.85419446e-05,0.000609539312,9.62916293,3.96340586,0.480745123
0.0201100396,0.0281766695,0.328341932,0.00416598973,0.322796853,0.784888266,4.38305982,3.45414413
0.000482743617,0.131865279,0.0135497126,0.494439582,1.08429964,0.157257162,0.17322653,12.8137709
0.00013453639,0.00763115445,0.000572106021,0.490611268,4.8906645,0.214774168,5.05949453,0.582201225
1.70399167e-05,0.00234800694,0.284288719,2.04773232,0.0012835207,0.105597152,0.35294373,13.2771587
1.4098105e-08,5.79068346e-13,2.78444716e-06,0.0332776735,1.05551979,0.00646956647,30.9452696,0.0201906777
1.73231317e-07,3.63410485e-07,3.07583093e-05,0.000154864828,0.000292034187,2.76941726,3.03867167,22.2746148
2.51445187e-07,1.67604774e-07,0.667891003,0.649512192,0.13026284,2.19892137,2.13349897,2.49793437
0.00228375379,0.130571273,0.193699851,0.033999772,0.267329895,0.052953896,14.6148721,0.345036446
1.80821239e-05,0.000126098466,1.16363462,0.00233618027,0.0710918933,0.879153409,8.0287766,1.8981866
0.00797274381,0.083797283,0.00145743331,1.64089365,0.296480285,0.134919682,0.694668337,7.79551633
0.00856274324,0.0780801641,0.000198031753,0.0295209302,0.155461814,18.5751825,0.0479268664,0.022707031
0.000219731767,0.000517092541,0.33597,0.13910599,0.0991073229,1.25823387,10.1089629,2.03808591
0.00181655139,0.00194653065,1.65431637,0.111020991,1.11713299,2.1755819,0.187746074,0.482051523
0.00551339635,0.0631307372,0.00122786576,0.637947445,0.489572278,0.136268338,14.9241508,0.0151112161
9.90888566e-08,1.03555717e-05,2.46691275e-05,0.000232871143,0.997594443,1.06094013,7.89417563e-06,33.4734977
0.0246961701,0.00729329513,0.0420087311,0.0102071081,0.248522665,2.90339973,0.973873079,9.85643962
0.00210389234,0.00718810433,2.6962554,0.0923213091,0.00616403559,0.987710121,1.93258693e-07,4.26665802
0.00112415533,0.395409928,0.290109766,0.755806838,0.139507181,1.63124378,0.216577802,0.733127124
1.20571959e-05,0.00121145637,0.000772523264,1.17670698,4.18837882,0.00411842299,2.21519199,3.51039397
3.82244608e-10,1.19542594e-06,3.80996493,0.0383101441,0.485914282,0.00082504224,2.46154866,0.141333424
0.000254489461,2.10854192e-05,0.198452951,1.65921526,4.23132519,0.585068974,0.782511487,0.028641174
1.13114794e-05,5.5593525e-05,1.65908073,0.236783276,0.000621735666,2.16407303,0.231383067,5.31909739
4.89530867e-05,0.0886726358,0.00742901416,0.00461391801,0.545198235,0.131932088,3.73803416,15.8200915
0.0281545683,0.0676030889,0.00113146105,0.425832765,0.00114091029,0.020968081,3.04487981,12.4331027
0.0120669101,0.0712367494,0.00209482096,0.00953158267,0.115228909,3.41147088,5.76696916,2.67490156
3.05845409e-05,1.64215233e-06,2.56569712e-05,0.000749479318,3.26075598,8.70328112,0.0080665474,4.01692982
0.000455891278,0.000541045174,1.25667006,0.000415308182,1.35962786,6.67910166,0.00787160311,0.279320997
0.0333750181,0.132522836,0.00552139677,1.68482893,0.000133126979,0.141499491,1.71285713,3.59879319
0.000101808854,0.000270557223,0.708341202,1.0726785,0.232216391,1.04754882,0.165218458,6.2141781
2.35252309e-06,0.00925849113,0.178650046,3.08196885,0.0313440665,0.635592091,0.702131294,4.51073677
0.021745802,0.00168388683,0.000224839111,0.112009103,0.00412261588,0.0946271472,9.87894552e-06,39.0599766
0.00137107299,0.29665611,0.0888724771,0.490868688,0.000629694218,0.346417398,5.10465828,2.45529355
3.33160881e-07,1.19541786e-07,0.000915919251,1.58955875,1.18150922,0.0580536704,0.0114112681,18.7770063
0.0183934889,0.000404621536,0.00737918812,0.926895092,0.645937771,4.49352223,0.631024897,1.74892216
0.0547324902,0.0157256436,0.22218048,0.903329645,0.0883446532,3.54529902,0.134475574,0.564417003
0.00726478053,0.270799314,0.00417982541,0.0714321453,4.91228989,0.262659351,1.34434027,0.21055548
0.0316819048,0.0457816891,0.0158395704,0.366636471,0.944570684,0.626120342,6.21650876,0.232519256
3.07385991e-08,3.34927895e-07,0.00037248236,0.0111128825,0.00111096266,23.1020481,0.098376746,2.22099381
1.42744867e-05,0.000150808264,0.19797899,1.76734201,0.0784157968,0.0494588309,3.47980271,7.10165247
0.000101009305,0.000106766305,0.0611118825,2.12834032,2.93339675,2.43020535,0.0802971531,0.294038145
0.0166381124,0.0531677516,0.027432545,1.28522366,0.00434050024,2.58947071,1.45506971,2.10099566
0.0137666443,0.180547049,0.433789409,0.624988492,0.146708736,2.09807704,0.130288127,0.699207987
0.0695366389,0.00107534909,0.179902203,0.0637083063,0.00215989015,0.342659753,7.55287125,2.81887694
6.51061967e-07,7.9103063e-05,0.794322587,0.022685278,2.71613085,0.291798472,4.5288075,0.850518413
0.000864465958,0.0836310753,0.272493715,0.000229467467,0.0959300954,0.186266391,1.52552205,17.6745798
0.000790715792,0.0121180409,0.229798907,0.0956711744,5.52206768,0.24162638,3.14305797,0.256488545
2.74398157e-09,0.27856951,0.13811929,0.000204571563,0.210810488,0.470968658,0.258446164,16.4221132
0.0127293309,0.272137328,0.057694203,0.11630024,2.59482727,1.63086017,0.380285528,0.144880367
0.0215571577,3.00548936e-06,0.00912825282,1.21694165,0.667053282,0.00201151029,0.291645425,14.4820252
3.16821957e-07,1.36261309e-06,1.28073072e-07,0.000193631952,8.12670412,0.0147967174,2.95453956,5.07172287
2.99843884e-07,4.41909007e-06,1.10049681e-05,0.0208256749,9.02816019,0.371473587,0.0983290662,7.1118578
0.00765622318,0.405145371,0.0548980122,0.15929685,0.000167490222,0.972860178,1.95200104,4.23498755
1.01437186e-05,0.00113990467,0.00151231646,0.8905225,0.00401050268,0.00589309529,8.7232267,11.9041871
5.86420598e-05,0.0409694703,0.47458566,0.0187539868,3.09479718,2.15426198,0.65821442,0.84451498
0.000309947614,0.00012925182,0.000773745287,1.21322152,2.34427486,0.336798272,7.13132959,0.454829084
7.13864469e-06,4.58987155e-06,0.00247258367,0.00462269638,0.955908163,7.84297211,0.109350959,10.2518908
0.0249892818,0.000521372447,0.0207056749,1.7634823,0.0854537452,0.189123369,6.84001925,1.22916515
0.000990670417,0.00124247407,2.23290699e-05,0.200311619,3.16703707,0.0445741142,12.115442,0.761778136
0.000166311797,0.000129045884,0.294971902,0.000942155588,0.00036684653,2.41419429,17.7568223,0.27630242
3.09101413e-06,0.000399977735,0.268105149,0.798212471,4.13424351,0.377996609,0.106875487,3.1576641
0.0635713163,0.00535291972,0.291795527,0.0872491487,0.77545989,0.972511642,0.726135402,3.03285754
0.00228658995,0.0876464861,0.0132615888,1.01173046,0.800741171,0.07476013,8.57500566,0.340011691
0.00335196423,0.0998995923,0.053866415,0.0571959141,2.75853625,0.725782956,3.27895117,1.1318459
8.05956106e-05,0.153924077,0.0258062199,1.4385096,0.0525465936,1.93325498,0.731019939,3.91973055
0.00377006659,0.0824545556,0.508124314,0.150692728,0.598714327,0.0753346118,0.123923669,11.1524186
0.000326907174,0.000426171039,0.557031793,0.450712098,0.00902079998,0.022160129,6.90418991,6.44602646
0.00562296558,0.00602679509,0.000616693243,0.0569451865,1.50321525,6.21298145,0.0128135056,6.79990989
6.69880133e-05,0.00881881972,0.00886456165,1.19956597,0.0185809409,4.56090364,0.00526168515,10.9941759
0.00521960257,0.17072009,0.018218795,2.8427525,0.0118182475,0.739583902,3.17714711,0.028662364
8.09218226e-06,0.000329679697,0.253082795,0.0249828385,0.00285653768,0.00550621744,8.81577329,14.6817532
0.0217747534,0.023883685,0.849066563,0.151959734,0.000588288448,0.574940401,0.0251779182,10.7574016
6.85295297e-08,5.48412137e-07,0.000447473297,0.000135670702,1.14244492,5.62796482,0.00689609098,16.0158348
0.0375698614,0.0241570142,0.0310057601,2.62840072,0.225845498,0.953607608,1.81916397,0.0101089827
0.082352679,0.00969502415,0.0617655491,0.385738764,0.400233591,1.128993,2.5225223,0.85141522
7.47893794e-06,0.0982522912,0.0131401124,2.28952993,0.540070726,4.45135099,0.0734854529,0.294610184
5.49731204e-06,0.0891897331,0.00965270742,0.122864066,1.95524828,0.0631977485,2.38397175,9.49940146
2.95420694e-06,0.000283705427,0.522124538,8.32976966e-06,4.94256925,1.528787,2.85533711,0.014814321
0.0302361476,0.00528864439,0.209865492,0.077621786,0.910766047,2.46707873,4.01130562,0.153942244
1.60190176e-05,0.000821372036,4.06692576e-05,1.2542955,0.675669332,0.538729483,11.5424582,0.606737475
8.39347941e-06,4.55620363e-06,0.00661592639,6.78183393e-05,1.96931979,0.00355478347,21.4109474,0.998699798
0.131008427,0.000350618123,0.598696697,0.0526948267,0.0785844505,1.26649268,0.286885896,2.13288195
0.189750345,0.0736046171,0.016604739,1.33866971,0.0360062341,0.0914724332,0.723232414,0.240106783
3.38728026e-07,9.92295347e-05,0.000776167701,0.00281302186,1.2515254,1.99338762,10.4654725,3.02445846
0.00102752625,0.000151631753,9.02410773e-05,0.989259608,0.0175965726,0.886175953,4.86493665,9.87633962
0.00194692452,0.292067617,0.170014477,1.07298003,0.46880229,0.251806086,0.64968579,1.85318284
0.0159861135,0.038075738,0.93099119,0.0120417991,2.49110286,1.30754613e-08,0.298637635,3.39383245
0.0696642859,0.000502206645,0.397134801,0.016920768,0.0033025389,0.300736051,2.36611438,7.98288747
3.27075885e-07,8.83054726e-05,0.00573803929,0.00103183165,1.79563182,0.00238537153,2.94579281,21.3836972
0.056846813,4.76278075e-05,0.0137232716,0.621166915,0.107143734,0.0656614349,4.90807739,5.58798279
0.000156053333,1.98539895e-05,0.454602039,0.176609667,3.38213493,0.000168652653,8.02756036,0.150690016
0.0227921055,0.00531690217,0.188619041,0.0679552387,0.304528092,0.335698985,0.0193065686,20.1994264
4.65253216e-05,0.111836712,0.0546058507,2.43300321,0.740204739,0.00335042505,0.24590545,5.54091806
1.63232222e-07,4.17485034e-07,0.00172375854,0.687593205,0.0136432574,1.45655702,0.0282973455,27.6797128
0.0297494641,0.00306445644,0.0526400819,0.0208591427,1.28499567,0.315916248,0.672693534,13.1354075
0.0140288421,0.00150162071,0.00969463303,0.00620094434,3.68861693,0.103449305,4.78613352,3.85652728
0.0564005436,0.0115470435,0.00183367145,0.00322847797,0.0175501424,2.65430554,9.36029157,0.992135612
7.76250901e-05,7.05263935e-05,0.214181057,0.133461687,2.72604119,1.74266838,0.0190783075,8.31215686
6.55343259e-08,1.55389713e-05,0.000402521334,0.00112880281,0.0715891383,0.0346413347,3.019177,35.9286525
0.000745629446,0.149039729,0.00412071412,0.0486321164,5.14064508,1.6284896,0.0467363978,2.24446307
1.72949782e-06,0.00300108303,0.31119251,2.79909861,0.00988672104,0.0195385186,5.23926818,1.74368085
0.022198744,0.000691576349,0.281150603,0.0836315207,0.186734367,9.30526051,0.46132977,0.453919788
3.68489595e-05,6.18118381e-05,6.95551044e-05,0.0118020408,8.94563803,2.1865268,2.62262133,0.00390585686
0.00901564544,0.20556123,0.0003596868,0.180417938,0.00606949343,8.20259934,1.24082125,0.586911933
0.000845367049,0.000489475956,0.200325967,1.27431679,0.752565694,2.66017774,3.27653824,0.0526996274
1.36501887e-06,7.33598391e-06,5.5598693e-05,0.000240349181,1.24390202,0.135777133,2.05033976,25.8236933
0.0432732865,0.00594109607,0.457274703,0.00145414587,0.464605916,2.44555198,2.06848247,1.09072371
0.000981282643,0.00039875127,1.44779246,0.492661554,0.0335909893,1.9149372,1.11587539,1.46042696
0.0026650848,9.25763236e-05,0.172137786,1.06723932,0.00576795328,5.30335483,5.03859393,0.00445823401
0.000578619863,0.000437911542,0.64884661,1.76122147,0.403092915,0.0223491357,0.751718741,4.99003047
0.00561802528,0.288823355,0.0152099776,0.641888614,0.181593415,0.0198363445,0.260778189,11.6603394
0.0167457853,0.0175135169,2.02657418,1.43625165,0.21270819,0.254408947,0.0183102174,0.000470268464
0.00623025541,0.000460011816,1.48924245,0.0116834391,2.78992223,1.78092546,0.206231203,0.0372472658
3.98538147e-08,1.11255815e-05,7.18938477e-06,3.86736654e-05,2.02973698e-05,19.3840033,2.40870113,1.00664379
0.0347923899,0.000936791417,0.259258892,1.45848478e-05,3.6950335,0.0384565769,0.271674267,6.55536945
0.0491390547,0.0860168173,0.00907235795,0.185092278,0.139921099,9.57907785,0.0179715116,0.249991504
2.09846243e-05,5.51544282e-07,2.89789793e-05,0.000373844296,11.3751615,1.60647787,2.01147708,0.000451338057
0.0342425532,2.49697205e-05,0.0168269376,0.00701433447,6.42236476,0.0210132392,4.32292066,0.379829905
0.00138207277,5.57927649e-06,0.898074259,0.376304763,0.0338881549,3.99884506,0.790871012,2.23051136
0.00168583438,0.000584370933,0.0120184023,1.32269031,0.0352810145,0.0167286364,0.823341915,22.2237136
0.0162682909,2.62233914e-05,0.0244763454,2.09964365,0.000838203614,2.63661385,3.50722089,0.627268411
0.0367698877,0.438609907,0.160458479,0.303991233,0.778362882,0.0651789591,0.00865613791,2.01200747
0.145550722,0.0162997428,0.000103843508,0.00123720895,0.167507018,0.00624755527,2.96866748,8.72446979
0.00209372025,0.00407389453,0.165090722,1.26268425,0.0345246221,0.092252841,6.10898185,4.55777568
0.000123553752,0.00285823084,0.329755911,0.49960548,1.2063466,0.610952512,4.44361182,1.62907692
0.0155432792,0.000672772213,0.0434641948,1.32444126,0.59137791,0.468760413,3.54180396,2.23074727
0.000128369965,0.000552829495,0.000936278349,2.45607136,1.17919318,0.152849437,6.07314195,0.79230282
1.44263656e-05,0.138343267,0.0543147849,0.0448912845,7.88791023,0.0369188604,0.400318742,1.5835093
3.93421376e-06,0.332166329,0.00774134831,0.00170812908,1.04402156,1.04555042,0.154139431,11.2742033
2.87192164e-05,3.57287966e-05,1.25037916,0.00857156939,0.859209606,0.259205733,4.97407996,2.19496712
0.0241996158,0.0690575621,0.00719629267,0.00123590513,0.0832698575,0.574408692,1.44469599,16.8734354
0.000554480385,0.00105299954,1.08167447,0.012444845,0.175031883,0.011104785,1.00773924,16.135581
0.00260827344,0.00383144929,0.269720034,0.00696891779,6.1480473e-05,0.519979026,7.12828397,10.5146885
0.0507996986,0.000473531365,0.371423108,0.626756712,0.0407399287,0.111182111,6.67269859,0.60171963
2.77911919e-07,1.75194981e-05,0.591368719,4.77863308e-06,0.232277556,0.224736264,12.3145381,3.25395808
0.00775470504,0.125726364,0.288641255,0.643377659,0.0133365446,1.55590255,3.99217686,0.226914839
1.51905037e-06,0.0753179344,0.0268268109,0.0022937876,0.256863266,0.189627235,1.96574595,22.4832132
0.00246987307,0.0763289477,0.0049752709,0.748320485,3.13347211,1.87358454,0.038347009,1.80337386
0.0215257983,0.00237768126,0.016262372,0.0184980565,1.48336463,10.2748366,0.567218118,0.101305193
0.000124426672,0.0116373119,2.09449495,0.423077255,0.491269432,0.000177478704,0.312763427,3.56304963
0.0522183745,0.167229998,7.94427197e-06,0.0718415733,1.18489479,0.0253250924,1.934128,4.45375875
0.0209982089,0.143106894,0.0453567617,0.350831376,0.654046424,0.485309489,2.63476976,1.89502803
0.00746911132,0.010131657,0.207677058,4.39722629,0.00121677394,1.25438125,0.559358636,0.245303827
0.026335404,0.00794223503,0.00154019915,2.79106755,0.22085307,0.166881996,6.30694382,0.0177962698
0.0354337378,0.00923178593,0.228446968,0.269373344,0.0171030342,6.71522228,1.06820688,0.319240086
2.97841163e-05,0.206040391,0.179896407,0.505813368,0.00762716974,0.00539841753,2.56475976,9.48376289
0.0297005057,0.183906318,0.0943294219,0.789092066,0.031796928,0.427943285,0.742884238,3.81733084
0.00173422901,0.124354387,0.218746678,0.0148754744,0.0947573117,0.0219856449,20.1588435,0.0227994776
3.07765852e-05,0.000351617698,0.0257919459,1.63695077,0.518838587,6.0150058,0.0693649832,2.53583324
9.84412131e-07,0.0805111637,0.0867066481,0.842966921,1.566035,1.4243934,0.0186236376,4.76304887
0.000279198522,0.00346625209,1.58830753,0.820109579,0.95980637,0.102546732,0.119548598,2.28867044
1.51950814e-06,4.35326159e-08,0.203316925,0.813953496,0.00299170999,0.10889582,2.09418285,17.2314132
0.000172942487,0.606622466,0.0108770354,0.334432267,1.4575954,0.446099797,0.369171291,1.82750731
0.0379386548,0.158609199,0.153608713,0.136227186,0.00015032436,2.05188373,0.337683275,4.85191817
0.0170108382,0.00479236361,0.0702962974,0.0009309488,1.95666274,0.0593485116,0.169313656,18.330884
0.0812641624,0.133624601,0.00501772897,0.0143805417,1.08863379,0.487350593,0.00210894367,7.45254691
0.000963848344,0.00146830641,0.697550586,0.00247799623,0.0895848515,3.31633041,3.35237242,3.32727318
0.0113352351,0.00178916439,0.00115265248,0.924616461,1.88203986,3.11914999,1.28627666,0.583685775
3.60226234e-06,0.000130770907,0.344983063,1.74398497,0.110483054,0.930156425,5.74584339,0.442078232
0.0277609964,0.096072006,0.124387718,0.00510426767,0.645650168,5.98954405,0.0183018923,1.65696403
0.114932252,0.0297327597,0.0280794689,0.0103969713,2.47650163,0.0164966009,0.253073137,4.70673645
0.00146785773,0.292984297,8.78336584e-06,0.0891412411,3.58929011,0.112104911,4.2859605,0.278356053
0.00106849553,0.0815637595,0.13080386,1.80406856,0.271436949,0.019715136,7.40007293,0.137449912
0.00110906653,0.0354894597,0.00611332223,0.40244949,0.022604292,7.16937136,0.356699786,6.33566261
5.91573271e-07,0.00724476286,0.00625413873,0.00285629146,6.88526128,3.18402422,0.0381881933,2.91374943
8.65514638e-08,0.000911575046,1.59912929e-05,1.76737609,0.257123549,12.0770118,0.0797017441,0.239549811
0.000521939504,0.000257256601,0.255083549,0.0198528865,0.223322423,4.02491657,2.00106888,7.17005024
0.000178304289,0.000870070684,0.24231521,1.05733904e-05,0.0147488298,3.23976765,0.662557168,17.8976245
