0.240951188,1.22598196,2.3304192,5.00579028,8.02613462,9.64926809,16.5883751,23.0409254,41.4166309,99.9655027
0.948281999,3.75866024,8.11847112,14.3497836,22.1262173,30.1971286,37.1080859,43.2528906,42.2484847,1.32736241
0.403173795,2.00084279,3.03788064,7.97789787,14.1742921,24.4123498,41.3074526,39.020543,76.7066722,1.4551747
0.690668811,2.86073512,6.3278205,9.6037263,20.2102858,24.5394614,28.8447455,22.1975664,1.50641647,99.9814689
0.757289366,2.60963106,5.97589996,10.3635666,14.2197141,15.3088048,13.3644834,41.7317853,72.1753342,60.4896795
0.464041884,1.56655891,4.59814645,9.16496035,11.2370243,21.4048468,35.7477785,54.9468148,31.1202563,77.5857493
0.676880659,2.26980565,6.49295851,9.19059899,17.6369249,19.2011214,37.5061804,63.8833688,40.8062583,0.205658707
0.671294094,2.42699443,4.74238042,7.34011303,8.89017165,15.6467212,29.0415922,9.72576539,47.7026178,98.0908319
0.659607493,2.47211749,6.46104424,12.5526995,20.4891747,32.3914012,38.472525,36.7388114,51.5603385,58.0693505
0.70386029,2.9731876,6.84106537,10.1031823,17.9362527,27.747208,25.6906499,22.0237095,80.9834788,1.18677021
0.458655945,1.39832032,4.6191,5.02586977,12.4449489,8.2297613,23.8418292,40.4729823,76.1361559,47.4838569
0.721559128,3.14333693,6.10022162,11.1655011,15.2903834,24.5755266,21.1163758,56.8338212,27.2884727,74.7337171
0.354229267,1.76727996,4.44241079,8.04222691,14.2252915,24.6461237,17.5108283,22.9183325,62.9402048,83.2435131
0.554020994,2.64191184,5.31633662,7.74878534,9.51274867,21.0390871,35.6641503,21.0275557,76.9085588,43.7752337
0.718854175,2.70964615,5.2146738,8.64815701,11.1407435,12.0172864,28.9500653,49.5591161,78.7395854,4.66936608
0.633276689,2.15726117,5.88555536,7.63692413,15.3815251,13.1916414,12.4261876,37.5125703,31.1449868,99.8313507
0.761677298,3.17475497,7.19347202,10.8601186,17.1219094,20.4509128,25.9084972,19.4525469,52.8718546,92.0572679
0.466012619,2.11852733,5.05571376,9.87965405,17.857193,24.5542505,23.8384843,56.4316148,64.6568852,40.4653247
0.576881367,2.72877937,4.66479149,11.3008727,20.5014115,31.6820223,46.281705,43.1226965,53.5122943,2.00187566
0.518277887,1.7687461,3.09492592,5.61295882,11.8944138,20.2670513,21.793984,43.1050414,1.62729959,99.9735734
0.403753948,2.03586562,4.87800779,9.37306874,16.5836349,19.4827509,36.1217107,22.7008892,25.250185,99.373147
0.706691347,2.78056901,5.71535616,8.43993256,11.3198876,25.9811882,43.6328115,37.5387205,26.7305682,81.2891338
0.830848898,3.21854474,6.82959167,10.9522823,19.5646651,26.2299717,28.0549997,54.2504788,67.8209265,26.6694762
0.327792819,1.69285971,3.80339532,7.00891175,12.6780614,21.8515275,36.8280424,63.9541196,42.6563295,3.62580651
0.488726144,2.28442537,3.96191941,8.99178406,8.63258591,7.01400455,23.1204848,36.886846,58.6156169,87.6490014
0.611719502,2.71433893,5.19260795,8.57081955,17.8470911,17.0121723,39.840591,41.6163446,59.9289596,67.3581981
0.708983834,2.42732423,6.19741838,12.9710628,17.0100407,19.9691097,42.6713793,34.7877526,73.2650104,23.9400995
0.695506285,2.88410115,5.40808047,8.96643395,11.3235099,14.1259024,28.6879897,43.593391,3.91540037,99.5765595
0.659244724,2.45040419,4.83820686,11.0712034,12.6691551,26.69911,45.4226743,54.2985968,39.5163951,37.8732357
0.848566382,3.49820729,7.56316508,14.0695269,21.1077724,26.2138919,32.634688,37.9297647,29.2256417,78.8318882
0.569374323,2.03716517,4.19899985,5.81208236,5.60562734,16.5841857,7.5147046,25.38185,47.3792568,98.5393208
0.523904778,1.86096344,4.95676087,10.0231569,11.080362,22.7958649,15.3850462,46.4984802,80.3379365,1.05501244
0.660936753,2.20846231,4.60713319,11.3190775,12.3419568,26.6026295,24.8121562,36.4485818,46.8660041,92.1730258
0.528465079,2.51378014,5.69447622,11.2029135,20.2443269,22.6354566,25.9991881,20.6929022,73.5815222,57.0424415
0.501231657,2.43530333,3.96298239,9.88767736,16.3094976,16.0630964,13.8448932,7.90699582,41.8855445,99.9402098
0.774451585,3.479942,7.46979709,12.7529849,17.390111,25.415435,46.3318183,48.420028,39.5861763,40.5299493
0.336025236,1.71094817,4.14279386,4.14955801,10.3295981,17.8633576,26.4227817,43.4881493,51.6668544,88.5498885
0.562918246,2.40453193,4.830289,6.30223475,7.84033625,17.6655082,30.2682984,52.0136105,68.3171768,49.8970014
0.347872826,1.71668421,4.30049665,8.08231728,14.8405138,23.6336686,39.7058707,40.430768,65.167737,60.1968566
0.417483542,1.22667007,4.02204865,7.64137846,10.4362229,17.4741526,25.7876955,3.47402087,40.4426951,99.9957976
0.582670123,1.98934313,5.81581942,11.4184306,20.6118607,24.5763152,31.2803439,45.244464,22.4070322,90.586071
0.84294233,3.32636611,6.83474185,11.853439,16.452328,25.7459346,31.2681315,25.0239891,73.4391884,51.9256774
0.620123547,2.88340944,7.08390663,13.0856349,17.0093879,34.082096,35.4052837,56.6585743,40.4628015,6.30442929
0.562347812,2.61136496,5.17897057,10.4391216,11.420941,26.305818,30.8550196,60.7601598,61.9001766,1.91914307
0.421905032,1.8875923,3.41526945,7.44351415,13.3507422,10.6741083,26.7454719,45.0942942,80.6902147,3.97034446
0.668820088,2.30769307,4.56452012,7.23287261,16.0081916,25.8126653,38.3872229,43.7646577,74.1888443,30.1209801
0.578902216,2.70994183,6.83767966,9.41827067,13.3805282,28.6146283,25.3408287,39.3765635,65.8521321,66.9854214
0.336789543,1.06795432,3.05301991,6.04109284,10.9431851,18.528747,31.5032035,54.0091918,69.1839415,39.4895929
0.640681967,2.57804917,6.62978846,11.7758145,21.0071118,22.5867453,28.8779242,61.8641964,37.6662531,39.5962804
0.471385106,2.25229744,5.20274102,10.5896312,13.7322986,13.1052559,27.7177951,38.5288623,77.0893454,42.8655357
0.37038811,1.68898108,4.37182603,7.80926885,13.9516837,9.92816838,5.30750708,25.7274635,40.6347958,99.9750277
0.527808924,2.1869357,4.0363571,5.81108905,12.9989689,21.7231195,12.5315177,39.6396109,73.2228171,58.673843
0.654357396,2.64651831,5.5901667,9.59786324,11.0444478,13.4798201,31.7670227,54.2840023,39.9348431,78.7350306
0.538799929,2.52606742,6.07745943,12.329573,19.0467896,20.0395865,22.3414013,41.9426889,80.3762675,2.26986666
0.85834941,2.99485805,7.07804962,11.1737,16.3764134,32.852217,42.2029781,43.3366695,62.7465029,0.227765835
0.557465267,2.43219564,5.76221292,7.69006154,10.1138423,22.5641491,37.3521251,22.8578589,2.71294575,99.8591326
0.612158621,2.11490432,6.20327711,10.5872684,12.3773249,13.7117061,32.0510762,20.9560605,67.456938,74.6092638
0.34658604,1.6953066,4.08761801,8.07644508,7.53311526,12.6043249,22.5582819,38.9000048,24.3490498,99.9899625
0.507246378,1.81501598,5.12406266,6.0689617,14.5300555,24.8993903,18.2731426,51.102287,33.5130848,88.5178789
0.659606424,2.60123092,6.79973251,9.32484541,13.7906211,17.7289178,34.9174134,58.3387565,61.3561098,36.2793133
0.478885259,1.95637438,5.11898965,10.399143,17.119088,16.8289336,37.5956069,54.3722391,71.414577,1.42572453
0.623808119,2.06197063,4.60810023,6.22628622,15.1859122,25.03956,35.6966058,25.7125194,57.7454102,83.3194677
0.510895668,2.42093723,4.08717416,9.75826051,17.8004371,18.1602747,15.900868,43.2416163,7.57020425,99.7945862
0.694753625,2.73453095,5.87737805,11.0341295,14.153841,16.5002832,34.701053,22.9977419,26.0183708,99.78386
0.766682737,3.45524496,8.41940157,13.9222158,20.0871838,26.3705968,32.6285798,35.5085052,71.3873585,0.350965396
0.514435424,1.90461108,3.24716321,5.31871408,10.9820504,4.82822839,20.1345578,18.2021591,41.7228596,99.9538688
0.505806273,1.60478022,4.38605079,9.15591246,16.0389245,14.7005303,24.9682177,44.3303998,58.2819205,81.4770939
0.829692184,3.0279095,6.26993641,10.3761619,21.8667228,24.0406458,28.2089541,42.5612038,54.2623863,72.6777678
0.587851395,1.90848882,5.07438989,10.3158136,16.4137075,28.1972986,28.609049,23.4970301,80.2296769,19.3725897
0.715606899,2.55807133,6.05134577,12.9420258,17.0707622,20.8229904,43.6393729,46.3845549,36.2424085,70.0174824
0.607690964,2.3734295,6.25394956,8.94668869,12.2003207,25.4171142,20.5721489,14.5590607,59.8721488,87.6720291
0.474746807,1.84769538,4.81112194,9.50225038,17.1908475,16.0308907,37.1399272,62.8231158,41.107511,30.9962677
0.506511478,2.40325441,3.88353233,9.4232087,17.2419411,29.1969306,38.4879348,45.7309964,38.3888604,77.9682955
0.686718396,2.36238619,6.85107205,10.3951398,20.6487368,22.4030465,48.3801664,41.7128064,43.2689913,29.2498257
0.556465066,2.59198995,4.94661194,6.81195626,9.25254027,19.6592473,24.5662186,33.0074363,30.1665331,99.9973787
0.757389499,2.99735538,7.04933714,10.6432806,14.7915471,30.3984103,27.9541481,29.7116963,26.9962684,94.7010697
0.817698389,3.19491245,6.55717394,10.7026064,22.1294596,25.3519209,42.6787211,57.2862394,44.7740257,2.44905997
0.674933386,2.35269166,6.41437656,12.2398171,22.4473565,31.4362604,33.7846879,36.079555,69.3165221,16.8313966
0.561483376,2.64948409,6.1076953,9.34300654,11.8038314,23.5863874,34.2009938,37.0058678,80.7140458,4.00773042
0.284400115,0.763654973,2.54587272,5.16816758,9.34242375,14.4747323,24.6602133,37.3103769,69.1283786,70.5019114
0.636252065,2.12578329,6.40648541,9.78102688,12.91115,24.5617697,18.3952492,39.5682793,12.0798729,99.9711944
0.528018911,2.51140651,5.92818117,11.81104,20.6106771,22.3698031,29.8190983,23.4904247,44.8055145,92.7634871
0.57512314,2.51835342,5.47718411,7.29141365,16.3636858,28.3341553,24.2085413,20.2395336,27.2277065,99.3980124
0.531688118,1.73818808,3.25728073,8.24633414,14.6025735,13.6362082,31.1074623,16.4681359,57.661657,90.1774969
0.435089226,2.01620411,4.51607632,8.17551442,7.74140047,18.9282331,31.0015786,29.1318489,67.214852,74.8388186
0.507049299,2.47150939,5.82740573,10.1129844,12.2882544,17.1657944,11.610594,33.8921565,59.4676354,87.8510531
0.590612087,2.79393482,4.84672929,11.8393193,13.5414654,29.6044322,26.0355637,61.7491197,38.4632715,40.2904207
0.665538499,3.10450773,7.58340316,11.1293047,23.7283034,32.6105791,39.2259645,44.9533669,42.9863839,27.5291693
0.642765538,2.21463903,6.37829337,11.2088633,13.1489208,27.7645225,47.1597051,51.5829625,51.7264457,0.25401519
0.398261687,1.69618653,2.73531981,6.9626038,12.6152201,20.8806105,11.7932396,39.5825991,32.5831303,99.2278267
0.51719211,2.45510257,5.78880322,7.36518745,17.257657,29.5975868,40.9797159,60.0648012,40.0013135,19.5927107
0.562312565,1.90872268,5.33754703,6.72037686,15.7603825,16.8204743,31.9346898,47.4431437,11.9183351,95.7758995
0.672606169,2.62624778,6.23498136,8.87139639,14.0344706,24.716816,18.8691913,44.897765,78.1812611,30.3453216
0.572788103,2.26099596,6.04709702,11.7952553,17.0161493,20.7555066,20.8909993,53.465397,50.4944126,73.1888488
0.704261907,2.46894169,5.7859432,8.11851876,17.3623243,28.373783,31.8106754,56.6488287,42.0348839,64.2887662
0.629534263,2.28311319,4.93246266,11.0849812,11.9026381,25.0976722,42.0817846,35.4191619,65.5544327,54.761452
0.369851015,1.61450582,2.13460404,6.01909926,10.5350045,17.9420459,30.3675604,23.9295716,41.0939302,99.0573109
0.504376047,1.86635848,5.16215993,6.02889661,6.68127429,16.5031162,27.0588228,41.8452487,80.4796468,15.9784384
0.8145261,3.16794244,6.92790036,10.690301,15.688989,19.5335052,35.5410158,44.7356905,19.2728027,92.13491
0.58590292,1.97891582,3.70678817,9.56407726,9.12545261,21.3683793,34.7631887,39.5744473,14.1221286,98.6807991
0.655949472,3.04666263,6.69859235,12.7766032,16.9173568,20.9213027,37.1594936,57.7043997,65.0418549,3.92822336
0.628798357,2.07482793,5.20096745,8.29927934,16.726672,15.3495822,36.8419169,22.9532403,80.0200494,21.6136043
0.829481351,2.88698014,7.14322688,13.410864,17.4554579,31.1254068,32.0453038,53.2524209,40.2965341,58.0527021
0.735138124,2.63000376,6.94913579,9.80311748,15.2158253,25.3568577,40.8185801,30.1841489,54.4894862,75.0957235
0.559746302,2.00926683,3.52235361,9.2150206,16.7135083,27.0599416,39.2097055,59.4430198,58.5702448,11.6959554
0.427561263,2.13758042,5.10002675,9.7732701,9.81961602,22.7561421,38.0232782,58.8466679,58.5650666,33.7048723
0.695701441,2.89102405,5.27871603,8.55534788,19.329833,19.8835264,22.3406472,55.7717519,72.2104716,7.7082455
0.647626988,2.92456695,5.18421642,8.4697774,15.3086953,14.7098726,24.7352247,34.7122443,49.9685587,94.3084645
0.665121502,3.0549591,5.68929158,12.4247556,14.9143488,30.8549457,34.2206844,46.4013777,67.6256706,38.8873456
0.649666972,2.79877001,5.49963309,8.00661279,11.5053657,15.8825155,9.94509637,18.3068607,41.4420571,99.9706978
0.88669352,3.30183857,8.16141747,13.4014295,20.8824946,28.5965268,38.0139134,38.5129714,60.7303319,39.7626065
0.462299969,2.23212158,5.4248965,10.5849345,18.1112254,25.186727,43.6081968,51.2889629,56.8121309,40.5409256
0.630919824,2.21072061,4.70363071,8.0537696,9.14442223,7.10526624,23.975578,40.8831928,26.3113153,99.6022562
0.555899014,1.95448194,4.30402185,5.3662321,13.5040475,23.0549332,31.7432856,54.0019984,53.5565105,67.6950647
0.661030715,2.38310648,4.58789751,7.02607942,9.10406269,20.8961822,35.5337918,61.3927954,39.876988,46.8994542
0.499245857,1.57222756,4.30109925,8.96023482,16.2491586,27.9982901,29.8165004,23.6586032,72.5406387,58.7639997
0.662485157,2.23443238,4.62020483,11.2607848,20.4524093,33.5127438,41.2361384,50.1797011,39.6916688,36.8415823
0.387504304,1.89335283,4.79255441,9.72856118,17.3090859,29.13625,26.5290284,63.6586203,43.4443169,14.1125398
0.696740217,2.98253518,6.54232539,9.79497698,13.7994218,15.8443738,37.9507141,30.8673779,74.3068896,48.8339818
0.562892041,1.89683915,3.91818086,5.47586953,12.5040171,21.1352981,14.2338416,8.11029918,40.862391,99.9958898
0.676279917,2.30632751,6.67450221,10.06097,15.0697794,16.5473532,22.0709069,8.45857889,40.3298574,99.950353
0.473103407,1.47691567,4.32479361,8.87450817,10.258361,21.0184981,23.1786564,45.6706431,73.5021876,51.5978087
0.599888181,2.17356733,4.00000951,9.64312858,17.4587565,26.3808113,32.6618485,22.9813536,2.15331627,99.9935024
0.640576021,2.93992574,6.21839584,9.12841348,19.0502944,31.9087685,39.3888036,38.1898217,26.2000285,76.5490262
0.54724468,2.18653737,5.7723522,8.93220482,9.91109167,22.6659243,37.9926261,24.3602925,42.2048269,93.0399678
0.828443714,2.94845147,6.98229053,10.6701652,15.9994384,19.4304471,32.1030738,38.5852324,80.4179443,2.41940005
0.595602302,2.06109315,6.03703466,11.8972155,19.6494422,26.8016461,30.9274354,59.7451808,62.2002755,1.54540764
0.538909852,2.42304155,4.15735594,5.8852575,13.8910891,22.5688894,29.6913499,49.7959982,78.2472878,1.92297147
0.725632605,2.62200588,7.18763166,14.1778534,18.3246761,24.5406152,28.0133438,44.7324204,64.726637,55.8514518
0.715452137,2.95272605,5.63768048,13.3651935,22.0582968,24.6998853,39.6178624,51.332289,54.3632954,41.53774
0.824102089,3.20734847,6.76184889,13.2078251,17.019206,26.2906683,27.0357925,63.6453115,43.4023109,4.62509413
0.660820245,2.85504382,7.20507339,13.953222,20.9479982,24.8781255,47.3398986,42.3149863,51.9460403,2.03901105
0.547766079,2.58888582,5.98983153,9.42951198,11.0649718,24.8970503,29.4726462,52.2112217,24.7360021,87.3514947
0.457324299,2.20995357,5.06701593,6.02335229,14.708003,13.1367961,29.7486,10.5218973,39.594092,99.8524804
0.682348024,3.04261697,5.76488848,11.6126457,19.2641273,20.6136123,22.32311,39.7001763,24.2413296,98.0494993
0.657158004,2.3244292,4.47216619,8.92683029,17.0049003,23.7449308,24.5341787,37.6574261,69.5698813,66.764195
0.548400775,1.80457745,5.50792859,8.41936516,9.76392557,12.0580505,19.8972874,22.3655683,40.6857109,99.9762663
0.450637325,1.78108332,3.5314467,4.76109459,5.43316402,12.0921361,20.4239576,35.2559686,65.0469406,79.4596984
0.602565341,2.63498153,5.48499776,7.52659703,9.78239995,9.34762768,21.8706384,38.6818119,73.4638209,58.0974704
0.386893496,1.19463382,3.89889806,7.30521381,13.4174732,20.6939454,28.1738016,42.7580546,22.8804434,98.752651
0.579306142,2.57329507,4.64816899,10.7779595,19.3255144,24.0264667,37.7620044,38.3501485,78.3431385,4.49180432
0.710954998,2.8294984,5.41351342,8.51184111,17.6037488,27.7758891,39.5911344,55.2240165,65.3456603,2.42433003
0.417474186,1.90230748,4.71295416,6.80571922,13.6680029,9.33507459,27.9723552,48.597871,34.882567,91.9127264
0.585020042,2.63429371,6.27489166,8.660844,11.4447453,24.6301173,41.3932763,50.4791269,48.4025317,64.5040488
0.620883917,2.20475981,4.15717609,10.512171,17.3413864,17.627232,18.372006,43.1315211,79.4281568,26.3400347
0.37848866,1.17917685,3.49587535,6.9492459,11.9343356,6.79497952,20.2913704,35.3242014,60.6788416,86.0708061
0.711476604,2.87687759,5.50263454,9.26731203,19.845246,20.7202682,29.8151673,36.8965534,77.3584622,37.0747121
0.492693342,2.26462681,3.60927544,6.17925167,12.8834511,17.7778509,8.2251327,33.5425756,57.2570473,90.5298664
0.608656387,2.8491615,5.34244657,9.00191999,18.4793709,17.6166092,37.8092413,42.1680378,26.7279942,92.0843988
0.669689909,2.92415959,5.65853412,8.93104957,16.3109725,28.63938,46.3357477,38.7340329,53.0826274,45.2005368
0.575692204,2.17595385,4.00701026,9.88232064,17.1862628,16.1239311,37.0657519,53.2738671,39.7006852,75.7994853
0.482907835,2.05296015,3.24514833,8.05065725,13.4308392,22.5474937,37.6114473,24.73187,78.2538548,33.7539434
0.725145649,2.54861712,6.91963802,9.77101742,15.0840243,30.275672,27.6384654,62.1220433,50.4926885,18.7044409
0.469018977,1.67921703,4.83259244,9.27425686,16.0283678,21.7544176,19.7728132,29.3797057,34.5483298,99.9062282
0.638707075,2.81337704,7.02982959,13.652565,19.1226666,25.2515512,37.9725311,35.2508133,22.1861684,88.9523443
0.39723603,1.98504278,4.77541028,9.62084787,10.6666233,22.2266745,15.8117035,42.6322282,16.4581781,99.7904605
0.760495465,2.79964412,5.56201067,12.620388,16.6461988,22.5879209,21.3547091,20.9992552,68.5212178,72.0099972
0.636817272,2.67568419,4.94418892,9.67711746,10.9059276,24.8529906,23.1594023,53.3237075,54.1334193,69.825791
0.719350508,3.19709677,6.40034501,10.4685439,21.7302596,24.3857241,42.4390113,38.695331,70.1761467,12.9965402
0.764094755,2.66280585,6.85227654,11.4934868,14.8865397,23.9828233,21.9375508,40.5223316,52.922704,86.3864365
0.558381596,1.83422369,4.0275717,9.32621554,15.7074311,26.2863486,32.6786564,60.7911966,40.5845202,50.2810376
0.735559903,3.22802242,6.09386932,11.4087652,14.608611,18.3986054,36.3470873,61.1160755,39.6105838,46.5937156
0.467423574,2.21518857,3.39210934,8.9891479,11.8070325,21.6742663,31.2535732,41.5144072,43.3997253,92.5630771
0.466976153,1.64890322,4.80954793,9.64743324,11.4935264,20.8628418,34.590352,39.8818004,79.8018644,18.1415807
0.663172796,2.39897783,6.76242376,10.7118219,13.5080737,27.3732706,32.4256526,27.9140559,76.8058852,41.3728133
0.483411419,2.23904475,5.71076273,11.0148381,15.767053,16.2746583,36.8653869,36.6919435,48.5190973,87.7329019
0.470635804,2.15748692,3.65051214,8.95104869,16.011833,14.7172115,32.7001841,53.0427842,65.1825843,52.4894951
0.411458953,2.07060184,5.21276639,10.0518659,17.9916137,17.3203068,30.4907654,15.8827633,61.5684377,84.4898877
0.785574477,3.03132437,7.93509243,14.6959482,21.4445152,26.854363,37.971614,55.9183013,41.4612583,19.684563
0.462111628,2.23729704,3.46560039,8.92633664,10.6926696,21.154442,29.190068,14.1655805,39.356255,99.7502991
0.485509044,2.07262395,3.40505982,8.42473638,12.3884053,9.60603139,26.2887568,42.6985361,1.62326502,99.9938172
0.486602759,2.18713987,3.95157788,8.9556303,16.341561,27.7359168,27.2856767,44.5068979,13.8425174,95.5085623
0.350381673,1.75073478,4.37663195,8.73305223,9.51066819,20.8645978,11.0010988,11.1598951,41.2435324,99.9830497
0.419557188,1.95921244,4.72940368,9.23124065,16.8851309,26.6157974,23.9401865,44.8617987,52.1366411,82.8348614
0.627820129,2.52295086,5.00907603,8.1817984,17.1562072,15.3944609,37.3090349,25.5222693,4.52488353,99.8250701
0.514045036,2.41277212,6.12044442,11.7670963,14.6259142,28.6240274,34.0654689,27.3865393,10.6264849,98.0158839
0.683341204,3.09806018,5.75447769,10.6995134,13.9181134,23.9368389,41.9027423,61.7062487,42.5676968,11.1828557
0.701634256,3.05398801,7.23785413,10.4607204,15.2814397,18.7154433,34.5133532,49.4140178,51.2770482,74.7486512
0.766535381,2.63155103,6.18953916,12.8041847,23.289178,33.7099934,38.9336797,47.1967636,47.9373179,0.365595361
0.595484826,2.48181352,5.91028542,11.7979073,16.7405548,17.5320821,28.6774996,38.0513982,2.41643607,99.9820073
0.474795007,1.50143476,4.74801963,8.79013049,8.98844484,18.1032234,12.3815328,33.4488032,63.5774832,82.1773112
0.689444316,2.95486914,5.3559889,12.7016055,18.4039547,28.7740856,30.2493279,41.3482228,42.5433324,84.5919991
0.449194848,2.19316037,3.64952995,4.68138417,11.7173368,18.9435321,31.1625918,51.5495322,28.1820473,89.1059793
0.773624515,2.65815756,7.49190304,11.2192627,20.5702175,24.4898535,29.0026433,51.9129461,30.5075733,78.5725317
0.645093802,2.17656702,6.43000646,11.6919237,20.5325632,21.5925645,34.197882,51.8941613,68.4882252,32.9047
0.563865481,1.84881064,5.68738847,10.8628694,13.0602629,17.4444547,34.6883257,50.528059,59.3458209,66.1962751
0.629591364,2.3820398,4.58755655,7.84156099,16.0534014,15.0655335,35.2160836,60.6734155,60.5195364,17.6307179
0.763215544,2.80382712,5.74040154,12.2299991,14.5371511,29.9239359,29.3570587,49.8696339,73.6730951,4.93844629
0.705376414,3.01935451,6.73405281,11.2195625,15.1907861,26.9046986,23.3087806,57.9992341,54.4134872,51.505775
0.533007814,2.48657927,4.06419249,9.40211335,9.24138622,20.6918048,26.2816435,49.0510052,77.7605642,22.468798
0.443133978,2.15734184,3.24387532,4.57095444,8.52349169,14.9506046,24.7187647,41.1869154,76.7199714,44.5883899
0.799932304,3.28342966,7.10090525,11.0115482,22.7289655,26.7364876,42.1523554,39.0077799,40.8518138,60.6476681
0.452405328,2.102122,3.15885033,8.37643553,15.1440468,12.0719086,25.4578799,28.7451523,36.6698765,99.8822243
0.466098602,2.2908995,5.27899235,10.8949631,17.8927331,24.4726839,39.1406932,29.6143039,63.4722703,68.0261446
0.258676945,1.41814027,3.48547908,6.57815965,11.9307594,18.2803996,31.602472,52.5360215,76.2363179,3.47313735
0.420402247,1.25044361,4.15481375,5.86747059,10.4717658,17.1086116,18.8484974,26.6271078,42.3972198,99.6694816
0.750138361,2.80063931,5.55004937,13.3356509,16.6241119,20.5799845,23.0527992,59.0719158,63.2569897,25.2696644
0.459735056,1.52854541,3.71512353,4.66122918,3.29202785,9.25310768,15.4856505,24.6995737,39.9932156,99.9999713
0.64623368,2.87104299,5.37780229,11.0729078,13.1136597,14.9485816,28.1389714,51.3911833,64.7253137,59.5454634
0.6385128,2.94185901,5.21211098,9.03624837,14.5122642,26.2548443,33.1066596,23.3032085,69.9769754,65.6223378
0.640437851,2.8336174,5.26140042,8.6707821,18.4675589,25.2161793,31.1116115,60.5597299,55.945075,32.7435912
0.5573224,2.06898881,5.71441374,11.1439933,15.9959676,24.7098697,43.7723407,34.6703883,29.9251417,80.988942
0.455268747,1.45310371,2.39092023,6.95084677,12.5404671,21.1583379,26.5819371,38.9733861,68.3861784,70.2556261
0.363439137,1.76352013,3.53916472,4.0186073,10.086107,16.2874324,4.38073748,25.2023097,41.8146291,99.9087634
0.283953881,1.44964207,3.62393111,7.09418274,12.7960027,20.114034,32.8831761,21.7784295,60.2335708,85.8796475
0.536797839,2.56103579,4.39116053,10.4985925,13.8927659,26.8820964,26.2528875,36.1721914,77.271328,40.1697607
0.620562687,2.86794606,5.19742131,12.2673726,14.1554746,21.6162204,19.2101002,22.6024309,51.0407012,95.1465875
0.725072515,2.71057579,5.37440995,11.2010287,12.9310035,29.0717816,44.7525387,37.0461896,68.8504746,6.85926872
0.60293361,2.05334481,6.12051604,12.4024207,20.8715266,29.7989625,33.5406203,54.4016728,35.151894,60.7138559
0.435686269,2.18004502,4.92516251,5.73668113,13.9068473,20.978956,24.2200996,47.9075981,75.7599739,38.2600643
0.63176971,2.11841306,4.36171815,9.60950753,17.831578,23.2458361,19.8905623,12.5228281,56.3364164,91.5577985
0.617364026,2.15756808,4.54361216,6.6069011,7.69157912,18.5205916,21.3108627,40.7910905,63.5154327,78.9280457
0.79644363,3.15710954,6.54971106,13.2905906,17.3314805,35.6847141,38.4249671,42.7445915,40.6068132,23.7348509
0.553244424,1.80309573,5.38908728,8.86304882,17.1968906,15.9584782,16.0980692,41.8935741,74.18803,54.0741165
0.636294332,2.28718773,4.61759071,6.81773831,15.6458932,13.080769,33.0423227,37.5500098,74.820734,50.9082932
0.716141309,3.09338268,5.79933232,13.81883,17.77274,22.4877676,28.3563222,29.9317478,79.1756959,25.0208249
0.733803937,2.51825906,6.3464235,10.8759508,13.1609157,16.0667385,20.8954274,44.4808663,29.009666,97.4243859
0.711050483,2.89864571,5.45800466,8.68538042,19.413322,20.213746,44.7564288,51.0057427,39.143436,54.8592585
0.50932226,2.45976949,6.13012558,8.23435821,18.3992283,18.940437,41.6042451,45.492417,71.9367748,22.8220426
0.60643455,2.00870733,5.49168896,7.83951256,15.6538563,26.1321602,32.5759849,41.4803465,35.650916,92.7348862
0.510327386,2.26009661,3.63369504,7.1022176,6.32801015,15.4107145,24.9727026,25.7652497,49.3029936,97.1886301
0.653339636,2.21159509,4.464686,11.1044246,20.2148728,26.9219982,36.5258417,46.216088,56.8111647,63.6657113
0.750159733,3.21032166,7.5972046,13.6040597,19.6057786,24.5470739,32.738584,30.4782813,55.4085151,75.6608953
0.859112618,3.01931271,6.68780338,15.28782,19.9650139,29.1295673,34.6562024,44.6164975,64.5842823,11.8454899
0.517140925,2.48830101,6.11064224,8.65801674,10.6340885,20.5716624,14.9269129,42.6376146,73.5564748,55.7066595
0.671948491,2.31586117,6.65477717,8.97360053,19.9218441,34.1865064,42.2952528,43.3625977,56.6727169,2.88064211
0.828292049,3.03357891,6.9711465,11.5487716,16.2715423,22.4559658,41.2838729,48.303527,64.928623,39.4973258
0.506528632,1.61525451,5.10673042,6.72816391,14.8981294,24.3227138,36.5812998,53.1485742,66.8021276,39.8408655
0.463706818,1.42942766,4.51801996,6.58046687,12.6224581,21.8261005,35.4143909,28.037953,39.1840644,96.606281
0.57881747,2.29622675,5.90299335,7.62610466,16.3436539,15.8957151,22.4535761,43.8792297,80.7623036,8.21486626
0.642356595,2.89182771,6.94046759,10.4716667,21.4311484,23.4166359,37.710638,33.8984809,64.6675787,58.8146445
0.610520956,2.82448205,6.33601995,9.08500087,18.6924816,18.5787818,18.8825013,37.3472368,65.6790995,74.974254
0.616192206,2.10247344,4.06842848,10.1228907,12.069489,15.8813357,15.5947162,36.9174785,42.4268778,97.9666832
0.4366909,1.9360005,3.02058733,7.50429156,13.6214534,20.3009715,32.8113752,57.0047558,68.0246203,24.7366479
0.639012784,2.59238757,4.62865102,11.5469072,20.2508304,33.1101224,34.3478384,58.7734998,44.8134447,2.66395576
0.501577083,1.75240768,3.74600357,4.21027679,10.5258072,17.5942227,27.8595833,25.3263473,60.6910482,86.6553554
0.516760338,2.00176579,4.1995417,4.90144954,12.6112886,21.7499491,35.7888968,33.6476985,3.5193922,99.7780619
0.602432508,2.71087478,5.26643678,8.00812392,15.621253,24.910303,19.252935,44.1982355,43.5961911,91.4808265
0.687646676,3.19475309,7.67384635,11.3125677,19.6106321,28.8798154,30.2869928,32.4184666,75.3776679,31.0823404
0.844613506,3.05733251,7.00715628,11.3322583,15.7179933,29.1516838,42.0606004,37.5530175,30.2394656,76.8432884
0.707962834,3.25402408,6.24309533,9.94733121,18.9344104,32.3267221,37.4351521,53.2751573,48.389619,44.0204531
0.572803611,1.97519688,5.83263248,7.57527608,16.8464749,18.6500383,18.4474447,27.2241031,56.8426707,91.1665102
0.495153325,2.20525414,3.6135039,5.88663897,13.067416,8.91795386,25.7204651,35.5685847,70.2253922,67.9190037
0.513250182,1.98450045,5.35176771,9.60181892,17.702442,28.739369,25.819364,46.9537309,76.9258242,13.1187905
0.441981402,2.06393891,5.22671374,10.2981672,11.1349136,13.4837676,30.666607,34.3626897,31.171583,99.4423069
0.515427763,1.65635601,5.08439261,10.1291061,10.467439,22.4190289,28.5831729,14.3464362,59.1648565,88.5557207
0.673932039,2.5604333,5.65403199,8.68176338,17.5010015,16.9460195,37.8651295,24.0363465,48.6030435,89.5487163
0.841114413,3.41389313,6.77985586,15.2432382,22.3033972,29.6517206,35.3533628,44.1438574,36.365413,46.237315
0.602095882,2.36203855,4.1347392,10.3386091,14.4940097,17.5690468,27.4276712,43.710218,24.7581179,98.199037
0.405915918,1.2953604,1.95288311,5.95626637,7.4627864,14.0407477,23.2881358,40.4617629,44.7974206,95.3283791
0.310464372,1.58058755,3.93535376,7.86600977,12.6616924,14.1474435,28.3410057,47.1783275,67.1300942,64.3926996
0.456600013,2.25532375,4.9385494,5.89725309,7.59549623,17.3860727,26.6869196,44.9964205,10.2522842,99.2538118
0.496718848,1.80602917,4.67366988,5.13295328,13.220729,22.8422068,33.0928942,30.4015871,72.7757208,59.5179911
0.623392895,2.23294934,4.1425374,10.1336523,18.1557874,31.1589477,29.7258561,29.650284,33.2795845,90.803315
0.755873804,2.62189014,7.46633361,10.7705607,18.4967113,21.4611637,41.3068797,59.9297158,46.0074351,27.062052
0.70486879,2.69059306,5.2969523,9.48501413,14.7110945,25.357938,31.4725888,37.5731834,12.441102,99.2250893
0.715497442,2.97700499,6.20811016,10.6435679,13.5365217,17.9438777,17.5632296,45.1022664,80.6646178,4.49323515
0.563607463,2.62255686,6.43097396,12.9832068,15.8388581,25.1072424,23.4163768,19.0890818,26.683381,99.7138677
0.551283635,2.51623821,5.98451644,12.2525934,14.6281997,30.6883909,32.5892997,31.8640891,53.3413116,78.4359305
0.614209657,2.07457028,6.17713939,12.3821674,16.9864615,30.2844704,46.1244008,41.0009639,58.3450751,24.1549113
0.711932014,2.62243609,5.0657062,8.65616261,10.7362378,22.0339298,32.8838523,30.7055948,57.5660088,86.2171362
0.857812124,3.08908473,7.4629908,12.1375179,19.0611587,22.7349971,30.83861,25.764216,12.7467931,98.1056951
0.809555269,3.23191607,6.43399523,11.942611,15.746131,20.8751404,22.1588078,47.0818195,72.0111026,48.3838892
0.602034005,2.74010064,5.21633235,11.5851619,13.500864,19.366114,36.6717652,22.6396628,79.8806272,22.9801628
0.531953719,2.53276067,5.76862354,8.26759139,15.7410935,20.9789873,36.2426778,61.1065799,38.3365017,48.7542187
0.792633361,3.00889663,6.11689545,10.1877295,16.1203891,31.5665104,29.3331588,42.2469522,59.8097761,62.0964704
0.785866615,3.50428932,8.188219,12.5455152,19.9426473,31.5887802,34.1398585,52.9035885,57.5270811,6.59613868
0.592284623,2.78936998,6.92255817,13.007807,20.1807388,22.3801228,37.0482179,31.0348975,78.242009,3.24032399
0.661681732,2.81033205,5.81021857,8.69813997,18.420355,27.2549702,26.2247029,22.4570553,56.3475738,86.6447294
0.442416826,2.03384812,5.11108318,7.42038811,7.83055902,17.9399382,30.0040112,49.3402861,44.7596976,85.7527153
0.766138854,2.76869638,5.7915523,11.65461,21.6120687,25.0364626,27.51881,46.4337924,75.6656493,2.39862862
0.670033445,2.98237107,7.3985578,10.7184664,21.5906909,24.2481488,28.3756557,27.0995819,32.31149,93.4346099
0.532893408,2.00869786,5.46364963,7.49501952,16.0853116,27.7260788,46.1221702,40.2159903,38.4111808,61.6163184
0.656414844,2.2555504,5.07595872,10.506539,13.1123194,26.754415,28.2442397,54.7861166,68.8368022,33.28402
0.6106371,2.06024317,4.1441352,6.41611418,14.3748086,12.9615655,29.8503656,36.9770541,49.8492177,92.6693985
0.592001786,2.62056874,5.88106403,11.5091511,20.6035784,21.5308099,45.4746405,55.9301312,49.6305764,0.777070345
0.685888581,2.53365933,6.14980599,9.78835895,12.5060133,27.1698697,43.0967841,50.6195432,62.8080389,29.8778004
0.542528338,1.77271564,4.96432775,10.2352859,16.4406975,28.150841,43.2133367,44.5848948,70.2573322,5.72160181
0.670576244,2.28267299,5.28028827,7.28598962,9.79444602,22.7139724,37.2024149,50.4604549,74.8586452,10.1942691
0.731304156,2.50288859,5.45876486,11.9218829,19.7254449,28.0807222,37.7684823,30.445593,71.2810037,43.1158248
0.761083703,2.6682599,5.73724646,9.01083314,12.1040445,23.3553923,20.0758377,30.6334533,37.7758333,99.2139965
0.696986575,2.68783131,5.6203692,9.77326258,19.0532914,20.4299509,20.8526102,53.8370968,63.6947733,53.748294
0.666915076,2.24187345,6.25044571,9.89247381,11.6251671,17.0332188,24.6402011,41.0035395,60.6053974,81.8014034
0.511296028,2.15068053,4.99723266,10.2589415,10.8263063,16.8514032,22.4193869,1.81881041,42.7746428,99.8417591
0.539324209,2.39711027,3.92259066,9.99716927,10.3490399,18.5609331,33.480164,56.6685223,49.8627074,63.6575601
0.757135835,2.620845,6.80370116,9.70416253,17.4476966,32.4063796,46.4570329,45.4126536,41.0915707,24.7776308
0.594946318,2.12177982,5.01973962,10.6236774,11.1279725,21.1699452,37.8104746,63.6701241,43.8086411,11.6287243
0.579706278,2.74658606,6.79181636,11.6491332,17.0717474,22.1297234,20.844966,37.7276521,75.2442995,49.8751545
0.590314211,1.9630537,4.34522254,9.52846294,17.4625608,28.4457577,48.5414206,45.186205,46.1246857,17.2051394
0.523408677,2.46740352,5.00858628,6.50667809,13.0222608,22.3758127,18.8822923,42.1850522,4.63400763,99.9998087
0.563488604,2.05534417,3.89936637,9.23301207,15.6321317,13.4363025,34.1233433,45.0600384,78.3108867,22.1045996
0.467053441,2.06494315,3.31876625,4.15505136,8.24480009,12.4750369,21.339693,36.0920503,34.8555339,99.7203161
0.544979166,2.52985976,4.43973421,10.7923433,19.187373,18.9022433,20.1551197,37.6811496,51.4451495,90.0181866
0.723544209,2.46637648,7.25415515,14.3332462,21.757819,29.8536112,44.7192256,42.5957362,39.8953762,30.0259386
0.880674727,3.49186468,7.25583953,12.436569,19.7025565,25.4732417,29.5909331,59.5279794,44.8379495,40.3939082
0.464898925,2.18452932,5.54841668,9.81890426,10.3702017,24.401925,17.9221735,21.851745,40.1993921,99.5788856
0.565130524,2.62866769,6.19898723,8.98989504,18.530521,21.1049926,26.6297965,56.4049987,31.2978809,75.8413161
0.673024396,2.29399234,6.58636099,10.6706928,14.9009294,19.0623705,29.8056028,54.5513128,73.9694462,4.85450874
0.565071333,1.95464182,5.65109039,11.0973108,17.156421,20.5009597,17.421879,48.4665337,29.7740644,93.5009183
0.68798955,2.84439867,5.60414498,8.76127237,16.3930297,29.4387502,31.7453753,34.5922017,78.8594663,18.1868993
0.676888679,2.3418594,4.99798943,11.4870062,13.6072833,28.8167204,35.9569377,50.517646,37.4623321,76.0607924
0.552650142,1.81527622,5.33882174,10.3633163,18.0725643,20.5290322,35.9456854,41.3583982,71.8175571,50.5444972
0.810813171,2.8391707,5.97655108,10.9225754,21.2837999,22.933097,41.604104,36.2069162,27.5076635,81.1747293
0.627487773,2.90612589,7.35623471,14.4869378,20.6813463,27.3812002,38.4130867,39.2976597,64.5972729,38.4558007
0.551216345,2.59880972,6.5336403,12.4658589,15.4754099,29.5980856,40.3616977,53.4560745,41.6688901,55.7007199
0.783554971,3.41194187,6.81449121,11.8144886,16.6080821,25.9738151,48.6717744,44.7695836,47.6723555,6.79977145
0.429850955,1.97673337,4.99770229,5.88993819,14.3080221,23.2785427,39.6452079,31.241297,79.0200561,15.3214423
0.567184186,2.34277388,4.2762857,5.97512083,13.2010894,11.1372043,4.30876762,24.8272,41.2179328,99.9617132
0.650501195,2.20735961,6.28935639,8.58687428,18.5901154,18.3098324,24.7472482,32.5299208,34.4586218,99.0025403
0.379420913,1.93470062,4.71451731,9.38862952,14.8791038,16.7380665,33.7267063,26.9640046,72.2424343,61.8725897
0.658026652,2.18922349,4.90898912,8.1402097,16.7172565,27.6607664,27.068681,61.46412,59.6295001,0.844064744
0.715783554,2.79087634,5.45771377,10.389222,18.8476567,22.0864465,21.6129509,16.0641668,35.8042661,99.6894899
0.70019474,2.36957067,5.92548465,11.1086035,12.6887901,19.5529315,37.64812,47.7825102,18.8138034,88.9606569
0.302876413,1.51519205,3.86466117,7.16153893,13.0359066,18.4928176,11.8369596,36.465031,54.654761,91.6996466
0.446563614,2.22296531,5.5950661,7.72425166,16.7472859,14.5813324,18.0765215,44.5602027,44.9920768,91.9612602
0.593409392,2.80570105,4.88045122,7.85740358,15.9831408,25.8429996,40.2157887,29.0371863,39.1732045,88.5183086
0.528486748,2.28470994,5.81218114,7.9301866,17.0231615,27.7839688,34.7029782,46.0562274,58.0589275,67.9704004
0.5219333,2.49193529,6.24878915,11.2158867,13.4796865,22.3346093,37.428242,43.6911053,74.8247661,33.6818613
0.613342944,2.11783609,6.08986305,12.1055278,15.1221984,19.2236715,41.2738941,60.2644251,44.2041737,34.2916527
0.542881163,2.60162717,6.51288309,12.0567981,19.8346389,34.9366176,35.1293141,49.2396597,46.881682,31.2812929
0.729877203,2.53200058,5.24141742,12.2557479,15.4357512,18.2302129,35.3715882,27.9561044,66.3267796,71.8855212
0.596769883,2.78003209,5.07986028,9.05312861,14.9409823,15.6126017,28.3225468,9.66636911,55.2237419,93.1065999
0.670130579,2.27874288,6.59838696,11.6907726,20.0547234,23.1694967,23.9577285,27.3162473,79.7463672,24.6505007
0.664237034,2.7829736,6.99607093,11.5788771,22.0416967,28.3466943,34.6400581,56.6765357,58.4007054,17.9246819
0.431471063,2.15494533,4.18594672,9.08178987,16.4398864,26.0330453,32.5149959,20.7318354,50.5580562,91.3107857
0.645548148,2.38587663,4.47575559,7.04729843,16.1110779,26.1691319,20.7432417,37.2396107,80.4664223,16.1536571
0.25728813,1.4565802,3.50808086,2.65942515,7.90544889,11.3375519,18.4088768,31.0193013,57.7792676,90.422694
0.477941165,2.30650025,5.51429603,7.91115277,13.3364996,22.0629623,25.8451791,35.0201996,65.1936545,77.7258144
0.561525872,2.55745482,4.36740423,6.76204331,14.5205226,24.9076371,42.2699788,51.3716882,57.3428341,47.6924179
0.590078201,2.07890503,3.81602262,9.53049688,12.4595533,20.9331372,34.4683815,19.867476,67.7328844,72.9944521
0.462819069,1.96227037,4.95645342,5.79839251,12.2315995,8.87297446,18.1306962,32.7935839,59.4107504,88.3026577
0.693963063,2.92702889,6.19298836,9.01663104,16.5625797,21.1939327,17.5387275,40.878173,3.06975058,99.9996081
0.629939986,2.91462607,5.63425614,12.5556754,15.7102462,21.537504,39.7937882,46.3856998,60.1728174,59.739719
0.536176834,2.47661632,6.27053453,8.75839174,18.1554545,28.6967507,25.5265485,37.0091127,8.26610319,97.9785907
0.794352376,2.74185072,5.92125645,12.7866306,17.9030183,27.8006422,42.9374599,54.0846839,58.5545106,13.6150217
0.551427416,1.8473187,5.43917035,9.86231456,10.4179529,14.8507121,29.9637282,42.7984369,4.52249472,99.6883296
0.702769441,3.15882879,6.20182072,11.5313463,22.1870113,30.893603,32.5949968,49.6617106,32.552185,63.4317931
0.38608866,1.88122657,4.71461531,9.48100016,16.7069564,21.1943081,18.7271676,42.9007664,78.7074219,31.811696
0.58189679,2.52736334,5.57578003,7.32377179,17.1949161,26.8005625,29.5984583,20.6473722,77.2728341,41.8920163
0.445909682,2.05118423,5.15907561,9.38873717,9.55725136,21.4386046,35.8004302,43.7256196,70.1676178,54.6686278
0.755321847,2.59852702,5.45721123,13.2284071,19.1613977,30.4065235,31.0779409,60.8978171,39.4576738,26.755069
0.622744032,2.32369578,4.79628996,6.60512923,11.5632587,7.96284515,24.6903306,42.1683126,79.2276544,29.186499
0.678797937,3.12041739,6.20980645,11.1126658,14.1791157,22.4638395,34.7815844,34.2493938,43.6165201,92.129196
0.637557102,2.90144851,5.34297485,12.1229039,20.5893113,22.7861044,26.1238728,63.2198207,50.1189873,10.2640434
0.601444285,2.8448795,6.68334285,10.2450834,20.471955,24.4057498,31.6812435,53.9360049,54.1567179,59.7013375
0.554772249,1.82233149,3.6917726,9.13256472,15.7783686,25.4956851,20.4502697,51.4566301,62.9689487,61.9430358
0.478680032,2.35303488,5.28083873,10.5076607,18.9215646,30.3553326,33.2262375,39.1717607,70.01409,46.5157948
0.491638481,2.3923107,5.75414674,8.35441539,14.3353983,12.2314063,29.2335435,47.026352,59.3496298,76.2148881
0.532669997,1.69174777,5.2197794,10.5889561,14.4715126,20.4904915,38.4474843,28.6256463,6.48122643,98.7756999
0.667805702,2.46156361,6.63917929,9.2455784,20.2612694,31.8941405,36.1955307,45.2433258,63.00119,40.9772089
0.813483657,3.47199062,8.03869574,12.300485,22.7057822,26.7048078,45.1375406,42.3271059,45.4471778,16.0991644
0.677675372,3.04731513,5.53383624,12.2377619,14.4109088,29.7546802,43.6721959,37.7614832,43.9940636,66.0890986
0.755192685,2.59644487,5.45782672,12.618226,20.486947,23.0095617,35.4851415,28.0506543,49.8493223,83.7040291
0.648748812,2.22380728,6.25030324,8.92015465,19.1023831,26.9319842,41.7243866,32.7676032,73.4604128,23.3953048
0.558867049,2.62177208,4.46474194,11.1913173,19.9783921,20.5648806,29.9692751,20.6850447,23.3657364,99.7194488
0.340704525,1.66359665,4.07985453,8.14611508,6.60582332,10.7512518,22.1257624,30.3644014,52.7636011,94.8728223
0.594638517,1.97914237,5.73595889,9.1254349,17.6807566,30.3930433,28.0773647,61.0995214,47.8144995,33.4831841
0.622321321,2.79967314,4.95192383,12.1113779,21.0405029,22.9152307,26.0817395,40.306925,64.0157629,67.1167797
0.668182308,2.45858772,6.72563712,9.30663846,20.6014889,22.9535552,43.9200418,39.0897136,43.3041344,69.4421135
0.597826011,2.00674002,5.89679204,8.45970901,9.84801802,22.2907847,19.9642537,39.5834928,44.8654003,95.2033445
0.555057962,2.23665999,3.72627702,5.53116842,13.4212457,17.1673664,15.5890926,33.1003964,33.7888964,99.997712
0.598086381,2.00737336,6.03421794,11.9005978,17.3225201,24.1719045,25.6809844,28.4309146,62.873924,80.4578327
0.687078321,2.31259225,4.7255385,11.3075186,19.2500198,32.9409513,40.3129454,38.1911423,31.0015417,66.8209608
0.711657097,3.21793609,7.18067163,11.1763945,15.2030033,27.7300112,38.0178016,42.4732538,74.7669858,16.0767642
0.629719126,2.11925877,4.82795855,6.77182601,13.161762,21.3797893,33.7833347,26.747771,23.5729496,99.9556633
0.678164844,2.94297792,5.3797898,12.8325487,18.7812789,29.8410608,47.21874,42.9413014,39.6475527,35.822795
0.600096464,2.51453685,5.87160052,8.21482993,17.1659019,17.1650932,33.4845133,23.1220581,71.8550137,63.0839343
0.806836159,2.7863793,7.79925796,11.4402939,16.9986547,21.9430034,24.6674648,60.6995198,61.1640619,8.93548238
0.538750496,2.2388283,5.88290555,10.0835518,11.5188004,12.7150435,32.0486954,51.9715528,75.032575,22.8592636
0.468006334,1.4979237,4.73763561,8.7704708,12.7120285,22.394345,34.0093389,43.4218039,54.0608781,81.6657145
0.77859232,3.46032351,6.56380005,14.6965372,23.9275165,31.4882155,36.7463853,42.6884711,41.3282143,11.4334018
0.682781125,2.33999291,4.77999282,11.3029282,13.318884,17.7870093,27.8749538,40.001867,80.8010206,9.89994564
0.742661902,3.37204544,6.36224917,14.2004529,18.5481448,30.1489099,35.8048954,39.1814485,58.1198251,56.907878
0.509923912,2.31925011,5.68074269,7.34323596,14.2440973,25.2471031,41.2765977,55.020248,65.4221749,10.3688139
0.78953712,2.77038723,7.42413123,12.3052343,23.7761458,27.1543959,33.4910702,49.8680834,45.680106,47.9124228
0.793701393,3.38258999,8.15514457,13.04757,18.7663458,32.8746247,38.0385455,39.4903626,33.6514827,57.495005
0.59165502,2.05755074,5.65684634,10.3454705,15.4740089,28.3807095,23.9629487,55.999589,28.6989777,74.6592852
0.544452448,2.07129739,5.51700881,6.80230348,13.8278856,17.0881479,32.467723,54.3294756,35.8897377,80.3710088
0.680445299,2.59528099,5.36928659,8.39951057,10.351506,21.9582925,28.9526389,38.8550551,71.791403,61.0832408
0.490944104,2.37860134,6.01378049,11.3861803,14.6310061,16.9689768,28.3277675,18.338757,37.053487,99.8447228
0.553638373,2.60339312,5.9717078,11.780035,13.3103479,15.8413177,15.4297684,45.7180602,78.9121299,26.3575123
0.39893821,1.42319329,4.0667046,8.1295719,14.698009,24.2813702,20.5824447,12.0466663,45.3174971,98.7696019
0.334114756,1.7482445,4.41560009,8.85799926,10.8686605,20.0133774,34.2640646,33.5278984,13.2114862,99.9522086
0.689924617,3.18416123,7.20304355,10.8885019,16.710521,19.9690908,34.8824114,24.1744994,80.1197678,19.2438231
0.760318719,2.6758074,5.53409543,9.04736325,11.9425915,21.8045906,35.8626879,33.3903517,78.9939206,28.3982572
0.545655469,2.31479465,4.49685736,9.20948412,9.00271859,22.392324,36.9212951,23.4604761,80.527873,14.8793908
0.531202858,2.55795258,4.48303985,10.8364635,13.7737346,14.6336089,26.1756545,28.3369213,61.7435494,84.9272576
0.599648275,2.38197645,4.41775223,8.76735332,9.29151953,21.9672551,18.6038723,26.6057994,56.3647518,91.8412711
0.601319638,2.08354461,5.94504087,11.541824,14.1256801,18.0168586,36.4767835,24.7913366,75.8058419,47.54908
0.567390239,2.6858507,6.66549563,13.3715552,18.164797,21.7787354,33.9570409,39.8265303,46.9488821,84.3422668
0.671064917,2.9760568,5.6690072,13.0810618,15.6541317,28.3975173,26.9235513,45.4230569,18.4641205,90.4348103
0.70057574,2.37833127,6.58432613,11.4885651,15.6923089,17.1242604,33.028235,57.3338756,32.4354254,71.1557653
0.295836172,1.21154092,2.66644617,5.67574864,8.77380109,14.0110541,24.0582564,41.7453159,13.8743774,99.9918284
0.428069829,1.7134789,4.58687143,9.31833978,16.4486844,26.9225739,38.7023661,38.071158,75.1643278,31.4994945
0.575689108,2.33982912,4.29860917,10.1730455,18.3764227,22.1285494,35.4995498,25.4910969,77.3343256,39.5783234
0.768277967,3.47578336,7.04008638,11.2100037,16.5571731,21.4773065,44.5090242,36.5480982,54.3300824,58.1077708
0.770210582,2.65814899,7.6974225,14.643353,21.4395749,26.7690051,38.254951,37.1752632,39.9402477,66.7245433
0.556492287,2.06837816,4.14106867,8.41351538,15.5738645,13.2465743,13.6117945,34.8386441,66.2732885,77.1351075
0.692981398,3.1431319,5.73965708,13.7922857,17.983677,28.8577297,41.3042887,41.3452022,70.2354594,1.2759392
0.508199964,2.46804365,4.76938353,6.66363455,14.189908,24.0422306,40.3163326,43.7974928,23.0117323,87.7398366
0.428391663,1.93587507,2.95991577,3.63592385,9.41286503,16.2381362,19.5761635,17.679589,42.2418629,99.9047563
0.739251819,2.55988048,5.53734356,8.62954679,17.8545646,18.2342165,39.8048669,39.6726011,77.9373718,4.22086085
0.522084605,2.15365028,4.7085887,9.94317912,10.5409587,15.3915467,21.8612772,37.7046049,70.462093,67.1745257
0.456559893,1.83252309,4.65266491,9.42399603,11.0538391,21.4392143,36.7063555,58.4772663,66.390355,3.81640738
0.631809523,2.11525059,4.35182517,9.79349523,12.9331842,16.487902,29.3143205,22.8165085,40.5096664,99.3839205
0.616819757,2.86344036,7.17343517,11.4372305,16.5196197,27.6175971,25.6413098,41.9244417,79.2878729,3.78254006
0.701276361,2.88023486,5.36009403,8.5414887,19.0877657,19.5469977,42.834916,59.0503257,50.6847677,20.7659632
0.728545847,2.52699243,7.00949585,10.193227,18.8134405,21.65006,29.4907949,19.6163164,74.8564035,52.8345339
0.797214881,3.62001401,7.14587358,12.5280707,18.6190675,23.7151356,31.0769565,54.8171355,34.1920189,67.8508666
0.584167375,2.72136963,4.6534912,10.9632233,19.5929981,23.2552386,40.372074,59.1255699,43.2083659,41.2213534
0.736321625,2.93875464,6.26151009,9.68487983,13.5493299,15.1846292,15.6674157,44.2341065,54.0666509,86.0503973
0.522101944,2.32635143,3.79437451,9.24856811,15.8098465,17.8433912,32.0183979,37.8593058,1.85649771,99.9905651
0.593632292,2.67217564,4.70422354,11.1701529,19.9815964,20.2261072,46.4074871,46.3596534,59.1598112,23.5832512
0.822094675,3.15752478,6.63398812,11.3957154,15.6150059,19.91342,29.8194054,36.7780435,64.8591361,72.871895
0.650246396,2.99907879,7.29093977,11.2870689,14.9525634,26.6894384,30.706444,49.0111575,34.72654,84.6958381
0.498757399,2.40496718,5.05036278,6.29870907,12.7055681,21.7281009,26.6056404,20.4863318,46.6884807,97.9613519
0.845883834,2.94951064,6.48489685,11.1716154,21.0840331,32.8042354,40.7582848,44.1589086,57.9226681,26.8298271
0.584246833,2.73906375,5.39478884,11.9984781,21.0882159,26.9857757,43.6080194,47.0726453,33.7664441,60.6691245
0.363014528,1.63305047,3.82399592,7.4965529,6.02100331,15.817038,24.4251918,38.6602756,73.7850834,56.9660825
0.491951574,1.53881102,2.77188963,7.37085611,13.4086195,11.6173164,27.0598918,44.0725964,74.374362,51.0527439
0.6365338,2.57423509,4.87965595,7.90505634,8.91498686,20.8324704,35.1745162,45.741377,40.0954388,88.5878583
0.769157333,2.80967107,6.0256951,9.60267001,20.4870099,27.961202,31.1706081,63.2591852,41.9195422,7.69378862
0.894842144,3.17195676,7.28369477,11.9090757,18.5326791,27.1328622,28.9316469,28.2269995,78.6429479,14.9886679
0.654158121,2.20356577,6.30356964,11.721384,13.6406331,22.335692,29.2677772,32.8508134,33.7122714,98.4741172
0.335678262,1.70624309,4.15878384,3.96953849,11.1048784,16.6549355,26.1302913,42.2586697,80.7136773,11.8695104
0.441270993,2.02680549,3.74306793,8.52855463,7.42138069,18.3013261,12.8618447,35.0146661,33.8360459,99.9278708
0.632433446,2.90866642,5.25406102,12.4855986,17.4920338,22.0839311,33.0421817,56.3833594,40.9155076,68.3102815
0.650902602,2.29389102,5.14124839,11.3211138,12.9425988,16.7331007,12.9875364,42.3314895,9.95712533,99.9922919
0.554331869,1.88639545,5.42668196,11.0325602,17.9400696,26.8995219,43.017348,60.0907418,44.7564431,0.224932316
0.476552281,2.17381676,3.47500834,8.63921008,13.3529434,9.64610241,25.4949038,5.41978766,44.4316395,99.5261609
0.710613453,3.16078955,6.41841461,10.5040605,13.9390326,26.0140901,22.8872692,58.4437412,66.5320129,16.6926279
0.567134149,2.52164948,5.9439028,11.6782434,14.3028725,26.8777251,22.4456186,17.4393382,70.6584243,66.5629431
0.623785871,2.05847917,6.00013003,10.7576678,20.0593987,25.2740649,24.7845267,23.5623684,22.4171358,99.5647085
0.719098594,2.4480419,7.11180676,13.2785708,16.7655954,33.4386004,35.5579447,41.2800298,68.6208994,3.29379675
0.725705598,3.2662773,7.48568046,11.6114685,16.3217131,28.1509957,34.9843292,61.0759271,48.239422,25.9719716
0.472428756,2.32710522,5.74070087,11.2870737,14.8382215,15.5562755,33.0525784,52.5360897,32.2854651,84.6757556
0.655500664,2.60177675,5.840496,8.01522434,11.2057155,10.8184058,30.3547329,23.211647,57.650268,89.929532
0.806101993,3.26620282,6.40236185,10.5681509,15.4806179,28.9259284,28.8519012,27.7174938,55.176625,82.6199599
0.736831021,2.64084779,5.55894015,8.9312236,18.0810744,22.4787279,33.8520783,42.4282424,49.4920639,84.2369185
0.642923003,2.92009079,7.01552922,12.7928093,16.1743635,20.8392476,35.368758,26.6844644,5.6820489,99.1537203
0.681223313,2.43465048,4.77765909,11.639785,12.9446265,15.8745419,36.0674489,59.9695755,59.078359,29.3862149
0.543637708,2.09718452,4.88217563,6.28453862,13.8997219,22.2173344,36.2171654,62.5567128,47.4858716,29.1610389
0.655831189,2.30190831,6.4687104,12.8520704,15.545988,25.8477115,36.1786822,63.2133986,42.7103739,12.2409996
0.612659595,2.47767981,4.62298208,11.0468356,18.1770699,17.8916676,28.6252822,55.3687247,70.0895077,27.7222498
0.689200568,2.33899424,6.96269393,11.0333,18.0091189,23.6547132,42.920007,44.5752327,71.6392416,2.87407428
0.519450168,1.89950558,3.24312788,7.73308943,14.3320133,19.4174713,20.5955391,27.8089142,59.4559165,88.3553647
0.386537209,1.97574396,4.97285592,9.00316345,15.5980837,26.8930249,40.3616875,54.1114856,33.7727539,65.8561518
0.401064548,1.89254402,4.67822472,7.81479676,6.69004806,18.1880211,30.7255219,29.1406229,34.9521872,99.5552974
0.64490888,2.88571029,5.13584512,11.3099362,20.6282478,27.1337509,30.4723087,49.7010142,70.8775414,29.5759869
0.488027734,2.30561885,5.81722541,11.5072187,18.3678046,19.1213354,31.6666832,58.4370081,50.9643987,54.5243174
0.685956,3.17135246,5.89712662,9.62382788,13.2014119,16.4798018,38.1853506,59.4868153,62.2576419,12.4851702
0.405574047,2.03003129,5.05646349,10.0667647,12.0901582,12.9626806,20.6562442,34.7459612,52.2666997,93.9618545
0.672294223,2.28056173,6.58454007,13.278299,16.0701813,30.4151264,29.8631278,46.4909319,51.0539314,69.4497567
0.852657115,2.97007391,7.70346061,12.1335418,17.0476705,31.5997757,43.2150154,54.086986,42.9360968,11.600748
0.658693312,2.82478102,5.27137967,8.21095961,12.9052572,23.2990752,16.0369124,38.713099,67.6516026,72.2359982
0.549918154,2.37840583,6.03342919,10.9707433,12.9581111,13.8985838,15.8425215,29.0889325,38.5406581,99.861455
0.608397987,2.0640651,6.09107258,7.93143393,17.7075503,23.8022248,19.4988709,43.7014299,59.0263679,79.0817957
0.585151372,1.92319527,5.83572333,8.11404607,13.3041068,23.669367,38.2281325,31.7288841,77.6119406,32.68671
0.319841486,1.50303114,3.76153024,6.98997766,12.4635406,10.449358,25.076046,34.9159426,39.8040726,98.8946078
0.625142419,2.83335856,6.96878695,10.0622876,21.4077906,28.2473784,48.2443618,43.4103027,40.4823107,7.05977414
0.569061191,2.65958542,5.26847021,7.80774618,9.35918756,9.54610161,20.4445019,32.8853981,44.7534109,98.355279
0.733983163,2.50837939,7.34349436,11.0187143,19.8233564,23.354541,26.8291143,39.2198875,14.5621671,97.3152716
0.499252003,2.19034963,3.74187046,9.05908468,15.7923763,20.2907882,37.7587827,38.5849575,59.779326,74.6130923
0.660849279,2.20025203,6.37241285,8.91378458,17.1228439,21.6521673,38.0995709,27.7079474,22.9671004,97.5429229
0.378517537,1.94982254,4.78342375,8.82828847,16.0827494,18.6765515,37.0963225,44.7709372,19.299029,93.1546143
0.405573342,2.03634879,4.61748803,5.6269451,7.22549003,3.88521325,16.1861152,26.2288604,43.975513,99.5440935
0.837954083,2.95058057,7.15827406,11.29595,16.6172866,20.5380226,23.5211129,59.1223956,40.6271733,60.8110028
0.797458252,2.79852271,6.08824407,13.9442652,17.1500198,33.5954688,35.8983636,38.0831059,30.5340349,65.7924687
0.774779744,2.74210749,6.01072594,13.0740223,16.3127523,19.9722403,29.9130416,46.0671123,38.882883,88.2559872
0.662040367,2.89084821,5.48288707,9.47310178,11.9875097,24.9491845,33.1363736,19.5849543,35.8062307,98.2762722
0.748509374,2.83353137,5.6974862,9.01798393,17.4649214,17.6568127,25.7747224,51.9755855,22.6421528,89.4550343
0.484210426,1.77221003,4.57012161,6.85063299,13.2595707,22.2973305,16.1475042,42.719188,60.5480785,80.8935872
0.757863342,2.79672117,7.61062949,12.2325773,16.5699245,21.1310485,29.151735,37.150714,77.1810733,36.1438995
0.581024207,2.03749586,5.58752774,9.48888562,11.1080969,23.6144403,32.7859556,59.2667765,38.2225502,61.2771024
0.427431109,1.98907369,3.72464176,5.28293294,11.382015,19.3931316,32.7705338,46.8224922,68.6673033,58.5127457
0.617529095,2.80294085,5.46765524,8.30801203,14.7278588,16.4101491,23.670928,44.3780019,76.2512457,43.5472933
0.698739734,2.81316803,5.1968709,12.6122327,19.5465916,24.1440852,33.1338178,30.6274766,13.0833098,98.1898571
0.554781057,2.65661453,4.69501509,6.85468629,15.0210654,25.6348485,27.0066705,55.5553758,26.3967493,79.2894748
0.573813095,2.62167453,6.54341707,13.1921799,23.0972696,29.0367771,34.2640194,39.1115846,35.5673542,72.7141558
0.514049617,2.43904156,5.96818097,12.1399117,14.3113964,30.1637788,35.4486451,44.8850735,23.9688402,84.4856156
0.758955915,2.78229394,6.71156045,10.1194209,14.6897298,28.1426606,41.0986382,56.4151264,39.2458038,50.2323846
0.657987391,2.86107636,5.16586241,10.6506832,13.0095016,19.3186938,15.9599547,5.49466116,42.1854329,99.899369
0.554159959,1.79346577,5.56030035,10.5781897,13.9781481,24.015078,21.3318231,41.9562269,68.3803703,67.3669403
0.88668498,3.72455009,7.40762964,13.0853841,20.8805565,26.3569746,41.3130376,44.6250106,63.1123304,0.0502549644
0.678518693,2.71898851,5.01619964,9.01033744,11.6265254,23.831562,35.5854685,61.6392598,52.9755766,29.2154798
0.604611314,1.97752452,5.35459454,8.72559786,11.0984241,20.2103987,22.288809,40.9804215,78.2904795,35.9533497
0.477126791,2.34190483,5.91856945,11.6221846,20.2734219,22.7199427,37.4797832,28.1690767,77.9460328,22.5599465
0.50264709,1.76718046,3.41630733,8.37719384,12.9613361,21.9924039,24.5412617,41.8410721,80.9937327,1.23357716
0.688967809,2.34104426,4.82698613,8.11765099,13.3050744,14.590261,8.4120346,32.3004834,56.1853194,91.8707426
0.640983921,3.00699635,5.3632536,8.74250557,14.9765043,27.2130271,40.3596649,51.844001,32.6496373,70.8860149
0.786489449,3.51032903,7.02810122,11.9182305,18.4291366,23.0250769,27.5266967,49.7064496,75.386027,0.688434887
0.60193223,2.63550509,6.65912101,12.5670058,17.7350898,25.4130875,46.240824,54.1344717,39.3734305,26.2774391
0.647637689,2.17036673,4.46226052,8.33631259,16.022841,23.0539632,17.0561589,41.1082919,24.8305992,99.2620439
0.406883358,1.76118151,4.28553667,7.75401597,11.95301,21.4902956,36.0804787,60.9218004,41.7347602,48.9340806
0.649584473,2.21136963,6.39760593,10.2103817,18.759148,28.2971537,25.6190945,35.7750852,40.7195205,91.8171214
0.711373107,2.40557709,6.30363124,9.60770906,18.3021346,18.6054189,28.3089792,15.857154,63.6355253,81.6083862
0.88017123,3.1308307,7.25640411,15.41442,19.9712173,27.4909213,44.4624471,42.7452103,40.7276897,2.68204003
0.778332462,2.89149432,5.85949681,9.38888594,17.3365015,29.7506695,27.385663,48.1968763,30.4747203,84.6407862
0.67184031,2.33585747,4.88215334,8.73367822,15.6497697,19.9395624,35.2818399,55.5961185,53.7075988,60.8052382
0.643052803,2.147597,6.21714124,8.54764804,17.3410546,28.6337817,25.2758771,36.1876828,75.4697431,43.9502812
0.733891351,2.49214171,7.14429071,11.1121015,15.3789692,29.8870859,42.2769224,44.2084634,57.5456406,49.8626681
0.643621029,2.67569455,5.00936163,7.54364817,13.0508783,12.5622557,30.3838715,30.9911533,27.8363841,99.9849665
0.530062283,1.67746093,4.83803888,8.84513724,16.4417893,14.5313366,21.4950958,7.74968039,43.0796997,99.7628251
0.537517558,2.54785669,6.30391023,11.1949841,15.0606531,15.6800656,34.9937233,37.887695,69.7624325,62.0252928
0.612235543,2.09107256,5.11468506,6.81753155,15.4425012,15.0443669,29.9745082,19.5965991,61.9723242,84.769163
0.581221056,1.99277761,3.79761591,9.23279333,9.37616004,14.9618788,28.7058964,49.2686952,35.8461387,90.6067365
0.713287676,2.47688694,7.03325679,13.2295787,18.3691842,22.0664293,38.0737106,55.3136938,51.749573,50.9032877
0.587884944,2.0124887,5.69255124,10.0088447,17.8890774,23.8072929,40.2746555,53.3073455,39.5083989,67.327942
0.610654213,2.82335533,4.91301855,12.0150503,15.8364546,22.6093815,20.0050546,53.816836,74.6981371,9.81295303
0.607493275,2.16602682,5.81842707,10.9523128,14.40468,28.0646524,26.1251312,56.9147975,53.5695357,56.3216888
0.684880836,2.38170167,5.21723865,7.68286361,15.8386493,14.673199,19.8843487,41.8646528,11.1622527,99.9990424
0.784155397,3.19495797,6.25186411,13.8128622,23.0003657,26.55828,32.6004605,57.5353575,51.7078809,3.63649712
0.506949421,1.72332668,4.8127597,6.14914533,11.5237145,14.566178,26.1381614,33.7994676,31.1122763,99.9723837
0.577131966,2.21368566,3.8149247,9.92556753,18.0027989,27.6367288,46.1050908,44.5046662,46.5691071,51.5927971
0.573702996,2.7230079,6.86685406,9.99103576,13.2841122,18.7379858,24.2733408,40.0701611,44.7151425,94.2300178
0.568056503,1.8454217,3.7729276,5.33827857,11.1218656,17.2462702,28.3112272,49.3235728,77.5571274,22.6963357
0.602177545,2.83021653,7.03672801,13.9783866,19.2268663,23.8278848,27.4499722,56.8795022,62.4794177,28.438396
0.615806534,2.10089763,5.57736449,7.13386014,16.9426948,26.2370994,44.8468416,38.6867155,60.8678808,46.4643644
0.674997845,2.52212161,4.77903859,10.8664776,19.8214231,27.8265123,29.3536095,24.9957227,80.5789008,2.79327328
0.613632039,2.82870246,7.0324329,12.1340482,16.5152221,21.1502691,31.8545971,24.1142058,68.1017848,70.4415143
0.693754506,3.12020033,7.18454345,11.2111903,18.5462392,32.8734732,32.0340431,36.4768506,41.8320328,74.5298834
0.837387055,2.91417952,7.34448235,13.4684572,18.5385194,24.5869791,28.7459498,28.8596591,36.2587955,92.7907815
0.544438896,1.93761501,5.56100114,10.962287,19.7418913,32.5949678,34.9912153,49.9881616,62.9363762,27.5412094
0.524040602,2.48258128,6.07076878,12.2252511,21.2708848,34.4783609,37.2753323,49.6203565,55.1027535,1.6003076
0.428247883,1.89835362,4.9296626,6.89895674,7.52181942,18.2579298,26.3819681,10.8315051,48.500837,98.0083373
0.795684922,2.82466241,7.75937492,12.4430436,17.6393772,32.4894304,33.4638721,47.062699,61.683398,36.8274392
0.821447112,3.15021565,6.91410224,10.7037225,21.5984292,29.3832814,32.2725754,37.477081,64.8781765,52.2665049
0.315560814,1.60544653,3.98069871,7.88536787,11.4689429,20.6677163,31.5483309,35.8970907,76.115311,47.2861181
0.693834831,2.71574913,5.05476786,10.9079801,15.3764625,17.2190953,36.0655527,44.8996984,73.6000324,41.5329735
0.51211601,2.24623133,5.6932713,7.54331873,13.9160044,17.2636741,32.4264869,54.5978041,64.5338513,49.0596503
0.508605675,2.42377234,3.98674796,9.50315237,15.0452121,23.7442466,36.3253878,48.3590116,75.7595485,17.2934645
0.340144314,1.77917831,2.95144775,6.82493472,10.0644008,16.1030678,23.1658333,34.8676044,61.9829735,84.2088847
0.652840187,2.64371977,5.13397924,7.58752247,15.0580048,12.9788065,21.2603069,40.8936855,66.9793139,73.032389
0.601808143,2.00609779,5.12693643,9.71784196,12.1442629,10.9931923,6.83719902,20.5558065,40.5864707,99.999433
0.694983936,2.35087748,6.68121073,13.4324768,17.772756,28.0400351,30.3032846,27.2487188,68.9712095,59.6364921
0.805689674,3.5197189,6.88627709,13.5394001,18.3209727,25.9401768,42.5995288,37.7991457,67.4957974,23.739113
0.574438501,2.65089694,6.69721124,9.24567987,18.2143121,19.2855417,36.3247565,23.0077866,77.8713958,36.2925327
0.621679163,2.86546081,5.02327813,8.76692064,17.7480921,30.044153,28.8646704,47.0878314,64.4832684,54.7143141
0.705148382,2.81030251,5.38523501,12.559124,15.0170859,25.2750345,26.3350547,40.745918,69.2832111,61.5916226
0.703924551,2.42987317,6.29981731,9.35512051,19.3635443,31.0751556,30.1353099,50.5836741,70.5126136,9.74682109
0.431094822,1.83555564,4.65706699,9.08882865,16.1446878,26.3549335,43.3149716,58.0267717,39.9253138,36.1629088
0.504247353,2.05900089,3.76957309,8.61365049,11.2540575,8.57337198,14.9793266,27.627738,47.3859733,98.4041536
0.3848809,1.93018611,4.89085139,9.36490189,9.75730478,21.9258142,34.7697497,18.2976145,74.3889183,54.7255971
0.69437426,2.38388417,6.96480303,10.4317687,19.0299779,31.4031021,41.298925,58.2193728,41.4777443,0.588943642
0.631906603,2.96238732,6.73760912,10.8076113,13.7619188,25.763643,39.7470182,32.8782005,19.4319359,93.4771367
0.550964161,1.86694173,5.47235529,10.244321,18.7359803,19.0251548,42.3754715,33.9269925,76.2846769,1.79145458
0.503685987,1.58089719,4.72555702,9.6301544,17.5094301,16.1995401,36.890609,27.860612,55.9326962,84.7228349
0.536542009,1.97018463,4.98182951,10.2235882,12.7647197,24.7855151,26.4056579,34.115794,20.7520273,99.9677664
0.562198159,2.0553903,5.59785989,10.8438217,11.5713102,26.3972564,34.861727,49.0996031,75.4630359,12.6363648
0.761353194,2.63432388,6.86601748,10.0772044,13.8510065,17.5767054,17.3723374,23.8853715,56.3356061,91.7559529
0.718148072,2.48730405,6.71121199,12.9000337,15.5231038,19.8499044,33.1342333,23.7892638,51.1545185,89.850592
0.400292954,1.98637978,4.92985305,9.98343002,14.1456034,14.3034354,22.6692808,44.0605037,14.4503833,99.5070496
0.634181002,2.41502383,4.75281467,6.94885515,15.3439815,26.3378934,36.6485324,24.6808732,80.3153698,11.2745276
0.616295858,2.87812699,7.27945601,11.6317903,16.2470373,32.1254713,43.7406871,46.1211222,57.4968097,24.3723817
0.597663333,2.16989642,5.74367795,11.3412194,14.6375656,29.2936108,47.2162475,40.0055133,42.1249471,46.4451228
0.338309611,1.65264632,4.10303351,7.6332102,13.717445,15.3815296,27.9730509,17.0203745,38.1242733,99.9887851
0.573200961,2.58199958,5.34028228,7.52206884,16.5673433,22.9769441,27.3762012,52.2604037,74.0201172,27.5525591
0.466704619,2.30201717,5.23876171,10.8592306,17.573959,24.0719323,32.702949,35.573178,32.8966269,96.2950605
0.441153927,1.40576853,4.47046068,9.0118808,14.1906522,17.449833,33.3629924,48.0911471,73.4028804,41.9660582
0.726586762,3.1228962,6.09357333,9.64495424,13.4614008,23.8924622,31.4350167,47.9845873,75.1150028,31.8806631
0.795395252,2.77509302,5.82209654,10.4011336,20.5399886,34.7850508,37.7021508,40.0998199,41.208889,48.7627495
0.457276756,1.42479298,4.47976085,7.59362364,9.42189108,17.4215712,29.8268431,51.3153002,77.4809847,3.40817034
0.382168228,1.8451728,4.69194941,9.37352018,15.5783053,15.023032,32.4531407,38.5484148,80.9660745,2.59773088
0.66876884,2.50785214,4.83217694,11.7717064,15.2456101,30.467764,35.9045795,59.2756875,53.2518157,25.4850093
0.573925486,2.70317522,4.70465189,11.414782,18.8954895,23.8389745,41.2904498,33.706661,44.9240631,80.9409577
0.569908309,2.72063641,6.81236505,9.45228311,17.8217026,19.759563,18.4969802,20.3187771,60.0705397,87.3372284
0.570311924,1.88498465,3.82018623,9.31389007,13.1447099,24.4684778,26.5276816,53.287406,37.1767035,82.4756295
0.631926114,2.47357968,6.21677065,9.94545299,19.845893,29.7157966,29.844368,35.5071903,63.3020053,66.1619191
0.55440039,2.37318197,4.05919134,10.0662901,13.7786527,21.3951126,16.9289287,42.443518,59.9363047,81.8120162
0.618198826,2.86168827,6.92265933,10.3490718,13.7976334,24.4616883,41.5826379,35.8113228,66.6563125,53.5516773
0.499755573,2.38163688,4.12122859,9.93902627,16.4776881,17.9453591,36.4224857,63.0839138,52.2040659,0.525122711
0.449844178,2.00469231,4.92089165,8.14721586,14.6954523,25.131532,41.6327186,33.0069841,41.2810351,84.4069468
0.706215054,2.44408147,5.821773,10.5089332,19.0282692,31.4554529,30.5649615,37.3815751,18.0975562,89.5547742
0.479509902,2.33687385,5.1696639,10.4149454,10.745329,13.0611534,31.1405587,12.3290189,60.1947713,87.291761
0.403522617,2.02247787,3.12558948,6.9447479,12.201132,17.8137278,29.0188881,35.3759764,23.9678847,99.9924355
0.478969698,1.48464884,2.98698547,7.57951303,10.1839081,18.2745076,28.5443723,47.2394955,48.5330999,86.4047707
0.421695421,2.10252437,5.02911881,7.74458245,14.1651514,24.5914989,31.4730287,16.9622301,68.8031946,71.1549898
0.59934455,2.80954413,6.43618609,9.3196543,19.2425642,22.8001806,33.7667368,62.0916638,56.3953462,4.8137794
0.710566747,3.27642929,6.12609597,13.4525107,19.7824243,24.5082804,40.6090852,40.1478685,43.7420932,73.7586917
0.490202584,2.27581855,3.71753432,8.87616721,16.1193326,26.9230846,22.6834233,26.6832035,68.2415258,71.8538374
0.463079379,2.24908244,5.31284576,7.48553674,15.8142824,14.4189847,33.5868089,31.0502404,39.4518871,97.2098284
0.503664886,2.428044,6.09422435,8.42678965,16.922201,19.0385048,15.2063714,17.2296632,42.2934956,99.6977061
0.719134438,2.45468764,6.79584813,9.99572287,15.4529094,29.4986866,27.9447713,27.417063,5.60187254,99.1243475
0.792790379,3.42516862,6.52121973,11.2987728,23.1915164,32.8786183,39.1758968,40.8729308,57.173611,0.0679471999
0.650376672,2.35234581,6.47021483,8.63362731,13.845548,14.1176023,33.248044,42.8017306,36.6528694,93.8738583
0.714573775,2.90824215,5.38826586,9.70707096,14.4880904,14.6829277,13.0263929,33.3859508,38.4089311,99.4887898
0.736783944,2.60233646,5.241362,12.5308031,15.9391978,22.0919031,30.1940971,24.7306468,76.3033324,46.7419993
0.554586456,2.62103361,4.98239719,10.8344391,12.3868917,25.3123152,39.6523182,40.5792393,50.5851982,78.0806544
0.753911755,2.73582133,5.45939475,12.2823126,14.7342439,26.9179988,34.6014003,25.7234866,80.0687381,13.2129909
0.556432886,2.65582911,6.68779814,9.78074627,15.1617748,17.0561884,21.2843245,48.3683067,16.0693881,96.1518606
0.74952454,2.85779313,6.03887396,9.09842962,12.7171674,23.5606767,29.8193658,55.4129198,39.12103,75.5917675
0.64710647,2.33585352,4.92265024,7.33359422,14.279676,19.2575518,21.6166191,8.17215514,40.1962232,99.9991507
0.74240872,3.1652096,6.3189332,14.1961921,17.8973842,25.795828,41.0238712,59.6083151,40.5432265,6.85466663
0.642616207,2.28686981,4.55452043,10.8866953,12.8800927,26.8553532,39.518917,28.1346731,37.947646,89.5186713
0.63090946,2.08828919,6.37241563,12.2519523,21.6996851,26.7556278,30.8109431,62.4479615,40.9356005,15.9324482
0.7490081,2.62759498,5.45016913,8.61046946,17.7906689,23.1857009,40.2979813,32.4256539,66.7181321,59.5233452
0.620930981,2.08776139,6.14448529,9.47684654,17.3436943,16.2689656,27.6547036,37.5032064,77.8228376,38.7275052
0.509368586,2.4605234,6.17994139,8.26876214,18.3421753,28.246394,25.5715232,27.5554543,80.3413938,17.0749963
0.690414889,2.45936054,6.78713677,13.7301563,16.9836659,28.8840426,32.7484617,37.0860957,74.3284955,31.6677242
0.524917369,2.42569274,5.92559887,7.71379732,13.9101219,25.0680298,39.8262518,32.0480381,65.9774398,63.1614146
0.633080648,2.72085109,4.83491178,11.7979931,13.4546178,16.2580207,37.5336387,59.1328537,33.5527626,59.0444615
0.64994038,2.27603878,4.49763826,11.0018659,13.8641189,14.1459981,32.746327,41.3100874,62.2093104,75.820681
0.429846809,2.1473294,5.35753286,10.7991294,15.7368869,27.5775821,26.3427611,19.788694,75.9186822,48.4842627
0.537546412,1.81703907,5.27762478,6.36368749,9.0248472,20.0383029,32.5561495,51.3681143,22.9845354,89.6753719
0.544613292,1.78319976,3.89390836,8.53760909,14.6779029,16.5776301,10.961921,23.4308809,46.9764027,98.6699343
0.655125168,2.95918302,6.66571948,11.2089381,19.8507203,22.2245688,24.1004384,46.6321946,44.1101688,85.2729694
0.734757415,2.50599094,6.66989826,9.95647873,19.7143472,22.4280847,22.9404234,49.4960479,74.2868513,31.800662
0.402078744,1.55173876,2.12680422,6.21330169,10.7259464,4.27140792,17.2017908,30.1635781,40.9449507,99.7443653
0.684465784,3.17404781,5.83674047,10.423239,13.8103935,16.1777268,38.8950014,35.7660552,78.8391263,16.5669613
0.676242451,2.53416374,5.01716649,9.19907407,16.5173259,27.9301913,47.0927302,53.9747173,42.6024915,2.22449497
0.732873324,2.6983978,7.30843486,11.5657471,16.4762575,19.9496776,26.0737692,20.0925076,29.7052112,99.9224124
0.670634058,2.34571657,6.62112377,9.73652615,16.9575518,21.8809483,36.4537529,26.5153294,80.7989648,5.90281416
0.605226768,1.98093574,5.85132381,10.5898323,16.3281738,15.6815239,18.642466,39.9819931,51.3871939,91.3565543
0.572008238,1.84467264,5.75668502,8.20921246,16.3253433,22.5736546,33.0591294,24.8821513,44.6038209,95.6557332
0.525073042,1.70500575,3.85699529,8.57912579,15.493762,17.8470209,27.2428933,36.9352285,72.363617,61.327695
0.622282333,2.13215886,6.02512536,9.32079095,13.1879219,12.4758254,25.5596747,45.9254818,70.7761736,58.7859027
0.51951688,2.45919287,3.98552634,5.88393312,10.7653041,19.7906252,19.9666133,41.9284934,49.2124985,91.8954245
0.738931743,2.81699013,5.60056114,9.66734092,19.6464924,22.6098641,26.025434,60.3110583,34.362014,56.1724148
0.85426317,2.98187503,6.98083912,14.2123964,18.7674865,24.618588,41.32388,45.3684376,51.9150486,54.7279932
0.46834571,1.95743697,3.03894257,8.18084217,9.17338082,17.3586946,29.69565,49.5118429,73.2696976,42.9814079
0.798337897,3.40440485,6.54110025,11.1941806,19.9685726,28.2224675,28.1185057,35.7133359,22.0882091,93.1241446
0.858970621,3.22931627,7.56516036,12.7699679,17.4893521,23.8918644,38.4153261,54.8328864,63.491331,14.5134268
0.807063652,3.5568098,8.37970571,12.9236074,20.3707774,32.5138045,35.1564425,49.6817462,43.8559356,32.4237259
0.789353764,3.06671375,6.04695784,11.6554349,15.7875343,19.805562,23.0164734,31.8020311,40.466212,97.6374395
0.359320362,1.86268457,4.55360168,7.38460532,11.7889253,20.5893326,24.7910548,34.8420839,43.4275004,97.420836
0.580546707,2.75788102,4.90004781,11.9117413,14.1130765,26.890664,22.4671641,32.3750572,31.1012325,98.4772831
0.594067978,2.06123187,4.20593256,9.21530252,10.0232582,21.2585954,30.5948488,43.846082,62.7716776,74.0634931
0.568384708,2.68563845,6.67246803,13.3286759,18.9999575,25.1790948,46.0581747,41.1178471,50.8001402,47.2225374
0.718796089,2.53996148,6.51050236,9.61414535,19.0666722,22.8356189,22.6165528,35.9515243,80.9900898,2.10267303
0.666114221,2.31841355,5.88844958,12.1972409,14.117522,27.5365447,25.7758026,19.9732079,45.778806,94.3453129
0.720556765,3.18916108,5.86709589,11.11288,21.7787653,27.1745443,28.9349341,29.3454989,77.9111761,16.1608365
0.624045683,2.15496449,6.26076475,10.0481042,18.7102415,19.5470616,32.3148556,41.2701484,63.0177393,71.9496669
0.434105342,1.45957489,2.23086735,6.74139077,12.1269881,16.9994519,6.91783087,23.3130818,41.0014647,99.9792294
0.479011662,2.33257586,5.68242125,7.89923687,10.0834011,22.177062,34.6462384,40.672705,12.738136,98.3167947
0.721246652,3.26060625,7.13520169,14.4089569,19.2891084,28.2949607,32.5557088,54.2268986,53.8619516,42.1912304
0.637295347,2.96050859,5.29280385,10.5514167,12.8360612,24.6875813,38.8722373,50.5620988,72.6506322,11.8007595
0.616649473,2.1184622,4.05826989,9.28453203,16.9257664,28.3956984,36.9895786,52.2119123,62.5140986,44.0729376
0.525972224,1.98061212,5.50472703,10.6856167,19.4771297,28.1614173,25.8433956,47.0083404,60.1369307,65.2312306
0.534118024,2.20374109,5.45671398,10.6703382,13.5767259,26.9218215,34.5332665,62.5749315,40.0175084,33.2882711
0.789727012,2.72867261,5.95625948,12.5560912,21.8709605,26.4877022,45.4015804,52.4064732,39.4826918,23.6711313
0.749885573,2.61171076,6.48816669,9.60102929,13.5700663,27.8686615,25.4874878,21.2658954,67.4944774,72.3263609
0.697490664,2.41238551,5.97124266,8.67411297,11.907743,25.887156,22.1377384,49.2926158,78.45075,3.36184398
0.508798758,2.3463019,5.56662106,7.08508643,8.47170291,18.116694,11.9469772,32.8799718,48.7235118,96.8604706
0.533384765,2.12247659,3.49085621,8.90522184,15.0268325,25.3348115,20.4137123,19.4824521,33.8471865,99.9873206
0.528205491,2.31156127,5.96958116,11.9745795,15.878739,17.6720275,34.6207437,61.7487995,57.0156971,15.7502968
0.48087213,2.17290018,3.63199967,8.11337869,14.7919922,21.4792359,33.7517477,58.4856083,30.4991094,66.9112523
0.641781929,2.9718035,6.99339185,13.9698217,19.7933718,26.7175112,38.8521409,52.5659024,32.6604296,59.9084073
0.791605339,2.78960659,7.93302715,12.1033334,20.1590464,26.2958634,38.1326503,43.0379946,72.0826664,13.53426
0.458466501,1.5095147,2.52722586,5.70435883,10.8344567,18.0666284,30.0072903,46.7910526,79.9884478,2.51250804
0.693230066,2.35399978,5.85891792,8.11665197,18.3437482,30.1790639,42.1889393,55.2753096,48.7207046,34.3449623
0.740533151,2.54053947,7.37792368,10.4694663,17.8671458,21.5906236,24.8917927,39.9894717,68.6575448,64.5788621
0.658494103,2.21572604,4.58022805,11.0657897,19.3489942,22.9875396,39.7620548,56.1088875,64.9273163,7.64151426
0.66284365,2.31796509,6.28667914,9.53666728,19.3735477,20.1725524,43.1596874,42.9843678,62.9065888,47.8985675
0.757652827,2.72387478,7.26619216,10.9775354,15.5746763,18.7745161,42.2135913,36.4093713,39.5571741,82.3911856
0.554337632,2.63513402,6.33616014,9.56091824,18.9860458,32.1033322,33.3518151,56.0852678,35.5251988,51.5593554
0.59238498,2.0340982,5.18248151,9.89628695,17.9761152,31.0141244,40.1041001,33.9886565,52.5848244,66.3073246
0.50953456,1.71376,5.02069532,8.07010393,7.97623913,16.5008407,26.7790819,33.5859383,53.2795373,92.7922922
0.632919919,2.30428047,5.03064237,7.48142381,16.0841044,26.2516591,20.8717475,55.3774439,51.145235,66.8649902
0.769715345,2.73119108,5.66277681,13.2284519,15.9316568,23.3498891,35.1458564,48.1716226,72.8191285,28.090876
0.700246248,2.54260171,6.01129939,8.42864321,13.6067726,25.0502155,20.4484316,52.6024921,20.4632094,88.3686621
0.522688853,2.531541,6.36090858,10.3101686,19.5119379,27.6068995,46.5619959,45.4718788,60.209776,10.5073216
0.710987375,2.41936197,7.13411742,10.2601008,15.2475295,27.6677468,45.6180715,37.4987268,33.0797029,66.4797676
0.694682217,2.60094109,7.16466084,10.3055319,21.5182931,26.9057399,44.304956,49.2014998,36.0767307,49.8111446
0.654713717,3.0207007,6.81737056,10.0219289,18.7519588,21.2052221,33.54086,53.1640833,69.4020191,32.277536
0.632831275,2.1214484,4.95966794,8.15820673,9.09654591,18.3401855,26.3282381,43.1446831,80.9655741,0.485750822
0.32214424,1.65275029,4.12908645,7.18959098,10.7583267,19.1329988,31.751252,55.2644881,44.0963786,73.4550483
0.585823138,2.59238782,5.65184681,7.45721724,10.9362347,23.5233404,31.1479606,41.9238317,78.3323606,30.47899
0.648338981,3.02254186,5.76099096,9.93381859,18.3094678,18.1568659,29.4351602,42.6422571,80.2805404,6.13545946
0.697515368,2.92804568,5.58215366,9.08852845,19.854115,27.6449361,31.7955034,27.7029682,34.2631561,94.3135255
0.532344522,1.77896726,3.68404159,8.85366528,9.02688432,19.5797954,19.1262746,20.9537631,42.0601729,99.8288287
0.693732483,2.45966874,6.4171996,11.6900396,19.4569206,28.9389504,27.7446108,57.7066237,55.8089028,41.274224
0.595755213,2.69096114,6.65687167,11.9016121,14.9059575,27.8462274,24.2441211,52.8594847,69.6298772,34.6730411
0.682878492,3.03996928,5.70220168,9.16629669,15.832733,16.8152388,37.2509973,55.3644543,35.0393106,72.7974593
0.320042496,1.68512051,4.21191382,6.77342139,7.69911253,11.9281953,10.5527254,23.8615449,43.4549805,99.7261501
0.529175579,2.37566535,6.00512955,10.7556441,16.9398579,30.3828212,35.8917144,38.5506231,76.2559586,11.7831921
0.801100268,2.76445419,7.95633311,15.0214533,19.7315357,33.5865303,37.7909012,46.8733736,46.6104952,4.2147415
0.581036754,2.0556688,3.80485489,5.87493828,13.8285429,21.867641,27.9368884,41.1467952,27.267627,98.5636587
0.694606886,2.88351109,5.39674628,8.54666926,12.3262319,12.4088373,24.3785779,14.358925,39.8428187,99.9920223
0.690139478,2.43901677,6.03569496,9.18002926,18.6090465,24.9050655,38.7907734,46.8482677,25.9170877,84.1036164
0.606288672,2.06576285,6.02880006,8.31152755,10.771111,23.3067291,31.0928665,24.1704671,65.2090577,78.3629107
0.516676139,2.24118151,4.30139693,5.55773207,13.1407014,21.1749074,34.954417,38.7946877,52.5141124,85.9022259
0.603609545,2.42809994,4.44217461,10.065144,16.8398786,23.1439442,41.4079611,33.5711,16.611053,91.7227769
0.467446632,2.20142988,5.50155569,10.8827134,12.4852334,27.1802434,24.8733886,26.4628663,60.2774434,83.9248028
0.73850643,3.22284146,6.15569355,10.3182326,18.3063598,20.0121792,37.61382,29.4968873,19.114592,97.2068078
0.656211546,2.27309389,4.47256547,10.9401447,19.4532847,28.9740508,28.0730874,47.8631927,32.3389578,84.3911454
0.65862272,2.26995344,4.52213067,10.9223511,17.355395,17.8292023,39.0613798,32.5128747,36.5660547,92.3739913
0.834099817,3.01609556,6.37907254,11.3509804,15.0515965,24.2754517,23.2588843,42.9163054,8.54535409,97.8456182
0.655409629,2.91931169,5.19059407,8.43518456,15.4598046,15.4604385,36.4010088,62.3369267,44.1172355,35.4216862
0.562977504,2.60476195,6.33611049,12.8818259,20.9592469,24.116552,29.9318669,37.3508155,75.4848653,35.4973644
0.558385869,2.65985044,6.28303112,12.4398948,16.6104702,18.5612364,40.023262,42.9708872,27.6649079,87.4606836
0.771704404,2.99364901,5.88083484,13.0526204,20.2490658,22.510399,47.0808232,41.1357655,57.5221604,21.0503461
0.590575095,2.57820262,6.62479959,9.43733428,12.6113172,19.667856,36.6044939,35.3353812,53.7996019,84.5882061
0.759904581,3.44246357,6.82975059,11.1137724,17.8111879,20.7507498,24.8505998,19.7993849,69.2246166,69.1096102
0.42238503,1.25067009,3.38795504,3.58604958,8.98747832,6.93713874,13.2322619,22.5232273,40.7328128,99.9975412
0.555878118,1.78889479,5.62716881,7.1208775,11.1575233,18.1661597,29.3322655,38.7399608,71.5919393,62.5161548
0.723714548,2.49788709,6.86039516,9.80864448,21.3420003,27.4133907,44.2527496,46.8877296,60.7925903,21.4435939
0.725117713,3.08302515,6.2377277,10.0258025,13.3357964,16.0258821,29.138159,22.125207,61.917973,84.4500462
0.724698435,2.68186454,5.28868268,12.3808949,16.694436,22.0251349,31.3856015,57.3831411,57.2609891,49.4894899
0.556525353,1.84083837,5.5400753,11.2274501,17.2244507,18.3834869,18.3397215,49.9720691,78.4370385,6.3862793
0.796149281,3.57719532,7.59910291,12.5140358,18.6286348,23.9079715,28.5219497,44.8406068,57.9707383,66.1399999
0.66690367,2.96516126,5.56323613,12.4073027,15.5489315,18.5846551,18.5562597,36.0832673,66.5746108,74.2902279
0.574325649,2.340011,4.79675321,6.59519961,15.2423828,16.4737866,33.2847132,36.2707441,80.7162041,11.7766524
0.710419168,3.13094651,5.96153929,10.0494251,19.8966693,26.7947464,27.6721078,27.7042181,72.4054171,56.24823
0.47963076,2.33914834,4.81541711,8.39203713,12.6608135,21.2609679,15.4737331,39.7110401,36.3467703,98.40181
0.504493382,1.90979417,3.2781872,5.80487017,11.0183061,18.0168324,27.7500693,7.52129934,48.4887749,97.9503349
0.556855187,1.92984033,5.39381153,6.57506505,14.3140976,23.049179,19.0845415,47.5695605,79.1379951,17.3868822
0.564847884,2.05026924,3.61027941,9.19628014,10.9118089,11.3683002,26.6539949,40.429159,77.7169793,39.433049
0.602384819,2.04241653,6.03305265,11.9283072,14.5856064,28.5626387,40.4416977,53.8070481,56.1748257,42.0474693
0.533675216,1.72300473,5.25051005,8.72483349,12.0807723,22.9252145,16.6248751,8.17618767,47.2019296,98.6022777
0.753236742,2.58264927,5.99418598,12.5955404,17.6763792,24.7365524,43.1430789,34.3922414,58.571655,59.349001
0.454943544,2.05880765,5.25687886,10.050479,18.3391871,31.691191,30.1756669,49.039085,39.6113316,72.5089324
0.543077181,2.41803146,4.92324968,7.46822253,13.243345,10.3784892,27.862577,46.5977543,16.5886836,97.8012583
0.497922772,2.37914502,5.72951049,7.42816519,16.5165063,23.9018837,29.1645202,56.8653798,70.6838616,0.17323304
0.53033455,2.54013796,6.38232204,12.461094,21.7138682,25.9014455,30.4474795,33.5031302,14.6425434,94.2751709
0.466108302,2.14032283,5.16118832,10.4724317,18.9927694,32.0682177,40.193767,53.0252616,39.538188,47.4104115
0.756070909,2.67540717,5.7700285,9.87227822,20.1019429,31.2854096,36.4545752,33.6951006,47.1359753,74.567838
0.700635585,2.53095392,5.80588786,8.26307416,18.2637036,17.4427235,24.5012145,50.5559906,53.8472663,76.1656594
0.511957445,2.47653165,4.16205433,10.0986239,17.7200387,17.2582684,27.9607568,18.6968226,46.6784232,97.3744651
0.379600569,1.90525382,4.76770198,8.32985317,7.58863074,18.3231029,26.244702,45.5483044,77.7938925,33.9910161
0.695436307,2.38792256,4.91007823,11.1847601,15.5742701,20.9965761,27.221217,54.117658,32.4734153,82.464648
0.786577842,2.72424197,6.94395732,13.7604549,17.6708914,22.8973587,48.585689,45.4103272,40.526955,17.701273
0.585117682,1.96523016,3.72841602,9.03484431,16.1944978,27.9742681,29.6541476,37.7631928,58.3628501,78.8465546
0.744661397,2.55927128,7.2442684,13.6169084,17.6219577,22.7223346,31.1968383,44.1159539,77.5616124,1.78254054
0.674753137,2.29431306,4.86431584,11.5709003,19.217589,20.3596678,30.9054146,33.9255488,79.8367867,22.2789363
0.542536018,2.51922996,4.40171075,9.6728453,14.8350557,18.3428223,27.1480185,49.7290146,46.091997,84.4924951
0.711019178,2.85490689,5.70268142,8.99262954,15.324292,26.8796179,37.8363105,52.9058423,59.0728978,50.8802299
0.5081148,1.74990657,3.55032797,7.39960961,12.8237034,22.1553348,36.839781,48.0999851,19.923989,89.9341954
0.477086274,1.53451846,4.74404462,9.56598175,16.4766459,28.2528247,34.6952098,45.1693625,21.3318774,89.6876688
0.507608361,2.46655311,4.58687275,10.578082,13.2835259,22.4695851,30.0453179,50.2522082,67.9794745,53.9381783
0.642121938,2.20921869,6.36160522,9.05419231,13.4281081,25.7595416,37.3926166,61.5140846,57.0004135,0.0305349766
0.648722098,2.5568506,6.53749434,13.1378326,16.3352122,21.5182669,45.6438196,48.8938848,59.8780261,22.7469079
0.420916521,2.11343012,5.21572432,6.07577455,15.1761299,24.9798555,25.833069,40.2059641,16.9645414,99.4420511
0.451840012,1.92882953,4.8220454,8.43161207,13.9980334,10.6808239,16.59165,34.6855261,32.4706791,99.9915105
0.496639977,1.57016715,4.87749782,6.11500281,13.864682,16.8874679,31.6369117,38.2758542,79.7981382,24.1066242
0.722861216,2.52415337,5.37589732,12.5445144,21.6700912,26.7352182,28.8799702,50.0356173,47.4155717,68.5835883
0.581115527,2.76408977,6.89259434,9.64281558,15.7008114,29.0307049,38.5298271,50.6033735,70.2854125,3.58370478
0.608346308,2.6420298,6.40065637,9.06170125,11.6078755,24.2467066,41.4507698,60.5309716,38.3943165,33.8075188
0.333290559,1.72677775,2.27698791,6.51053204,11.8199386,18.6966405,22.2606545,42.8903601,74.7591257,51.4222669
0.696863041,2.63668199,7.01295806,13.6156782,16.8072962,33.1619246,39.672029,52.1438795,44.1593859,35.5702324
0.408862054,1.98346683,4.83473754,9.08754218,12.6257371,23.5659757,28.8412926,53.3700027,73.7285573,22.5858385
0.561871977,1.86967861,4.84225474,6.13209834,14.0413807,23.7228331,18.8941746,29.9766325,43.9511317,98.030039
0.551840142,1.80876327,5.57214936,9.48200269,17.9181132,18.3014818,40.0241986,56.0675444,59.4282301,38.0749745
0.503639357,2.42990437,4.86786017,10.4652241,14.8232043,22.1705395,24.969973,44.0926617,80.685431,0.531982896
0.517897848,1.78347852,3.13698274,8.48103113,14.5909927,22.4556561,24.3317828,49.3033108,75.072084,36.743531
0.302135404,1.30587239,3.37178846,3.39968369,7.90552187,13.5293914,19.6639183,33.9096685,34.6678102,99.958738
0.657094691,2.6460289,4.78490292,8.50101809,15.454414,21.6421267,17.7290672,24.8345813,57.1282214,91.0316996
0.637904212,2.24420925,6.03379374,12.3536667,14.8586308,27.0808741,24.0812895,31.9273265,80.736836,10.9872822
0.732442251,2.58553758,7.11591563,10.0061502,21.02081,23.9260418,29.1337214,30.2259264,58.283181,79.270083
0.816250369,2.9435217,6.7045707,10.3004532,20.0678673,24.902798,36.9402167,53.9472901,41.3415376,64.7457098
0.642995922,2.18866396,4.28970467,10.9396681,14.2184393,27.5854544,26.4899235,23.3084793,72.3684625,61.0170542
0.531739793,1.73413221,5.09497623,10.166624,10.7075718,21.8132154,28.7540499,14.7262755,35.1010483,99.9893237
0.437216079,2.16865771,3.61012907,8.83671552,7.9934261,19.5223926,11.3961655,36.9211336,68.6503316,71.8347899
0.523728584,1.67441429,5.1811812,10.1981382,15.481655,25.6492882,22.6184962,20.0687908,51.1897905,94.5850403
0.77668415,3.08459902,5.93098745,9.9866202,17.7259398,28.1359677,45.8265827,44.5262194,35.7274293,57.6175441
0.897597229,3.1668421,7.08517691,12.5818997,20.7361156,30.5966434,32.4449453,38.8102669,45.169025,70.4310152
0.575540448,2.03626025,5.54875762,7.00814064,8.26950885,7.29063949,23.6886901,8.92870099,40.9570499,99.9936052
0.451528496,1.39196393,4.37393144,8.19178657,11.8974393,18.3259017,8.98021447,33.7789343,37.5552819,99.7548598
0.555215486,2.60911796,4.51934078,10.7696211,11.7097873,25.2540508,24.2836988,14.3828112,41.7257933,98.9682692
0.726246657,3.30955342,6.14692619,10.6962829,14.8757529,31.7965988,40.5582952,52.2288668,60.9966887,9.94962742
0.443112011,1.54949084,4.54873982,9.13133875,16.0794524,22.8612273,21.5084121,48.235224,26.4797917,94.5742234
0.595134122,1.94751696,5.35384968,9.80718576,18.0559082,21.2270268,23.5039236,41.1446553,11.2998437,99.7207039
0.597222808,2.43535581,6.24707823,11.7686875,16.143733,18.1708721,23.6474154,52.0309388,70.3747463,44.1164576
0.792551432,2.78174486,6.33853988,10.7827897,13.883149,22.6186157,33.6005991,62.4641779,54.9721703,9.25092479
0.601996588,2.69546572,6.24072724,8.81032969,11.7665906,21.0650956,32.087333,17.6721396,54.9407492,91.4442947
0.590210258,2.75451246,5.33159133,10.5218071,11.8008771,19.4748868,33.9360171,38.3212586,30.8564023,97.1277328
0.695148946,2.37228182,4.82349309,7.94409244,17.3222208,16.7092556,30.9791124,21.5085715,30.0691162,99.9793425
0.50988267,1.66551865,5.08601188,8.41390372,16.0795111,20.8779729,36.9962249,63.5684815,47.4725938,8.31878657
0.546052498,1.77314652,3.32381611,8.65437578,8.24215205,19.7856427,32.7716649,29.3125732,42.6381722,96.9430891
0.588607491,2.09682012,4.37079028,9.39689833,10.3263337,22.8613897,21.3247842,45.6498686,6.87341901,98.8784527
0.609831203,2.8748584,5.05046614,12.093836,14.5694165,21.4826,18.1757052,47.0493751,26.684313,95.406093
0.555844752,2.41325623,6.03293008,7.94967347,16.9981151,26.1635734,21.1426899,27.304471,69.1268037,70.0962615
0.517121083,2.4734121,4.21977029,10.4360584,15.6532892,26.0438327,43.9007887,59.0939068,41.9082362,20.4994735
0.717446873,3.16060633,5.88611273,12.6466265,19.8931481,22.1529521,39.3350491,36.6363873,72.160803,37.1595352
0.679266521,2.28068317,4.67780474,10.7192689,14.0496551,26.0874435,34.4140496,37.7633334,79.2909821,18.6189376
0.494531318,2.42111104,6.05159388,9.59058115,18.5678815,20.6166645,39.449114,62.3559222,43.019725,24.188892
0.62817935,2.6252619,6.59962781,9.07293011,12.1460801,18.9573291,31.9965426,36.4796695,13.0321419,99.9431468
0.412881422,2.02706825,5.07077068,9.71122171,17.6227371,20.150111,21.5431854,30.1295296,66.9005173,75.7309001
0.512219842,2.40616317,4.32533114,10.005619,12.658091,24.5126626,20.7360208,52.1053427,22.7728624,89.3587511
0.700590292,2.41149049,6.59451196,12.4015372,16.2361419,19.8095794,20.6896923,43.1589859,79.5920256,21.1015843
0.593650451,2.80733379,5.52811998,8.12447298,16.9942411,24.3806201,36.0451282,23.5164654,9.79147804,99.6441637
0.523006362,2.45454002,6.09034943,12.1934633,18.0440392,22.1383348,35.0013962,52.0104466,73.678434,0.687971152
0.77980112,3.35767297,6.36596715,11.9783914,22.4661164,28.4000911,36.6217081,56.1999478,37.0869072,40.5723303
0.617715229,2.74052119,4.86139428,11.5181281,19.817797,33.814832,34.2769399,39.1938315,68.3956202,11.1499095
0.794189597,3.49532325,6.94599945,13.2091258,22.6727981,31.3031058,34.4974201,38.2381889,63.3572548,22.68379
0.611644207,2.88520671,6.06587901,9.17312117,12.3055914,26.9718292,23.921852,28.0671174,51.8570577,91.721586
0.675908133,3.12198114,7.81581254,11.831471,17.2729383,24.6563002,45.1937973,43.8676125,34.9334474,62.2616292
0.724723496,2.60990474,6.05979167,12.5726061,15.4722561,30.5295943,35.2478122,31.046788,34.427218,88.0615264
0.672006223,3.04492136,5.88269275,9.81284125,13.5850974,21.5228281,27.0172753,41.7357425,59.9645527,80.0220589
0.55542298,2.39054281,4.07173768,8.98727285,14.1962182,14.6600177,31.747123,55.2304467,73.2259932,1.23925
0.675164379,2.2822546,5.71413573,8.38200432,14.4571343,26.7680239,28.249245,36.6446427,58.1028414,82.1755308
0.669127795,2.61814723,6.31901619,8.66235984,16.7428433,21.2376292,31.0826501,47.5029772,69.7807068,53.4813363
0.746138907,2.54777727,7.53456157,13.7297349,17.5925216,25.6103704,34.4373624,58.9446769,58.6168451,15.2519628
0.410569156,2.00003399,4.74556674,5.43787402,13.3727339,9.21742116,25.2587828,43.0579445,4.77085647,99.9709433
0.766456319,2.67161725,5.80436922,13.4030655,17.0982463,34.6809496,36.1771643,51.8233599,53.183966,0.039279642
0.676512487,2.93080276,5.64104781,12.0011425,14.3720277,27.0800456,30.5681826,22.4156063,11.9227319,99.9270084
0.682972408,3.11463752,5.66655322,12.1418595,14.6749711,29.2053176,30.79927,29.4407887,76.8523093,36.0391138
0.580385638,2.03438827,5.88819294,11.2494278,16.7052443,27.0349047,40.6059796,31.2118966,70.7329705,44.8698816
0.559417534,1.84944645,3.82281968,8.46568592,14.0773347,24.7181678,40.8522897,48.0575,48.6310597,69.838475
0.534159907,2.53932592,6.01322139,11.1064574,13.2145387,14.6886353,35.1022155,59.3098465,52.13127,48.6744311
0.600193048,2.73988145,6.22023105,8.6192894,13.2322308,26.8457107,44.325739,35.9539866,70.8553957,18.2303447
0.691287279,3.14977602,7.39722591,15.1096522,19.2674313,26.7480919,36.4287922,52.8524274,60.4100217,0.909615728
0.732196473,2.70217723,7.42973684,10.725958,16.1680442,19.6032368,28.6273166,38.2373449,32.0826213,96.8478145
0.492799426,1.60094337,4.94443978,5.48186433,13.8127105,19.500305,26.7385978,43.8414752,51.4097761,87.9609714
0.688411029,3.05092835,5.9173257,12.1769004,14.8661187,29.7711856,29.5281134,58.2312951,35.2331354,58.5381074
0.696081765,3.1917867,8.05901434,15.4847777,21.2558478,28.171737,39.938037,42.2635034,45.6171205,34.0019622
0.719852749,2.54654704,5.26734896,12.2411083,16.6230072,19.8300151,39.9770639,63.0353587,42.6640648,1.23397029
0.532100619,2.40374004,5.2566315,7.25130014,8.83807192,20.8984131,34.1807076,17.6262361,26.0926113,99.9849607
0.491914035,2.3992464,5.88258923,7.93563891,16.1186543,23.0207256,19.1421856,49.4055928,70.1675,52.8005164
0.463560851,2.02355723,3.65245321,6.10837201,12.1327535,6.89384483,22.4144736,37.5699478,27.245224,99.9922115
0.714980859,2.48841156,5.06937648,9.28485233,16.2183819,28.8544357,42.0655141,44.1025294,46.8918665,67.7629917
0.600889523,1.96347156,5.83030123,7.76866154,10.6267009,9.72706539,25.9194186,39.9208782,48.280994,93.5518128
0.479400536,2.32836247,5.77400917,8.11678713,16.6098222,28.8216799,48.3672661,45.435931,42.0093532,25.7814909
0.701315534,2.39803736,6.51672187,12.9468454,16.5215968,24.6824846,25.9208881,57.9060239,37.1119364,66.772944
0.696983749,2.74667331,5.44895408,8.30119933,12.6456995,26.2243443,20.8683875,14.1848068,43.4710499,98.2731664
0.547506632,2.40057218,5.92441594,7.91874061,17.8855593,17.4495175,34.4251905,46.5410372,46.5428514,83.6832197
0.54332525,1.85278857,5.37405392,9.84717518,16.1387922,26.5142919,32.723526,58.1686639,65.3584992,19.7616122
0.448004882,1.99952313,5.1172044,8.89553616,15.6992126,21.1370602,36.2617308,21.4945777,79.8182479,23.9706142
0.54382672,2.42481586,4.02671356,9.96152324,17.891056,28.0747624,28.1241474,61.2889308,56.4669302,22.9556327
0.645523281,2.9732798,6.91878602,10.1442328,14.0030949,17.2659628,28.7142705,52.9751855,32.4041022,84.9431833
0.464198494,2.24274061,5.5573816,10.5796262,15.142328,16.3260755,14.9113646,42.0004001,67.8468199,70.4613089
0.535624436,2.55407831,4.2618005,10.5515018,19.1254267,20.2633058,43.4025583,43.0332176,28.1672526,77.8560102
0.597748079,2.5566753,4.4756207,11.086465,17.4383153,19.4535689,17.106596,45.527475,73.2954351,51.5817059
0.554235444,2.36548565,5.97362643,11.7077063,15.3540311,16.4467539,39.0455585,41.4120865,77.6735718,12.8503171
0.726133264,3.2772877,6.14474098,10.1757763,19.4124634,22.0966506,38.7569273,31.3253298,48.4319541,82.9651223
0.562350229,1.81361004,5.5456109,7.27509301,14.2838258,19.4223373,31.5158703,47.5807129,79.2677025,3.63309406
0.495209385,1.77941125,3.84399195,8.63981853,15.6916951,26.9553848,24.6761259,54.5632418,73.5604749,2.02430006
0.539377531,2.48962409,4.0922311,10.0117641,11.8649751,23.641098,33.8990199,24.2849748,26.2265916,99.7138614
0.523451855,2.46724024,6.24500531,11.646338,15.2244422,19.1870759,19.6392572,11.605666,52.3197114,95.5690857
0.585431093,2.62500689,5.67342734,11.9943748,14.2047124,25.4874463,22.5795079,38.6903495,2.60485534,99.8261569
0.746550659,2.93789284,5.83771646,11.8507818,15.5886627,17.8129917,18.1996982,11.2018875,55.9410006,92.3833557
0.628893238,2.40452487,4.34274876,9.47150995,11.4226791,21.2100109,33.2193082,56.7138385,27.073733,74.9382782
0.433883674,2.07694646,5.12502275,10.1874612,10.5575746,22.678427,37.7950138,43.8358401,36.5793542,88.4702275
0.70934746,3.2746496,6.19431875,10.9272338,14.9124081,22.6847026,43.2076112,43.6127553,36.2924958,75.7259399
0.463099174,2.23231671,5.53658215,7.86044667,14.8266225,25.3780041,30.5250079,55.5552849,40.7702377,73.600391
0.834003881,2.94175664,6.21303699,10.7525066,19.133902,21.7522522,44.4198405,48.8125634,65.5159348,3.56406917
0.587086996,2.48943825,5.85941412,11.4574424,14.6089839,27.7475022,26.0433187,46.3521914,42.3557363,86.3335222
0.698987537,2.43510967,4.91505115,11.2051801,17.5976279,28.5151196,40.9258565,55.0936337,34.7121025,55.2254612
0.738337435,2.88179526,6.75479365,11.4005927,22.265959,25.8489516,44.2167537,38.9252587,56.0164172,41.095401
0.377303738,1.87729099,4.66646436,9.31564589,8.74406557,17.9483764,27.9195873,49.1008605,23.0703941,94.3718178
0.744989517,3.32741732,7.07144264,13.9044483,17.5580446,23.5933192,31.0261366,47.5132771,21.8104697,84.6251668
0.593903733,1.97165949,3.89405458,9.94903508,17.0915642,18.1236189,37.3531168,46.6368873,18.9327089,90.8102321
0.559713332,2.50275927,4.24353534,10.091567,16.100619,14.7024031,15.0370747,42.414351,29.9970718,98.5731942
0.621625023,2.20539957,4.34330741,6.10268846,15.1309265,19.8706207,21.3602879,36.8790652,62.4616026,82.2137863
0.662348842,3.07167681,7.64829545,11.8769315,17.8669177,26.0613205,31.0563471,62.3962679,53.4720409,0.740273967
0.679398493,3.01758573,5.51271795,9.17015737,17.7138652,24.7095497,44.6394532,45.5894963,65.8908274,22.6842532
0.616272798,2.88285955,7.26727595,10.8964321,14.7868401,20.8271249,34.4445247,62.7869873,39.9602373,32.7059601
0.498666507,1.83621918,4.65120738,8.78669777,16.1977971,27.8192892,34.3005773,26.4248197,24.0895473,97.7936959
0.884431039,3.38016637,6.88795429,12.1297974,18.8871732,32.2579853,41.3940804,45.2149011,47.619817,45.1914339
0.572704135,2.68461364,4.7408052,11.4762143,12.7523589,27.4393234,43.1108533,48.8438175,58.6815237,44.4327064
0.451138361,1.38733687,4.54897684,7.82493985,14.7996511,16.133536,25.0924448,28.8030024,55.5258517,92.188697
0.65648625,2.82859898,5.16206048,11.7851865,13.6825981,20.159539,23.6304677,39.9483089,78.9204661,31.4396516
0.479491841,1.67312481,2.76688229,7.18560856,9.57334573,15.2511214,17.4376736,32.1901233,49.1018213,96.8721288
0.454643738,2.22716638,3.41523997,9.16865122,14.8795101,24.9541143,41.8351647,37.3507515,24.0574841,88.3645349
0.613207217,2.53248276,6.52942442,8.77447089,12.2747135,27.1923382,25.4000969,34.7070673,30.4653811,98.1601643
0.30469872,1.65831706,4.05257011,6.96450785,13.1322125,21.2023317,26.2568459,46.1220687,78.9914513,23.5972649
0.779498864,2.78946255,5.8189315,10.8644431,21.4091522,23.0829833,29.8043974,60.5066413,54.9656417,27.243279
0.450106034,1.35892611,4.33812403,4.33226157,11.2520472,16.2035482,26.4853268,42.6239404,69.9894651,64.9710137
0.517629583,2.51392293,6.31638788,10.032242,18.3360376,17.880374,37.8124303,25.0940399,35.8076141,94.8446837
0.689975199,3.03607662,6.82900955,10.5648836,21.4189869,31.6972847,32.0009531,40.7584282,72.0553819,4.48059825
0.522634969,1.6587321,3.24649347,7.8024156,13.4853412,21.1048454,32.4560444,55.2063889,62.6548196,50.5102279
0.696481355,3.13429172,5.73082227,11.4877145,19.8343103,24.4207455,34.0123393,51.0454755,27.200748,80.9118805
0.59239285,2.66574849,4.61098591,9.68823932,17.7460628,19.9086663,30.7679878,24.752096,63.950848,80.0511133
0.749282001,2.76822899,5.73099653,12.8112925,15.5937256,32.5001725,43.7419379,43.0818943,56.3421295,30.0639878
0.671514448,2.25961183,5.56332214,7.6870192,16.9865479,29.3514447,40.5903993,43.2136352,72.9784929,4.21003852
0.767558335,2.83744388,6.5754067,12.5360108,22.5202145,27.2351682,32.592561,45.0350234,68.0294329,33.0722451
0.626875893,2.94833784,5.51854196,8.41771178,19.3877251,22.1672601,39.1081277,27.9034235,79.2124495,4.29612043
0.933831407,3.45991768,7.42378262,12.8553668,21.0282061,25.9073518,36.739484,49.435789,41.3678796,57.4882922
0.643180174,2.12827879,4.85611814,10.757851,12.8773144,18.8835179,13.2828572,37.9464932,72.6462306,60.824821
0.734119401,2.75992133,5.36958787,9.97982453,12.3741122,13.9881486,34.5084437,20.7572384,71.0141723,65.4465675
0.601014895,2.22543129,5.80468323,11.5804151,20.7987461,31.3230221,45.3207211,51.2597339,44.6029806,12.7234751
0.580128686,2.63651895,5.12662822,11.5678063,19.9159769,33.7387081,33.6561726,47.2661129,45.594261,55.2735575
0.663269759,3.06216929,7.53311217,11.2367134,17.8951438,28.5401827,29.6318036,44.0619208,64.8813644,57.5299124
0.464874249,1.44242066,4.10597075,7.40840896,7.14698885,7.40508513,18.3919759,19.024553,41.0941417,99.9892346
0.625609055,2.18784179,4.99215971,10.7772887,14.2492089,20.4074534,28.3140976,12.0122915,61.7884422,85.0702882
0.471111785,1.5142192,4.23540075,8.71385054,11.1502349,9.439196,24.0742554,41.841606,50.7993588,90.9335144
0.746778648,2.62382348,7.19448047,13.1419208,22.6150841,27.1277613,31.7073693,35.8153073,57.9651875,62.0668749
0.614646032,2.11637307,5.8964696,7.88197954,15.6287504,22.33367,32.9191513,36.6881528,4.34485203,99.8272719
0.576086131,2.39394457,4.04846065,7.60143104,9.55052035,19.9801822,30.1517547,20.0614027,59.6445474,87.8824098
0.598471246,1.96998888,5.98024133,11.5298517,13.3398294,20.6405634,17.3145713,27.086797,50.38542,95.842329
0.438180745,2.195495,4.84145119,9.92796348,10.8685344,23.5231112,28.3038127,49.3989786,52.3508641,79.0808533
0.432379178,2.06808882,4.53412586,5.39221106,10.311359,17.6572941,20.2609543,35.4295899,65.8508624,77.884887
0.726944301,2.72318663,5.95664517,10.2816678,12.6271697,19.0137298,37.472088,40.6508333,65.5524412,64.6708004
0.61073973,2.30493544,4.14769129,10.2206948,10.6859022,24.2381675,33.5920583,26.6983169,77.8474829,38.675921
0.544120458,2.52417246,6.39460336,8.52762494,11.2096085,17.8851372,21.8713168,22.9841198,45.3168019,98.8698214
0.769670891,3.30597078,6.35829385,11.2384334,20.2056297,23.0033075,25.8179942,54.7040628,56.5240091,56.6229368
0.529118505,2.49212425,6.15278862,8.88522612,18.8386596,30.9479838,32.273381,30.012372,32.4682043,90.2554114
0.723041196,2.71123048,5.23547766,11.1676629,14.1925606,15.3061203,26.2612783,36.1477011,74.461733,54.4358234
0.446587229,2.00172074,2.92855278,7.31151127,5.85839594,15.5231597,24.9622138,41.433957,49.656035,91.9396456
0.683687558,2.42621937,6.9099189,11.8857024,16.7765034,29.9583003,35.3631917,53.003831,29.5916851,69.1981187
0.528170088,2.54669494,4.69910002,10.4081556,10.7946078,16.46269,32.3404503,13.9413187,31.0805692,99.9998671
0.652142571,3.05276242,5.798048,12.0601269,20.1747246,35.3184845,38.3268903,46.3975026,51.0072689,14.6131183
0.581684851,2.57277453,4.49652813,6.78899281,12.4217703,23.1332267,36.2286136,55.7282275,68.120413,25.7585765
0.651857991,2.726673,4.91337081,9.14708719,11.5019347,24.7636297,19.5475018,41.0427188,21.2278001,99.3855494
0.467254288,2.20097023,4.91160063,6.3056465,13.6875722,19.5054575,10.4352592,23.2487141,39.0711655,99.9999924
0.510963958,2.33469216,5.94687176,11.1064286,18.5503803,19.8356205,43.3362336,42.347217,47.5080708,69.4627727
0.542570495,2.59437953,4.50225869,6.8667151,12.6092234,19.5045964,23.8746959,40.9782085,72.7367574,59.1944371
0.541229756,1.7836249,5.25763345,7.49383959,10.4688962,19.8114641,31.7999928,51.3862484,73.7929327,32.6764091
0.813481332,2.86788556,6.29596742,13.2945554,19.4181797,31.1987065,31.693541,55.4029283,58.370276,24.3181317
0.476471183,2.11340981,4.66147771,5.35794242,11.607651,12.1145697,18.2942524,23.0485284,41.1777733,99.9604076
0.549775878,2.18121088,4.21414632,6.23404923,5.97914569,16.612356,26.5678948,44.9170403,29.3941817,97.1741919
0.545727515,2.53100332,5.25735387,6.86389185,10.3965056,11.0967489,24.8957441,38.9005266,61.3359544,83.092089
0.453049299,2.21832032,3.47100055,6.95130378,13.7967087,10.6991238,26.7165188,45.5789083,51.7458826,86.3627441
0.504971367,2.33157191,3.8083985,9.70970824,16.9262005,27.5902121,24.3372304,35.967707,80.3706539,15.3687223
0.681649131,2.42357638,4.96663894,7.63679803,10.4217304,21.8920085,37.0826159,43.4937316,14.1198544,94.5249229
0.826140555,2.92110054,6.631199,10.9907764,17.2407256,25.8999927,37.7304185,29.5664325,76.1930201,32.1024321
0.653001708,2.17414003,6.12389777,9.08421734,17.1685895,22.5140193,29.9260444,42.8669757,79.7449339,15.4696564
0.584783678,2.73228784,6.60223277,10.5239636,18.3125613,29.3297945,36.090526,62.0613595,42.3416511,18.8960165
0.760208606,3.47873396,6.64566444,11.3823491,20.4704747,24.4993816,27.2327627,34.9107296,45.8428282,86.926751
0.765952559,2.78648178,5.73592178,9.21163229,15.7739669,24.4584615,20.6578002,41.0721022,72.9987068,55.5509705
0.497141576,2.36420768,5.55953006,8.01857764,16.7288574,15.6946801,25.5699518,38.8253093,24.6831561,99.725727
0.604829189,2.61807835,4.58993134,9.39567211,17.4100477,25.341462,43.0338563,35.371378,68.6927651,41.1317096
0.609036559,2.77587769,4.95373982,9.53093272,17.2294597,17.3552904,21.9569541,28.14574,32.8375888,99.9917535
0.519806311,2.39689413,5.65411409,8.17637076,16.429818,19.2909511,15.8896631,43.5522264,78.880955,30.577441
0.767996947,2.69854372,7.76585981,11.268305,22.1277741,25.8520807,33.3340047,61.4632622,40.6980393,1.59814217
0.459917908,2.28327119,3.89116194,9.2420556,16.17624,22.8639631,39.3152597,57.9515906,57.7031435,35.7293908
0.514510274,1.81331401,3.63073437,8.04172695,12.2016891,21.0937303,35.6077334,39.5465468,74.3607177,47.4659404
0.600201679,2.14126319,5.859176,10.0727807,14.8660359,14.4589747,34.8507678,32.327795,20.0925771,99.6575614
0.79236184,2.94582001,6.85152874,10.7485474,14.5926351,18.6314689,18.9657842,51.1897896,60.8075466,66.5111793
0.554185015,2.64523503,4.95536302,11.4095787,19.6046673,22.707954,23.5058341,34.7110134,9.82448497,99.9294745
0.798195276,3.29197651,6.38805595,10.5157354,15.5886713,26.0782993,28.5664994,45.2961206,48.6118831,82.1902769
0.697210407,2.54790499,4.98880362,7.8650133,10.4406827,22.9316066,38.168887,53.8024156,57.8763697,54.7366749
0.814113261,2.83128173,6.07771698,11.8996647,16.8685562,25.6301011,24.0513754,39.6329118,78.4060333,28.3619227
0.671687421,3.05441807,6.16763101,12.0263723,15.1689265,25.1880223,39.6067027,56.9245862,58.8335428,31.3274704
0.708622903,3.18492462,5.89708355,9.66988514,17.3356361,18.565961,32.4235537,18.9810851,75.0975607,51.9830223
0.780921898,2.88183798,6.29402866,12.8523787,18.0067207,23.5954979,23.7930965,61.8639199,45.5283921,38.9785275
0.596638721,2.12834647,6.04733048,12.2882788,17.3214011,31.0890776,38.1308515,41.9049629,38.596524,76.2244953
0.595197985,2.43228837,4.78683569,6.74196541,11.1080523,16.1472818,29.6355903,50.202809,51.08426,79.790384
0.456227737,2.2133391,4.73537343,9.4023849,12.3876609,14.6096721,23.8703433,43.348607,80.7950139,9.36018213
0.441724464,2.04840733,5.2144862,9.4816751,10.9126067,23.6620482,15.9266724,43.1585055,79.2830213,27.4382215
0.784555061,2.79639417,6.1528049,13.9472175,21.9636867,28.8120637,41.9371095,45.7610619,38.0765347,52.890723
0.577532818,2.54967336,6.005966,8.34550428,18.4039118,24.1688539,39.2236586,33.2999991,55.0375842,77.6531146
0.525145168,2.41940586,5.85616015,11.5791366,13.1462573,21.5206819,28.9491486,39.8581155,62.7789043,76.7933794
0.763654088,2.83170565,6.18486829,12.0063806,15.7462404,27.2832864,36.1429174,50.4162968,51.9969781,65.9075146
0.706835557,2.46904623,6.5860724,10.0409075,14.645849,15.2982625,36.9953456,22.5977259,79.8311973,23.2983406
0.767812864,2.80154339,7.07241101,11.5950533,16.936276,20.2507607,43.619169,59.5896783,48.2032795,0.0759073009
0.637910808,2.17883228,6.30428007,11.790459,17.0323383,26.0882835,23.227959,49.9502888,76.9746913,5.79801257
0.570149593,1.90823111,5.60116182,11.2387978,12.4987186,22.2301893,29.1843669,50.4933001,19.0136359,91.708018
0.390657604,1.88685321,2.56684111,6.46129272,6.44379968,9.31211775,16.4303821,23.1084823,43.8095828,99.6619597
0.639863676,2.96293604,7.4708218,11.1658573,15.5731686,21.3255713,20.9344896,51.712288,75.9910696,13.6186491
0.645104392,2.30412122,6.5859643,13.0030782,17.2841074,21.2807054,29.2183812,51.1041619,24.4568442,86.9342801
0.63287999,2.95231535,7.36156362,10.4021112,19.0161729,21.198136,42.4377845,39.5692252,28.2782185,82.0123083
0.486944843,1.78414776,4.66958655,9.14109415,12.4879147,10.0589792,27.9249877,22.5377493,52.1116353,95.3602209
0.603826788,2.7748746,6.9725227,12.5669914,20.9159368,31.0392584,41.3010275,42.1993015,66.268675,3.82572345
0.807763319,3.61362583,7.03391216,11.9525441,24.4028343,30.7706812,36.324158,41.6359307,38.6086022,32.4141527
0.734494083,2.57344252,7.29584578,10.6738574,19.9213892,30.3511652,32.9610299,57.6426561,38.3584048,48.8358032
0.467967379,1.77915013,3.18213372,7.56002002,13.4331394,22.0978899,36.0429584,27.4615944,63.0926608,77.8543535
0.572051913,2.72449719,6.39354279,12.8408798,22.6994751,29.4120213,43.6789783,49.1094074,43.5212607,31.9104073
0.36387635,1.8118497,4.41277349,8.55842116,12.2064075,19.4293727,16.761707,37.2396739,69.9866018,68.5134375
0.462044168,2.26427769,5.32232466,10.1564195,16.1822781,17.1659645,30.2200172,48.394556,77.673949,22.2318997
0.663678602,2.51942675,4.68269765,7.47548469,16.8700734,25.7560625,22.7751844,38.3748825,5.12930662,99.9325722
0.391363307,1.98242316,4.92731929,9.39256757,16.9452737,28.068475,25.1641946,36.5711971,68.4213662,65.3674676
0.56623357,2.59189966,6.15775911,12.081001,21.1698843,28.1514474,29.3797935,45.0023442,75.3234901,2.71619242
0.521263715,2.23992497,5.41611185,10.9773039,13.5537051,23.9030964,33.4353152,19.9792494,71.4846453,63.5755078
0.555796266,1.78704681,3.8027635,8.34175418,9.33813841,14.2880549,3.2817199,23.8275943,42.8598728,99.8194606
0.732873629,2.66337243,5.25530482,11.7979735,17.0447779,27.621076,30.92618,29.3461314,63.0707475,74.8435212
0.499076553,2.31142452,5.77290376,7.2411062,9.6346268,21.7531004,34.816077,45.9114872,60.3527865,71.40824
0.716780657,2.59486173,6.65716047,9.97799789,13.2423917,15.7253351,28.0476479,28.1055888,41.6814518,98.415325
0.740865526,2.63428162,5.66879076,11.3643272,17.4220087,25.6360208,45.282585,51.7963043,49.3648852,39.7265806
0.407594551,1.8627425,4.80249581,9.68765649,15.6743405,18.3031834,17.560356,21.3276062,52.5511182,95.4556557
0.49726908,1.83592787,4.80827305,6.96498502,6.36068721,11.3216742,22.3556102,37.0235,37.6713124,99.0977169
0.638509739,2.75634268,4.85640191,11.0607852,13.4669059,17.9172977,36.1317938,26.6318191,50.7219007,90.4770511
0.799314753,3.50924676,7.80006868,13.7173176,19.3844136,26.1682463,31.9892976,45.5067858,69.7232724,27.3987332
0.730053352,2.58779221,6.6310407,9.40214151,18.4109342,28.9155722,26.7191161,47.0272137,51.5361234,74.866531
0.528999614,1.8102316,4.99224202,9.52371907,13.7124563,23.2342911,37.6250232,27.9671153,58.5913676,80.6728567
0.662919362,2.42035526,6.76975565,9.57179114,17.2752581,18.3592807,31.146417,57.3231957,53.1606922,57.2678252
0.754574079,2.85268406,7.08312967,10.7938412,15.7838937,18.3142508,28.8917882,36.4541077,3.79857573,99.9895142
0.674757831,2.67461264,4.88327846,10.8170821,16.3907414,15.978847,37.3351973,50.3060858,74.8420226,10.1663716
0.717941284,2.44067228,5.51119914,10.8436297,20.1376061,21.2438098,22.6984243,34.7754676,49.1236726,90.5761564
0.53336487,2.56327252,6.32467,11.2124682,19.7899779,20.8945916,22.8020334,57.0371898,67.4125703,26.0473076
0.740668088,2.54106878,7.29279279,10.9028537,21.406755,32.6499142,37.456458,38.1809953,33.8417088,67.3894897
0.582948371,2.61863222,6.22719714,10.0726557,17.1842505,27.5427192,25.5766003,49.9293221,19.281999,89.1392935
0.267317016,1.49553962,3.71822322,7.4127478,12.6456189,21.7884537,13.3826509,20.1578993,47.1570631,98.5360536
0.596244515,2.22839568,6.16779982,11.7642657,21.4587343,26.9121719,39.6174986,52.1176239,53.9212436,45.4672429
0.509125387,1.63922637,2.91318216,8.13532069,12.1225491,21.8433261,19.4633837,43.4088011,19.0831473,99.4141392
0.767053592,3.30260266,7.24561685,13.8372202,18.216642,32.2591136,43.7530546,43.5124508,55.9585607,10.0603931
0.61731744,2.57263341,6.6689885,13.1599254,16.7415518,24.7557696,25.4109767,22.7364838,77.2847471,41.6710872
0.648599184,2.70279013,6.98247279,9.67283905,13.8777159,25.9249223,30.4693299,52.9304029,54.4772592,66.4543748
0.597256714,2.79177912,6.74984115,9.4223602,12.8906865,22.7455293,20.6316496,51.5047478,67.538942,53.4255104
0.569027496,1.99826276,5.60968882,11.2909277,19.7306925,23.1700816,46.0999071,54.5691029,39.1801256,27.2229983
0.453818715,1.49578271,4.59192447,9.32107156,12.1503762,20.0892501,23.8215644,42.5769238,5.63553264,99.977312
0.357837813,1.85934084,4.61697204,6.18057531,13.2974384,19.8540792,34.3787359,58.6076234,67.2594229,4.28349728
0.790121883,3.20500002,6.18814959,14.5180891,19.885292,24.6732287,30.7081301,31.460732,69.7510736,47.044422
0.718406676,2.93019406,5.43436744,9.14940002,20.1188178,27.6460908,40.4994448,59.8689766,39.4666243,24.7773994
0.951445613,3.69809098,8.0039431,14.5221864,21.1541384,28.3472628,38.522609,44.4065877,39.3065513,31.9098185
0.492055646,1.60822227,4.93708918,9.82532374,12.7574057,24.893927,40.1493181,30.036875,72.3901589,47.654333
0.455841961,2.20272991,3.39345224,8.75353635,12.4869081,21.7923642,17.5294847,6.71442194,42.6999182,99.8417424
0.700785282,2.61297365,6.38312811,9.32962814,12.2435438,27.1520121,33.0166465,23.2029658,80.857731,7.64676739
0.537772262,1.87108479,4.21622803,9.07370287,15.763944,24.3356239,40.2268948,31.4102426,79.0229368,0.241131237
0.614302502,2.01874887,4.65243635,9.70205047,10.8136996,13.4187782,22.5340726,33.9506478,59.0569804,88.1174654
0.449983571,1.41385754,2.52919016,6.4575673,11.6504512,17.52257,27.6881808,40.7147915,78.7053705,33.138055
0.847202326,3.03787764,6.61057041,10.933376,23.2549966,32.0762969,34.8000737,54.4017909,44.3464383,11.1181012
0.633259545,2.55962196,5.6586482,9.4029272,18.5496389,31.8516101,44.8057128,44.9187335,37.1232946,48.8927264
0.616126109,2.72190008,5.04096145,11.0859094,18.1056931,17.9103676,31.143487,50.4652066,57.8492997,69.0528668
0.657455758,3.01448633,7.2755936,10.731706,19.2524616,23.7630394,43.6068191,52.4290306,51.5823784,42.8507251
0.735655398,2.88953326,5.60193621,9.43837977,19.8404781,33.4481117,33.1773918,51.15563,59.326429,26.3705687
0.707561898,3.09074649,5.67158185,13.3000447,22.676617,27.9516499,36.1396206,38.8061609,26.5582833,77.5263225
0.623954935,2.61460654,5.72956059,12.1813029,21.475635,25.2743492,43.2691069,38.2667924,67.3257083,24.7998936
0.908154235,3.59906255,7.37348782,12.6891487,21.6195299,27.5777439,39.3276364,54.4169269,49.5567929,19.5941016
0.518886392,2.28025205,5.86560575,7.85939529,16.8459915,28.527217,25.1075226,32.3842328,49.19706,89.7681652
0.752427002,3.42701312,6.47413219,10.9812273,17.054502,22.2380029,22.834749,31.920552,77.0901457,42.4933631
