0.158914183,0.635656732,1.43022765,2.54262693,3.97285457,5.72091058,7.78679496,10.1705077,12.8720488,57.386493
0.899996459,3.59998584,8.09996813,14.3999434,22.4999115,32.3998725,44.0998265,57.5997734,72.8997132,33.6167251
0.973815883,3.69418447,0.356471311,11.0459232,1.29998319,34.2972543,2.65880732,62.1382557,7.16760491,47.9013415
0.991374778,0.143550238,1.45990159,4.56183623,23.0961186,2.11029832,10.5946563,61.8941691,80.1133219,41.5461397
0.0268339887,3.99539492,5.85548109,12.5700263,0.674039673,5.1620869,47.9037259,62.5912265,3.47170786,48.3032614
0.0862134309,3.95653225,3.23433251,14.9804201,24.8753102,6.24812138,0.239601146,11.7243587,75.0463604,43.1017551
0.984825633,3.85768619,0.296675388,0.396893151,22.7862402,26.407869,39.545238,1.06399617,33.644831,51.6418328
0.0844318783,0.186316395,7.69422425,8.58127641,2.36356052,35.0808981,44.4469476,19.3936532,77.3666668,46.8755822
0.0702723698,0.270877496,1.43565175,15.9980729,24.3913702,29.8919611,19.314673,59.7009329,1.99848712,47.1410705
0.944964207,0.0537228212,6.56877583,13.1830175,23.3980008,0.28674531,42.6414668,1.47812954,13.8245759,57.1653227
0.936211363,3.61753749,8.89351031,2.1828156,22.7839794,7.69187445,1.81547361,45.2767579,8.18898802,45.2264912
0.020326131,2.48513708,8.32260603,0.07030648,21.3140762,0.976581306,45.4638405,6.22587332,78.7889022,55.7422249
0.962386964,3.35083846,3.46941294,14.9747755,1.64368079,0.494059548,32.2022875,24.6142571,75.708074,47.4738045
0.912539732,0.221080739,8.33396166,3.36657993,9.54510611,35.4216252,47.985111,57.1572344,2.07438053,42.2287196
0.489900774,3.04920888,0.120526231,1.21666028,0.6394831,32.8211473,44.9474124,61.5970154,77.2505699,49.8067769
0.927182809,0.645911407,8.62429026,6.12691449,23.5184672,35.82477,9.40546443,4.75525052,62.6426391,39.132903
5.55687584e-05,3.73577649,7.1898524,10.398616,2.40482052,25.6587158,2.77252241,62.4119503,78.0239018,49.1579529
0.508834244,3.9085862,8.11853296,14.5482705,1.2211733,34.9339917,15.7872313,1.30244666,2.81105642,49.3448701
0.928660755,0.00523797982,0.078135259,14.612086,2.07614437,27.0120398,42.6743093,18.4382568,4.78746163,59.7125353
0.0845517726,0.246568874,0.186883332,15.9078505,5.06647208,3.16271308,26.8394385,59.3540602,75.5455278,51.6250541
0.0876972233,3.70893039,8.98438884,13.5523992,23.7093982,12.7509772,45.8340793,5.70824108,3.0473679,43.0789615
0.0749263629,1.14952326,0.084171868,2.98059546,23.2311775,30.8151455,19.2607054,27.0055114,72.9371603,52.7048474
0.965074498,0.0283330195,0.43438134,2.92833342,0.780867809,34.6251795,7.33901497,18.0566402,68.2831434,55.6878615
0.987924117,0.162514685,7.61469163,0.217326172,7.18901469,1.10853791,26.128759,10.517017,70.2477764,56.3683648
0.0742553659,0.0397395939,8.78254734,14.7078988,18.2100336,8.69007644,2.87827115,15.8082413,31.7814662,54.1284237
0.907709762,3.51190737,1.41114726,3.82582634,19.7864322,0.816067374,48.5159219,61.5176063,8.11058742,44.797931
0.975582204,2.44042948,0.670968198,15.9333281,24.1326058,31.256011,10.5862062,4.39844853,5.97935083,43.2211398
0.0557406601,3.33309602,7.52587412,2.42912208,16.0230327,34.7184186,33.2944288,63.3002591,19.5588551,43.8397055
0.988348524,0.694545595,2.76259542,15.8954991,5.70866356,29.53227,22.9503115,61.2389495,74.7033276,34.3045026
0.00700866385,3.17845315,0.589524316,14.4625527,0.193216198,32.2338752,36.3967791,6.09553182,60.248012,60.6738563
0.0270116413,3.93862224,0.954111209,11.9948157,20.1047794,1.47842892,10.8273509,50.005852,0.448266617,59.3683225
0.0186845283,0.123469299,7.0841347,3.64768274,16.5685333,24.9685048,40.3702801,0.38842237,0.271824491,68.4457331
0.972093622,3.9100324,8.80776129,0.0782107711,3.88817222,33.8550189,28.9947161,12.0087251,48.9081334,40.6827446
0.421212051,1.2437508,8.36917523,15.51649,2.57442929,26.5436238,9.09911063,63.6766094,6.04162656,42.7267455
0.501825886,0.750638141,8.94426974,14.8294943,11.4238674,1.3515747,48.8855374,47.3172266,76.7305979,37.8004195
0.445578561,3.35552391,0.653372793,2.1982879,4.10109207,2.95830728,5.8125786,45.7253822,74.0373421,55.070665
0.957403051,0.292293519,1.29863801,2.14953516,23.8084327,33.5930609,14.393096,53.2429044,6.95344539,46.5758817
0.950673601,3.88482354,0.515930134,7.53378879,19.3565221,0.0964136459,0.577311581,1.14382181,30.6447017,60.2866042
0.0621830412,0.441490734,0.303231885,4.29918036,0.506752264,24.4588333,43.0260242,59.2825134,11.6467136,60.1210343
0.922175796,0.0344269741,5.88184766,0.37986923,0.722114253,16.6669249,6.81582038,52.8890539,13.0732679,62.3973189
0.906941433,3.8586842,2.03706367,1.6516915,24.9671757,33.5839187,1.25529918,36.3275979,78.3902303,38.2890502
0.919578714,1.43780219,2.5681199,13.1398974,16.0243074,29.5696845,45.8513593,1.03946123,78.7532894,44.2923385
0.0119605106,0.0812090189,1.97995512,7.29895601,2.42759817,0.925156938,45.0700132,0.928876311,75.4618266,65.7119307
0.00904011913,3.74912892,8.12177697,15.4764137,0.132423453,0.923005673,44.8572398,2.12715879,49.5591084,57.6648319
0.0478347573,3.83506189,8.74156097,6.07157218,20.1775441,34.5371725,3.07301759,2.882182,71.9291787,46.2412257
0.0996640469,0.214547761,4.28448867,0.713003219,24.1329585,3.79188764,13.9588559,56.8042867,27.3954878,54.8328991
0.540303942,3.55341733,5.14127119,0.613203518,3.29927091,1.21849143,42.4468823,17.9594892,26.7497028,56.2149555
0.930926342,0.316119772,2.30625281,12.7838306,15.3761096,1.83439716,20.0261716,62.5188404,2.72125836,52.2203385
0.0396684092,2.82781183,6.82539138,0.62739306,0.929929363,6.22483872,6.62085441,60.9960733,11.3957177,60.356516
0.0872839624,3.92622738,0.232958004,0.578099266,6.42869227,31.7246543,0.359640218,22.822066,23.3667165,59.5661426
0.564947427,0.285594268,8.96143648,15.7562116,22.8888755,26.3955726,3.2507193,63.7900558,70.2023476,36.3369067
0.958110645,3.86243724,8.96087427,14.9579431,9.60877975,28.4561471,3.35375322,21.5907363,75.3112168,34.1506854
0.999663934,1.40696244,6.34003407,10.5822901,0.859784359,0.569829136,1.52212436,5.67401409,3.99289514,62.4445051
0.407805538,3.95067701,6.81425442,3.86494833,22.1666428,6.86184857,25.9821754,56.7151885,76.1566017,39.604695
0.0293321274,3.94026325,0.0100270025,11.5979232,22.3373225,33.6651558,46.6495485,50.8882663,59.6014738,46.3904229
0.00755856186,0.146997063,5.80416842,15.3931791,14.3141663,4.59877466,48.463386,60.2493775,4.16001938,51.7345926
0.599106167,0.709412314,6.95872555,0.533975505,22.6973525,35.1410051,47.4655194,43.0828107,76.9484424,40.5965314
0.0761635974,0.326328725,1.3654739,15.1463266,6.73524798,35.0104821,1.59531082,12.2630815,32.4129274,52.8560377
0.0446386193,0.965099195,0.949901012,14.1978885,24.8631214,35.252385,47.414218,4.91360456,29.0484182,42.5303718
0.98099482,2.31973574,8.54682731,11.602927,3.74167101,16.2210452,47.7851499,19.6114359,11.9015084,39.7055759
0.913133193,0.118283339,8.973173,14.433153,3.12834551,4.46830189,3.74288667,51.8481349,65.3097356,48.7820836
0.0727764606,0.615892433,7.43427008,1.38162258,7.70430909,16.3048597,5.14015817,4.75217781,78.2819449,55.2294768
0.974709675,3.78201102,0.583049531,13.0017171,12.2790898,35.513717,47.6954764,35.0979954,5.07385227,38.6141546
0.597254817,0.246818509,0.62703428,15.2269308,23.4787527,10.6500163,3.84336874,17.6305443,76.643426,48.6381422
0.98390639,2.05876489,3.73827821,0.429890759,14.3343668,25.4915572,0.819459172,4.76774115,4.33532192,59.7490773
0.549178374,0.163744457,0.119455179,1.21457376,20.8457023,5.35472664,44.7678395,23.6133503,7.06118903,61.1190288
0.0284470231,0.436471688,8.50422917,2.80838335,0.779744948,7.44961491,45.8393061,56.4475729,53.6080159,53.467124
0.983238749,1.1746311,4.5560461,2.60779216,8.06699554,10.0713897,46.0699625,63.8164662,64.986842,37.4923687
0.900045263,0.242945587,7.1695958,13.1495425,19.3132046,31.7225076,0.25194365,26.6670013,0.368519162,58.9496504
0.922400429,3.13606388,8.60748966,0.139958754,0.448097859,8.90023745,8.56256873,61.5087917,63.6138991,50.2654803
0.404040129,2.80979995,0.692389367,15.978815,18.6615629,28.6381721,2.39335755,58.9848451,78.8377901,43.0369542
0.966281534,1.1749783,8.68563361,15.011755,22.7585574,4.4280536,14.0151849,13.3390737,78.2309087,35.2476376
0.9745334,3.93138529,6.28341536,14.8656165,10.0256059,0.514952531,20.1542362,57.7937547,14.7257257,41.9132211
0.444988598,3.69348806,1.02094224,8.84660011,20.0126279,3.22117842,41.3037801,12.58053,61.9739894,50.1347834
0.528822484,3.67796825,8.12800736,9.635059,0.682105334,20.3678586,47.0926863,50.6490182,73.4679537,43.9287305
0.910984771,3.68420393,0.934767867,10.0329734,0.286965061,33.151355,3.84275306,4.11509329,53.6282911,55.028935
0.0833376809,2.62561431,1.57437765,1.00464369,7.88506314,34.9289338,47.0822978,14.6008897,26.7724155,48.2441444
0.45142092,0.125621853,7.48460478,1.33793748,10.4926022,34.7985403,4.17456558,56.0636185,67.377131,51.7284254
0.998810928,0.061057413,4.93186661,15.7904927,23.1420439,33.5985818,42.6908482,61.4986431,9.73906969,35.655173
0.0533066532,3.6996806,1.19665609,11.0201586,24.6964689,33.9163013,9.90452058,16.0358138,12.5585488,45.3813737
0.944579155,2.16741169,8.29867614,5.06635924,22.3433331,35.1342882,40.8079073,7.18180561,0.768176808,44.4248541
0.0585902692,2.90661839,7.95451205,9.74934546,1.95188508,7.67896828,0.57143003,0.0320203006,33.1153222,64.5764406
0.404721053,0.586922467,0.913282522,8.06996339,24.804262,14.7344381,45.8715647,60.5874812,68.0862122,40.8520374
0.0678071729,2.54062122,0.496985247,1.47741941,23.4189006,2.10561666,1.49605226,9.33926869,46.9405778,62.969136
0.534716239,3.90334561,7.94185588,15.5943347,21.8488852,20.4667077,5.38603018,26.1344828,12.97473,41.0382455
0.478929614,1.48008595,8.56037325,0.343550675,21.9627984,5.40411077,47.4887616,41.2939657,14.7835071,47.2167468
0.542039773,0.24987361,8.15797983,9.18570652,0.264694716,34.1627028,11.6327641,2.43818602,23.5310714,56.6587525
0.0791387959,0.342969559,0.651111825,14.6425711,2.64484756,2.81213453,42.9363938,11.7172532,4.90272684,61.0770477
0.401904023,3.2036878,0.856771526,15.571618,0.287410233,7.92544796,4.0886642,26.3564205,35.8929161,54.7577227
0.0471795495,3.78675303,8.90597958,6.75343015,1.40697849,31.805985,47.8979938,0.760238946,52.3158278,47.3087905
0.0568169216,3.68800505,0.676847533,15.602635,14.8232477,13.4257803,47.7610684,2.97412759,2.73683741,51.8584566
0.963908279,1.62576933,0.686506272,0.197183974,3.23602192,18.4613385,43.1692469,3.30760068,49.1627025,56.5454501
0.0608189353,0.735382827,8.05315303,13.0541961,15.4266049,35.9270285,45.6899789,42.4175128,19.1578056,43.270927
0.558631327,3.66686926,2.41129744,15.4240002,23.7045573,3.59201381,47.6063991,63.6722479,75.266374,30.6608783
0.487825983,3.5651828,0.0615119669,13.9228935,3.23584934,14.284687,47.2768466,61.3366427,46.7686962,46.1075501
0.0493934811,0.624949562,7.93638873,12.2406024,24.6948403,30.5007022,28.9944268,5.65797085,67.7312482,48.0090664
0.0710359337,3.60375172,0.574060719,0.424015351,10.0406274,4.06705395,36.7169646,58.807247,27.0843794,56.8836099
0.982681625,3.72025749,5.32699426,13.8532435,24.1611124,1.1752239,32.650337,4.19708249,15.6500071,44.8103525
0.0103060068,0.852222994,7.45169922,10.1491097,0.134431827,13.5298303,27.027849,35.3415231,1.23930118,64.6939091
0.985486289,0.272206519,6.69366807,0.851979785,23.7878868,4.34021332,13.5637834,24.1728498,1.37427382,53.7296338
0.0886944076,2.74763722,7.96224028,0.661925085,7.77329204,29.8359365,11.6856297,10.9442411,4.88577163,57.3456371
0.0225029593,0.828944507,0.158222043,7.53400389,0.00539977337,22.685747,4.55890913,45.1731826,73.0005191,65.0473536
0.962387364,3.37772986,3.38805308,0.0143237561,1.15526385,23.7881093,36.4133992,50.9390781,6.43620898,56.0775562
0.942527595,0.245153256,0.654235849,11.9856111,3.38423423,5.50766851,15.4958308,4.47751022,67.7289084,56.1634729
0.924556972,0.116142109,0.000961840153,12.7389288,11.2132502,15.9791418,1.95397101,13.5715227,0.737022406,65.8981059
0.952162222,3.96185948,6.68775387,0.140826553,23.2373112,35.2643402,26.9031386,49.6985935,25.641937,39.1687699
0.920856307,3.32782204,6.08646715,2.22833764,18.2354698,12.2981949,26.8982383,6.12696371,80.8469036,44.3648007
0.0899683712,0.393662188,0.630900437,2.74426632,17.0062491,34.6019049,13.9054949,37.4244619,1.1795208,58.3411898
0.0687634936,2.83214722,8.77129025,14.3558428,22.8908742,2.76910875,38.670188,55.9671864,41.1354925,45.0791097
0.00624276325,3.68848804,0.941527223,3.99650184,1.88490918,6.72287833,31.8718348,2.51663122,72.1670308,59.7678788
0.970013971,0.0992084519,7.64201319,0.561109685,10.2663597,31.2596701,45.2917925,5.42843798,45.2551293,51.7134612
0.087466592,0.204047639,3.21450519,14.5578266,2.1746819,35.8254009,23.8366554,62.2596099,77.5368803,42.4136818
0.469150085,0.0219292138,1.26966628,0.499875754,2.20594277,0.403397296,16.1949774,56.1429031,52.8685292,66.0569099
0.569049656,0.0702863727,2.93189878,2.52937646,23.7970205,9.39394689,32.7556238,11.4539051,73.1324956,50.9891394
0.941738343,3.1853437,0.16092071,8.16777154,18.3380414,10.7447299,14.5303636,58.5418293,51.2904689,49.043589
0.533766049,0.0239562187,5.92237903,11.4209785,0.601580844,15.5077148,46.4986069,1.4184027,39.3536186,60.6616287
0.498241178,3.75791405,7.33828548,13.4471758,10.4436164,1.24033983,3.25519594,34.061204,64.1117114,51.9557197
0.0669422727,0.395111697,1.44515502,11.9473899,24.6594204,1.266362,10.5434536,25.8943073,7.11629405,56.6621465
0.0230252761,3.94326502,5.52414067,0.412892476,17.9435043,2.12565722,18.9478116,6.35945162,4.18093761,61.7738953
0.59460807,2.31133938,6.03199693,6.70642477,17.0016917,32.3029733,0.0990344887,62.0050962,9.68490474,51.013879
0.00358590856,1.07346091,3.72958486,12.6803336,22.4475067,0.352625158,30.7216769,34.2521964,76.7793756,55.1465863
0.996139548,0.469518544,7.1958943,14.9252808,1.86551423,5.32461113,41.8396329,63.6205393,28.3552394,40.2152773
0.0562249776,3.89279569,4.98866013,0.730297357,3.29325342,35.5828452,12.0857166,25.6502433,80.5425345,43.4859536
0.456374258,1.12864917,2.71485439,13.4358926,14.136298,19.8144336,28.8352162,30.66693,34.2896841,49.3363538
0.967028336,3.38098057,0.316044571,3.13085373,19.1540968,32.9819425,48.3287943,49.6930514,69.7545812,40.8307539
0.452696534,1.88256213,0.498715465,5.17478331,19.6609944,24.9601062,44.2418916,62.0046552,0.303921141,52.1641037
0.944614433,0.539083326,0.84030358,3.52402602,19.2269428,32.0072961,47.1287618,10.5789124,9.84708019,46.9037146
0.926163821,0.141325614,7.33407059,15.5100001,7.14389043,25.007705,6.12282313,8.21337891,73.7344792,47.2947759
0.409522903,3.4057146,8.6520637,3.97262503,24.857531,7.95327511,3.66789912,5.72150222,42.1298298,45.1114591
0.0650582179,1.73387163,2.65603191,15.8725308,2.53918941,1.66512766,18.7841674,62.0429385,4.64087488,51.8838758
0.0332727875,0.862956599,8.35100118,0.492186204,0.271137094,10.0816348,35.4373206,0.0625983477,35.5519501,66.2347773
0.913963385,3.93047044,7.68749007,15.3698307,1.1645061,31.4697185,48.3997902,8.19390071,64.4066472,36.5710595
0.0211470346,1.67284253,7.79474217,3.9675099,15.5294465,4.9073296,2.02614921,62.0273674,78.4226745,50.1824833
0.0231443504,3.94838855,1.27439547,13.8039083,3.57435789,34.8956892,21.5710734,56.2034328,44.4177198,45.0514939
0.599492705,2.69555661,0.494882747,2.65659342,14.6337878,0.103386099,13.0804937,38.9971255,0.870990976,64.3110256
0.964425519,0.398766225,4.64388778,3.23882628,4.61441737,6.49842657,42.2697311,33.1370322,7.72047174,50.362524
0.0547078327,1.89817406,5.8757621,10.5487678,20.5329434,31.9379426,28.5859219,62.1564891,71.016568,45.4445093
0.432380243,0.0589723848,7.08496081,12.3311748,3.21161342,3.72492064,1.00879992,1.17589194,64.8199648,65.8546993
0.964304105,0.236395281,2.46484439,15.3592762,23.9932475,6.49438783,47.8788159,27.7661873,53.5483903,38.0986445
0.533462419,3.61153297,6.8279512,13.1124337,19.8010967,31.7263545,39.2537919,3.23878712,43.4046863,48.3231834
0.014778445,1.52530154,8.42160747,14.1452429,17.3408615,32.9164902,21.0291665,0.262907922,3.4088997,57.1986535
0.589425932,1.92658505,0.258790674,4.43529725,0.0637543854,30.988735,21.3274717,20.6584455,8.21935294,60.3749509
0.0440734364,2.9689843,8.36803481,13.4417305,17.4439148,7.02265614,29.6473415,2.44087097,80.6436254,48.7715669
0.479267426,0.190519048,4.62068902,14.0805922,19.5528819,0.411332276,1.71712499,62.327843,70.9483607,54.8707134
0.929378977,0.289866598,8.52282064,14.3047892,7.17551363,34.3548664,46.6049353,31.539744,51.2293129,38.3925764
0.989644349,3.8103001,8.35595529,4.51650294,7.6014592,11.1236713,10.2682835,1.36026079,17.596007,44.3978792
0.939129144,3.77408779,6.9602854,15.1406932,8.79691174,35.5616196,16.5245177,58.2120361,2.13984027,37.9350694
0.0274321307,0.207280176,8.45531016,13.1517786,3.03543144,23.7545004,2.57080908,50.4009869,62.5059137,57.8179594
0.51949401,0.543329655,8.41838271,13.7922439,22.2561349,12.7562905,20.3818984,63.4331676,11.7038149,41.5845366
0.940845568,3.16582571,0.073426046,1.9049862,1.7236312,27.4603004,7.17197835,63.2686547,76.2920103,48.6710825
0.590947652,0.228751691,1.41676517,11.6837907,2.29646484,31.2258897,7.52454428,58.79602,31.2705792,53.176302
0.442602435,3.27652257,1.15826904,0.0492143482,17.4149227,25.3525255,5.30323648,0.647178561,77.3677465,59.1215944
0.566768633,2.72169063,7.77236891,7.47410989,2.13273031,28.5097029,3.50744977,3.53727183,74.580284,53.9538879
0.958231421,3.98195098,1.46282995,12.0585158,17.9291846,15.5596572,9.74349036,1.10048696,80.8537094,41.2528599
0.00413747411,2.15410975,0.275603028,10.7735004,22.2215173,2.93870285,47.3377496,54.2793646,21.8700226,55.3455874
0.0389462165,2.27624141,1.77623053,0.189372093,23.0886873,2.25760916,48.5061193,38.3302686,71.9191667,52.9221204
0.99748032,2.6069403,6.40273856,12.1368271,24.4591477,14.2504344,47.7081601,57.5304109,2.04424548,38.0919397
0.91690742,1.85205483,7.84256485,8.86643916,16.0046378,21.5255149,20.8651681,48.1696134,64.1572414,45.9329564
0.0719324402,3.87408919,8.58838281,5.24426352,19.2764618,6.47130469,9.82439205,49.0541887,7.27587352,47.7220219
0.400129751,3.92287047,8.28884165,15.2205044,4.71346951,27.7662334,47.7550441,62.7287731,13.2748455,31.965539
0.000976031181,1.61662423,5.85777371,1.07166934,18.041575,35.6419987,42.2916416,2.11688584,74.0394984,53.7355966
0.556414693,2.64697574,8.37298684,1.40418759,0.282553386,34.3796428,25.3932111,55.7695554,49.2548006,49.7031895
0.961325044,3.96004421,1.04179254,7.83498481,4.04628696,8.56067879,31.7526538,10.2553042,11.2616085,45.6402038
0.984770975,0.183080604,2.33036528,13.2430703,0.440364122,1.72770165,29.2389697,61.8635712,77.2551268,48.79471
0.985538956,3.81291858,8.37589918,8.42239423,4.96840698,5.7833018,48.9364953,13.9445676,78.9080603,30.9828136
0.952818772,0.100422028,8.53432421,6.0212708,24.2161352,0.841564168,43.7855374,28.1167635,58.7805651,46.2680611
0.0395517415,2.98447501,0.160738693,2.72925885,22.8961202,21.7337928,32.4702648,19.2529943,1.36033424,61.3460647
0.977316384,3.02584523,7.60686594,6.39258585,0.297581288,2.08614281,46.0086267,61.3729077,8.17551013,47.7364992
0.492621419,1.95274199,8.4030081,2.41254334,5.64993713,12.2304913,46.0963893,3.93700898,72.53285,46.6952298
0.0810389058,0.0835598652,0.878971336,6.88220846,8.24629001,29.3705828,48.1621648,39.8424039,80.0925091,48.4901376
0.0164778829,3.77510957,0.599665233,13.4641327,5.74602664,33.796484,12.9388824,2.34572458,0.750616026,59.8806087
0.950050457,1.99214723,4.5414924,15.756058,18.8555561,7.67684038,0.893244607,24.5056098,32.6319544,46.7343973
0.0238700807,0.737786683,8.95674503,3.58005276,15.5419055,18.4402131,0.899796738,40.3379979,11.0498487,55.6244405
0.905150932,3.48683969,7.45804259,7.68323673,18.9995434,0.469026357,47.5381458,37.3770902,46.5181059,46.6876492
0.981086474,0.481467564,0.0570289144,7.97326879,10.5133201,32.2147972,40.9647524,58.243822,30.2692566,47.5100819
0.0174327679,3.97012078,4.09496262,1.84322281,4.75908227,15.6898302,47.6056171,46.5063278,80.8118402,41.8268846
0.472681559,1.43584247,0.460025899,1.16494605,17.5754098,21.4733382,3.25944862,63.4161401,54.5064345,53.3430539
0.591125041,0.154228808,0.278062392,4.25709713,20.3615845,24.6973817,12.1050955,3.0556123,35.0272863,60.8429569
0.0589752323,0.786918871,3.92731384,0.646453917,1.48591957,34.3442804,0.436964472,56.2441002,18.4676446,60.5447921
0.990547604,0.534347851,1.76474941,9.14370427,22.2463428,27.7685074,1.77459617,43.9350614,61.4811684,48.2896386
0.047349345,3.20176304,0.0707156444,0.920597211,0.745819568,14.3848402,35.402424,2.0110637,10.0586013,70.4285466
0.999639732,3.77989158,1.43502549,13.2860379,3.81086962,34.9715278,41.4693638,63.4734937,59.4945395,32.1147539
0.488340587,2.16095939,7.30012536,9.25687266,19.1543243,2.48985939,20.5075945,6.7134412,1.02032794,58.4851505
0.531605975,2.80651986,2.65331953,14.8291623,2.70392238,28.5458243,45.8282184,5.04974288,8.89554831,49.9297894
0.586065508,0.0119561479,2.13069825,15.3698316,1.18700691,0.0361614246,43.2357807,55.8588717,5.13346367,60.8907434
0.0485493727,3.87722959,1.34472383,3.15274903,19.1451197,31.7188639,14.8976361,56.908304,52.9852262,47.4655189
0.032845248,0.120333744,5.51078984,1.50197477,18.265552,20.3504841,41.631893,47.3161362,53.5374187,58.7862151
0.942597548,0.947955933,0.664569926,0.758668781,23.3534326,1.64507617,1.08237126,16.2139319,75.3722393,55.7426919
0.579186228,1.5317298,8.51109414,15.9276291,24.472664,17.3712252,46.5251433,7.94671232,71.3735826,33.7310045
0.587790346,3.96935273,2.05048453,2.65519251,2.8445695,12.4985031,3.18659176,0.0623945892,31.2177302,55.6769252
0.59403627,3.87037365,3.08240509,3.52421246,24.1231194,17.6652739,11.2403096,27.2765925,7.20234937,44.830068
0.434508356,3.12778863,1.67305754,5.47205447,1.28041103,28.6101994,48.4842608,6.4924388,78.9988543,45.5663451
0.014696734,0.032035565,5.44891785,8.82201848,24.4758864,23.3602748,0.189341595,60.4266836,49.7033939,57.6778975
0.00813130755,2.65154421,1.13298973,12.7259415,20.1531871,21.0458047,22.9213751,2.02527517,69.3560115,58.5086224
0.515618073,3.97181587,5.19581479,14.3273763,0.334474526,30.9792371,0.0512056751,36.0669807,42.7081804,52.3706506
0.499557201,0.231512316,6.81185164,12.0720978,24.6069633,27.6933397,46.2248099,7.02627126,13.3409759,46.9437603
0.981091394,0.812241234,7.5114546,3.58661779,12.9456677,4.08549509,17.5801267,62.942377,20.9217295,42.3610668
0.428278748,0.323680323,0.214165715,15.0811848,21.0511728,10.1677692,45.8661007,4.64192337,1.02019743,57.5129721
0.918774314,3.35959416,1.57273,15.7742766,22.2920745,18.5707367,46.7826606,28.9655357,50.31839,37.6353217
0.942974783,2.30871071,5.6271835,7.24094285,3.94773209,35.327793,8.46174696,24.2691673,25.1784287,43.9172962
0.964224905,2.91189714,0.574097692,1.52872302,20.6998024,2.27254051,47.0786922,63.4516278,80.3776641,39.0135971
0.510887945,1.97475591,3.87588209,15.9116767,5.54668344,33.2762652,19.3129058,20.9091893,76.8797037,39.3757952
0.0210362077,2.2221703,0.0363796055,14.9902764,8.71075531,2.39680268,47.7241911,25.4440438,68.3989292,54.6074457
0.0428723707,2.22373785,5.31445868,7.3013679,15.7660133,6.3144336,47.2108394,20.34686,22.3712346,50.5143609
0.569492114,1.8158428,6.4571788,6.76290249,0.159516395,8.62855659,16.5382187,38.9760257,38.050706,55.3537095
0.922795685,1.70834062,0.181713496,5.43773599,0.0450332416,9.89811691,2.24697838,45.6694671,18.6480556,61.3063845
4.15220857e-05,2.79144678,8.65343835,13.0459118,22.8740838,28.4049205,7.48359865,55.9576713,0.734970855,53.337986
0.935625561,0.23518477,1.6884732,2.07830366,3.20248031,34.684711,46.1938372,31.1143863,75.2934559,43.786112
0.499338659,1.53935105,8.71462986,1.3938373,3.47411862,20.8967799,43.7997629,20.3956589,7.39057239,49.6012435
0.46010484,3.92818961,2.43614239,5.76927451,6.55721398,10.217412,5.50430572,62.5190858,7.94235452,44.7518212
0.930649164,1.68200415,3.24832423,1.04052242,0.0942232321,12.3982,11.6337456,23.9823649,80.5019041,50.5151903
0.592848532,0.0211212561,6.71613898,0.262674585,23.0808623,28.8767224,20.5165304,10.8760648,12.6819391,58.4921777
0.0394286756,2.71100092,8.53320422,4.55709329,23.5419954,29.2564333,33.8578879,16.3562009,23.6269594,47.1819122
0.0195823526,0.482401273,8.36592079,14.2769199,0.301201339,17.6989031,45.5480756,63.3562528,76.6223663,45.8587025
0.0452110116,3.44588549,6.74409151,3.45961815,2.81588886,2.36742004,12.5611083,29.450225,73.3204819,55.0238736
0.566411139,2.68803763,4.15899002,10.9249317,23.9482433,33.3012077,1.90158827,15.6657526,78.8533706,43.5613201
0.00160164805,3.67559524,8.390787,5.25694409,2.28006047,30.2059167,47.4243996,36.4191831,1.53170209,52.3456456
0.0207459638,2.70965429,2.60927345,10.7712007,11.8275779,15.9876818,1.31711529,49.3148411,43.7072357,58.4653443
0.507881066,3.82827825,4.21333738,2.77558866,14.5602019,19.1703291,43.1769732,44.9161673,32.9359633,45.6242293
0.441055648,3.28911949,0.520392638,12.8694505,13.8346697,27.7820934,18.5711616,58.1396804,2.0360054,53.9362612
0.557638316,0.908722116,2.00836205,8.07283452,0.202720857,10.2663953,48.0540143,33.7226807,72.2609688,49.5479186
0.968047183,3.87598689,8.3511957,6.30411063,1.85516431,6.83512014,2.53739583,20.9131591,80.3218688,40.5607958
0.0712821568,0.156835757,8.86178794,14.3466369,6.13452345,4.22740006,29.8257438,14.7284996,68.2073741,50.8352704
0.0231272741,2.8003854,4.67433449,0.959584922,24.5996638,31.0306161,48.4073034,45.1236759,72.9271053,44.6263813
0.0526495967,3.527089,8.51590434,15.6519507,9.90030987,28.091543,41.5989804,28.817783,66.4181945,42.3290904
0.964061709,3.94054835,1.79116371,14.3795743,21.1027018,33.2760751,14.9641055,44.0440665,31.1670547,36.7516729
0.0263338965,2.37519091,8.62569484,0.0945361183,7.60709294,3.4720156,46.5040316,56.5024338,5.5749893,55.768169
0.405189888,0.105777636,4.06064687,0.519101225,7.08482804,35.5749235,26.8665277,14.0158719,56.6472702,53.6179676
0.0957429088,0.604273927,0.0717454241,15.6894984,20.9361595,34.6075937,46.0435369,59.7224705,55.1325584,43.2493471
0.0316564981,0.203054547,1.66000101,15.3545948,1.0548782,6.24648436,11.7908312,16.3267422,45.0015983,58.7664443
0.0658662347,0.0552293007,0.537426388,9.82275141,4.66078853,12.7768628,0.996876414,59.4310489,12.1985035,63.9274412
0.0678790133,3.370305,1.61121742,13.7444108,16.1127161,9.24510065,8.72011993,0.0727794767,9.11840351,59.1851786
0.998298959,1.64243852,1.04434113,3.98480637,19.7509828,6.86608396,24.8718364,2.55276668,30.8174914,50.0084184
0.949663767,3.99570343,8.52194451,4.12702409,4.5217857,32.6192995,33.4372276,62.0198559,80.643566,27.4521144
0.0965982755,2.10886642,8.36534576,13.0953471,21.0918679,23.075393,0.176472488,33.9240553,62.7716181,52.9357663
0.05227404,2.27915916,4.11298698,12.3949757,3.68289673,33.7612769,40.5360735,55.8855452,5.51561217,51.7478345
0.95211602,0.855823968,8.62521806,1.84879096,0.983834966,14.8525446,3.69723281,9.65462849,32.0722416,51.9432299
0.45658972,3.6136934,7.52601897,6.75716689,24.5373225,34.2414556,0.195402604,1.47796637,10.3537768,50.4062744
0.950734965,0.010196697,7.59574351,10.0641603,19.2836373,0.132834876,0.756452792,29.6516946,65.852119,60.552949
0.0639592186,3.85034746,1.77714332,11.4625785,18.0566822,5.26608438,25.9701762,49.3089012,79.3568355,45.5171766
0.937639411,3.62229437,8.77831889,0.365504973,23.5032468,27.4598272,45.34638,51.7344792,77.6981505,35.5133786
0.527159708,3.89287174,7.86433429,3.31811708,11.8653518,30.1931378,0.0922114463,40.2256692,51.6661619,49.5093028
0.0729551134,0.62636392,7.42142058,1.4501252,6.64713306,26.4461363,32.9560625,59.4842836,10.5728622,53.3759799
0.0154051348,3.65640037,2.52219568,0.965115086,19.8269457,9.32614814,0.778224131,59.5761337,20.3500242,57.6150224
0.530646197,2.28251939,5.18248177,15.948777,4.83495717,16.0201514,9.09911668,63.8093446,75.500249,37.5763226
0.0571088312,3.31250074,2.69996739,0.625510589,1.49447228,25.3375973,6.80160957,60.933231,51.6550022,56.7115375
0.991289375,2.40209444,0.00295238709,8.21470197,0.774996297,0.522387665,43.2418001,59.9960345,42.2103143,54.9734622
0.98717874,2.05233848,3.71880623,10.6244872,8.99482082,1.37314292,3.28454772,38.3915342,79.1208689,47.168893
0.0172693105,0.981209621,7.17773631,0.380702093,22.5938814,14.926238,23.5219574,2.00886595,44.3096316,60.9004987
0.527639601,0.155106762,6.47855387,5.43094841,21.7967341,18.3031284,0.924263269,1.42728415,66.274127,60.8001013
0.00321370224,0.0507739801,3.05613871,2.70804965,15.9225733,15.3921936,0.814705942,28.4248331,50.8394605,65.6642613
0.515681592,0.242039461,8.90373981,3.83096055,4.61559998,35.1199285,6.31394875,43.8029639,5.58623868,48.2320378
0.970099198,1.82886208,3.79124722,15.0969405,9.80998867,2.13063461,34.8115996,24.2340725,7.66627801,47.7052597
0.0401361608,2.27381916,0.176858647,4.37917493,1.2390707,0.0883115642,11.2325148,48.1638604,22.7828873,67.1898536
0.0569669521,1.77425408,8.74882397,15.083393,4.04085147,21.010525,48.8549775,16.465898,8.03410538,43.2258207
0.477992136,2.45530478,5.19160308,0.485244073,17.9642785,0.906425933,8.57588923,33.9204801,67.7227646,58.1433478
0.95225016,1.8737736,1.15401102,0.823630445,4.30764158,33.8861284,5.66170302,61.7045865,16.4339959,46.8990013
0.944023213,0.792585293,2.20730133,0.201789714,24.1870804,17.6539318,45.7776123,46.1460892,32.0462325,45.6516037
0.949840964,3.9083453,8.00880349,15.929417,21.4230532,10.4463672,0.127725434,51.8287188,57.3030259,39.2942058
0.581556547,0.883557735,4.3984333,13.2772971,24.2681551,35.8303925,40.0252612,42.5346505,80.8365605,34.1654829
0.0369591587,0.690323741,5.10999228,10.0272558,0.1376795,20.1302759,2.10506052,2.28864089,1.50280069,71.6804687
0.44087734,3.30181406,3.57491117,15.1679627,24.9192863,26.5600215,41.2153535,55.4405986,17.8962172,38.9391653
0.906889499,0.367215652,8.5352993,3.15602606,5.20309345,33.6839504,35.5997919,46.6314836,70.0466142,43.4839534
0.979075264,1.27186002,0.340512168,14.200897,3.86875377,31.8881816,17.2429471,21.1740611,41.0630781,47.1335826
0.548815298,3.75486401,8.99871814,9.69912629,8.14918446,19.214357,21.3664189,43.6285545,21.6620685,41.6748995
0.0193541702,1.14215403,0.411087751,10.936578,4.79257972,34.3977826,48.3623358,17.9963687,1.22510553,55.0391419
0.473373682,3.96586172,5.03516264,14.1840751,12.1099279,9.44375566,45.1907841,28.0920535,19.1665519,41.3428251
0.0768507827,2.52441599,8.6841015,1.23375588,24.5860465,25.4642414,12.9382671,52.8387887,77.8630155,41.9527938
0.93783822,0.987886042,7.65158757,14.6353173,12.1525851,33.8357148,28.390915,5.3659178,11.3659932,44.5679073
0.00650698785,1.45177921,0.119580795,4.96785002,10.3988027,32.6543241,1.66764247,0.0873954595,77.0202258,64.1979122
0.583429418,2.79290286,0.716195807,7.29410047,24.9166727,35.3053329,33.6594233,11.660116,4.51763048,45.9552482
0.511751562,0.0340188481,8.44825531,10.3591038,14.7783274,6.2609133,47.8701461,29.4474197,13.6480947,49.1765882
0.593824955,1.66407339,0.183431145,8.75955938,9.24146105,30.5796009,20.8972814,49.1223737,80.6648153,48.0190732
0.0082749622,0.309158655,0.0664088549,0.237555519,13.4306335,5.2660221,24.5455031,6.88439223,73.3813072,68.1252456
0.998453719,0.0465946719,7.01246491,6.21831459,23.7708287,23.4974818,2.9620664,63.2815072,25.6819429,43.837618
0.992125226,2.59467439,1.558243,14.9156996,0.25498193,15.0930689,17.9792842,57.2462241,32.0063739,46.1605184
0.460642758,0.0913375169,6.99670647,15.3699151,3.37956426,0.484502988,9.5845661,32.3950851,20.4961214,57.0431059
0.0407044562,0.479179863,3.54590839,12.5909098,24.0953216,28.9017755,5.63626068,15.1943397,14.2608514,52.7934516
0.538164275,3.70791219,6.48045997,14.3836253,2.48614778,13.9474456,25.4781942,1.31953237,42.2471476,51.9251312
0.591085915,1.52391132,0.849584199,8.82067874,14.293226,1.79941578,3.78516631,19.970879,43.7448309,57.677556
0.964835818,3.98239771,0.356165389,1.90522484,7.99040073,28.3176922,21.032343,5.99347881,76.4416233,44.5330308
0.911479979,0.976044791,0.865815612,13.8008715,23.8230682,27.8015105,21.760083,45.3411996,1.95177593,49.5087842
0.573354251,1.45961877,8.57858212,0.408198096,19.6646879,6.35070446,43.9500565,55.6413156,75.4197047,45.5505127
0.403042739,3.7572561,0.457216696,13.2284506,16.5137113,30.1609311,47.3237496,2.95074159,72.2847931,46.7534299
0.0478379936,0.0526349526,1.43020933,13.3834003,10.6379658,24.899973,40.6239216,0.327474207,80.8215397,57.3875795
0.0223945715,1.54225037,1.35426812,0.327612884,3.42148392,7.02764439,45.7596324,35.4506418,54.3411172,58.687373
0.409434421,1.457267,0.644417673,6.62724511,12.6696017,18.7143088,48.1661829,0.0472133756,32.2926795,53.4194579
0.0637083487,2.98486607,5.94912516,10.571794,0.221124478,23.6723014,33.169099,0.0612354875,6.56206089,65.4424639
0.547360785,1.97086035,0.56220751,14.2606456,22.9237203,5.71262469,0.113119626,51.2020301,10.782066,55.9811417
0.498768013,3.17599161,6.50462928,0.54112453,10.4374723,32.538416,45.1323605,25.5777854,78.2642995,45.2498642
0.460254047,1.95905925,4.2949938,10.5969931,11.9727335,1.05340934,38.9969847,61.8075869,20.3932071,49.9580169
0.922353166,3.95865187,2.38954116,5.36576949,10.137102,34.953595,23.2363664,4.71442875,4.30829238,44.3072144
0.994838785,1.02186337,5.52986538,11.4622624,9.75525228,9.3961722,34.6622818,10.4098773,59.2405727,45.5250118
0.406178634,2.57719792,6.67216783,14.4439311,11.1727073,6.75595353,4.50672105,51.5404848,1.1753899,54.8230031
0.589222805,0.270729,4.82017702,6.60472665,21.3138363,31.1711371,28.9937307,54.3753883,39.4254713,49.6211059
0.516219259,0.388345024,6.55833369,5.18098768,7.59367588,2.75116529,20.1921392,57.8387376,80.5733738,47.1074732
0.981978032,0.419121733,0.402679629,15.7093735,17.8753558,8.79149669,19.9877975,52.130027,67.5377117,44.7799827
0.00440332387,0.02665703,0.0555821769,12.74604,22.9594211,5.74585709,25.3440113,63.7356065,45.9900291,58.5263301
0.938397364,2.5779689,8.82744383,12.1750134,2.2665154,26.3869512,2.02610439,61.0436241,50.8651856,44.4274771
0.0286161476,3.8063705,3.75539081,15.7392419,2.24758348,0.195262134,7.85454882,7.05571184,72.5821719,54.0851332
0.502526717,3.86610111,3.51299108,5.0507093,11.361313,35.4058386,29.8483054,62.0006809,77.7653979,33.7239982
0.937849351,1.73618086,8.98133745,2.37958013,15.0051692,24.3056459,17.6810242,37.8434458,3.53550474,46.1445935
0.934787114,3.86810809,7.4085026,15.4722514,15.8266111,32.9091017,48.0096281,19.3559868,5.15091854,34.8863081
0.476418432,0.658319906,0.860974233,13.1447736,19.0783829,0.549904414,35.7202954,3.92525959,65.6074211,58.865031
0.099846256,0.464099176,0.258431618,9.70703549,15.8522199,4.69528046,2.14875362,1.43937033,80.3636656,61.4484186
0.0764258355,1.95607073,8.2816895,9.520803,0.21257184,32.680675,16.4765636,29.5245484,34.2786674,53.2094559
0.922026778,2.01620474,5.29439395,15.7849533,2.67292719,34.3976286,44.839194,53.9861497,21.7914101,38.0295999
0.0128302923,2.55489386,0.227483289,12.9984667,1.92040216,1.72660409,4.13097537,59.1713914,77.9310917,60.4031138
0.0181441512,3.79499716,5.66403797,4.41973797,16.4625158,15.125306,20.4403328,2.18485651,61.8679053,55.1334746
0.0243484094,0.894866612,0.0520912567,4.44044804,10.3284596,22.2047868,27.0204116,0.076197505,0.82451303,70.4520686
0.526032492,0.112360885,1.01115279,4.34650507,18.2979937,13.5074384,4.78633817,45.6955274,5.98507096,60.0049155
0.911576956,3.49559822,5.6682835,3.27253625,14.8699144,26.8581128,0.411172159,2.05123893,54.6403423,55.8983654
0.560301615,3.95695443,1.19951534,0.452179335,24.6532623,32.2257756,47.1079722,2.2046628,78.1747378,40.1106424
0.454281349,0.426526984,1.43781027,0.492740095,14.8168357,2.24249578,45.7695892,62.0214753,34.0910094,52.6062078
0.00423874287,0.962205753,8.53221076,6.87323996,22.725012,20.5578854,33.1830377,50.0439734,1.34231442,54.6354252
0.0135944793,1.92965481,8.34393708,13.4231467,4.41657221,6.2339886,19.9354411,54.8022812,48.0172688,51.7889822
0.0863618576,1.93496522,2.16102766,9.58550381,24.3165554,19.2197027,45.6570622,23.8300015,79.526752,40.8898202
0.566967731,0.106597779,8.07497515,9.07966292,15.4603535,24.7114679,40.345065,22.8665156,77.8700815,48.0879134
0.492592665,0.0196913965,6.64492772,0.53358496,12.4412869,1.02096511,31.7963573,9.63544021,28.911338,64.1576167
0.972868672,0.0150562152,2.36207122,0.588504315,4.67502673,33.3708995,28.1852161,33.8644108,9.05159186,54.6516151
0.55047281,3.18605211,8.95013658,14.1253896,20.9724031,11.7787957,3.02042325,0.331179977,78.6483004,46.1408423
0.0290930751,3.86925225,5.67589633,6.73700541,20.0779636,0.481610427,41.4137723,59.1298993,5.33825858,53.9803605
0.999722383,1.33633201,8.39702336,15.5939054,10.5750002,13.0020066,6.43145117,63.2159913,9.06893516,35.3728031
0.948917919,1.85387739,4.7637248,15.8624933,13.9455075,10.2875316,41.5738848,53.9195256,62.6061294,39.7245043
0.968032816,2.91018162,7.70047765,3.42739,6.47466505,28.3616296,46.1543828,61.0120497,27.2360803,38.6415743
0.406139528,3.94819526,2.96497355,14.7742893,11.6869873,33.4020506,5.80479736,2.91167995,51.3907012,45.0649917
0.0723001021,0.591265977,3.16635856,15.9791186,1.63545922,17.5148196,48.4190936,47.9433352,29.9132633,45.7013202
0.586886998,3.23910649,8.24135194,4.27033047,17.8815329,14.2887987,43.3382534,1.33821726,34.7002396,50.3215025
0.476232948,0.18859707,3.93965519,1.39504539,10.199676,1.37520568,1.47248287,3.94388238,56.7393907,66.1476734
0.033135328,3.62183022,0.226183164,6.15187586,4.02756842,23.5331725,35.4309231,51.6242248,0.438304842,61.752228
0.515865477,0.604290594,0.702018593,15.6915513,24.8467345,34.65729,6.90431476,11.5176234,51.5058553,41.3912205
0.024752052,0.0309549961,0.586395218,0.967868999,17.1472935,28.1687148,42.997164,1.74330637,65.4962843,67.1072845
0.947751491,3.43722623,3.28780775,12.7730241,6.58667744,3.29444455,2.3540582,28.2855391,3.86675871,54.1938693
0.0172349932,2.67412119,8.89822132,14.9435103,5.59082568,21.6104182,3.12837129,2.00652722,75.561511,51.3544621
0.526141238,3.42316024,2.37197854,8.61046552,18.8969491,1.47336201,41.915715,5.77675525,2.43686397,57.6659773
0.00696228026,0.0601771884,7.64551204,9.10362148,19.6347004,0.590445752,32.1518225,4.8070907,31.3538686,65.8348246
0.0657949797,3.26489651,2.51019148,10.29,0.0473686727,30.4204061,5.12597225,13.3428233,76.9895552,55.6407637
0.952279738,3.86220358,0.12521643,13.3556282,6.31837612,25.8444019,36.5629651,6.20942459,52.9019232,48.6156033
0.0643177498,3.95368646,3.61856986,7.65091197,20.1210107,34.3099169,47.3303273,19.3446248,6.46538859,42.4682723
0.595574393,3.27530702,0.191505763,10.0219802,11.5945082,27.2158115,0.195964277,13.8078163,5.02340426,62.2136539
0.453555804,3.64961974,7.10765793,2.50097257,2.88435401,3.36657009,35.3119177,63.2182299,56.687665,46.7791508
0.918881185,2.54432636,5.60950008,6.87611739,23.2889985,26.2047182,47.2285137,24.3319158,63.9247818,40.7512941
0.471948332,0.142457468,5.13601449,3.54748935,10.3960163,1.21763074,22.7576312,55.5198831,3.38507971,60.4498742
0.921639734,3.9960627,4.10789544,4.26425696,8.38541015,12.3673337,40.5300785,52.2828295,77.8551774,37.3482482
0.907358292,3.88322202,2.95321516,15.4438148,19.0546093,1.17896601,20.2557431,46.0720295,76.6958441,40.526274
0.496360883,1.34946571,1.05791567,9.57994431,3.31876744,5.07502121,16.1719601,62.8674949,48.0759778,49.1056935
0.986623103,0.697985862,6.85885244,8.41400914,9.76822507,35.3646242,18.0203378,62.455274,27.578436,36.6270919
0.961699468,1.13183913,6.34560302,0.977662571,24.3356792,14.0537749,7.88724431,20.7871175,72.2458856,44.1431749
0.0279817199,1.15506856,2.78397242,14.6211471,15.0304449,24.0309773,6.3103297,28.3576774,80.3460311,48.2343315
0.949386062,1.32618131,2.54087043,14.9498055,20.9074192,23.0322638,42.5456544,10.2058803,12.9486347,43.7489829
0.982503421,3.73996448,3.56169368,4.2412304,3.68646778,12.1881544,8.59055802,35.9296187,36.8316418,44.3404133
0.576468252,2.80763967,2.7010683e-05,0.807055198,19.0261146,31.5468557,0.0049120849,43.8300878,15.5484266,63.2075591
0.551268173,0.656746056,4.34467613,7.06089008,0.593133376,27.0614116,45.1125977,39.744481,22.1388606,52.6963696
0.0407793671,1.51529195,7.90171571,0.24181404,0.263384765,2.45914535,3.88718607,19.5086069,11.5880625,68.1110998
0.971377578,3.77178819,0.999352129,3.75329286,14.9892248,34.4178692,17.8686984,61.6672648,32.5509843,37.3439543
0.931548797,2.1625579,4.74887275,4.09658722,5.22095433,33.9544227,48.9770464,8.12357089,26.3958737,40.6090969
0.0819959161,0.421449276,7.42045449,4.58434659,14.2393981,31.0521047,0.985493223,1.54722494,25.577724,61.1940987
0.933696823,2.56999635,4.3393585,8.17469981,0.28077811,27.4142843,32.4980694,53.618635,61.2535196,51.0046344
0.50647311,1.1742588,8.47703392,6.23828727,23.271987,10.4901108,20.8146792,27.8380177,42.4778369,44.5046262
0.0023476379,1.82700076,5.40407526,12.9651323,1.52984791,17.5015719,39.3617821,5.84127736,78.910011,55.1143032
0.421118126,2.92934216,3.27083866,1.75164674,24.8854454,35.5404649,22.5858738,61.1022535,1.99272082,42.1766497
0.944675702,0.658070162,0.41673792,3.75862584,5.03838518,7.40112575,14.5918765,0.872275889,5.493916,59.7078274
0.463237991,2.56364825,7.28142378,10.4701359,5.58552441,1.30855198,44.6895106,32.1377345,54.3010544,51.4335776
0.943143882,1.67688773,7.76714,11.2391179,24.7716392,17.1943101,17.3819825,1.28025717,16.810271,45.6366052
0.00694830437,3.12060591,0.0527921682,9.38306085,7.97446496,2.6389735,1.6709185,8.0028382,50.2473317,67.874407
0.512917427,2.41279038,8.47765948,8.92953539,22.9706667,25.9131387,40.9998153,59.9463266,37.8565652,41.0257194
0.993265468,3.25086205,2.78651397,10.5604706,2.85959408,16.1247046,48.8767959,47.4246701,13.2001443,41.0300185
0.00544995861,2.38981769,3.74830029,11.8809287,4.32605194,11.4551673,47.6353751,59.7539605,76.9676251,45.6224692
0.973344173,3.98204929,5.180371,0.880637698,1.37155482,2.4795128,28.8170412,15.6883925,74.4348294,47.21606
0.531097204,0.602844367,0.0118745752,2.801751,1.60800592,1.08800107,46.3240997,10.6373019,36.8707974,61.5295658
0.586420994,3.91058862,2.84175478,13.1069358,0.421019236,1.54123817,26.6640812,49.910888,5.43494499,55.6575802
0.00851044245,0.140025338,3.16318391,1.12364842,8.06094271,7.58035265,47.6212815,6.37069646,0.373831557,64.9511863
0.971904791,3.2152858,7.44385168,15.6715875,0.580758672,15.5678295,0.693968589,1.99846155,65.9937303,52.8755644
0.413200287,2.62888604,8.29725434,10.5842008,1.03542032,3.32536224,23.6331285,10.4375966,0.868800169,58.9500794
0.0150457639,3.4966176,8.21708094,15.0744469,19.1079207,31.4264697,39.0308386,36.9680559,12.8016255,47.2351202
0.451554728,1.12128199,3.11925133,0.456946522,24.8440606,5.94229478,11.0909432,12.3845048,23.252934,50.6094772
0.441951147,3.49174322,3.88859295,11.7007081,21.5646204,16.6671013,10.8513077,63.9063103,32.09251,42.3116643
0.509128021,3.65861686,5.3404269,15.2086181,17.5681232,25.1242015,25.1182941,36.7918554,71.7779072,42.8777537
0.0211827285,0.0724699516,4.50557292,14.5140202,1.77725144,29.1814858,34.3441198,2.11838004,24.8231432,63.1065001
0.425105101,2.96574087,2.7151715,6.9108083,9.30479429,15.3757735,17.1845836,19.9801327,78.5831988,45.8862066
0.0313037099,0.485806005,2.11844499,1.25327942,12.292475,35.462856,11.1892844,59.1711321,72.4158493,49.3514642
0.508357297,3.84435831,0.292903427,15.6940453,15.3419014,1.92395991,10.8810023,11.7614754,54.5691609,49.6739524
0.978941977,0.31119941,5.23908992,11.3498914,8.78848265,11.5601985,0.348714903,38.9895542,1.81830517,57.461972
0.950335203,1.13500816,0.18477701,0.972822078,22.2197896,33.1265442,24.2667845,32.4538038,54.5229286,50.2660648
0.0875370293,0.939408012,1.41853629,0.603445605,22.0473103,34.7681773,44.5833312,5.28568682,5.74396013,54.3857776
0.973194762,1.93746784,6.79955873,12.7708212,23.7370908,34.969716,0.0223052665,41.6452097,34.2215517,43.2874348
0.935090788,0.283505358,1.96773929,10.3008859,10.9211586,2.75441397,45.5094555,47.566869,40.9638472,49.8117939
0.953970652,1.53896486,3.11036655,6.98775346,4.95691983,15.7702858,26.1252999,62.5834537,0.133615298,48.0707452
0.433525257,1.03597857,8.3065078,15.0694156,11.9800244,33.5079203,26.6996447,62.6008637,46.468831,37.6649073
0.435884386,3.63547328,3.14872504,1.10543564,4.77625585,35.3261059,18.8686366,60.3109224,17.3048708,43.8680501
0.0661033239,3.99425641,7.80172376,4.57105525,15.1962426,4.68018264,48.7681042,29.4228904,58.8763671,41.9825831
0.567775163,2.38863577,4.05321246,2.3853287,15.9678102,30.2197962,21.9336106,14.6201962,32.4468749,50.3983927
0.425801353,1.77334577,1.40041543,3.16820781,0.107306545,5.04157981,35.1600725,57.9112125,2.21231842,59.8785065
0.92553995,2.19978145,8.38524723,15.7337422,7.8215261,9.20045815,16.4695531,3.62982857,18.3880664,43.6926237
0.000360660255,0.246467631,5.35833306,6.22886271,0.774407364,22.2689727,25.3487458,39.6667849,70.4368804,61.2160029
0.527285267,0.333955342,1.77172823,9.66460316,1.53963456,2.35890508,13.7712847,35.2424762,0.376759876,63.7044642
0.0514692464,0.174497999,1.77271824,7.24539886,20.966627,15.9829671,40.4622649,35.6387747,6.18516667,58.1828123
0.976151384,0.705270587,3.33619519,2.54685767,7.87012309,33.348514,6.09019926,60.0542596,65.737241,42.5705401
0.0531413164,0.584420534,5.30081326,15.5883518,14.732957,24.2041821,48.5763359,43.7258053,65.3185604,44.2511168
0.919812967,1.18611633,6.87856896,5.52623625,24.1446696,35.224633,0.553794642,60.8999762,73.2788849,38.8629552
0.0749040516,3.64958394,5.75378214,13.8957582,15.6369062,13.6558849,19.6774731,23.8889235,36.877636,49.1366886
0.0285975947,2.55909769,6.19839401,2.50329158,13.7836811,17.753435,19.0313663,48.5533619,46.010165,54.7341093
0.474684177,0.0678326618,0.142981379,0.156520702,10.3803731,18.6212441,26.1998539,35.1922195,65.3484471,63.9531483
0.934265753,0.818026416,1.2824554,14.6273011,1.64027433,26.0505536,48.5289926,28.4450759,76.4328202,41.079832
0.935586958,1.64002333,8.71241977,15.3583145,23.7365756,22.5006192,32.5410541,37.2203096,32.582241,36.2761044
0.0168896862,3.45982644,2.93160408,9.7238971,8.65390952,30.6104953,41.6429143,33.2543796,73.8595998,49.5929261
0.0569925467,3.49492832,7.33571148,0.538259045,10.1871275,21.6742614,42.618127,1.12417725,17.7782394,58.8320692
0.0788992555,0.239150422,7.65256338,11.7916107,8.75203232,29.3862561,14.7084813,0.582387388,76.1714261,55.8532482
0.547575271,0.390288294,8.04453656,11.6018348,0.057832012,31.6549805,23.4890333,47.2600689,75.9099876,51.1460525
0.984262946,2.02933735,6.91386911,4.2634814,13.0184581,1.76465059,41.4900586,5.76555336,7.15747167,51.726183
0.00686690351,1.64818938,2.51760469,7.79014969,1.6341864,22.7100424,21.3451802,25.3963354,25.5778421,58.0680217
0.46237154,0.313891489,8.0420829,2.28853987,24.2025616,32.3328764,47.1664789,6.54416552,45.2966898,43.9479005
0.946558369,3.22605121,0.546223124,0.661407844,19.1900412,2.91275107,41.6597752,19.3852957,61.5920196,53.8376221
0.495015696,2.91520542,8.67930685,1.97375708,7.71136147,6.98717283,1.92419945,0.0263627768,74.7720988,54.7320418
0.409031761,2.38723317,5.01271055,15.3355015,24.6452268,17.7497346,32.379705,15.2850781,0.389668225,47.0780819
0.544914484,1.51091772,4.48684647,14.9842167,24.5775805,0.568829829,27.6617772,63.3323179,53.4951243,42.2218656
0.099304027,0.0111251604,6.70628388,9.8012288,14.456836,1.50116687,40.985289,61.0637286,73.5164487,54.4723138
0.0831736825,3.60032619,6.03496293,15.3279727,1.93352994,31.4462662,1.90048694,55.4894092,3.16532577,54.136538
0.582693997,1.35203775,8.32150491,15.169878,0.217991893,19.8572293,27.8379931,27.6238918,23.7301012,49.5082023
0.0847267053,0.00694090501,1.47552856,7.48164881,0.111697649,3.31544101,41.6733037,60.362074,52.3683771,61.7459756
0.924826217,2.21693763,0.159061155,0.605934345,12.4039504,33.399703,1.10018107,23.1747611,73.6717346,55.7576392
0.920392622,0.155174146,0.0266944799,13.6073303,16.2501273,22.8813371,19.9157138,5.74885887,57.0430572,57.8089154
0.428088933,3.56281655,0.579979085,1.25951394,1.01679368,20.5219849,44.9170784,35.7049753,37.3609502,54.9292899
0.0836499981,3.62207254,0.389585868,8.47944241,3.10707638,29.711216,0.55353952,55.2995515,14.6341373,58.8996707
0.585008145,0.927579908,4.12991096,6.06833922,10.2768947,34.2286931,2.23942023,7.75294328,80.6427435,46.4543744
0.49682455,0.520830084,3.58024452,14.5238603,10.1877247,0.127436645,24.2654793,3.80052674,4.37009949,60.6820326
0.537229276,0.84977007,4.69250638,15.9193994,8.35393363,6.56993161,12.0330143,20.7295418,62.5343241,45.6189867
0.457415577,3.1343952,8.50522743,0.635365323,10.2890246,3.79596057,9.13209497,19.7487515,16.7910087,52.9118548
0.0260902629,1.99619663,4.67272639,0.911062211,0.347787526,29.1815305,35.3649758,11.9482704,58.9539255,61.9277759
0.0512744556,3.0791039,5.62329473,3.04816039,22.5495045,20.9120192,0.417852616,20.7006191,14.3083986,57.3697314
0.516477099,1.7224381,2.28870828,0.56885916,13.7748526,20.0849139,42.3961635,56.5814506,66.3698394,50.7692041
0.516726198,2.46886477,4.97285165,8.38699872,0.449117669,33.5817573,0.809746077,47.5458866,80.6406358,51.1546214
0.0319496072,3.90819315,2.25520117,7.40642997,24.7945987,32.86083,21.7357074,22.2494533,74.1161259,40.3538562
0.998038467,0.130060745,4.34463527,5.83997648,13.2572735,21.5933211,4.01207126,8.98833582,34.121458,51.8688721
0.0904995669,0.104884232,6.2758778,13.6500076,11.9959882,23.8667817,23.1398775,62.5913621,6.35801806,53.1707448
0.956539493,2.23700638,3.07395664,7.0921227,20.7909576,12.4202222,25.4188722,43.0833145,6.66639682,48.027308
0.989824869,3.94627524,2.35803979,8.13279243,24.7537552,16.3637202,28.6457094,30.6118164,76.9475681,31.9649007
0.596275912,2.43700818,6.29204488,0.708169237,22.1880751,21.5696231,0.891924415,59.5247522,61.3963362,53.6762469
0.426941714,2.43757893,0.875590374,1.86206372,24.5390163,3.23569599,30.4106177,53.8795059,21.3328999,50.1135108
0.416248229,3.53591197,0.163065325,8.24695249,22.7039804,15.550739,1.72953143,14.6739729,42.349992,55.2336998
0.0452247681,0.370711889,5.74812744,4.93847072,13.8708209,2.71761473,36.6829511,16.1415664,75.0592056,55.4225286
0.438238733,1.91355466,2.5047045,6.3439681,23.5498759,3.98013723,8.39329301,57.568202,76.9130155,44.3002581
0.0388781941,1.70323124,4.96692323,7.25096755,17.2056628,0.826988692,4.3541181,29.6004918,29.6982429,60.1521233
0.0642920104,2.22327621,5.85741334,6.30396268,22.969959,8.78419042,48.8481373,58.3103044,67.440172,42.4886873
0.0292663933,3.5210882,6.59093812,3.37237096,11.6230047,32.8899025,0.804186503,53.5021105,12.6192639,55.5827336
0.990898456,0.121396914,0.715357441,14.2444595,22.8612793,6.51028146,19.464602,22.9429061,1.79996353,52.5750122
0.495630454,0.244132705,7.06134464,10.7012144,23.9229355,32.7999386,0.773924009,29.1798522,73.1233155,49.7608889
0.0470626545,3.92813913,0.527361369,13.0889402,2.8415599,11.6601123,31.9953407,25.7197063,19.115916,52.9374778
0.913904255,3.95523835,8.30476411,10.9694632,18.3882085,0.893439917,5.50527281,19.7487072,15.84898,46.6838342
0.505113516,1.77146966,2.45361893,15.9527709,9.7200448,21.3017844,47.7608943,63.1513532,11.1285096,36.688329
0.559292889,0.142372657,1.92879184,14.585769,10.9676286,11.4251834,47.7171979,63.9274941,77.7017621,38.7427857
0.00898589567,0.103793947,1.04595408,4.17821083,23.7333811,17.1880497,21.1660931,62.0765681,71.9887363,52.038938
0.505577252,0.947498545,1.36812168,14.259775,0.0607434428,30.1176613,37.4754328,4.70184529,60.6408992,56.2649075
0.500150833,0.14017272,8.73653712,15.9634377,14.8389098,32.4811366,8.79663312,15.6902619,33.1997272,43.2440668
0.0826069764,1.50181107,2.11215158,5.21167227,13.3997854,14.6777286,22.574185,60.5085388,8.87493403,51.0160807
0.991012479,3.78694994,7.35212034,10.8205978,9.04260858,5.93624188,19.6234529,54.0379542,70.7444522,39.7753878
0.0835984638,0.1575267,7.99030172,7.11301037,19.3208305,0.284917938,0.838144092,30.9391137,73.0066982,62.0307131
0.59214105,0.45852216,5.3593652,5.06838903,0.647560135,12.302188,20.2449045,0.144393325,74.4423057,58.9561069
0.401648596,2.03178839,0.601920267,0.842535213,0.764570886,0.205752505,2.83431376,10.8557304,66.1423962,68.3321978
0.443705358,1.42382668,5.07378368,0.146283723,16.5477196,25.2342965,44.6723237,38.8491342,11.8942368,53.8706644
0.974080302,1.47056133,8.37968388,9.50566627,2.70775529,13.3100887,47.1766694,38.2465929,74.0223836,38.814069
0.0823259335,2.60785999,5.18144871,1.0815766,3.21552491,26.3909927,45.4806793,55.8719302,39.9064292,52.2237183
0.519484743,3.92028805,0.632846078,12.8782867,20.8829963,7.94816733,33.8213096,45.3882459,30.6906107,47.0394208
0.530942529,2.2043545,1.31880768,12.8012559,22.980007,35.9679222,1.18289329,46.8733956,31.8419598,46.9604294
0.926302841,1.48738795,5.69088131,6.47495043,13.2685143,5.64424026,3.73765667,1.03917971,72.7651308,53.6994546
0.926263347,2.83227653,4.66104923,4.00788919,0.927543699,20.4868013,24.0496245,1.35693976,27.9533588,55.8680451
0.488144867,1.00314217,8.57355584,10.2274349,7.0281255,31.2555412,48.8369228,4.12954274,36.9876796,43.0817548
0.99898304,3.63181217,8.70106679,12.1413065,17.091043,34.7896576,45.9709254,1.75527057,76.9911232,32.4052923
0.921694026,3.64599957,5.20821204,0.746177614,20.3236873,7.50651008,24.3842442,50.9291695,38.6677334,48.3742517
0.530949522,2.67443755,2.8616485,15.5135451,0.239531067,1.15005356,44.8488465,9.87864846,18.2816279,53.9456676
0.931449852,3.51067622,8.85433053,15.5257717,21.3214171,34.6417689,43.8424074,60.5275963,9.25349285,29.131727
0.460700753,3.99024685,0.177284989,1.11787442,6.43032111,35.1458884,12.1767663,40.3747213,63.2072309,47.3976672
0.914354571,2.22910601,1.31545847,8.72966707,24.2413629,35.4043981,45.8940628,42.4671949,22.9651019,37.2999463
0.0851994781,3.79051519,7.17472175,6.30845834,16.0301523,27.0272704,48.0933666,1.58404607,79.813148,43.3133571
0.545010508,3.96642014,8.15248349,4.96005408,5.67017884,34.1217933,6.77860022,3.83213166,28.649623,44.098647
0.499063233,3.02300663,8.26313223,15.0460827,24.2371397,5.19307991,21.9058262,44.6973402,76.1854717,38.5417305
0.587158349,1.48146538,6.72435311,5.69360746,19.469647,1.95347278,0.0230516465,58.029745,12.5611758,57.1003349
0.446065632,0.100301562,3.97879032,2.71810025,4.86081111,29.7394068,8.45263542,16.2527143,9.32571771,57.1418978
0.902180637,3.79987684,1.19242708,12.6613608,24.203426,17.2513526,48.2974326,1.24153322,3.09930697,45.1577572
0.938556309,1.26352999,0.334166179,0.588381022,1.43725777,8.62744452,40.0985036,50.3518943,71.2397714,55.626357
0.0516081113,1.51010431,0.726937807,8.25550735,22.3626493,34.6262396,31.591055,46.8388593,26.2097681,49.9951429
0.948647911,3.70177219,8.29171258,5.00151853,19.5656518,21.4688941,48.5964616,37.5242248,17.2704705,36.8811631
0.0424293489,0.440270491,8.15882568,2.45911902,3.77077339,0.559341682,6.60908704,58.6788043,48.9340818,58.6606004
0.0185187445,0.978155975,8.70180231,2.11812704,24.0018552,34.8206606,20.2019705,17.6571936,76.5114525,41.4341426
0.978046236,0.0923281406,8.4578812,9.97203824,0.0730702537,4.45212676,25.7175013,6.5889521,25.9679681,55.5430577
0.0707138437,1.95028544,5.50681465,10.7268661,22.5606472,2.58835534,19.719993,61.2855136,12.1838114,50.6063949
0.976477554,2.63297284,0.842658467,9.88596576,14.7289945,0.303202892,27.1283104,0.669627458,68.8863101,56.7428313
0.581645268,2.84809636,8.89988728,0.720846705,5.11027954,19.3943199,22.2330443,59.7886343,4.52733291,49.1524239
0.50820791,1.80140475,0.471776011,0.247856826,8.9526088,23.7544315,0.994273086,2.28277531,38.7340706,66.2849813
0.438334213,0.332460979,8.26127246,7.47785917,0.592368783,8.55668146,38.308964,62.378009,4.04633868,53.2341007
0.476260614,2.04854938,4.43111774,13.8591666,4.70687523,12.170755,2.5572111,7.89800406,7.28267784,55.9824118
0.583867024,0.212287514,8.81154386,1.0979953,9.3860558,2.07346505,0.989662875,29.0794309,43.0255518,58.8778885
0.972775254,1.73477055,0.649436337,12.5804801,0.202137756,32.1541366,25.2821211,49.122482,1.96853843,55.5449862
0.997855152,3.80619013,5.93431085,15.933386,0.652682362,28.2707501,25.1758647,20.582443,11.5414147,40.8622812
0.578263889,3.52472099,8.96759687,7.82340064,24.8351182,5.5171386,36.1354999,30.4943627,8.54845862,40.4665502
0.0990978368,2.14937298,1.15137667,2.11139298,22.1589764,1.31923243,44.0176924,4.38445744,32.3698967,57.4541126
0.55601504,3.77908138,6.79676208,9.20949055,24.8557242,0.224939536,0.760573113,56.1009815,52.1394117,50.075433
0.973835804,1.03346409,3.21950229,3.86654446,14.0823286,9.6438686,17.0133721,37.5447371,48.5952447,46.2467813
0.551107775,1.87351188,0.256862723,10.8298385,1.71210098,0.404812077,48.5597926,0.567245037,78.0730278,57.9165861
0.439704923,0.482543161,4.73155434,14.6377134,0.0767895603,22.4670815,0.324853992,27.1948274,49.9478314,59.7876607
0.971123772,2.70895707,3.24338589,13.4872905,13.892876,32.4961589,9.45080115,39.9869197,76.1390235,40.6754969
0.00131384609,0.327245159,0.0211300403,7.34682184,9.42917827,1.72694344,11.8940058,41.2158959,55.1326045,66.698288
0.944790425,0.370675318,4.36516103,11.1315523,24.9984215,33.7967681,19.4379229,13.283047,20.4656304,40.9503581
0.0518866806,0.237760697,0.0990651311,15.978059,23.8093903,20.7686308,3.23586969,57.8113828,65.6988165,52.6061896
0.0103725167,1.32355297,2.14838353,15.7901304,13.6267442,35.5529146,13.3874277,56.8128383,47.2995936,44.0293268
0.986791872,0.0439672936,6.6561828,0.825409167,1.01854387,26.8801737,15.0794811,16.7698586,74.6884532,54.4650012
0.075200053,3.54916086,6.17980172,6.98209178,6.27586114,4.89344687,27.4421572,42.2347583,19.7214377,52.3560426
0.093832288,0.157056393,8.20530021,15.0765396,24.0652727,21.6541623,23.8268298,38.5683793,33.8572549,46.7747465
0.0266122501,1.08835287,8.87985897,10.292861,0.178556971,1.45009354,48.6217861,17.4488896,19.600561,53.4642815
0.435556872,1.61742342,0.0797525389,14.9349699,6.31036616,11.9865189,1.93615009,6.36676124,78.6663983,53.9350991
0.912148097,1.892298,8.66798343,15.6399392,19.4663232,29.512359,8.46371311,3.43015367,64.0314159,42.2437422
0.980699365,2.45694275,4.13291735,15.8966507,10.9503414,25.0376258,4.59561866,19.0207405,2.00713467,46.5131821
0.987298073,2.07486786,0.684152898,9.88044934,19.8625082,6.01219894,42.2318819,34.2711388,74.70904,44.3889739
0.0101705478,3.74558495,0.103921975,1.09622572,12.9150317,18.6312372,9.8060103,29.5381101,79.7543729,55.4802403
0.497589596,3.95338095,1.06551052,12.5073367,4.38748299,22.2143506,0.804185065,53.4705546,70.381931,49.5530098
0.954349841,3.03110873,8.64985165,1.87862358,9.41631134,14.3204377,32.1182215,35.1989612,46.7523571,44.097747
0.582229546,2.12792365,0.0286188726,7.10647562,22.7122274,35.1441924,22.3792547,5.39944735,76.5850978,48.0895297
0.494442892,0.40671378,8.18663379,1.34066518,7.12442517,21.9079539,47.612194,62.8826799,47.0828063,43.2294993
0.949369478,0.211268051,6.25978805,12.902691,11.7624612,24.0261087,41.9350219,45.6003211,5.81848432,50.8343859
0.577834568,2.66232338,3.75518861,9.69778571,22.9444146,2.55777576,6.17557466,14.2149958,80.2849815,46.8076327
0.0726099899,1.42440353,8.88780009,7.56646308,2.41401635,32.2167089,35.6966568,61.0091784,47.159525,44.3292202
0.461776363,0.301328207,0.952127795,0.732170202,2.47591878,18.3844845,0.0432238966,52.8509771,13.1263203,65.0660903
0.578582124,0.91904052,5.2065507,15.1068358,19.6702968,34.0969505,26.4693948,0.154782623,52.4368015,49.0690796
0.981362985,3.07078505,6.039784,15.37712,17.5867369,7.61399185,33.1579923,12.2461661,77.6004139,38.6075522
0.980428774,0.265611796,0.309268242,8.66017655,24.3551031,16.1544431,43.1810324,6.02357623,68.6547667,47.4275538
0.0321620107,2.18765431,8.78847313,15.7652906,11.3102146,22.7197209,46.7520396,60.77283,41.707969,38.1248348
0.404109368,3.46461133,3.87586043,15.2645299,10.8644553,34.4172814,4.42269861,63.0798807,29.8126333,39.1540878
0.456878475,3.02612579,0.216346891,0.252801664,13.8087059,11.4036882,45.9890626,15.9023346,8.27498416,57.9800168
0.981499105,0.221845571,1.25665362,11.693239,0.419567002,2.39414082,35.8310156,2.45344532,24.1170343,60.5253042
0.572146511,0.265670916,2.54494889,8.81050717,22.1782649,0.14118409,44.7546901,54.9563157,3.54037715,56.9202652
0.0141067957,0.371658899,5.56001224,0.223643914,23.098847,32.143035,16.31755,58.8571696,36.0062707,55.2306058
0.978347267,0.330066826,7.72458848,3.83741746,24.1801511,29.9508357,43.1415905,36.1952252,16.6421703,41.2673248
0.999403506,3.89890483,2.01026107,0.814011649,1.70903016,34.0847017,40.2643772,43.6076336,62.6466669,42.3068062
0.584014741,2.14301094,3.56593683,3.02290264,9.25727472,17.303333,12.4109257,60.6413867,80.7298343,42.1243459
0.944067366,3.76090802,3.55726676,15.9688279,6.3922983,14.9149419,10.1119459,25.4369836,80.2188781,34.0503396
0.567513245,0.780463241,2.80282113,1.80392414,22.7390087,35.30816,0.333447436,23.8381259,9.34211858,52.1341589
0.0649075131,3.60229226,8.38360039,14.5276682,10.18681,13.9898312,15.09807,40.8324942,80.6586949,40.9855046
0.0371158095,3.22164274,4.836575,0.561864116,5.0784222,4.38033494,0.393818885,5.11216948,40.7941257,66.4031742
0.433746615,3.91741274,8.9009336,15.984124,8.08030923,8.29030632,20.6594781,12.8634525,5.12156754,38.5654967
0.975696409,2.11816033,8.82152739,11.3969917,20.686468,3.55436418,19.3261077,54.716262,0.272203337,46.6073272
0.508559329,1.42658389,1.33961767,10.585131,0.464062346,35.2740316,3.60643734,0.512543082,48.4881025,58.6453383
0.961685321,0.180747433,4.09972882,0.252964854,18.09423,14.0019414,47.1342925,3.98806387,24.5398683,53.534494
0.0840273891,0.993314654,5.93863069,1.00624345,24.8962307,8.56681597,25.1479588,47.9913585,79.434419,45.3679454
0.533743592,2.51418698,8.8662,2.17500246,17.603774,23.9476024,10.0093337,12.8932074,71.0488855,45.7357018
0.0468297047,0.267386411,4.41765324,11.5519803,15.8316725,11.4038332,0.306269217,3.22185069,7.14398011,66.6321136
0.493165474,2.52849609,0.97600171,10.0635284,2.69075618,33.8963896,44.3983641,40.8876774,39.4810511,48.3191658
0.435534972,0.145126836,7.08016518,13.0421246,23.4177572,10.4322011,19.0600326,37.8355249,78.0480186,46.3610735
0.00495499512,1.1144122,4.33330152,3.19773705,0.572930335,6.10579891,27.4431135,63.226959,80.3662251,50.8564739
0.458816221,1.29691867,2.95206626,13.1157313,6.40045953,32.4335935,48.1923468,62.3965288,73.9886937,36.6323368
0.92700053,0.391632864,4.89049322,11.5904238,0.394957734,18.7986746,18.1365471,53.4809957,49.4801092,53.2216943
0.981552478,3.81001674,6.64046616,11.2263486,14.440087,28.1419783,19.3679247,12.6820067,33.5225933,41.9616176
0.976546445,3.26439903,1.69757985,2.17686976,16.6406733,6.90576376,1.59455428,59.6556511,10.7937297,49.6664099
0.49793349,3.07269488,6.26128473,9.6221893,12.7118928,34.2455344,44.5032474,39.2873041,17.364213,44.6926091
0.406577775,1.41068756,3.20813006,0.0746426955,10.1871619,22.5076758,46.9682161,6.27893263,73.4325479,51.6065588
0.551667275,3.48757473,8.25423044,5.06836346,24.9760577,32.5453873,8.60908164,58.5602166,37.412443,37.5592548
0.516422453,2.04864646,8.10224059,7.7468503,14.5515623,26.0748808,17.0438987,3.66326702,0.669228944,56.2232681
0.517938473,3.96763405,0.0574732307,5.24904505,19.8439042,23.7565422,0.279379113,52.9302837,80.0855632,49.3334672
0.982964319,2.72521779,6.15466793,8.0068992,18.6795679,32.3964189,30.7783039,61.3270733,5.21567913,42.4645643
0.0714275414,1.93075005,4.76115364,3.03860222,21.5429723,32.7379489,3.68535512,4.91556779,70.8089463,53.5028011
0.475222802,0.278502286,1.77280706,9.89922676,12.9752299,35.5523251,48.9023117,31.5467732,38.7500706,42.7309944
0.535549517,3.92290019,0.412950888,2.60547998,22.3468923,13.2746266,19.9397953,22.3866681,76.862289,44.738939
0.400607386,0.0333365407,0.646288962,14.5397037,1.24886273,21.0758129,23.3944653,19.3032259,16.854873,59.3532209
0.991612963,0.156270437,5.48377856,10.4289952,0.19183642,34.8403855,30.4321902,15.439711,49.6422096,49.9349863
0.992400973,1.13261959,8.85940499,7.14621124,16.2067366,16.7349462,43.8833106,62.4347949,77.9605003,30.3797085
0.551795034,0.0765141081,4.43838498,6.99783717,19.7646673,14.0589973,29.3557693,1.84725598,8.64572031,60.0029709
0.0844951244,0.438226287,2.85569469,13.6190449,23.8865066,15.1435697,46.2446146,57.7792053,29.2401163,44.4820811
0.588387476,0.113242488,7.34963098,0.440787912,0.503797818,24.9550889,27.4653924,40.2941443,50.224568,62.2327806
0.45165356,3.76552513,7.15681078,15.1445841,10.9777931,5.42753515,44.3495505,57.3317526,69.3130507,39.712008
0.558048173,0.462582091,5.88871095,13.4486506,24.1718177,8.26652081,15.5375025,23.2556061,11.3541152,48.0920427
0.557363129,2.40843741,5.86683228,15.7335645,3.15368382,5.70803581,42.1371444,2.59320152,80.9214481,44.4818567
0.0254492257,2.90054475,3.27502386,14.8018756,11.131336,13.4832038,38.3929104,49.1681528,1.44869522,55.779003
0.456391427,2.2828508,8.71525384,4.03787676,13.4291451,5.24437495,19.341012,61.8960636,39.4126277,43.1996038
0.961738991,3.78889149,8.77352088,1.00520343,22.5843542,0.347687781,15.7732845,15.1423946,43.3162657,45.0337975
0.93984555,3.93665635,7.61244704,13.1509766,6.97467176,33.5639341,34.0836365,43.9881716,57.205675,38.0997848
0.0882914463,3.65734875,2.3859928,11.3438861,1.08303323,3.65686855,12.2360677,62.1586376,35.7195434,51.3481982
0.948467514,3.57399908,0.455732525,0.882739686,6.57171985,1.2894285,48.2170698,29.1167939,27.7859307,50.709884
0.0620905059,2.22052895,0.967573781,14.2445251,24.5838632,8.62300671,36.5781756,20.1116391,40.9033758,48.3091715
0.540319048,0.568967002,5.91389747,13.9996356,18.5562608,0.109030858,44.2111019,26.1098891,56.8343347,53.0171717
0.564750028,3.01485819,6.12365046,9.23241933,1.98703045,30.2699419,42.0765785,17.0505935,52.3019659,50.3547405
0.442881339,2.0266876,5.71142343,12.2553925,13.0977851,13.6420898,47.0991447,0.424761713,44.2590406,51.2468979
0.915640401,0.67285714,1.5973758,0.169131085,16.5408618,3.26114098,24.4952426,55.5656799,5.5467854,57.604481
0.424860463,2.51918937,0.0352817313,14.1867696,7.8708716,15.4641483,29.8632471,5.99993471,51.7673559,55.7924619
0.549690245,2.57582051,8.58440116,14.2760627,2.78982412,19.5465302,25.2258241,29.2904403,76.4819755,43.4121342
0.442553404,3.98027497,1.08332641,0.830176242,1.20640731,1.56628729,11.6925403,34.645574,20.454456,56.5777707
0.951143045,3.44465758,5.3099766,1.38079467,10.9626553,35.0601948,11.8334449,55.7819805,70.5528245,41.1853391
0.587711348,2.65850377,3.31401851,11.9273669,23.8375624,18.5912142,25.2305248,4.48080594,56.833345,48.9698963
0.999168543,0.10281853,0.159829659,7.56812609,21.0861351,28.3287987,30.1077433,61.1817207,72.3688783,47.015653
0.97098914,1.65788625,0.211774224,7.6255569,4.27308,25.4240366,24.2041933,2.45190859,72.428763,52.903357
0.57011412,3.63207114,0.494108725,11.5294844,0.0699284836,0.414754473,31.003968,23.1052589,53.2647273,61.3330198
0.995550534,0.871314556,0.413413959,0.441624277,22.4675248,16.8337773,1.76209958,25.6099246,32.9096599,54.6561405
0.0433761617,0.0926012602,0.786105917,0.146045163,10.2829067,35.7305084,9.05856689,5.66039452,38.2860861,62.6067387
0.0830233377,1.49294595,8.87092353,15.309735,22.9949499,1.61765243,10.7314901,57.6702183,59.939663,43.3811875
0.505118369,2.09770403,0.251231094,2.56177243,24.5456642,20.127503,36.6712498,15.2758697,47.5148829,50.4057579
0.0629193215,1.94014575,0.0667349906,9.98219919,16.9090213,21.4864663,9.58169451,33.3578756,7.35989732,60.4576063
0.0369821228,2.23415334,3.18419281,4.85068056,8.41907462,35.1175432,0.746475244,2.6245524,18.7973019,58.1735803
0.0794341439,0.198624898,5.14948052,5.90063209,6.13042524,13.0420693,40.9138954,29.8329088,32.5235094,55.0902202
0.0740738814,3.8388995,0.863789551,1.26396786,17.980904,7.27625449,0.0125758117,20.0642187,4.20674359,62.2253956
0.953861433,2.19639044,6.15184611,3.69336056,16.1108669,0.489507152,26.060791,54.4839565,80.819125,45.2354019
0.0326293293,1.60454754,8.16865364,8.10987817,23.0037888,35.5360851,20.3935789,63.84506,25.2160169,39.3830772
0.00172852306,0.205148127,8.83028457,1.05367854,20.5861636,23.9793493,1.25784045,28.1134571,69.4491795,59.4321349
0.0709675374,3.00560325,7.1411585,11.4684312,21.7562045,9.40113437,1.17785899,0.360553622,55.4656763,60.3887098
0.443735625,3.45862008,2.31216724,13.5019962,0.0795886387,18.2105998,40.2227784,26.4308756,80.6524644,47.6057788
0.00556016201,1.79857189,1.34477795,4.76973953,7.83157703,0.453782039,41.806159,32.801853,6.00304367,62.6985845
0.0719239829,3.30551912,8.6846085,0.382476218,19.184062,2.20293302,22.7240296,21.8977287,44.4558648,55.0494094
0.0559821152,3.56564328,8.47488617,6.06544033,9.14940964,34.7439856,30.1708761,39.0726848,69.1191326,43.6048282
0.00481867977,3.95020338,6.90359272,1.21385285,1.91371506,19.8850203,26.5900355,24.4603959,42.8719369,55.0183068
0.0154626235,3.52124934,3.68475271,1.13562565,22.5941142,20.5603786,41.2182828,55.7450537,14.0713655,52.5961915
0.0254123714,0.422904073,8.43468064,4.75995879,0.980312215,1.59464489,23.4066156,30.0253894,76.8473973,57.1474025
0.994713021,0.566974052,2.54899031,1.56462286,13.463265,3.01774381,42.4941511,31.6058222,79.8034235,43.9878584
0.0323767038,0.621044498,4.2634838,13.1060589,2.3932973,34.7728406,4.26201132,55.6723941,7.5026522,55.1694498
0.944235139,3.03989573,7.93679749,8.453996,9.8605592,2.04252114,28.1108109,0.520931393,64.9188734,52.9889414
0.0517614344,3.81771437,0.732213884,5.89999718,14.4573238,13.307871,45.4448838,38.0894299,51.9524871,49.5226234
0.0988261081,3.88159405,4.39021975,7.86377003,9.97318423,27.8026744,48.3847886,62.8783142,35.2188027,37.9487352
0.0258527193,2.02661538,2.98049797,14.630047,23.7491145,1.96855687,2.08962106,47.3615216,46.9470052,55.3621503
0.949672903,0.609948194,7.64841493,15.8394527,8.87774745,11.954049,43.1487798,2.01439956,0.0169495158,49.8541817
0.0765747903,3.97000411,8.68305044,1.82885265,2.38505707,15.3419565,27.5801722,63.9402576,25.1987621,41.396516
0.462550851,0.368628921,7.97912531,9.17185183,11.4275491,18.4576062,6.78856714,30.6258602,51.6790888,51.5590363
0.400830941,3.06253257,8.96595509,6.76834423,18.0647146,19.66718,41.2349127,36.8034808,76.0661627,40.5932441
0.0840397771,1.82613426,8.63663244,6.90042512,11.6327197,16.0122235,23.7384192,17.7785684,66.3175097,48.078987
0.977563069,3.6099843,2.26396571,13.2828813,20.9147491,20.4300714,0.285534929,60.0627545,3.43623461,48.3322449
0.996302505,3.42480762,1.66886042,8.06594489,19.2746729,35.175736,8.97715285,10.459261,56.7002688,40.7985944
0.427856209,3.91724699,2.6327162,7.21985419,0.139755826,34.3816711,22.79307,1.47200698,45.5894164,51.7443969
0.970610153,0.179391565,6.8265698,3.83741442,24.1001265,1.1884431,41.0553284,62.5693719,24.5963621,44.3493131
0.525140848,0.168915203,6.65508482,0.0186466724,14.6790979,16.7009377,0.898268999,6.80106646,1.92883353,69.5681049
0.520020152,3.91479336,8.84682761,15.3449967,23.9988298,33.5993725,11.7778693,51.7860021,39.6617662,30.5667374
0.911090939,2.82163356,7.18915699,5.62054478,0.775155635,4.37869024,11.7694096,58.078907,5.30312079,53.817058
0.937547841,1.46622884,6.54317417,0.228176296,17.1234447,26.9773942,34.1158012,46.0669273,49.1660163,51.5011427
0.0237685088,1.90931081,4.02023657,9.09527725,0.507513737,6.88805456,37.4754239,4.50649911,36.3621717,61.737903
0.402838484,2.02557818,8.7578971,14.1804343,16.4983052,17.3023687,39.3516935,40.3758142,5.45302674,46.4749108
0.488568467,1.48092069,4.12657796,2.48123399,9.53080879,13.3968655,23.30125,21.0390017,3.16632973,54.60888
0.934787488,3.89321508,2.84825741,15.3997458,11.7617562,6.96478027,28.6677324,2.06204784,41.5606557,43.7529182
0.527022812,2.68959368,0.00218905974,1.40715928,3.3220205,11.8059167,35.4469712,19.9115199,77.0953749,55.4364167
0.987036257,0.473488614,4.32706181,8.76072344,14.8106724,33.0782214,45.8247469,56.8446985,77.0094121,36.6246554
0.441124012,3.88510788,2.26832842,15.6367589,10.947615,31.0541953,48.8092583,36.8373486,67.4798059,34.4437265
0.532601543,1.73653407,4.33836707,10.5518296,0.936365314,17.988245,0.591317222,52.5956631,9.25189773,59.5680691
0.0119915321,2.16671729,0.0392898107,5.94461983,11.2898101,32.8867462,26.6006786,2.09642682,43.8482016,62.0534158
0.568220157,0.304744434,4.13932072,15.2235798,10.4782741,12.0271451,0.308914119,61.2827415,34.2182628,50.7686971
0.984339393,3.1686949,0.5743041,7.69602722,4.88989833,13.7105839,45.9834129,19.8810541,77.0474176,41.9976732
0.440032716,2.51943892,0.472263,14.7986426,1.2271647,35.9382378,8.11541882,37.6739621,43.3876279,49.3175187
0.466658673,0.529237194,6.50142782,0.884359338,24.1052975,18.339507,0.12703361,36.6418058,39.0183694,55.7712404
0.982640525,0.957204776,8.41652052,6.15176738,1.17877001,16.6861394,5.36985629,55.0852933,74.0691904,44.5266244
0.985749976,1.99937117,7.72025399,2.32665896,0.245474337,0.989548043,48.093441,3.21643886,54.0269243,53.011655
0.00277314941,2.43328826,0.620680328,1.37649322,23.0023199,35.9852411,5.37164324,30.3123082,24.0013434,54.0222083
0.0181477172,0.034734508,8.51147237,11.2286559,0.0302725821,12.6594537,10.1233289,19.3157986,41.2940493,62.4629192
0.945584421,1.74948769,8.18902678,8.84112251,1.16572183,24.893079,29.9147155,47.8356383,7.05272589,50.1464453
0.430531597,3.77820079,0.496531354,3.9155111,24.9921689,26.4700679,41.4194047,54.7720079,52.0632696,42.6393676
0.450911736,1.89420971,8.96083717,13.8494788,0.296263665,6.19691254,4.77633169,18.0332597,56.9471093,51.027403
0.081458122,0.266628623,2.76135524,10.8399573,17.4404251,30.5640792,8.81926744,0.558772147,59.8431468,59.5882056
0.00839264645,0.220835339,8.05398519,5.91838336,22.2953923,26.8687218,47.1033767,29.3248918,80.3125214,45.8831944
0.592845318,3.80501955,6.667975,1.16604879,21.5343456,3.95608758,46.2286325,26.9409781,77.2275552,43.1107931
0.536922005,0.192569297,1.15238912,0.362626769,22.9189117,33.3355156,2.73618218,32.6712587,63.0844751,57.0646767
0.00232607639,0.377463259,0.0562357223,0.273394786,4.60338663,27.5313917,16.4687592,50.2019443,40.5982135,67.2837079
0.470513445,3.67788575,5.00791569,0.069241561,18.3483066,7.18308603,24.6728142,49.6174925,1.5140469,57.632106
0.466121165,0.393700715,2.08782603,14.3860256,15.5183562,24.4977383,2.02488795,34.3403026,6.91770501,56.050053
0.0521697109,3.26532356,0.659286159,2.88439675,21.962727,3.6758606,5.70193053,48.7789996,66.6308604,56.7768102
0.0966511178,1.66134934,5.17145195,6.38737987,13.5836282,0.0558070634,2.6532333,3.77741769,79.8092216,58.6812651
0.016629565,1.97239913,4.75245256,15.0581358,15.7640788,31.4953083,45.7962528,7.34173262,0.633093277,54.2857157
0.923246695,0.0288221259,0.930306763,4.73913581,4.14934849,18.8640693,44.1169621,7.55170161,11.9588143,55.8823264
0.0895259553,2.65092326,4.65122881,14.5824042,22.6065501,33.5331445,15.7329118,24.8793307,44.1850963,45.4136553
0.4183079,2.00348051,1.1180906,15.5534177,22.3292786,18.9876641,29.4948738,47.469138,68.0940138,44.5293327
0.419407574,3.93239762,8.56511447,14.0068449,7.8790681,33.8365003,46.3590536,9.94356004,22.0390494,35.5969951
0.944319965,0.742626645,2.98355129,9.86059338,23.4263518,2.43981536,2.69050614,53.9908895,41.6138451,49.5881842
0.0480205575,0.326041142,8.49030336,2.71752074,14.6422404,24.6742225,21.3119185,63.2344014,76.6777721,45.1654499
0.459699437,0.67376652,8.9862858,6.23196719,7.3009133,9.28781697,5.9070617,7.81842235,15.4715725,48.7287405
0.925381285,3.53303495,8.36642095,13.2211529,24.8690159,33.9119135,7.52623204,31.8456764,78.8267624,31.1951768
0.938001432,3.96029922,1.68508473,12.8337613,1.60229779,6.93927882,33.2915061,63.142564,67.1700328,39.9068542
0.0226101638,0.0360914301,5.82449892,14.8504157,10.8396852,10.92804,42.9688553,20.3120561,11.0450305,56.7764348
0.468615082,0.0547535904,0.548086195,8.32830622,9.12923852,14.5609295,45.6555312,54.2219441,15.4580976,54.684916
0.519911899,0.637115192,8.98882055,1.96793035,4.69586383,33.6719874,6.93063,13.1898274,62.5584794,45.6080155
0.938425658,0.480152296,4.31919223,13.6244089,14.7494137,26.4906182,21.5320081,30.6417312,65.2772202,46.9671464
0.57304701,0.804358939,6.43655065,14.411905,20.1373705,34.2527623,13.8512325,62.2560695,2.22846385,44.771607
0.0608031815,3.67628723,7.55895699,14.9157132,0.611277391,34.1843084,15.8865783,6.16719902,45.7066594,50.1123712
0.48345581,1.76722529,3.94985118,2.04241685,10.7812256,0.084800385,28.9100957,10.4213589,60.4694535,57.310548
0.421750491,1.44202345,0.198323968,5.74387464,14.53298,8.3449683,46.117517,19.7324097,74.1785918,49.5661664
0.988274469,3.71603558,7.67255975,1.26528029,2.44666891,30.4767063,19.0596255,28.8986878,5.3735185,47.5740896
0.979497176,1.63615618,6.47319612,5.34600881,16.2032315,3.90502371,5.08180269,3.73255831,16.5892378,52.1744223
0.582701312,1.84378418,1.08169029,15.9442946,12.1247982,9.33677901,47.9720363,26.1411076,72.8948792,39.8814258
0.0342091802,3.81476471,6.1885139,11.2943962,1.43321912,18.8838249,6.05088976,29.1320585,28.486636,54.7534079
0.589637613,0.157460112,5.47223785,1.60279709,15.9542517,26.0765372,5.93560196,58.334183,8.36990904,56.4264331
0.510802485,0.229449544,0.806601414,4.53326833,22.8764055,12.5950273,6.2930337,32.6758359,79.4475219,49.6884184
0.00346782757,1.13511196,4.11024904,10.5877536,19.3349379,17.7132196,30.0556925,6.56286389,38.0363209,56.918317
0.941149761,3.61615989,1.79820685,0.822253846,18.1568593,17.762143,22.2359509,59.5942054,80.7598849,40.6318167
0.0258982657,1.08860409,0.380022519,10.7350693,12.9842003,0.654243099,21.5923438,11.1318857,27.3415133,63.2075553
0.0154104112,0.0111227278,6.61429274,13.1876078,18.9430663,1.60656436,2.07869803,63.5790986,37.8546778,61.0346596
0.0464072596,3.86724547,1.78806248,1.71736585,24.6371684,2.72146499,26.7622647,29.2338773,7.30965446,51.2805536
0.55453372,0.192946628,6.42144121,10.9553702,23.2929024,12.686808,47.8857858,52.7703289,79.6298185,40.8551654
0.432673857,3.79804613,3.9628221,5.60171814,6.36990903,13.047939,28.1898171,6.86589745,3.97209229,51.8934291
0.456253433,1.00578574,0.542008728,2.73900834,3.92679024,32.4915249,1.44246518,48.9956475,58.0266904,56.5230601
0.922602893,0.747309626,0.0739703793,2.1691833,14.7870662,1.75855609,0.071124401,25.3228502,1.44783622,67.8257987
0.927116061,0.158521717,0.6176381,6.4774092,2.83821293,2.65634518,7.06881902,38.7150958,76.7167666,55.6729672
0.422259895,3.68824309,0.678455706,15.6534117,23.2671286,0.907114724,24.3328124,9.89739061,11.9525109,49.1170214
0.0261512334,2.09511666,1.40766093,11.6574776,11.2908659,22.4385896,34.5390071,56.2832983,42.2657968,53.5200897
0.995025055,1.54436724,0.405581716,6.42116212,0.737019757,17.4111129,28.0043137,30.6935225,32.9475269,52.2855769
0.0408177688,0.096960729,3.64268894,8.30750136,12.774118,28.2267814,48.3409131,59.7239899,6.45314688,52.4082678
0.900397441,3.91915265,2.69678952,1.67361952,0.817534014,22.0235991,47.1343199,4.59113258,54.6311192,48.1780549
0.974715688,0.18625864,5.51017417,15.1061251,1.00792799,21.9538383,19.2741561,2.27426279,19.6610548,53.7380781
0.982592405,1.7221907,1.93280037,6.35689269,12.9617057,32.2376908,25.6834146,26.3169249,5.76618169,46.5429659
0.968073816,1.66647234,0.901491238,7.75687259,2.74629506,10.052676,9.97083542,63.7790644,79.3998107,40.022935
0.91640466,0.0524704401,4.20904406,2.49501018,21.3062931,28.6097103,37.2947285,5.87916255,74.7794827,51.5203137
0.97538304,1.05101434,0.895388521,1.41311271,9.66450772,9.1888873,45.7725723,63.5060218,22.4114957,42.1286997
0.0673818821,1.94917252,8.4205844,15.5768221,11.9504919,2.76208669,25.0322528,4.01371533,3.18118477,54.6200762
0.00256379647,0.358909287,0.4238595,8.54508382,1.91205965,15.8205525,0.0351632154,3.90290398,76.0730769,68.8019448
0.0179480175,2.60931807,6.31978541,13.5705121,24.3708817,2.02870104,5.95954535,7.93961847,1.47781791,59.7345978
0.434058835,0.907328126,3.29356233,8.71472526,6.85538317,26.5318942,34.7696927,0.293327868,2.48249751,59.5325655
0.949745635,1.49955065,6.63258566,15.763831,22.9803755,8.88725962,5.67909645,59.5252182,71.3072902,37.1573038
0.957662519,1.73579924,3.55013864,10.9870238,4.54488625,15.7006207,0.452574953,14.9253723,43.9569328,52.2742324
0.0740166149,3.98898324,6.39295702,7.87327629,9.61655862,0.72102489,30.3055791,52.0733425,76.7814679,47.7993021
0.924952954,2.73722409,1.18189111,1.85586288,11.6990773,2.00545373,13.1495834,19.6558255,65.1287604,52.9756509
0.568494913,2.77600897,0.861084007,0.424711056,3.31050378,21.0772576,7.4426635,53.34923,0.642787929,62.596295
0.017982774,0.94592757,4.96050837,7.58080517,4.05079756,9.72669649,0.800254129,31.178635,64.949607,60.0096792
0.90828229,2.00180356,0.702804908,7.1859361,9.41890948,5.20068153,48.8018501,2.21315912,15.9028925,50.38187
0.93154938,2.20172105,0.732829455,8.29271628,24.5038302,15.6597268,44.9562092,62.7037235,47.4364986,38.3133578
0.0132070249,3.88187003,5.8266362,14.7104584,10.427393,4.59875087,47.9192107,18.5136094,68.6398916,44.4548523
0.0791653623,2.12897833,3.91227403,15.2703559,13.8617567,35.3439522,35.1228148,8.03083092,78.6906533,41.3709761
0.400680076,0.920121506,1.0848513,14.392418,8.388694,19.8431743,0.314770274,61.8370551,80.2214277,46.1177631
0.93503243,0.360209059,4.5757281,14.6881907,0.659082551,3.16862258,15.0261539,62.1308467,11.567968,50.3365818
0.0168610173,1.53247344,0.632420676,0.167636946,2.30335954,18.0919087,20.020906,10.9285005,75.0617438,62.4676379
0.0584998122,0.825372951,0.0971902921,7.95953752,24.9174653,18.4896422,4.65116203,22.3089646,44.0037266,54.9299135
0.965909112,0.137796929,8.89422427,7.5152442,7.35834702,31.3033089,14.5811537,21.4856427,26.8275169,43.9988172
0.0246993667,0.489022019,6.73440046,1.89973351,13.7828947,34.720425,30.193447,22.5482265,30.4288572,53.1158542
0.445338078,3.18831118,4.37863544,13.7348884,16.0453482,34.8008215,7.35940271,17.608255,7.52085707,47.613592
0.431637223,2.10720189,8.41994744,12.5452208,24.2591079,32.8694927,23.9052469,31.9789241,78.1859129,36.7788751
0.979887834,3.89932265,8.81033882,13.0925644,23.0151016,21.3296237,47.618928,18.7066416,43.6960314,29.6949634
0.0319102151,1.25993763,8.48634953,12.5804177,23.5631004,0.0402907357,39.6987037,41.9445542,2.68556649,56.5535252
0.947923495,3.00074942,3.58994637,0.406567022,1.83116464,1.99317396,26.2351054,41.0345604,4.88109491,59.4213755
0.497174855,0.0711578224,8.88642312,14.4239286,10.8875425,17.1743093,0.838332496,35.0749429,0.715550774,57.6413132
0.458477031,2.49385266,4.90891445,2.00031575,5.16686703,20.9291739,0.852598461,28.2414112,37.2073658,56.3523133
0.975085201,1.0278747,7.85252073,2.33947184,11.7237853,23.9890269,26.6443747,1.31377432,0.765658264,55.0905581
0.569942131,0.0696123317,4.44253327,2.94523674,19.6780534,5.82312365,28.9089252,48.7253224,58.8438214,55.3294737
0.0259672753,1.72798187,4.93032759,1.80600271,2.32421678,18.8804229,26.2246208,2.87519056,4.21161781,64.465415
0.427624053,0.309838798,7.78652703,14.5063985,1.62548834,28.1988039,45.3202201,53.4718173,16.2411616,48.9180639
0.484228878,1.73898169,6.89688399,8.76300504,24.7277902,35.9560131,22.747042,15.0654461,26.5178356,39.5554117
0.412536299,1.99028111,5.9728739,0.162773803,24.592666,5.66914361,34.431652,3.62551978,7.73424649,56.033581
0.0313124499,1.0733785,0.613155923,0.553955876,22.4006268,17.7608996,42.7927258,57.9168428,40.9773923,55.7339484
0.436133941,0.412579313,4.99615984,0.815027215,3.37875303,16.8510852,5.70234665,57.9136874,54.8568921,55.6571254
0.523166124,3.41215439,0.177557409,9.2575489,11.9129432,30.003408,20.7946555,36.2765623,45.7946364,52.8345276
0.442020865,0.178736629,0.0596799134,7.18276245,1.07590323,11.0961329,17.2927825,27.1607359,53.7745974,62.2559637
0.956681826,3.80577588,8.26919102,4.07726653,22.8415441,32.8773277,7.14063114,15.1346993,41.6283083,37.9241472
0.993413994,1.23599439,3.05498908,0.35817758,6.07904507,29.5350829,38.3002849,63.8533766,40.121538,43.137145
0.522580475,0.0401950889,8.00743127,6.92850846,24.127539,16.6302661,1.20106224,61.7181961,62.9290704,49.7459145
0.979351873,3.86768905,0.562006654,8.25926046,20.9228566,0.648449997,36.068214,25.4343363,23.9069852,48.1948778
0.970678787,0.793505825,1.01791959,14.5324276,10.1737314,21.4608416,11.3845004,56.5523385,14.116519,45.2801129
0.559754259,3.15930711,5.5679405,13.1128148,4.80906639,1.40944129,0.653075376,0.31065172,46.9843705,63.3691492
0.00600987813,0.0320867784,7.38559206,2.92577842,8.68423019,8.4338553,21.5137813,14.5276814,8.5329421,62.5436106
0.47508857,3.25435417,8.84367563,1.16672656,14.3332703,34.953873,29.5958158,23.3474386,20.7559872,43.3717249
0.0246940013,0.128320312,1.52884559,0.547376208,24.6123942,15.1324843,37.6539482,19.471873,40.2081689,57.9532217
0.507975953,2.207364,7.12530668,1.82996241,6.5284996,35.2695378,47.8044788,59.9178575,80.2797781,34.5497567
0.0209139553,2.00338688,6.57748811,1.4980768,15.9011422,0.716538543,25.6750415,34.5117001,7.77504421,62.7801398
0.967653949,1.43966983,1.19449701,10.5089621,0.196302519,34.9292756,5.9005511,56.8976497,69.3544063,47.0457418
0.475611641,2.41942086,7.21438548,7.42525159,19.067971,0.558689688,40.693929,1.13037217,68.5525952,57.13147
0.987722596,2.61466253,1.42439982,15.8005407,12.012975,2.98182662,4.84546671,63.6852199,27.1990236,39.8361911
0.972194359,2.68234625,4.93514239,1.667818,23.4641472,17.1679164,1.59285557,22.3655686,33.0483434,48.6271578
0.0850829794,3.95854225,7.24402293,12.9660354,0.246290339,20.738483,48.5698242,28.7814909,23.4370347,46.2206628
0.416551408,3.91803152,5.30028285,15.7402671,4.17127203,9.45940999,11.3022206,42.3455247,26.8742041,41.9021637
0.0570216379,1.45067539,3.37785949,15.4389549,16.4294188,6.10868401,44.4432533,2.29593837,75.7302494,48.9423266
0.580168697,3.58115225,0.958157572,4.896568,13.466085,35.2672839,45.2435833,35.1400247,8.09464809,44.902033
0.989828203,0.170422459,0.653107732,10.2785031,23.1273695,2.44683559,16.2866407,20.3367505,50.3287631,51.3346496
0.951147054,3.71413513,7.80549963,5.39060995,12.4710452,1.23386198,2.06656458,53.2255884,43.6189315,49.6983692
0.571594504,3.15534449,8.71852228,5.69581326,2.39612772,31.274828,0.0464940868,60.6381926,12.7858513,49.4832928
0.58584645,1.28513972,7.5224932,13.4101043,11.9117613,1.39965621,21.8075898,0.211289764,39.4204927,57.5673806
0.0900726514,3.40421072,5.78139146,6.83790401,19.7698226,30.8271639,0.194624234,48.3911866,79.3198556,50.3568678
0.974902726,0.760479158,3.08972461,14.2249012,9.2401439,34.7019224,47.9244028,4.49109113,32.6135026,39.0024829
0.529058171,3.52270326,4.66594375,6.25167562,24.8626256,23.2540914,21.1155222,39.9442813,60.1631134,43.1580525
0.506032262,3.53692541,2.48695639,4.04634249,10.7471425,3.20373153,34.185534,40.8431453,64.2210497,50.4143592
0.931855978,2.81368541,3.62401191,10.2544398,16.2028364,30.3424527,34.8478533,52.0758991,50.1655618,45.7856716
0.00996810524,2.13577925,0.0940855472,11.1925183,1.02371513,8.03546376,21.8314606,12.2234017,79.3703708,59.8552718
0.450367367,1.29735572,1.47962068,1.75069914,0.000721705146,17.4667657,27.1282692,63.7660262,45.0585554,52.6009188
0.0242225099,0.430898702,4.75758913,8.53411357,13.8230159,33.7363998,10.4422433,44.1240655,31.8551646,53.4527193
0.00355676282,3.11405111,4.17814593,7.28647458,24.6535795,3.90259856,47.6035355,0.810349077,65.2264438,52.1455246
0.944280523,2.09102143,8.54380966,1.43826951,20.3057506,5.39987762,48.6504885,7.52445859,80.4627845,37.2229317
0.406916841,0.205395,0.165976963,15.2441218,24.9311238,25.0534094,22.6649296,4.53564838,8.40664413,53.3220571
0.914735552,3.84171335,8.27162254,12.7290141,0.843445457,1.13441419,30.079485,16.8544268,10.569715,50.7241691
0.48332778,1.15997221,8.21924207,15.6471274,8.23443659,30.4931705,3.69833199,33.7838884,78.2315674,41.1792498
0.927509199,2.58845246,0.270957752,15.9767861,15.3814019,21.9195982,19.9896372,28.5160959,48.1236476,46.0399122
0.422384954,0.0957046096,1.14158945,13.6780412,23.1853692,2.16041466,30.065746,35.2554575,33.5059296,55.0267812
0.979239518,0.314303545,5.62429801,1.02503298,18.3270943,33.8029089,12.9168292,30.2343215,66.1172202,47.211243
0.545453723,1.76291058,2.78559529,15.1113275,12.6267907,26.5990327,2.64440671,2.01604945,35.1122754,53.9742512
0.00682501262,2.83194867,1.26281245,3.71359505,22.4874906,32.0456488,42.4934786,16.8411575,52.3135547,51.950464
0.951414461,1.69136793,6.34675073,3.27030823,6.35997783,24.6921248,38.8492612,18.9824141,77.7516078,43.1456949
0.44928552,0.566906194,8.98288818,0.714065366,2.02594287,0.0313240942,30.5760692,37.8703267,8.32794537,58.6329124
0.952889203,0.83531282,6.98075391,2.72161247,22.0949642,0.0900323354,1.59721119,53.9800088,53.167014,54.4340936
0.0542534031,3.34778513,5.00552373,8.59958882,8.26440697,35.8386943,33.9389829,4.55191994,30.5248741,49.607302
0.924972203,0.0312359836,2.21214719,0.991749786,19.2791537,35.6207573,46.3699602,57.365344,54.8475723,45.5525133
0.000412432477,3.72701057,8.69990487,9.42440901,18.8160886,24.4813701,19.5832077,2.5743514,3.95381535,55.6921075
0.541886582,1.951123,1.17945015,8.92211558,3.1197035,11.3136862,45.0859721,31.2597043,7.40425718,52.2743365
0.591743565,1.73635479,6.5587747,2.35808908,0.629833516,15.2811303,8.10787208,0.00788208843,5.66273554,64.0571638
0.923868497,1.83133867,7.44527582,10.2236198,6.84081602,33.9764677,14.2806544,16.926253,80.4104106,38.972713
0.0452744784,3.71263417,5.04576617,11.0081501,9.34289822,1.57023079,3.90483697,22.9812546,7.52587085,58.7114434
0.433335341,0.268321507,3.77902092,1.78606604,3.76867957,21.8844773,0.557594219,16.3082856,57.4044553,60.234831
0.934195294,0.0812259913,2.62178001,0.456164979,4.3199942,8.84523205,24.2483108,10.9196489,48.7758053,57.5275977
0.00166799501,0.135968305,2.74343865,3.5081605,2.5837185,35.3618097,2.63393272,28.091095,79.7772713,55.2183319
0.0608162484,0.554750225,8.29581476,15.570851,5.14507499,33.5164733,26.3592284,13.7816371,15.1550828,46.022944
0.475311497,2.24135041,5.346896,0.499778033,24.6396763,27.416743,39.7440878,14.2145634,71.0865714,47.4167037
0.955125843,3.20018355,3.34099245,1.8847445,20.1574137,15.3399572,30.8429876,9.26487238,3.42988329,51.6418181
0.921586246,0.400127771,2.13173976,14.4892289,0.734072179,18.0736006,42.2011371,63.3621195,39.4151859,45.7132288
0.939993751,1.89990617,8.37669694,0.25876011,20.2830674,32.4195503,20.9360345,3.82892716,41.4856643,49.7307716
0.0233376222,0.941664186,5.73743468,5.44817081,24.073222,34.0444132,0.617061368,41.7311506,80.3012676,47.4923542
0.010554723,1.57291656,0.0192859168,0.246051706,11.5484859,29.3785841,35.2033247,47.3827893,13.339519,65.1473774
0.405033096,1.56497307,5.63051589,10.8098909,2.86933602,35.8998387,11.6907299,58.9031456,41.9791991,43.9579324
0.975069699,3.98574667,0.999655252,12.810343,11.6177453,13.6006432,29.9590446,60.9471078,22.8333121,38.2074462
0.035145585,2.76738676,7.80586904,0.428420268,0.717886899,22.3561493,10.6184623,8.48376012,74.1104156,60.2998695
0.45888447,1.8851746,0.291498993,5.73080641,21.3488402,14.3394203,25.3674113,1.41290388,3.38610384,61.0222141
0.466015714,1.30441891,7.57950039,4.73422275,0.127738062,31.5268041,31.3004315,3.07215211,62.8515734,56.2637546
0.481349235,0.146349967,8.33374923,13.0193318,24.8599711,31.009054,45.1486512,63.1905178,34.2122161,37.1697398
0.0660979045,3.62992327,0.270718068,8.81521996,20.9403595,28.2562585,36.6645903,61.0873062,8.04279909,51.9188379
0.0233264966,0.193713728,8.42992583,6.69044467,22.3494241,2.55030819,31.3459536,42.3730324,45.0002187,55.7627943
0.507378071,2.0129472,8.10824966,11.2925266,2.33644816,26.9053894,3.91946818,24.1654313,5.57304529,54.8812341
0.080657152,2.41901673,0.932092494,10.0951891,9.12998594,32.6500794,2.56552688,62.4460009,73.3261079,48.9814445
0.00216309121,1.42029585,6.552864,1.75162136,24.2190301,34.9030339,42.5912314,50.7118963,33.9706601,47.2733027
0.956276048,0.526151883,6.82805933,0.343409345,18.2513384,0.353192412,43.6982824,32.6954085,9.78366292,56.6166418
0.517641599,0.00942197256,5.29895892,8.1824159,2.91252197,1.08969599,36.0974514,27.2522141,55.6389714,60.7930158
0.0533664762,3.72146393,5.94960077,8.78235179,7.79142075,0.588333093,32.8222314,1.62304318,18.3347686,59.793051
0.0957992753,0.3936767,1.17967762,15.7187851,15.0328797,10.9563063,3.59328215,31.7297856,43.6725199,52.9071828
0.985829802,3.36591257,6.50824597,12.6043755,2.71709877,23.4417898,2.94073933,43.1098512,4.13814556,51.6751944
0.503782373,0.281382552,2.69222369,9.25086213,11.3121091,32.5696286,24.1570568,55.710223,2.17335118,53.7063015
0.487873683,2.77195934,0.721467974,4.82175827,23.8924388,14.7154023,2.40517098,62.3134062,6.85776112,50.1072153
0.950452276,1.00558075,1.79031086,4.89704124,0.8939681,35.8874659,22.6474873,5.64111361,33.1549097,47.9176898
0.0192665742,3.25324943,3.06729916,0.17236317,1.41842342,20.7970963,17.418867,42.9691224,7.64396541,64.0071135
0.0983909825,2.62897367,2.61104865,15.8126965,6.23512001,26.8731952,2.43824189,20.2859161,22.0109687,50.4276261
0.980115274,3.18966896,1.72406316,9.47476898,16.315966,32.3155925,43.7784604,0.76295802,29.1542384,47.0213742
0.974421004,0.375244912,6.1677785,15.7390954,23.3995534,1.86280331,32.8508399,53.6384614,77.9882589,38.7782767
0.946206806,3.59116738,1.68795255,2.52173557,23.1400653,21.7107814,45.0575706,47.7903423,15.5449471,41.9861775
0.499335546,1.33007394,5.74360622,13.8485753,1.57082091,1.13342427,7.43389336,52.8270577,71.329359,54.5485786
0.448476275,2.16302728,4.49900779,10.3537759,24.86065,11.4398275,39.7190173,39.8672824,42.2914298,44.2519677
0.902957891,0.0530694723,8.86189855,1.65149348,19.7671403,1.91128143,14.8455483,1.47600561,49.6458654,57.1994605
0.964416878,3.81786179,6.30711671,3.04108786,11.8182181,5.45955944,41.9433174,35.7035297,6.61188885,45.3372033
0.501548127,2.07748459,0.637744835,15.2487977,22.7241183,34.9285556,38.4299492,30.2440202,29.422787,42.7513025
0.522489461,1.92147699,5.09351784,13.7855698,21.9879215,1.43514551,0.667638538,0.00118145347,25.1311213,61.6049822
0.943488602,0.851737576,7.0952397,15.4554356,24.2293998,33.872344,33.3272756,16.3545532,69.5791787,35.0948027
0.946841141,2.23623953,1.07519238,13.7924845,3.57279749,33.1305774,18.5307639,3.32814464,0.160716652,54.5056209
0.0131291114,2.64390022,0.0699073566,8.7696739,24.8580638,20.848095,8.07544659,56.2034798,45.4174368,54.1105712
0.931251601,2.18265112,8.58917379,12.8781456,17.1760365,3.81053755,48.5980285,7.92268294,46.2361298,41.3130417
0.922525448,3.54080182,5.07653529,2.36197974,2.80230156,33.5265498,11.872491,16.9224355,80.207658,41.270396
0.0424497561,1.81220172,3.76707396,12.821357,0.855308725,0.250186315,39.3107875,38.4075073,13.8895968,62.4319085
0.527560324,2.82544321,7.25419178,12.8023446,1.57149484,17.4438909,42.8391181,52.3215774,11.0764599,51.1061524
0.554185535,0.785152726,0.139207348,15.3918132,3.44435075,20.4522851,18.4505248,33.9207207,72.8398952,50.7755363
0.987371687,3.02379419,2.04530041,7.75819657,12.5151362,24.3263458,1.21744502,37.3530119,20.3390964,49.6295803
0.419430093,1.44629918,8.88818581,3.0912614,4.42231025,1.10652479,29.0763439,11.9016731,39.7653352,50.8071869
0.92503487,0.244264472,3.04422177,14.6405556,24.7155036,26.5947097,1.74946558,4.26844242,75.5727754,47.0169521
0.55352484,0.36794013,8.93196664,15.2238032,16.3449205,13.0725737,3.73796822,7.87829945,74.1388347,45.1042483
0.0826269235,2.84281249,7.08638768,6.96497701,6.8260622,0.903472988,39.0237569,9.51206932,77.6448875,53.1711687
0.0679472708,3.95912443,2.25977184,15.9738187,12.4536562,12.3840973,32.0171868,57.2845524,37.3005709,40.6608379
0.9955817,2.96649622,4.27933748,6.80000103,24.4020059,35.2981155,15.5538052,61.1318054,63.6010334,31.8648384
0.983362111,1.46801547,2.10587991,9.81971638,24.9582179,32.787417,8.32642207,61.617318,23.114971,35.0122117
0.00245016208,0.719496336,1.29357449,10.8560501,15.0522343,11.3777487,40.5914209,54.8721463,76.1437136,52.3933819
0.927940748,3.60061547,7.97437231,11.1561831,21.8278835,16.1836571,25.4861848,48.7278769,32.1803701,42.5469017
0.525946916,2.35925945,0.165688881,6.6364931,5.5306445,5.10068428,15.2454336,11.75917,5.5304146,59.225976
0.507052789,0.144913191,8.00100419,6.89332421,0.156362902,4.30746276,48.355605,62.2405277,76.6321546,46.6731291
0.0812237393,0.509548949,8.97568006,9.34177499,23.7691395,18.6153776,38.9967957,57.6587346,58.6657728,42.5051508
0.506368616,2.14934105,8.94394007,4.97916337,7.49814971,30.8190209,9.91449019,42.8886471,77.8261937,40.5597537
0.484609386,3.31978267,8.07151328,1.64223446,1.61652187,27.1915536,33.268332,2.42355323,36.2717093,55.6180288
0.050469995,0.996826156,3.7286927,2.02346943,13.2043429,0.562400323,27.579137,41.2154866,46.4280305,59.4620508
0.916282359,3.83039995,3.44694277,15.5858693,24.5400837,29.0692887,15.7005652,18.8069979,72.4111808,33.273074
0.577376588,3.87323018,3.10423891,15.8992989,5.4944803,29.8518578,32.9026438,38.837714,11.9725318,41.3506131
0.983730864,2.25854098,7.42119423,10.6868899,22.7486928,17.6818732,47.9684284,10.9407552,11.7349222,39.778125
0.953348526,3.71472231,3.01037275,11.2617718,19.6856634,10.001228,9.03551728,11.6752285,1.98082503,49.1834046
0.927342141,3.35742474,0.534449945,0.889275685,3.21319369,5.97069671,23.8189715,58.0626787,65.1040979,52.2480728
0.97286987,0.0956365131,7.56647135,15.4380936,18.811016,9.71418704,8.63155094,39.8063075,41.2718706,46.0298291
0.576551715,0.418676852,1.57914757,15.5258332,22.9359971,14.8355682,7.34322633,46.5044688,41.268186,46.8399102
0.999645449,0.164228922,0.439850792,6.35068731,0.00261022942,27.1729813,0.403960719,35.7457026,12.6869879,62.7273458
0.408323907,2.7996523,3.95154233,4.57246211,2.14179269,31.8380038,45.3659753,33.8907674,2.6924659,52.1528072
0.0388819943,1.95871524,0.285924554,15.1715185,18.2988285,33.7102714,0.724179652,25.1917191,47.1095462,56.3415152
0.492454157,2.70803378,4.32837952,0.132620134,7.72903765,2.78741085,16.3526667,61.7397655,35.7389174,53.6905114
0.549151012,2.32423463,7.67557355,11.3148589,13.8019068,26.8513944,42.7201962,1.7478295,80.7093713,46.37187
0.91094722,1.15969896,6.88580499,13.7323793,0.154754089,1.37083742,48.5432636,21.7217395,26.9280199,50.6515599
0.96896727,1.73160241,6.84400182,12.6909289,0.691760553,2.04424222,18.4824102,29.8686118,62.9755599,52.3018613
0.485907434,2.58495822,3.13363842,14.3304837,6.93630927,5.11182505,25.1039248,41.3578688,78.0891713,45.5832231
0.0100329919,2.49797833,7.92420465,0.191088267,18.1570304,21.9013218,42.8965859,33.8526609,2.11601998,61.3343982
0.998512101,3.97151886,2.96416096,6.49463783,5.27807625,12.4235416,3.35337473,13.2820123,79.4560095,38.2235339
0.0602375181,1.64786509,8.25411451,1.60447504,10.0186672,12.5861752,48.7915676,32.4916537,49.6424542,47.1829446
0.436671214,0.532369137,7.93819471,2.20172796,19.4402855,11.3437188,46.1174269,17.7549054,48.9723971,47.7160288
0.44564332,3.7091453,8.11130633,6.62312535,4.48100362,17.6081355,27.1316682,10.3802515,77.0594651,43.6752081
0.424762224,3.9147981,0.0261610304,13.6683345,18.2775875,23.635864,32.6218054,17.8716592,21.4847897,49.9992513
0.965327139,1.01293175,0.773954454,5.07113313,22.7102247,22.6751432,6.98558716,3.60924643,66.5779804,49.9325903
0.918888329,3.02455238,3.71653112,6.64639694,15.6145911,13.5839067,39.090509,2.85433051,46.4900794,50.5780612
0.90824578,3.54732893,8.90413072,15.511034,9.29532632,2.23132723,35.2756516,35.1034196,39.4527236,40.1837731
0.590925689,2.75219756,0.41492512,13.5937643,9.99340731,13.2431775,35.5044091,0.788444132,4.27847845,60.4440027
0.0439615827,3.44928349,0.242266535,6.7087299,2.53670134,13.4488234,35.9000966,46.9213072,78.9871238,53.8536255
0.0811755741,1.27149824,4.65947086,4.84744025,23.3255052,9.74373591,47.5973414,56.8373888,2.52268359,48.1113871
0.0606628913,2.24485486,2.87021187,15.3793449,1.01390965,22.722542,13.2883901,58.7386195,25.285293,50.7570439
0.593804952,0.319284016,4.96454375,0.154350869,3.39853516,27.6197704,29.2386938,55.8053353,0.341771834,62.3194315
0.00763630448,1.37347776,0.0915830294,0.419511624,16.7685351,5.42868983,21.7641024,5.57556144,15.7710359,67.9195138
0.416646464,2.30851246,7.13004611,15.4400373,19.8557703,22.9404977,1.28577344,1.29859427,1.86533101,58.5034851
0.455869761,3.21226404,1.17394554,4.44914988,13.8468981,35.7343686,48.3652913,18.874841,57.5269759,40.8283256
0.54553198,3.02392121,6.8486328,7.06038612,12.3585473,14.550411,1.03226657,4.31578124,29.5336911,56.7712049
0.0827294253,1.7338054,0.151562441,0.551007301,19.9682902,10.1578635,15.2613895,42.0218772,27.452571,60.5275375
0.449988661,3.83767563,8.58231232,15.8633349,11.0460003,0.183120864,24.1084825,13.4076076,78.0394364,39.6967949
0.558666426,2.02651959,8.35832906,11.4425674,17.5469005,15.4907317,0.991203574,62.9008665,28.9371239,47.1491037
0.417476135,2.08560612,1.7596186,15.8396562,14.2219837,5.5872813,23.7335311,38.4754144,0.367086271,51.6177907
0.951372203,2.8504898,0.409805081,4.61153651,3.27193639,23.6663609,44.2744572,8.88400665,1.89821421,54.8752299
0.990938491,2.812854,8.18353783,4.83598586,22.522329,11.2071753,9.52178518,62.2283092,59.7285745,37.2437413
0.0786526148,3.65798537,8.46027248,1.42140504,2.42892786,33.1062795,1.68658545,31.9238072,39.7746979,52.8042492
0.987255793,3.23242446,7.55520258,14.7374199,18.4618019,18.0054077,1.20707134,1.62995946,3.45354313,53.4823019
0.918932324,1.98229385,0.928545021,0.0998527259,22.2261943,8.13317194,3.02279866,52.476087,57.7045066,55.5664016
0.0257129646,0.631184304,0.707860134,14.231607,10.3430395,15.0704193,38.8415824,42.4166955,1.77401505,59.9087746
0.44433415,3.69623843,6.028553,15.8049461,2.70119143,34.4511029,43.1279685,57.1638058,60.8572487,37.4679212
0.447817072,1.84608613,7.13158589,13.4473177,14.1705335,20.3847277,40.9938773,57.5948282,76.2891077,43.2258986
0.42943813,2.266617,6.82179112,5.05488675,21.0650962,23.1427416,21.855959,38.0114262,12.7070204,49.8290942
0.544184712,0.449788051,8.07248716,14.7409258,10.5314055,1.91795939,20.6119248,56.9725534,42.6578597,48.9983908
0.95578482,3.50187893,0.178288923,15.1145321,21.7821741,25.9198507,47.5450643,61.2507284,1.25571909,42.3891062
0.995056319,3.64618567,3.24560501,15.7927918,8.51719997,33.9550071,13.3440469,0.516756058,57.1038185,39.89592
0.0698029227,0.71088693,8.72240482,9.70264119,0.453970488,7.03007722,3.41353902,54.0084971,11.150154,57.1579952
0.941740499,3.33028806,0.340552636,15.4100398,7.09081153,0.387861757,3.80096586,46.802506,62.925236,53.298162
0.0333133047,3.58684616,0.277518213,3.99753324,3.97060358,12.8654152,17.7386386,22.594235,37.0921418,57.2573982
0.0248106136,3.96793179,2.31652718,15.772977,13.1620608,21.2486852,9.05352237,22.9231549,67.6665464,44.3298919
0.591716165,3.89430922,8.22384551,9.19387663,14.8195208,31.2285338,19.0112183,54.2630708,80.2795104,36.4344577
0.092375957,2.25083615,4.05706538,5.5072134,24.5869328,10.9138151,11.5570227,3.76222599,80.6610254,45.2473108
0.0075906273,2.30269221,3.03299227,15.1129607,5.51627255,17.2696299,25.4123431,27.7548193,54.7367071,52.3523614
0.993516744,0.143673124,6.10693356,5.74639555,5.73428099,1.52722495,0.0949867499,37.1491329,57.5556428,57.7986515
0.0675643515,2.21622369,0.161139494,14.704856,13.305347,33.0733652,32.7332233,31.7169887,14.4648777,53.3188071
0.515737374,3.99215386,0.292354928,15.3053776,8.56443103,25.0448548,22.9685307,13.1867046,77.1334069,41.988032
0.0566593223,1.09291679,1.46799479,6.37936572,3.12453676,20.2886673,48.4990451,11.0380724,56.8038233,50.8443373
0.962627659,3.53226387,6.20755265,4.15523545,20.378422,0.199273596,1.6215224,11.659753,77.7956572,50.4094255
0.465760244,0.129702017,8.77904073,5.93347599,18.6421019,25.6412594,44.4360694,36.5944726,4.17726751,50.6659822
0.540629194,1.41944779,1.48275069,15.272556,21.6391451,20.3207031,46.3547371,43.1896448,0.455901231,48.2372706
0.477749272,2.12802714,3.94246874,5.46164643,2.95542156,31.3490842,32.7450483,35.2994999,79.3471944,45.6788955
0.452438058,0.50573707,8.82661354,3.36667509,12.0440658,35.4443111,27.9526897,49.4442697,42.830035,42.0736714
0.0131801209,2.07316479,8.28140637,1.06093611,11.1768427,34.8420368,19.2076954,15.3298393,61.5214671,51.2831704
0.585128101,0.991964709,8.88946235,9.23335373,1.52524165,14.0204203,28.8599283,61.1462681,47.2431573,44.6905698
0.0695408373,3.09141312,3.10573981,12.7448956,17.9077284,0.275423622,28.6443289,0.307613731,63.3622117,62.0002395
0.951577085,0.624273591,0.374050153,8.28608644,0.398028374,21.1145588,27.7516882,53.0594978,74.6465598,52.7887482
0.55973465,1.84106478,6.24545221,0.560617797,22.3489373,26.7678345,42.186598,0.199024469,21.5209993,56.3963075
0.0517033036,3.90969514,5.05416821,6.05365771,24.7268572,13.3769065,7.71364572,49.9508613,45.7211363,44.3755959
0.0247219112,2.00464538,0.168676933,15.9168335,15.9700683,12.8695796,15.0057445,62.1033886,75.4974567,46.9079876
0.946795968,3.19932651,6.93158255,5.52527139,23.8066034,25.3209492,17.9571453,19.2529862,1.18790367,47.5884546
0.576194586,0.409661263,2.64792211,13.5588721,18.6928557,29.9884433,21.4604672,60.1761791,67.1303788,46.4144775
0.0481909104,3.77852381,3.71163109,4.23781848,14.0862793,33.2588723,13.4295043,20.4791851,2.10689899,52.3454801
0.0812757062,0.00317757577,3.16241087,10.0257161,9.70469931,9.9091636,9.95331195,63.1038741,54.1842915,53.4774802
0.0826922222,3.23271692,0.614989343,7.33490926,21.5935462,32.733515,0.253997285,7.74839092,64.8077654,57.4767569
0.0641497299,0.658044231,8.4361095,15.4532414,16.6059952,31.6242068,5.50339311,42.4855841,9.12701402,48.4920516
0.933537115,3.83318819,0.886403435,4.94673328,5.85338677,4.13495578,22.0524572,63.5400131,16.4540712,42.5680412
0.563835818,1.55434909,8.87666172,10.7619438,18.7333094,1.05174146,0.842205795,56.1016203,65.727194,51.8775465
0.402556521,3.06976747,3.55916989,8.83247209,23.9975277,2.08543226,29.7539308,38.2888606,1.11339887,53.9329635
0.908673973,0.333873373,7.67199294,0.329518102,3.45428864,8.97010509,38.8682617,52.0800608,57.6902741,54.014131
0.0166162732,1.07881559,8.22082973,15.0850681,23.0299382,20.4064193,47.2165399,17.4841181,39.9603518,43.5754249
0.940444786,0.222078173,1.05265525,12.4031583,18.5650607,33.0850122,5.17202521,0.297355265,7.15069458,57.9796813
0.0748600052,0.68843017,5.50319807,14.6666205,9.20369357,16.52798,13.2841693,30.0839244,25.9666236,51.0591308
0.462304545,3.8099412,3.78402139,7.19558753,12.8743127,5.14518221,4.18876464,47.7614843,49.6965643,49.6717705
0.449270091,3.52969313,7.99291735,5.26550591,2.12167067,12.8433663,3.34375947,58.2079639,77.5182036,46.2851193
0.0136990068,0.956826548,3.11351764,5.13960176,20.7606469,34.8377579,19.3236395,0.533243209,2.80794083,59.4070982
0.978659829,1.34299173,8.23968577,2.48660778,0.651399116,33.2135255,5.06690069,60.6038472,11.214019,45.7432765
0.0106336046,2.87597045,0.979568708,4.64227366,10.4584218,35.5603569,36.6383592,61.261374,65.7014298,47.4554276
0.951496599,3.21334102,5.90080589,6.83481994,13.7792273,17.9603816,0.182205406,31.7730748,73.4916884,49.5512653
0.028944674,1.89254108,8.86040631,5.0646052,1.28064981,34.3891591,47.0913184,20.6213055,28.2001807,45.5164883
0.983926744,3.42712729,8.38875585,8.56802108,4.26602613,34.7056595,35.4151448,25.2589242,18.6540414,38.5986509
0.401734582,3.81250126,1.59434645,5.65485399,1.767329,5.03782889,47.353333,12.3665839,47.0501551,47.4687105
0.951146007,3.64379172,2.71681001,7.8680664,22.7998844,32.6264932,2.00327229,7.83341983,10.4884084,46.8024113
0.92689261,1.13636942,6.66199296,14.4279285,15.9293532,35.4796011,2.25340093,58.6573144,77.8149419,38.266056
0.437988885,1.11678879,4.20569111,14.3120991,24.1403075,1.65345454,45.7475013,25.1482221,12.8705765,46.0337959
0.53840616,3.9692918,8.74619794,0.619971462,6.03181229,2.4035363,5.76376138,62.0898162,29.7941681,44.7095885
0.0394337378,3.05132277,8.05885836,7.5244146,23.1815989,18.911398,48.818302,43.3656644,18.6322625,44.0819984
0.925603834,2.49454854,4.22380539,11.5504881,1.64523725,2.16365832,6.26839816,3.87647492,80.8911047,51.7877687
0.401613714,3.68678902,8.69205231,14.7966206,23.1287711,0.369450504,23.6215701,12.7074566,7.87533334,46.1402844
0.428706344,1.07009114,2.29902834,4.92329999,15.473407,16.633006,14.880544,1.70189348,75.5878188,51.8864808
0.491699832,3.99629153,3.76126149,15.1498404,24.0114678,15.4635878,17.0419559,25.0161913,39.3956632,37.6663359
0.541531625,2.08805354,4.3107396,1.06734763,4.5494378,17.8575507,48.8018194,1.53946525,22.5185632,52.3964593
0.91334739,2.51833319,3.65848431,0.259231098,7.65166571,2.22553921,0.867719873,40.1866578,31.8396181,60.1174304
0.994919102,2.42136944,8.9014756,0.178447232,11.1915996,31.9888497,17.1467171,20.7340656,77.7600898,39.515336
0.431668268,0.194338046,5.03896699,15.8545127,4.36649128,18.1713504,24.343919,61.7109573,70.9504754,43.744088
0.929822496,2.1067369,8.83583317,6.84109861,3.66302256,20.7650818,20.0498265,5.79055175,52.9073505,45.793184
0.909323982,0.032687882,3.11677286,6.40258837,12.9730344,18.4175076,20.4858333,41.0118971,8.80199639,54.7128313
0.425184471,0.3016029,2.33987205,9.29707282,24.8481866,33.7998793,41.6117545,53.2352161,5.41319507,45.5466132
0.488785775,0.0900598262,3.67987234,15.3144632,22.1599069,23.8397352,41.4179519,22.8809932,61.8291733,48.2257706
0.489462122,1.55954342,7.30416875,2.0695922,24.4314458,27.8048875,1.0118808,4.80724275,34.5882096,53.0175111
0.979352047,3.8794286,3.50204164,13.8911936,20.7678433,29.0061551,41.4432628,2.5051254,70.4227601,40.6452961
0.526921548,3.88184203,4.76782236,10.2939565,3.94731207,25.1625602,20.6206845,57.2663209,54.4915458,44.937986
0.0143685127,1.96637007,1.75916346,2.24043177,10.8387303,23.817836,30.4476572,34.9714017,66.2529385,55.7404739
0.996119296,3.10801204,0.806397088,14.4281994,23.0433272,20.4474086,4.89497571,62.5066971,68.4177325,38.7869783
0.959015567,0.69852729,0.33336227,8.5683146,11.9742172,0.962920279,26.9515314,24.0171486,10.3989336,56.2921525
0.578215421,0.266321713,0.155327034,1.03371507,21.3268402,21.8921415,28.8859611,56.6169823,12.1780263,58.6140323
0.971369976,3.26072628,6.80982919,15.6431355,3.40413355,19.1124421,41.9415749,61.4522439,75.7642514,34.3578076
0.411834903,2.8368446,6.4061194,1.15346567,16.0899698,34.7351564,24.1917262,48.7744195,50.2044201,48.3099895
0.903493407,0.0547750369,1.35910154,0.745789111,10.1212324,10.8752123,10.4721379,60.3705125,69.8666961,53.5007333
0.0540097403,2.9668186,7.4706294,15.7659501,3.63114377,5.23211469,32.8729188,26.313864,21.6571601,49.597418
0.995543061,0.36892426,1.14759687,1.1742549,12.0345972,22.2832416,8.76801211,27.40186,79.8105794,46.295053
0.0234990679,3.79533569,0.465457984,3.47082141,22.0241751,14.8472431,29.4201591,7.33312145,60.4617496,54.5932634
0.951694142,0.493781798,6.72902083,1.16101033,14.2195947,19.7683818,4.34638656,51.8777228,46.6851106,51.9519182
0.0776802111,2.28523081,8.71682548,2.99709409,6.50054493,6.70834069,42.3059571,60.3707812,75.5828962,42.7069017
0.00511681289,3.99309678,8.94955937,12.8788266,10.0602686,11.4254457,4.71731516,2.50242457,12.9723182,50.5449712
0.47141342,0.181386413,1.26325259,0.864525065,3.23870515,11.4011696,37.3732104,0.715734363,77.642851,60.0710348
0.0418346864,0.462299761,4.21217366,0.00484575331,2.25402493,12.0916541,6.03097581,39.9808745,28.5501956,64.056748
0.441336869,2.19502927,8.67801115,11.2592754,4.12769001,34.6838782,27.142717,60.9230663,78.4365795,35.6956604
0.0148342904,1.27967348,7.81247528,5.81684108,5.70014105,3.2698108,26.8277662,59.1229882,20.3297889,53.6637422
0.970133909,0.162434951,4.59948113,4.40777346,2.26333462,21.405437,17.9392957,11.4201116,2.29798667,56.4680062
0.930214426,0.455461228,6.60795083,15.6971831,22.7451563,4.09263632,33.9443072,57.4325463,26.3331114,41.8949623
0.586239737,3.7250256,5.63696252,11.4293606,20.7234991,35.7822431,16.5504494,51.464319,1.02475074,45.7937484
0.911478138,0.852294241,1.14592684,15.2754533,22.7237808,26.7614889,44.0225688,47.4296543,38.2214877,41.9558068
0.0969285462,0.312307315,2.13535072,10.3813015,22.7097889,12.1278584,1.24772932,62.1541187,20.5952075,52.7884707
0.0203498821,0.0818729382,0.0865642098,10.4616434,7.56354506,29.5225728,46.115475,38.9074746,37.8744955,60.5310301
0.490256008,2.93087378,7.1902522,6.34441037,10.1642079,6.97188766,44.2576424,23.7653844,1.03325122,52.930916
0.999695611,3.53654882,6.24622011,7.50465236,4.20663997,1.43714834,46.4849729,22.1260209,40.5424996,44.0875235
0.571118786,3.17376307,3.23073903,3.61039759,12.4255627,16.4630398,46.7006084,19.7555769,80.9750108,41.0121965
0.556728658,3.75422405,2.79828521,10.2747503,24.5749886,9.83904016,22.7959132,63.8856113,77.7973952,33.4448163
0.980171449,2.96614257,8.90603683,8.46408663,24.8500741,7.48101926,29.2511519,9.28697735,68.6328265,35.5657972
0.479328356,0.286715496,6.36153545,13.0243991,7.93192326,17.0414039,47.468145,36.7184479,49.3005722,47.9630383
0.973241698,1.09284079,7.59408156,8.40666125,16.8057648,6.46349343,27.1324161,26.7973445,18.9455437,45.8447456
0.963049206,3.87204785,3.39344355,1.07687079,4.63656732,2.57322753,16.6532762,4.71844244,8.68487893,52.2242118
0.48692181,2.77946326,5.48773407,0.615936578,0.0719684991,13.7873736,38.6402777,39.3766297,54.4406641,58.6841423
0.584577241,3.95874368,5.86118551,7.01319688,23.1249777,16.559471,47.6790527,58.5650881,60.0362408,35.9681719
0.510970345,3.51435399,3.93190977,9.96893072,18.4665397,24.6708898,43.0729233,0.811461419,7.88746771,53.8120332
