0.244794272,1.02934934,0.617467868,1.39102051,4.50279825,5.08338454,11.4930977,8.48044336,3.55842031,61.7220279
0.866124529,3.81982644,8.60158787,15.799838,18.5591789,34.7328722,20.9386275,60.7513004,69.7431586,28.6277015
0.177071265,0.147036569,7.29814405,14.0569634,24.0362603,3.49350613,48.1255561,4.20726666,70.281122,47.6059805
0.165589237,0.233238287,0.0807659403,13.2145038,0.25880452,35.6077034,41.7462008,60.5988844,67.6478416,53.3012096
0.0719898437,3.73320926,0.108202763,1.00239069,23.7192768,35.8349751,46.857427,6.2365636,63.1855167,47.1176536
0.953829373,0.0411022641,6.31294347,1.13948598,23.9700536,21.153719,41.5888356,62.1196353,16.0869841,45.9086362
0.963763901,3.91956878,0.43326236,1.49420916,14.3334569,3.47003244,1.13691695,61.6008443,77.6961198,45.8776972
0.0661441204,2.73692925,8.03229676,13.8874954,23.647688,31.2362911,0.469500173,2.46778971,5.24179859,57.0522715
0.369189752,3.88864558,1.04902094,15.813224,20.087011,3.44617299,43.3233577,58.3492538,4.94749512,43.1399411
0.0143251028,3.04801089,8.81798692,1.61090113,3.77377611,1.23121866,39.5975312,61.0057859,55.9954307,52.7510192
0.715903182,0.739145158,6.32851631,2.44205761,5.72228587,35.2203603,0.811247257,16.4997848,80.8528337,46.5031146
0.985106933,2.7688866,1.52326966,9.94350929,0.876067905,34.6655262,48.3178153,0.681950987,7.02451429,48.267343
0.814297871,3.61727912,8.12286744,0.0589037389,21.8674053,0.69348779,37.3615244,0.184129775,28.6906084,59.448336
0.827499708,3.15034353,8.60318422,15.4973637,0.300551031,1.96010579,4.76128583,7.74645207,23.5657969,52.8494833
0.862206136,0.394129696,0.310034658,15.5600078,20.3918255,0.591322482,3.20807549,23.6731451,63.9762523,56.9877131
0.0221362794,0.177790973,0.299003043,5.94514094,24.974608,33.4619653,4.42548188,60.1781542,28.1438473,52.8909237
0.945472147,2.20151804,2.05565427,13.1224269,7.23178016,28.1218925,0.880353208,61.5136142,4.19423834,50.442624
0.992204957,3.95486078,3.02669604,2.98732965,0.0771868509,32.0823396,48.8395561,61.9359826,78.5450557,30.8027138
0.121186636,3.1351323,0.379107643,15.3993772,2.08229837,31.95176,1.6739112,9.6987592,79.7924923,51.5943319
0.0864548274,0.185135016,8.0194928,15.3164088,23.2537716,1.64149951,17.2620321,56.1289992,0.113337572,55.3509423
0.970509509,1.4132762,2.09952717,12.0054679,24.8423045,35.4404139,36.7992147,8.3619051,74.0884812,34.8849927
0.719962311,1.62623361,0.243783924,4.04694963,1.69141332,3.72053985,47.793112,2.39517355,80.5973639,52.8743953
0.0273078089,3.84937522,1.01104409,1.09874966,4.19616167,35.8405261,26.8450814,55.227078,12.0230859,49.8905514
0.0569997053,3.97618742,8.5094656,15.2681487,5.89907896,29.9809279,45.5371267,15.0048214,32.9489251,38.3874424
0.0616224446,2.75370348,3.36244448,2.8521151,24.2162786,4.31187021,2.1814288,14.724986,74.4682321,52.2825427
0.580762777,3.51995983,8.92085289,3.1547122,20.6999576,6.02966734,0.842531788,63.2578019,7.43790927,45.7450442
0.986983687,0.939319395,7.0674102,15.9345064,5.07709155,8.17582721,47.8130622,56.3417671,70.9764175,33.2860839
0.131790526,0.0135002565,6.52232361,1.23190262,0.917769259,35.9250231,48.8139702,12.2746518,35.5296693,52.3800251
0.0496363347,0.951507168,8.95720092,1.20144149,0.979871431,26.9267714,3.05826482,63.029276,6.38185087,54.6538129
0.0436285939,1.06311253,8.39763705,1.93052507,22.3982795,32.9512261,31.6550805,44.3280538,77.9619932,44.5859006
0.998988871,0.023788048,8.56287485,11.0891338,11.0485883,26.8185245,25.7815541,4.67620635,1.26583577,53.4575643
0.0838779766,2.94860799,2.82245805,12.5376863,1.39675344,0.338536956,2.43722234,61.904754,62.268973,59.0039291
0.152855789,0.188975792,0.261323953,0.127432734,21.5030587,2.74584575,45.5012775,60.0437326,3.81332739,62.8216016
0.926934784,3.97167517,8.87540201,5.12274264,3.02430754,6.53290767,47.0661818,44.8234539,4.79684766,38.7020449
0.406559139,0.157811064,0.743756565,14.7850496,19.2639192,26.9137708,48.6540103,20.8334594,5.0010112,50.8035735
0.887532841,3.05782777,2.0504332,1.12134936,22.6853954,33.7532067,2.91876118,8.64536664,28.7007903,50.3529933
0.957039481,3.85019796,5.123562,15.4781381,20.4171656,1.87529104,24.5225374,14.7404891,80.2416925,36.5630061
0.894868948,0.249603646,6.94907593,0.211909428,14.9402532,1.20396638,4.16900719,62.0458885,67.3929227,57.081837
0.0719828341,3.26196792,8.76327849,14.9717507,22.2083807,9.00688351,47.2184689,59.8296595,67.1882922,36.3053492
0.255907638,0.158695372,7.18450975,10.7652266,4.942919,0.921117213,1.65647191,10.8713434,74.2519104,60.4811574
0.881316798,1.16571061,0.221139056,15.4384186,2.34723695,0.016547,35.5323905,39.0354631,6.36360987,58.8459476
0.137102483,1.12572069,8.97209721,14.2893153,0.815160259,0.573791145,43.1577963,7.9436538,6.31464194,55.1353214
0.471470186,3.99768059,2.28982493,1.93336003,21.8470084,11.0439319,48.1340674,63.0478705,77.9109475,31.6237779
0.0771021424,3.42283075,7.9118978,0.473323547,4.92007376,24.0188397,22.6474812,5.50637484,2.07804387,60.9583288
0.549478655,0.350987408,6.85209199,14.4177978,24.8862133,18.1254935,4.31471892,60.7098024,78.0235382,39.8335618
0.046523857,3.70585518,0.692861075,14.0730416,21.2667295,7.08980833,46.8338346,0.337785214,57.1506859,53.1267085
0.140069978,0.624506321,0.174911955,10.2137238,21.9627029,3.09235782,34.3787276,57.8271746,77.6125801,51.7082907
0.853635208,0.187742028,7.60561322,0.962505289,1.29123444,2.55927939,40.572898,32.2570759,0.854298437,64.5874027
0.209197146,3.90573022,8.11761902,3.24075328,5.21932969,30.6346184,5.48650317,55.7175389,76.7932062,41.0908219
0.0627156999,0.251074586,8.57378236,0.995679014,22.464354,12.0914683,1.77881547,8.55719892,16.2533833,58.8071716
0.839873917,3.04371401,8.32809796,4.16435069,9.75320859,31.9345203,48.2948604,8.7764704,63.4558593,41.0953125
0.424840794,1.19687732,8.81358132,13.9755025,9.79781374,31.4718704,48.6267528,62.4771006,5.85851598,36.0132884
0.692688955,0.0930567217,0.00972196833,2.48377188,1.17801715,34.4654126,27.4806546,55.3293667,0.84263978,64.3778916
0.308556989,3.66922378,1.44900474,14.9737303,24.1952342,34.9933909,2.6143835,46.9465998,49.9958519,40.6784206
0.899145429,3.74889917,8.43396707,15.4391758,22.231302,23.7498291,42.7095867,24.8471016,6.62841905,38.0678858
0.24037925,0.21623612,5.1310621,15.5745136,1.32802264,28.9101498,1.20781863,18.0345303,2.97560075,60.0271824
0.91103152,2.82705469,5.19325338,1.7947514,6.85431983,0.796913702,2.35281182,0.925053031,75.1354566,59.5505819
0.110783069,3.72419272,1.14098382,11.5824737,16.6181444,1.6600233,0.0158102699,27.0670442,4.82399975,62.0177988
0.835061121,3.48902402,0.060243852,8.03274764,22.4836615,11.3754887,37.8924683,7.46367473,2.50738841,56.6410378
0.862321379,0.141640458,1.24016179,14.9318822,0.224289147,28.2638745,14.8892669,1.18772921,73.6148707,58.4919609
0.964072811,0.686933531,2.9066679,0.653042712,24.5138347,5.7891528,35.7852068,20.8594128,71.0660002,45.3062829
0.986263883,0.548346071,0.117927917,3.58133122,24.1152687,7.66200294,4.46899437,55.364358,16.1556668,49.2474519
0.671021464,3.43095906,0.290233854,15.9295681,0.392391987,28.7022574,47.4211226,28.483204,77.4676018,44.4197594
0.935211847,0.422021529,2.06063159,1.84034775,4.25731539,3.88759601,47.4022716,62.6658703,52.247874,44.5577242
0.0387897548,3.75763243,5.68872569,6.06693675,23.4467836,28.9334921,45.1914137,41.9140478,1.7729206,49.5128949
0.0665223771,0.166368248,0.34007501,1.13899977,11.2017234,25.0064877,27.2751613,24.3398554,70.8122816,61.2975321
0.380020492,0.0176645108,1.99672296,12.3071773,23.0141643,34.6465516,6.25078429,1.21676782,43.305539,55.1166782
0.834183645,0.498110092,8.40669437,0.555104092,2.55386658,32.8833667,47.2913569,59.8676175,64.6071033,44.280149
0.723685798,3.94883511,0.16125068,2.02699326,5.74333299,4.60448723,32.1452198,51.8647356,13.4291537,52.675187
0.265005087,3.76199809,8.77937193,15.8295129,22.8501363,24.8277469,5.36472603,6.46571794,77.6100156,35.487254
0.866663985,0.0864076429,0.569820172,1.72023114,24.8824261,34.4662499,46.6353177,58.4936659,79.7879126,38.6190512
0.0352645624,2.76599875,0.317384439,11.1649239,1.36805453,25.7651075,35.6096971,8.06981028,16.834448,62.20847
0.522938489,0.108722389,7.41867407,15.3869495,0.718200091,29.9360505,47.9130686,11.682673,79.3348457,44.8964534
0.77986146,0.526224254,0.564831091,12.6509376,0.481052592,14.4733195,1.47216062,60.8698463,80.3766531,53.5551855
0.916755024,3.60677397,6.86291451,1.78509317,3.22027976,33.4683923,4.45059822,35.5322193,7.60627645,49.9071938
0.419648349,0.119207572,7.92375022,2.61315154,23.8093766,20.4364484,48.1663109,2.85619122,5.06986795,51.7259448
0.504726891,3.77940862,1.17168411,0.879658685,0.661736145,31.39112,14.3648955,10.1853606,62.4660105,54.8267114
0.918720808,3.76250093,0.794490867,10.6808978,15.3893645,34.6310433,43.4807144,56.6431745,2.32084201,44.1752602
0.0947161285,3.57588489,8.76908485,12.4605685,1.21139917,14.379539,12.1307192,53.5474148,4.30454474,51.6077837
0.908437174,0.414318273,7.75623359,5.36538074,24.9283859,30.7907653,0.53511481,34.8403015,31.5745758,47.2119236
0.515901246,3.00898951,0.194944456,0.767056682,18.6275737,34.0299748,13.3203065,55.3672169,76.9691387,50.0248375
0.0287981164,0.0397682935,0.867845621,10.4557341,2.38014313,4.41445279,45.8803794,62.0893897,20.7206435,57.5943191
0.593450108,0.463853099,8.95281596,14.1827608,2.59407419,33.9910483,4.83057279,56.733823,67.5383421,42.9272674
0.882537559,3.23499091,5.60762073,14.7227319,7.74212779,31.5961775,1.30039401,2.24935728,56.8871542,52.4184091
0.815424335,3.34716901,8.7066181,2.00961992,24.5031804,35.932763,29.8741874,54.1610288,15.707678,35.617963
0.975130178,0.0516394172,8.78329138,4.93891978,0.663594122,4.35802547,29.0379387,0.829648942,70.7608034,55.4700159
0.131610436,3.90638876,6.02080513,8.30532615,5.65101409,2.29511839,24.5746643,7.03180978,50.1528933,51.4957599
0.938884528,3.32907026,8.2885602,6.81122711,19.2094007,3.45140117,15.9241875,63.7637545,77.7380586,36.7294626
0.641826085,0.684018728,0.681202418,1.72272334,15.329852,34.3049888,32.594773,0.457057744,2.23953791,60.7094651
0.874875795,0.149917502,8.24277724,14.8570492,10.0407731,7.59370985,10.1831798,53.1635936,20.9041836,47.8487541
0.805695109,1.27078643,4.74198862,6.4048269,21.7588505,1.44162175,1.81945466,4.66862673,2.03691578,62.5784551
0.213952665,3.60978392,3.68631846,15.9189062,20.4007055,35.5071477,44.4148957,19.7897832,79.5914339,31.2083122
0.98269069,0.329712512,3.3259304,15.8438434,24.1803195,34.0280297,17.8248693,59.5307442,26.8529545,32.9174556
0.0623626756,0.517954167,2.82529904,1.42398997,20.3115286,1.24022264,0.57420271,60.8978819,28.7303066,61.1874369
0.0436663851,3.60373982,0.124247972,0.418974035,2.65093894,6.23632528,24.389637,41.3119579,73.5039286,61.0926483
0.0261839284,0.293136809,6.18829091,4.63158893,4.86743108,9.95642421,13.09614,62.465292,78.6753582,49.0057008
0.210207564,3.8341074,8.64708163,15.1127025,23.7357019,1.35589828,0.792750284,58.4542237,50.7990931,43.0384659
0.851128461,3.66419196,0.166942868,12.1045159,0.935736532,2.77040221,19.259671,4.29726964,40.7669363,60.113965
0.0218366557,0.0346887447,6.78089777,15.1979856,13.3512473,27.9561695,31.7687859,44.3878693,54.3208116,55.6978443
0.0239708331,3.51116492,0.334689306,0.218955264,24.9704926,5.86020915,44.2839406,25.0639263,1.78348897,59.4035519
0.985186091,0.090504637,2.50072777,15.5230282,24.2742096,2.3622832,42.049927,7.99781022,24.2953704,44.5961627
0.0141632762,0.168731514,8.7087673,2.22579364,1.42762518,27.4987815,5.47232708,0.524066955,50.6165384,64.9817265
0.0714670569,0.587301525,6.24763001,1.63118059,11.3315946,0.15793306,35.9073933,15.0971579,53.0706533,60.6804726
0.833000137,0.933205344,0.859995591,15.9038302,24.490316,12.5882422,47.0757592,63.0670306,80.4727816,28.0227746
0.989837673,0.80705064,0.225244847,10.1158176,0.854439382,15.2102761,4.23328594,1.09293214,1.15222406,65.226385
0.057826804,3.58038093,7.79020285,12.3366559,22.1483271,31.5834314,3.71716596,63.227059,1.494348,49.1182969
0.975600622,3.6785924,4.73049785,15.0708982,0.916798402,12.428259,13.2703508,46.7418661,69.0311164,43.2084556
0.610745804,3.21889366,8.87791818,0.3037223,1.0323318,0.576711215,11.9579006,35.8335015,17.2875362,58.1362099
0.039127707,2.47748848,7.08490954,10.79921,22.3791098,1.00649821,43.8488163,9.21541191,4.33843619,58.2317304
0.0819652486,2.35973317,0.0795907011,10.0994007,19.7296927,31.6021311,39.4949266,48.6298071,52.1033194,54.9159518
0.00652064989,2.3702506,1.80407779,0.240616098,18.8043152,27.5415478,3.80245878,15.5750829,13.18641,63.3487206
0.0596235143,0.369621366,0.509187747,14.0772838,7.67118277,6.57907474,25.1930536,13.9131179,57.9313429,57.4441002
0.480572693,3.9409921,0.571940312,1.06811614,24.7312962,12.8093208,8.51273429,55.5431542,12.393935,46.1275598
0.97633864,1.29411076,4.7690692,15.5486011,20.8426292,2.97939343,47.1835068,60.3405773,0.105333768,41.7047024
0.87362012,3.73344645,0.0776210796,15.2488605,24.3723516,1.60433907,0.17242354,9.04154489,31.9506317,53.2984461
0.0104652848,3.5601675,8.40408828,2.68736317,22.6762823,29.1990146,43.3353413,1.41143137,53.0639645,51.8012621
0.195251899,2.39469264,8.0981308,12.9498644,0.579667953,25.1701747,47.8100798,54.8722473,78.2927563,43.1732671
0.967364664,1.99164311,3.47798303,15.0413059,23.7949192,30.5384812,11.2337432,11.1306487,1.02936945,44.6454736
0.753555863,0.0535297934,8.26928558,6.90264844,20.0193909,22.9011764,32.764034,4.07407409,72.0941191,53.1109139
0.0846039267,3.7527823,2.27733164,12.645224,0.435857743,0.663958948,47.8540071,59.1630857,63.2569572,51.2474372
0.900472594,0.971574894,2.83328544,0.0504895747,0.903565449,16.1632738,0.194313096,41.5610828,26.7282469,62.958158
0.869683594,3.08865182,6.68515502,2.48971953,7.36906412,2.67945435,45.7188061,35.2309336,78.8495783,44.8283433
0.998047695,0.750410078,0.319923875,7.04101035,3.53262836,32.9540772,47.8786489,24.0996898,65.1630445,42.9248164
0.0879932009,3.60691073,3.03456366,14.0647899,4.56943485,33.8278913,45.4197568,62.5004485,16.5010242,40.0441471
0.497058267,0.233174231,6.65842639,3.86195592,18.5830473,0.398376871,48.3467651,60.1881437,78.6353607,45.9572984
0.0156579274,0.651142076,8.42595902,0.165905058,6.82237118,19.573169,46.6208385,60.6459017,14.7704907,51.8636764
0.858085695,3.38508038,2.35352384,1.20042619,24.3171923,34.6333613,47.5080837,17.4531263,28.72089,38.7927216
0.196653905,0.648753321,8.0934024,15.669624,24.0157465,11.0182866,0.466711977,5.26132456,54.5254433,48.5791038
0.646871433,3.87266395,8.6916448,2.62079358,24.4964633,17.3651113,4.66212534,6.97545433,66.3959359,41.2989502
0.319803052,3.71959768,7.37591077,1.65753561,3.43895068,33.7594944,48.7578252,59.7790226,43.072859,38.799765
0.434871931,3.57019725,0.68653449,1.04030308,19.3342111,0.12417471,47.6448207,11.1034084,69.5910278,54.0522534
0.00903439848,3.36454113,8.64623092,5.69428303,12.2106565,35.2845878,0.0906417687,5.76810631,61.4623235,53.3397831
0.2432345,0.168993041,0.59859012,13.3407061,14.4493281,35.7940039,40.5923956,12.2690642,78.6736595,46.1934733
0.0252044122,2.44222239,5.47125902,4.35621867,23.3861732,2.03425302,34.9675249,55.1063102,35.1290353,53.4903526
0.967273994,3.89605976,2.42189854,12.1756969,20.216489,5.0829447,1.43141563,62.4358026,18.3945074,42.3023704
0.354921387,0.654987922,0.859520572,1.71067822,24.0138336,0.721242719,35.2886754,1.00256693,22.9615527,59.9444549
0.866663635,0.0628346186,0.138229926,2.18730933,15.7936926,28.2119782,3.69821973,31.3195213,64.7922366,61.1223749
0.81703238,3.4528389,8.69260669,15.3612251,0.171049999,35.7657522,31.3023739,45.7122154,36.9612874,40.6350466
0.905187798,1.96529431,6.07822824,12.0569676,2.27315287,7.02771953,47.478444,6.80209506,23.8084975,48.0628199
0.972506144,3.64305362,1.80496408,10.7221696,24.224894,32.823534,1.54594877,16.6673206,80.5660255,36.8849686
0.044028292,3.93401222,6.62251077,2.73499701,23.5854253,0.349501826,8.27173099,13.0387496,7.92942056,54.3349875
0.0367743909,0.268748729,1.93473672,0.213296138,1.35654506,35.2119782,5.05944802,25.0029269,0.243468354,67.5073004
0.0307227494,1.42899894,2.66653798,9.78469558,5.2790227,35.3297592,4.44000066,58.8944575,19.169765,49.8176009
0.994008475,1.20175599,4.30400472,7.83524035,10.7570073,25.9507572,19.5683454,60.3176857,80.1690183,36.7110311
0.964092677,2.02248779,8.89272777,10.8011305,22.8120377,2.76092201,47.3887561,21.9740971,48.9166342,37.5736457
0.483707305,2.67468733,3.30743444,7.20099435,4.86245603,33.5497367,3.3003474,1.22616652,0.228639111,60.4483204
0.229205165,1.00484372,0.91889595,15.7941907,20.2553512,9.6308327,12.8014832,58.1596833,22.5249131,45.1399409
0.829230452,3.50485008,4.53455387,0.438917354,1.38119984,19.9090841,38.0787469,0.65120256,0.963674881,64.9035087
0.361992972,0.0635310412,8.47397031,10.7004463,3.75144708,0.822268322,43.3700309,58.9174108,21.4176939,53.3420599
0.192356673,3.75439182,0.142434049,15.8027899,21.0789751,35.0419951,36.4933359,13.70924,14.1713449,43.1864984
0.917591629,3.85003749,8.05531615,13.6863569,16.564355,31.8447389,3.43929288,43.3573626,4.04244149,45.6063587
0.311595725,3.95740304,0.163851606,15.7403356,5.96859773,20.4797978,10.836215,52.592683,26.8614764,44.884935
0.71921279,3.23746997,0.354908346,12.3459153,15.3091198,0.541898556,48.5767432,52.6671504,71.8841081,50.3238403
0.0161407236,1.10856675,8.28316026,5.46567856,8.84306709,0.617269133,8.76870131,42.5311709,6.82073941,59.9694968
0.616718844,0.774435455,8.85757028,0.32656429,0.884403685,20.4087267,2.00039169,8.59835977,0.800652719,63.9240798
0.866772163,3.35898301,5.46189202,12.4786172,0.186104479,4.11548589,17.6555357,54.3204043,3.84034259,56.846745
0.939435932,0.398824781,6.85822591,5.69395998,3.7272635,27.5295286,22.8482149,60.0132304,2.99006646,50.3501789
0.835730946,0.520011803,8.63635357,14.5679089,16.9452541,34.3956414,48.3815752,56.337808,67.7612015,34.171464
0.977336301,0.364811791,7.63149598,6.31635551,23.4173937,1.63655162,2.07319018,6.67083472,66.7227293,52.0102497
0.347792018,1.36181077,8.89557485,15.8693815,19.8369671,35.8658011,17.039179,28.0581664,27.3414843,34.2723791
0.247406756,0.661371477,8.25844105,2.8778128,24.062186,18.9505911,14.4078609,57.3627835,0.381700706,49.1341913
0.903921533,0.836842793,1.83783042,0.739295997,14.6059731,10.928252,47.8177294,30.7948262,0.814231062,53.013863
0.126767889,2.35162315,8.39323091,14.2788476,0.92450562,18.9589699,10.0829617,29.1759532,71.1848465,49.727601
0.152772677,2.60151164,8.11379364,0.941576511,1.68190963,25.711405,32.1000612,20.5434961,74.089244,52.4523349
0.985324357,1.38588341,1.22042746,1.2877124,16.5347438,35.1931531,15.41355,54.2486573,16.6859166,43.7710274
0.173447976,0.560528485,1.80507046,13.9008025,23.1052497,7.10148355,19.9184373,1.5348067,4.42487144,56.4196148
0.978397632,3.71600461,6.50139837,0.00442498923,16.2043655,31.3499406,3.33765933,52.2976589,69.2959808,48.2374267
0.953845333,1.11403488,8.06446075,14.9188074,6.86933886,4.28872077,11.6102937,21.1680525,75.2527235,41.4431531
0.15334107,0.8134778,0.273103067,0.0768791139,18.9176065,33.4248043,36.3228346,46.8644729,4.04408413,60.9065238
0.461196465,1.31592893,1.83947358,1.83542519,24.9862394,26.965855,15.1432369,8.33555586,80.6041893,42.2258667
0.941035903,3.9616577,8.05699688,15.9049753,4.56294427,20.7422356,36.4141459,3.33112675,63.5942456,38.3362271
0.996192077,0.000964187086,0.4614578,11.9488893,14.0350581,17.6000178,37.4283063,58.1790476,29.4285742,51.0117018
0.478594734,2.96675214,4.95728483,7.26424574,15.9034797,21.2878522,23.0452171,32.6059242,50.3315031,49.8392482
0.0497642807,1.55306265,5.22891305,11.2740327,16.6685602,33.8274617,35.5920049,3.69105682,24.7960809,53.237854
0.0235659266,0.290113468,8.85837216,8.28602331,23.7402077,2.40611702,15.8008352,43.9351594,63.5655497,51.2701626
0.567026251,0.0408196896,4.6271789,15.9924772,2.44483056,21.9848302,42.2494119,35.0910856,20.0926419,50.4215379
0.57452975,0.486006703,0.707996143,2.29543363,5.2390048,2.81318231,17.9054167,35.7066627,73.2544014,55.5934756
0.215416601,2.02725391,0.127116784,6.13650071,0.261656463,32.6306453,47.9858271,8.87609011,76.5026488,51.6901452
0.184745044,0.0397912879,1.73739438,7.79964815,1.07270557,5.70608221,46.4461262,1.36332375,1.74940406,66.1552256
0.0922837132,0.0494715907,7.80530567,15.5954653,1.53860827,13.5204509,8.4632556,57.3868557,26.4320212,53.2666124
0.314410532,1.19121666,1.75159734,0.171435557,2.05845778,30.9599179,48.1014947,52.0107394,41.1299899,51.6010279
0.93090036,2.56939937,8.76440768,0.710915484,19.3070896,27.7263658,17.7349139,4.82883695,7.9261252,50.4001251
0.139028501,2.60805382,3.51122701,0.341928058,4.35134834,11.6806038,10.7638043,63.0327934,0.200868781,57.1888821
0.437909576,3.78499647,5.48020268,15.5849048,24.2098439,28.5800198,44.0903473,63.3043456,25.4860489,31.4428823
0.92804679,2.72959262,0.591936243,6.52876264,1.42768363,28.9134447,27.5828062,57.7607224,41.0838418,50.8510115
0.0129674929,3.77861439,7.13720944,5.47383075,22.9271371,16.4060423,16.8133006,61.5741416,76.6933481,42.2753971
0.412786159,2.78792353,1.41940989,10.7058271,20.0573267,5.02520162,3.48944741,56.3494519,72.4418634,50.8555283
0.0895203571,2.27456881,1.5256273,0.387469389,0.30940047,0.134930369,48.693348,52.3752584,18.9433748,61.797753
0.901225711,3.60211074,1.51920149,0.389976941,16.1600801,3.55139833,0.478686482,12.1256515,25.090381,58.7854193
0.0852523758,3.34672346,0.857799047,14.2730246,23.006055,18.3825296,4.32114291,9.72920555,79.4277574,47.820305
0.60474203,3.59722169,5.63594913,13.1503275,14.9288395,12.968225,17.6358246,5.62060863,1.98608375,54.026029
0.83032209,0.893465961,1.08540767,15.0162524,15.8653176,33.6869024,5.12968165,30.7716248,74.2906876,44.7730389
0.619492184,3.22055897,8.85268886,14.4739711,0.0505757518,0.0383919664,45.2620883,57.3613974,51.8992433,49.6590431
0.188170847,2.34967787,6.83074441,0.571207568,0.446251058,0.203811307,7.42707979,31.2554991,79.9533645,60.0714368
0.882909113,0.213818874,3.72109618,15.0461135,0.0461905846,1.9082229,42.8781828,13.8682524,75.5801344,53.671713
0.147218621,1.21344847,5.46415898,0.213276081,0.829830405,31.6218536,0.672607917,45.0889981,64.2818162,62.8185294
0.326681869,2.16870638,3.25846215,15.9526939,7.69751532,31.8816071,13.8423333,58.9008768,74.7189261,38.5363848
0.959351499,3.28258017,5.23122143,0.246384949,20.2997363,3.8419942,33.2063697,50.2276239,19.8379655,51.4865477
0.853046473,0.608258715,6.75950867,0.110571556,3.71271732,35.4815325,46.4374425,2.73801297,2.25787464,55.6145917
0.564703772,3.90519124,5.73566383,0.536905743,24.6481717,17.0221628,48.3066576,11.7473978,79.1193908,36.1134605
0.145536992,0.160887107,0.0666289386,6.8134588,2.81579724,0.150053099,2.64386669,54.1615418,26.6208847,68.9626015
0.258871367,3.40428231,8.48864999,1.31610053,12.0337867,2.66870106,44.7243511,28.9560838,11.2656161,49.8687014
0.726723473,0.165637881,8.72068484,6.31144487,19.4591769,0.556047326,29.2467548,40.7604208,5.55886699,56.5661898
0.894686448,3.98051761,1.25891477,15.2543404,18.2789338,20.2173523,34.0830283,30.6370117,45.8864955,40.5091058
0.995638486,2.78413653,2.21103382,15.7252977,11.0592009,31.6645613,46.6616678,60.9307253,79.3549387,27.5193515
0.69881231,3.75394389,1.20380741,0.695316464,9.66220468,25.4507063,46.3071341,22.2078124,79.3586847,44.0900425
0.954578494,2.40300581,7.46701901,3.89065726,22.3070173,20.2179311,47.3230928,52.5336929,68.060147,39.0897249
0.885146035,2.59762942,5.30459116,0.468764372,10.1918855,28.8285786,46.1690379,62.7206557,2.60845379,48.5958757
0.371989425,0.105062509,4.01757489,9.56646772,24.4109365,35.4381414,33.81341,63.9764395,65.8368949,39.029617
0.431362034,3.60682327,8.72689739,15.9368953,17.8113109,6.77227157,34.8013765,55.8168785,2.88226605,41.685053
0.682811093,0.0241850074,5.57419545,8.00526046,0.644711242,15.3530644,36.6874024,49.8572302,79.0605983,54.634003
0.161118711,3.68870003,8.95828074,1.46561746,13.4884168,35.7430088,1.01941736,42.2499269,18.3789675,44.7005681
0.00798392157,0.743078979,2.08890308,14.5671794,22.7880631,34.5261456,44.8192047,63.1815356,5.14963822,43.8767279
0.386842374,2.63914646,0.302588234,1.06747448,7.88073187,2.10326401,45.6763883,0.0768174827,14.0122818,63.1190008
0.621609251,1.54674669,0.386092597,0.103600971,20.6586362,13.9650586,36.3964634,63.1652505,63.7442353,52.7326244
0.0736585954,3.92004897,0.591793004,2.24892826,8.9646047,26.0801733,40.1165711,62.9677449,74.5311458,44.067014
0.408878488,0.0830040966,6.86216455,11.3770084,20.9059084,22.4671223,1.25789026,29.2068948,0.355492376,63.0150132
0.496083395,2.69446933,4.37864487,14.0166377,15.0459313,2.8319193,5.53644727,0.0904423893,60.8325654,57.8376161
0.402925404,3.86908983,8.53355042,14.9011742,18.8051793,12.4532621,46.2449737,1.66267574,51.3731707,41.1940015
0.880750239,3.07705673,0.207957088,5.57294207,0.683281292,12.8284817,5.84112947,32.4740556,80.306469,53.2579074
0.912364991,0.47363787,0.97127497,12.8327506,0.0624926528,0.45218309,5.22829959,19.6325165,55.3129046,62.513428
0.0121080745,2.00163294,3.2509574,15.7174473,4.90148202,6.05986501,5.65023321,1.91939309,4.10026921,60.290431
0.00500030769,0.160685564,1.44509924,10.2808115,8.74886051,24.6219706,1.98777095,51.5478933,77.763616,59.207801
0.0956811971,0.455515582,8.66338237,6.16431602,5.71783064,35.394624,18.3012985,22.1055857,10.8577176,46.4514848
0.464507444,3.90644837,8.27494035,15.8620647,2.68903623,28.2699037,5.8141159,15.4721856,11.4193491,42.244248
0.735507626,2.70664696,5.88462262,3.29305127,3.61369512,14.9383848,7.39649358,63.827148,49.2027848,46.7380171
0.478681619,0.807884574,4.76109106,1.16891391,21.7751031,34.7875839,47.5344874,21.0677725,48.16045,43.7133917
0.00567175634,1.30083554,7.07161426,13.5481087,11.0357035,2.97897015,37.5003314,39.274938,78.3201144,52.112883
0.911804142,2.76885174,0.205316906,6.68664614,22.5964781,5.77126309,18.5366336,4.18048635,67.6275812,53.1558911
0.304520905,0.331412073,4.59611389,15.79748,6.63557572,34.7344538,8.11995608,9.27596876,77.4651425,41.9033512
0.947666887,1.74945933,7.11661853,14.2359308,23.8899613,26.7557717,11.2364251,6.00448019,67.4558948,42.6929717
0.165678633,2.24316985,2.15035519,10.7015284,7.16821122,1.62142371,48.0041724,27.5932529,19.9996102,50.1476133
0.955067749,3.29460615,1.00247406,1.03384712,24.7947044,35.4193953,45.9737597,63.9730279,74.2658137,29.7828244
0.470659476,1.49528335,7.26117096,13.3338874,10.3825864,0.186574459,5.11360618,61.8827637,80.5060492,46.6179627
0.0766317379,3.79847612,2.22341906,1.78521296,6.36589323,23.8571115,46.9220798,17.495159,31.8152224,47.5872601
0.325420343,1.3588194,3.77485363,5.27116078,0.623896823,15.6008242,20.4869424,1.35854226,62.0407267,58.6113492
0.763141611,0.484225318,5.34357148,13.1658715,23.128781,0.607528657,30.9436882,43.8432809,53.1836128,52.6873165
0.782532485,0.0939083491,5.21465232,1.17606131,9.47256915,7.87643354,9.82527679,4.47610662,37.8724289,59.9171505
0.157589218,2.40796027,5.82367797,6.32119704,0.560479879,28.7788742,36.1214994,43.155722,7.8720123,56.53728
0.659072956,0.156680022,2.97252334,0.355170481,2.10980529,13.6763158,46.0584623,3.3640905,35.778077,60.5950114
0.39498938,2.34606091,5.0528029,13.2593654,3.36510403,10.5169437,46.6501485,0.0606093109,74.2424335,50.4632654
0.790280313,0.964860026,0.905537384,0.652113371,0.108476146,33.3483678,2.7465317,3.86387107,55.7900993,64.0349494
0.0602727044,0.0133695416,1.57924357,2.39416625,23.0503772,11.0739354,48.4993964,18.7502392,80.0770705,47.646991
0.648710599,3.51618125,1.03113527,9.40543969,20.663772,30.2641126,6.72487272,40.406048,0.56832873,54.9177891
0.404316381,1.38168028,4.27621249,9.42803477,14.0318927,12.9887222,45.533525,63.9407104,34.8295165,41.9303293
0.275482479,0.136107994,8.02588571,14.3309093,18.1121689,16.1609792,45.7034493,18.1185302,7.7677047,49.8445488
0.483518587,1.98757926,2.80050759,12.677549,24.3208472,15.0899607,44.8756316,21.8646297,69.3965001,42.2421502
0.354610175,3.7328489,4.48069382,7.14843776,24.67715,34.3581388,23.4637425,4.07471428,4.71169635,44.7860889
0.143449269,3.80747663,0.584383959,4.87324917,1.09182233,0.371386539,18.9106885,23.434808,16.2227869,59.4614281
0.215029426,3.99822111,4.73003178,1.14522028,24.5582028,35.5881151,34.6406746,48.0898256,67.9624693,36.7375395
0.62423736,2.2292241,5.78139608,6.97577333,15.3474412,27.9997144,47.9105914,21.3018036,4.31905152,48.4459781
0.0256595742,1.04185483,5.52196414,15.3801467,22.0711475,35.6766215,1.33166848,48.7864829,63.8108995,47.7871478
0.481014593,1.64907586,0.0406286689,13.9485115,0.988594292,22.0381359,36.6821734,63.0713159,9.62579213,54.1906172
0.768852092,0.38842433,0.557343604,12.93148,17.7887533,0.83117386,2.09483675,33.8564202,1.08196354,66.7273296
0.0901410282,0.00104435347,3.49300976,0.0267115981,1.47160695,11.9490205,26.1157244,44.3819515,9.44079192,67.4829521
0.00463256892,3.43834338,0.533508104,4.74790582,9.45806894,16.9410655,6.1080479,3.86759952,54.0992853,61.4747446
0.955375428,3.97929313,8.95419322,7.334186,2.600122,0.36065145,18.332706,7.56238535,77.2165969,40.7648701
0.0604978479,3.14931725,5.79362781,4.44918579,14.7899755,0.171367239,0.230287333,63.2675368,52.5118064,58.2852581
0.830868534,1.62978585,8.57423976,14.6623981,23.3193026,3.62658542,5.47332361,22.3998334,32.9066469,44.3798871
0.991565769,0.983491645,3.47416387,12.9282089,6.88632868,19.477584,15.9980071,20.2519528,28.5668288,44.7752658
0.00536257588,0.515251007,8.60327443,2.19251487,2.49590617,34.1206915,30.5739659,55.6985047,76.9097514,48.252586
0.989943267,3.90597453,8.35631923,15.3906482,22.8510733,11.5043387,45.4897825,63.7045574,33.5353121,24.3119745
0.991591915,2.74123157,8.72772183,8.57029862,14.0765096,12.8120478,21.8973106,49.7630703,20.1527693,40.6869479
0.0817868924,2.36920327,7.19857962,15.1603419,24.7902196,34.8791428,35.0521052,55.8126152,74.1951984,35.9535639
0.04135009,3.88384811,8.62917177,7.98226256,21.6980786,6.63451996,19.5686101,2.12848312,77.7293185,45.5272949
0.961622614,3.96512059,4.0089265,7.16029117,10.9588564,15.1194836,34.2477762,63.1839641,56.8071737,36.1899789
0.027310025,3.99835799,0.906048052,15.9104029,22.0956073,15.6547085,28.1567004,47.8881061,70.1152796,42.4060282
0.744868101,3.99269185,2.63697834,6.56878168,2.36506998,35.6127933,11.1832207,54.0612455,80.1818482,35.8024503
0.768437467,0.514058881,8.52211962,9.35904586,2.31839065,21.8758898,0.108016833,3.18552345,44.414142,58.5521754
0.805831339,2.42923504,0.345120262,7.88664256,10.627459,22.6122198,37.5365086,1.43778923,46.7314638,57.4211906
0.574041657,3.67254484,1.03741394,5.00639094,22.5195497,15.944603,44.8390745,51.3625003,22.2017323,44.8918502
0.0799508188,2.93364825,4.10882886,0.154181227,23.9435701,28.1994341,10.7372219,55.4946943,34.5862522,52.4707729
0.249319663,1.26233021,8.96358441,15.9345683,6.70301976,11.0205281,2.74420681,16.8279293,13.931592,43.5908318
0.419798412,2.20764799,8.86453318,0.371870376,15.6647112,2.5946313,16.290229,35.1078423,52.5300806,52.1671441
0.158033294,0.262271922,0.00944207982,10.120952,10.6869333,22.0152636,3.45054617,34.3896333,3.24836123,65.3280861
0.143802466,3.55221138,4.53754188,9.71813076,7.22462127,34.861855,31.5743496,0.121492446,73.3094701,49.020517
0.85097883,1.60480302,8.82976648,1.57362103,24.7634625,35.3000867,11.6478735,14.1194648,73.2097613,35.3402797
0.768609756,0.096709719,3.15055524,7.7902186,3.44364297,3.3227733,13.4081436,63.5672172,28.1221807,52.1431811
0.196888791,0.43964291,2.42637833,2.02777378,1.24059408,0.957178843,42.6093242,63.8852348,69.7882489,53.2046609
0.75720847,1.61099941,0.150792521,9.54649055,24.7917957,1.02320735,34.0903423,63.1940379,28.090824,48.596723
0.193338058,1.73093512,8.6097603,3.9846877,16.6347182,6.78142074,48.099473,7.63109342,80.73048,39.072837
0.28625301,0.217360051,2.63336562,10.6239906,20.954133,1.60427221,47.6430571,36.3888015,3.27461373,55.4151326
0.945365227,3.01349876,8.71567439,0.603644796,2.27825987,22.6277535,0.889486489,6.00741312,48.8434295,55.0487585
0.634756537,1.41249968,8.734841,13.2848792,23.3829242,31.4030967,43.3469869,1.05646485,35.4435211,44.3544728
0.908697815,1.9367138,5.28476931,0.209460273,0.623150659,33.5421032,24.6749216,31.8784725,47.4440703,54.4722808
0.954602225,3.99836423,1.14201308,10.3358474,4.0413411,32.8606185,16.8987216,16.7376549,37.6718894,41.0996332
0.879512057,3.83654462,1.81206522,14.8979203,8.35374915,2.10533231,43.9912594,0.125669688,0.165096947,54.8729717
0.0515903277,0.314548139,5.87377512,15.1794333,1.14919534,20.9175559,29.0760874,6.26969254,38.8832548,57.6311372
0.284715403,0.847144455,4.40292841,3.58705997,24.5576518,22.252921,1.14854666,60.8962582,75.1922104,44.5476648
0.971556996,3.83372588,3.219616,7.26419049,14.4524708,3.85532485,44.1608166,10.2457102,50.1830586,42.8832451
0.804010856,0.0418187007,6.4055329,15.6291605,11.4074827,0.808039774,11.8749804,7.57077891,12.7589405,56.9750534
0.503009756,0.339867244,0.334721006,1.16613378,23.7662305,20.2118641,6.53423617,15.5524886,18.5736052,56.8222268
0.16915653,0.0551688411,7.25110131,0.461705983,24.8319603,1.09010704,45.5006775,46.8723914,10.4814894,56.612333
0.218790487,0.846830244,1.5207859,15.7307454,4.12249172,16.8743663,48.2842781,32.4738024,74.9205495,40.1894031
0.240495216,0.0123642888,8.5648541,6.22743388,13.2518582,34.5334111,15.0262121,63.4076093,35.0435481,43.6130171
0.00853487151,1.78234197,8.59831792,14.0965712,14.1752136,25.6538603,38.6971054,6.85781506,75.0486735,48.9018542
0.957088553,3.14926305,3.74411302,14.7688402,18.5884778,23.8273785,3.74324522,59.7190831,64.078769,42.8683131
0.650030467,0.248206228,8.10467154,0.381317236,13.7480946,20.4847267,25.5905604,35.9827537,33.0848509,55.3708511
0.54225386,2.64247276,0.0893489337,13.6667177,0.819729967,3.17025001,3.25556638,42.1931147,24.9069422,62.8345161
0.454764258,0.891558892,0.96815417,15.5860063,3.13708303,35.9343888,18.0644836,7.54461587,23.2354802,45.0739724
0.448871192,0.712482334,6.05380362,2.27107501,15.5589311,34.4943283,2.9623321,5.11434371,6.04292004,55.7579737
0.779259693,0.0706571658,7.95371586,1.9599378,19.8039885,29.7145694,28.2680649,60.5613586,79.423003,45.4934171
0.0724012815,3.39335133,0.125668374,10.8593084,0.618320692,24.6468571,32.2963568,41.6237,62.6814783,60.3862785
0.442434398,3.97969073,5.98988514,12.4435079,3.1822819,13.8412346,45.7742974,37.3756312,15.4837734,43.4435035
0.232167995,0.189948473,1.04397595,9.07334496,24.544847,0.351520054,5.44111114,19.2717181,75.6413466,54.4265849
0.500346266,1.27873707,8.40144928,3.83650505,0.219330273,16.2488185,46.1322248,22.5980662,37.5865048,49.6404892
0.992507429,0.289458616,2.09465196,10.3385788,0.771971955,35.3270205,39.7900478,63.12898,21.2214111,41.8391358
0.260780649,3.76146529,6.63098691,15.9945531,6.96018827,7.03343981,31.3366841,30.8899361,79.9319368,37.2175365
0.001056029,2.99471735,0.482760118,8.44320812,1.56066645,7.37422216,36.139988,1.01595473,64.7382422,65.895034
0.121024718,0.249717042,2.23722974,14.4359793,2.35050102,7.01369562,20.6646815,63.0893745,69.757355,49.0778486
0.0278617689,1.09099682,0.862821952,4.35298415,13.444631,20.0354557,37.9798229,5.07290691,15.626038,58.8534695
0.386815295,0.818670355,7.63348332,1.69633392,22.3189416,20.8092243,0.860824135,16.8114028,67.3900403,53.5815056
0.0963849524,3.76757695,3.74788955,15.6083051,13.7259883,25.4659221,2.38488344,0.961189002,33.7966941,52.618607
0.946532512,1.48768938,8.08968291,0.534429156,9.61065179,1.76340569,13.0115522,61.5936942,6.60411811,50.9579042
0.97280895,9.74796713e-05,3.68626688,14.377675,21.2232939,35.8561469,41.1895337,0.643666834,2.66854248,51.464193
0.6710271,3.80984925,0.306882925,1.38900053,1.45605872,31.6497358,1.50969691,52.8665668,20.7407306,57.7848614
0.94463508,1.92716818,4.31003999,12.1638041,7.89817992,28.3823429,29.9945294,7.9090212,79.6323014,43.0427788
0.987210835,0.210005872,3.52955595,3.99443359,22.5708848,34.3600926,19.160513,3.58086866,29.9442069,46.2342104
0.00755134505,3.66182478,0.650402637,9.45264504,10.3205526,10.8395398,27.4193701,54.0118036,0.484075339,59.9242458
0.0556837851,3.50950767,0.664560052,0.463645965,0.77771101,30.2240689,21.6765415,3.43880594,5.07695719,67.5558692
0.21383364,3.60797877,7.42311355,4.03451677,0.192701491,19.7768937,3.06564762,33.0964784,36.0871107,55.9863656
0.59273563,0.430951821,6.76632071,11.6483898,22.6374748,25.9770388,32.7899928,61.9209106,0.942746132,50.2593635
0.00428360002,3.97786236,8.84839724,14.2442327,16.9052166,1.40516228,0.76556798,37.7482896,4.43456436,55.2968676
0.932012412,1.33041606,0.681111151,14.9957658,2.86954218,4.88933694,31.4225511,59.8407938,61.0292839,46.6342879
0.11114466,0.0331773926,3.62798318,0.912591197,15.500388,21.631228,38.1778158,63.4121382,50.3808866,54.3477598
0.789132923,3.82816461,8.91567453,8.42989638,1.98199167,16.3209588,30.4260234,8.06531147,2.13865274,48.9163069
0.11930389,0.561923228,0.54832686,15.5191743,23.0663416,1.44350334,44.8629907,0.372881264,74.6913637,53.2288349
0.989615399,1.86403859,2.01735554,4.7904091,0.633917179,6.11427441,25.3301967,16.4776973,16.020743,50.9170491
0.630602301,2.13148668,8.76739987,10.1148499,0.44143576,27.6635694,2.19155493,45.0139084,6.02323664,56.0181809
0.0224582558,1.82361871,3.50926635,5.75911232,14.6887835,35.1132505,0.546421791,27.0511608,71.9621511,53.5028968
0.623799914,0.820608531,8.92704012,12.0235719,0.269192609,35.0210503,47.3563965,15.6167592,8.69760099,43.8029445
0.526743072,3.88323532,3.45606721,0.216127642,0.714488072,12.0974709,41.0958295,55.648426,64.6685717,52.4588254
0.0227580774,1.98002577,5.15941127,14.6224585,24.4697959,19.9577788,25.0281731,42.4550066,6.70306492,49.9955429
0.89452478,1.1119134,8.83916696,10.4518708,0.925157487,34.7355216,32.5468685,36.8569971,80.4299478,38.4758306
0.993338988,0.193495985,0.195802729,10.4115017,15.7953091,31.3351215,7.33333294,21.3246002,3.23374536,55.9577366
0.20092731,3.94121356,8.94679718,10.3470705,23.7712548,33.8111964,6.50343206,43.3406606,53.7670073,35.3119609
0.0735811405,2.71291506,8.91755605,0.648021601,17.6547741,34.2557561,33.337935,58.3502215,25.5301262,45.5486906
0.932727442,1.40047694,4.08579713,15.9864159,18.2688064,27.1129356,47.7862855,44.5391107,31.4308126,37.1490102
0.451667601,0.709510481,1.6709838,7.51075165,14.3797436,7.70550451,19.6194728,30.6666218,27.7335189,51.525518
0.522139291,2.38022784,1.10096629,15.8941965,21.5015601,2.47823146,48.504823,9.87484223,18.3178692,43.8751473
0.0293367999,0.254382407,7.66152306,7.49876972,24.7229155,25.9777228,48.4368537,53.8117285,37.6155674,45.1445152
0.95109403,0.149474375,0.485597145,13.2110518,9.60675203,15.3810552,40.0087532,0.149460733,20.2329642,57.9750491
0.791550075,2.32844698,4.9688759,1.59498511,10.8041779,15.5777626,31.9272233,2.40633273,74.968326,52.7161869
0.429318998,2.25761159,8.27536475,12.5429116,13.6188336,24.0997618,11.836681,62.8213707,38.9530219,42.937874
0.999251423,1.67466125,4.57115342,6.0010899,19.2468884,10.7325866,30.7378947,6.26509372,22.0599706,46.2687322
0.933394902,2.27249551,4.12191313,7.10035947,12.0961512,0.0199514274,15.4127318,36.2893313,74.4070128,50.5600896
0.17677155,3.99776716,5.5635404,9.64183251,3.56099982,35.6024625,19.8558345,35.2784606,36.8137993,41.1682649
0.434657215,1.13527309,1.20335926,3.30496216,16.4047169,20.2696482,5.41384256,60.6719279,1.38228335,54.6823285
0.17944848,3.96240471,0.305744528,15.3747232,4.64433611,10.5941104,47.9306,12.5316713,75.6829762,39.6386748
0.954663543,0.120638138,8.02165722,15.9873885,18.8093798,6.11460561,32.90685,3.17083934,56.0631422,47.2130478
0.948229457,3.56991919,8.1717213,3.7686835,19.1619123,6.13461229,0.583571764,10.5673527,6.95665335,51.6399039
0.757423629,0.0757263769,1.64973656,12.6620992,18.5944298,23.8764944,0.329444237,63.9598952,37.9156156,54.0699355
0.459435439,2.92568981,0.154517569,8.8476044,21.3861227,16.651957,7.40531721,1.52340084,4.80682177,61.7640987
0.00522981119,3.58974645,1.95427694,8.05793845,9.0180888,24.5065825,8.34687977,62.7046543,67.2362189,49.2821197
0.568235401,1.32956053,4.32861461,7.15681785,19.7462402,0.0853663478,41.8571723,0.64635095,59.7633463,58.9746485
0.991874934,1.7680744,0.059620712,5.41387778,23.5060205,22.5880051,22.5963685,35.4810121,52.3598457,47.1403967
0.514584508,2.48730603,0.342995001,8.38573639,17.2991611,31.6798149,3.60649272,1.72819737,68.1072602,58.1748301
0.290228575,3.48661804,8.07621243,14.048426,24.8364123,0.838080548,13.0935794,6.25417924,32.8942562,46.8495653
0.640332582,0.278807473,4.31368074,8.94620444,10.7157391,35.1748698,38.1605824,5.1047324,44.5973212,50.249916
0.952101569,3.88425849,6.14792285,14.4700018,20.8127289,35.3288734,33.1781959,7.75611863,67.1867129,35.9085028
0.0430120863,3.61653926,7.14452868,0.166254796,16.0068112,2.12444526,40.2228672,28.3798293,65.5486912,58.0869598
0.0204048976,3.78045852,4.87438578,10.3142951,13.0594475,21.792079,42.8358429,44.4231649,76.1044225,47.1203326
0.74934075,0.679920473,7.70260875,3.10260508,2.31799035,12.1879403,3.692597,35.8892882,69.9464607,53.3253537
0.633240092,3.46489888,5.7497631,5.81045269,12.9350679,35.5482555,4.80538755,15.8675781,78.9567381,41.6853179
0.612144966,1.28177179,6.16174007,11.3162395,0.0595189398,0.4821436,4.61073836,30.9284205,7.54732403,64.138636
0.480929271,3.91300461,4.20417551,1.02722392,0.863039249,7.34495931,3.71733966,3.04031655,33.6660198,58.4485206
0.17165602,0.0908856653,7.90959795,11.7559231,21.5623141,32.8520028,15.8048775,4.67191154,71.9093318,51.3261934
0.0531668659,2.30205814,6.05521172,12.3437578,8.65266311,0.444725476,30.6264728,56.3311071,6.22261396,58.7897053
0.00818688004,2.38757115,8.79356287,7.84203869,14.288034,20.1414849,13.5258985,24.524069,20.2842498,50.9966556
0.60590493,1.77663994,8.97163924,0.605691254,6.02017665,8.7968081,43.4926655,62.992088,25.3426758,42.5162402
0.0561771947,0.680446776,0.605167517,1.86747497,16.6435769,5.1796725,9.19536904,0.741211772,52.5819818,64.3775769
0.501772849,1.18506953,3.29300456,8.04906673,1.03822852,35.289772,20.6867222,34.9262912,78.6914108,44.9863454
0.42582848,3.59707764,0.188890044,11.8666045,3.15943986,1.01615641,19.7916502,34.3055927,78.5909348,53.8954685
0.129627563,2.60178211,0.341645171,0.0540137664,18.4521429,0.238018993,5.96877447,18.5371454,2.28253537,71.0065176
0.565362368,0.181247441,5.0079239,0.314551279,10.4114809,15.4928285,48.9576277,29.8426503,77.7387743,48.8428023
0.178202611,0.205101779,7.07759265,0.177160673,2.40535917,2.69497388,8.74658262,4.98171938,19.9431731,66.0311248
0.785023469,3.55776802,7.66616486,2.19154986,2.15392684,1.50980025,42.4841007,2.97934583,32.7358456,56.2046901
0.184784392,2.6851041,1.22527726,2.19525584,24.4763939,35.64229,48.9571177,18.6478117,7.30400927,39.8861756
0.636108961,0.333215781,0.804659436,10.5086919,18.1003292,17.6146224,28.5277688,1.58024377,79.9330689,53.6333868
0.113105688,3.86921282,4.18452688,5.94359172,9.29079273,0.50885468,27.6586037,57.6673633,80.2098707,45.5263264
0.31552417,0.0589224156,5.19533873,0.103294566,12.6121503,32.2697127,23.2215752,0.0180280209,59.4805107,63.7022969
0.205448485,3.89075464,8.80470909,4.88122384,10.5141155,15.4639089,24.3873635,55.4030133,28.4073104,40.6504506
0.00566597609,0.912240655,0.0645362665,8.28627818,5.43351436,30.3491222,40.4217168,41.5263895,17.753945,59.8105556
0.487296666,3.98027836,1.21131103,0.89675314,24.578168,14.7887167,13.5579889,24.9714337,59.3399366,44.2393448
0.716874702,2.05248193,0.143466247,14.6439441,13.701909,18.6985012,29.5496287,33.44919,5.74079347,55.0294174
0.637109901,3.62443259,8.63670334,9.01867892,13.9633254,9.51891255,0.49436845,36.3762045,59.3187797,49.4059393
0.946592602,1.52744205,8.36684113,9.77590137,24.3349967,33.5376313,20.3753376,47.4119448,66.516484,36.5998107
0.00111397728,2.89046483,0.0954892184,5.13296678,21.5198402,12.8939323,33.1031751,24.8991918,61.657103,59.1007314
0.342905446,0.847300139,1.29022077,6.64959728,24.6586444,18.4846724,37.9591785,63.8858053,0.924317973,45.7743078
0.557323337,3.73332178,4.36318059,15.9576891,13.8768558,4.7730674,17.6180291,62.9743369,52.7507958,38.338799
0.0358144809,3.73592011,3.62099265,0.04169707,20.0041498,14.0333111,29.7523096,2.70129517,31.2203064,59.653587
0.0152378767,0.411973903,0.10212795,11.4923583,0.102325901,28.4996526,18.5955028,16.4765891,73.4484701,64.5080349
0.342095101,2.36947769,8.57604003,4.45297138,14.2030614,15.6294442,38.2038193,58.2422172,77.1324418,40.9959583
0.156813123,2.23265566,0.548358606,0.467730254,8.03497116,27.0148659,9.32570743,45.9295787,43.5741149,58.1345929
0.738263411,3.97261659,8.4759044,4.48948036,22.9630359,21.2326754,34.8112865,17.3618942,32.0915587,39.5334161
0.149043739,3.91251084,3.53187503,9.28647735,21.6013892,6.54857742,13.530431,60.021891,25.2131098,43.2302948
0.568178057,1.47438495,8.97264641,14.6990202,10.0513408,11.3538849,33.6781538,38.8317612,47.3470035,42.3261055
0.862360213,2.75242333,8.95242177,2.40476375,1.35058964,35.0786192,41.3131149,25.4986693,15.3590767,43.0421681
0.218359737,3.88838743,0.286971424,14.4510746,23.7666696,30.8391657,29.7519538,58.8899525,4.34401288,44.7373201
0.647411239,0.162755566,7.72378716,11.8947382,16.9759373,20.9935197,2.83791319,25.8702535,62.4602817,55.1311258
0.942731092,1.92586586,0.0618835744,9.02619487,11.339271,5.94398059,0.6556751,57.379785,38.0281908,56.0160509
0.0293548959,1.47094455,4.87138834,0.753582858,14.7923324,21.2117934,47.1109086,2.66489402,66.9183072,56.7191004
0.8575565,3.80840928,8.85326744,15.7614816,11.2841284,3.37759484,42.5162602,4.94289741,4.14719382,42.5297545
0.00567441713,1.47971504,3.53390731,6.00908505,4.20704876,11.3307748,44.0070747,27.3029091,80.9924814,48.6869539
0.96673016,3.33517577,5.17294924,3.12516055,19.6459865,21.7368062,3.40450262,47.641467,7.76628777,49.8413911
0.384519341,2.46626449,5.64136215,14.8865684,10.2426482,33.3921459,24.2234792,41.8151587,4.26897175,47.9969765
0.412365463,2.50536597,8.29320952,1.72865535,21.1102103,34.9976073,1.06993142,63.1345026,57.6935389,43.7659844
0.945917046,0.111146463,0.0868632216,3.39585088,3.22781132,35.7477881,12.3526298,60.9290839,44.4409185,49.3125197
0.390381201,0.547373198,8.32802088,1.86114413,0.389775657,1.38163946,1.65291351,60.7574162,37.8344145,59.2589456
0.703847998,2.2932196,4.81919471,9.25421405,24.3366538,1.64182574,24.7247883,38.5518642,6.55850071,51.4452162
0.865945271,3.76868913,0.806156188,7.23031892,24.9533207,22.2645053,21.1515542,62.917981,68.9855971,36.8083759
0.582304907,3.19427683,4.97395631,9.39323971,0.28097647,32.2150105,45.8443058,38.2000674,56.360945,49.987912
0.914192854,3.35721472,1.59250086,14.5102562,2.93099033,16.0624099,44.8128894,52.5473593,34.7641372,44.3541912
0.0666062748,1.80664474,0.625842705,11.6237127,24.5921863,30.060791,10.499597,23.1532153,20.3633309,50.2993764
0.543712702,0.71755475,8.87104696,2.99777068,24.2683597,4.7838268,18.7520751,61.5534992,42.6020776,39.6768687
0.936756293,0.252051972,0.53435903,14.1728368,16.9822389,29.5055391,48.4506926,37.603083,74.6921477,43.4712674
0.845485188,0.278218528,0.0423147893,0.32829047,21.2155171,27.6414205,34.510296,2.01689112,53.0158934,64.3293501
0.0759872287,0.469410602,3.11398097,2.98350982,24.7648511,32.9079877,22.5250445,5.77689776,5.46834549,51.9747013
0.110568005,1.26585207,7.14541881,10.7626368,11.9311832,3.44932777,17.4927349,0.515696228,34.5597897,58.2628252
0.851609516,0.00453414768,0.462195202,1.98180926,19.1690976,0.0336571299,34.9470473,53.5832017,36.539857,63.5172664
0.300531485,0.130659614,8.99129128,11.7912541,24.3864119,17.8912743,36.2705634,51.4070415,78.6538162,39.3444924
0.603318452,3.89290347,0.064515844,7.67607183,5.84247381,28.0186602,40.3191665,30.3425233,18.7166319,50.5153105
0.511392328,3.88340859,1.0082879,14.7461861,23.6715187,31.9900551,44.7197987,57.0199852,79.5960215,31.9284363
0.601814129,2.76024685,7.80474642,14.8856034,9.90047326,32.0458943,48.1089533,23.7423914,78.9409197,35.6483061
0.0567069371,0.293964425,1.48521372,8.86584711,0.456772675,2.84882263,0.220345677,37.0282908,79.08119,64.2127303
0.926035069,3.48564296,7.20283716,14.3717757,16.3032493,12.5430892,43.1478582,45.7825463,74.9955165,40.0412365
0.894361173,2.11295318,0.909270705,0.200415261,13.092648,33.3137339,43.454167,49.8749397,50.7662359,50.6713896
0.0631370433,0.577146763,0.2377124,14.6352164,9.50355472,1.79162267,21.5085123,26.8612067,0.380179969,64.4898142
0.118504241,2.80312498,0.273408776,9.2111912,19.516509,20.1129949,47.7826192,28.0569868,2.24966704,54.9983135
0.726500841,1.19855192,0.139763801,0.0181520507,1.68986847,2.33184513,31.7425655,44.7973543,16.6230369,65.9789401
0.394212187,2.09687537,4.91486338,3.74893249,0.48181183,32.848445,32.4140495,1.21563295,19.1652596,57.4631899
0.358925479,1.84208205,8.71416242,3.42708655,23.5056602,13.8689914,43.7451664,37.8937707,21.0142629,41.8921748
0.802702618,0.0915854015,7.37064633,4.36066179,15.0667732,3.2513419,45.3295411,2.08691961,3.61694093,60.4917962
0.0726314434,2.86667816,0.584737986,15.4512446,14.1697125,0.514922256,19.4616495,22.13005,45.2455631,56.147594
0.965781967,3.59005556,4.6436325,11.6114346,2.15907766,18.1703386,1.19863722,8.48435939,5.85759889,54.4440118
0.837710177,1.57977832,7.50214392,13.3916231,1.577081,8.64044402,43.4774477,48.9320939,2.15455866,53.2037651
0.137202762,3.86726125,2.3846666,3.71841501,24.0641432,30.3196911,4.14880784,2.62960202,45.2095007,48.7641109
0.627856142,1.51272648,0.886206729,15.0693178,9.41277958,0.844464122,12.1254512,1.90448177,10.9161421,58.6608044
0.387003888,1.49738856,5.87126516,4.18415773,4.90466649,11.1306937,23.9135051,21.2636823,3.42690552,54.2308032
0.0385169308,1.41622302,5.53566936,8.87982896,17.6332344,16.9494079,0.950203896,58.875915,29.7468866,55.9084958
0.96258262,0.504398134,3.19372978,1.80703219,4.35943109,27.2999834,14.7289414,1.721816,13.3670014,54.5549811
0.982208873,3.93809195,7.90060526,15.0622659,24.2240562,12.5463191,19.0352799,6.46360511,32.6671292,34.0542602
0.894681501,3.64795953,7.32560377,2.52893752,12.2701482,35.1082833,33.9146465,46.3196967,79.9156248,37.1700278
0.741436632,1.30191154,2.76121326,6.59793991,18.0876467,34.6718708,46.4576845,63.0909594,22.4700667,38.1203355
0.616699182,3.45259299,8.39347127,5.46057448,24.8051453,0.11075701,34.6988993,46.2383572,50.7124438,46.2764529
0.299545945,1.87480885,4.30265271,15.4384023,1.91874324,33.5773298,46.5252657,10.6329727,25.7833653,43.4252211
0.369315596,0.348919442,0.650392063,9.13671016,13.5745655,32.7193354,18.8795108,43.0204441,46.3278798,52.6267947
0.835023726,0.975068996,8.96539241,5.95605084,11.478812,35.1270955,23.2660226,15.7286035,38.7772935,39.9628002
0.499613885,0.042234119,4.11488737,5.1769752,2.2221794,33.3636447,9.22364368,45.4261395,26.7375845,55.0712281
0.159541792,1.67561345,4.57948792,15.0285212,13.0560045,10.4658525,4.87592564,28.3196198,80.8092401,44.3829928
0.284917626,2.44217397,3.6402408,15.1593742,24.3774117,16.0677964,21.0350349,1.08719993,41.2203572,47.2623549
0.351623127,2.91960889,4.20004207,5.52373601,8.48612731,1.93205148,48.9853495,62.3930742,0.503476939,48.4681857
0.0669221324,3.04111851,0.177280198,0.974745781,22.7380249,11.4980907,0.558827705,43.3857702,41.308883,62.8464343
0.655783749,3.02991077,8.34829846,15.737329,2.01246712,33.8901756,0.246665232,38.7951626,78.8458128,42.9230628
0.426878762,2.20539149,4.5333787,13.325943,1.75564803,10.3339689,25.8830327,56.3328796,43.9259522,50.5458485
0.999048383,0.0246906243,6.69447731,9.03132847,21.1525903,16.6836515,46.4561782,30.0228588,23.0179974,45.5537637
0.00617140439,2.89117413,8.91795151,12.4639609,15.2970039,31.3110398,44.4339016,53.007643,24.6247017,45.9170729
0.985097561,2.13886387,8.74139223,1.02976249,17.5284439,0.802021081,21.1901975,15.2162667,75.6779293,45.720366
0.517694591,3.57195395,4.11773506,10.2633835,1.07159088,14.7283056,3.58325393,3.59017196,65.8380781,56.9252011
0.368215738,2.40763667,2.58653135,3.25764664,23.8547232,1.92038323,27.0602796,43.2581242,80.106228,45.2143465
0.816959598,2.55988675,0.0375459809,1.84053518,9.17931901,2.61314307,47.7690434,50.039865,75.9504456,51.3312993
0.773127008,3.78247084,8.97184111,6.6372549,0.536213944,17.4927582,33.7369789,50.1616517,74.5200328,42.9918653
0.89159216,3.95772016,3.15629896,3.40746983,8.35212173,34.7181898,28.0616791,9.98062939,0.554525621,45.9546223
0.0493147592,3.33263345,8.03325793,10.6063887,8.70978564,14.928777,32.6064369,0.502801329,3.26776619,59.6711972
0.946726154,2.50588417,0.889436368,15.5680751,7.24714116,3.89008503,6.34164369,11.7623404,72.9691506,46.1510963
0.927668829,1.3200326,4.02261724,0.227331735,19.9444925,10.2022954,2.69222767,27.7818596,62.9200709,54.7758543
0.19131861,1.96750238,8.57815319,3.59223668,10.5030554,35.787711,43.6363665,17.5177837,27.072106,40.6618355
0.762871554,2.32886435,2.75218956,8.9776406,11.2585823,33.1083543,0.150251413,34.3190145,40.0915791,52.8979936
0.109354371,3.67567079,2.24772483,8.01993747,11.0767662,24.7825461,0.342722004,35.433421,12.0320285,55.5870192
0.537896529,1.7078577,8.91978086,3.12344898,24.6985609,12.5458041,7.25440275,16.6490926,16.8318049,41.9670258
0.00526006939,1.62394504,3.69969874,15.709633,24.6911451,13.0700955,45.046332,57.0801424,63.2216472,41.5038513
0.022072372,3.8814273,7.08460013,1.5544522,21.3719787,34.3381173,6.44763019,34.3778805,77.2506636,45.2442258
0.117959931,2.21021548,6.95604404,0.412741125,13.9688826,0.0150369667,0.988573139,5.15753848,33.8544136,67.8023315
0.552727758,2.78172897,1.16748286,3.35008031,1.24952029,0.990140006,12.6353138,58.4084332,48.7730497,57.04249
0.790979815,3.99100847,1.97847256,11.0015808,11.8252623,31.9452116,47.8719286,4.57676161,72.940884,39.259241
0.166126967,0.38377009,4.55377242,14.6720269,1.18107566,0.487713961,34.0394087,33.1001422,33.0206557,58.5868745
0.624623192,0.167940602,5.79981194,13.2253812,10.9101299,23.8369669,27.0903685,63.7701302,51.3578696,47.519863
0.572440356,0.0202408694,0.423656352,2.47520226,1.13194306,35.3763731,41.7907717,15.0197629,26.7733275,57.6255725
0.849990611,3.16882054,5.32523112,9.17238672,0.47431665,31.4495157,27.2358274,56.8832073,5.14526068,53.2076125
0.681797357,3.87269369,0.816387982,8.9472107,12.1410836,7.47614721,15.7972282,28.7538407,2.27890462,52.5776383
0.470406897,0.514879545,3.55617035,15.2088984,24.9311714,26.205764,22.1530514,31.7847861,79.6088491,37.7773319
0.851620514,0.743906904,6.39751849,0.165802896,4.1394918,32.3117324,4.47211948,59.9669299,71.1173796,51.3182617
0.267747154,0.10567707,0.257665349,2.81158702,9.91106224,0.321107023,44.7066868,25.1884133,57.7914733,62.0125138
0.605998528,0.0690721255,2.01423032,7.41155564,9.39934528,35.7063431,44.2478109,63.9459266,64.7860509,42.0022277
0.84137548,3.99076046,1.59995427,13.2115344,22.2794048,35.937064,30.2633024,20.0147119,4.13016008,39.9072694
0.898793607,0.0966094975,8.36060463,15.4345573,0.944492326,34.6788355,9.78330979,43.2165248,5.22995772,49.2551988
0.322100497,2.17218107,8.65633047,3.4597975,7.52579788,15.9623226,9.1955864,5.51266736,54.9285398,49.3350395
0.0737812939,0.16882303,3.16949387,13.6595064,11.4448773,5.83692135,1.54784528,58.2995979,1.69933025,62.2955067
0.179033829,0.086223539,2.60779513,14.60055,24.1312821,35.2208346,11.6617726,63.2311591,7.70871475,41.9162697
0.669684876,1.57484832,1.07046788,0.628825642,13.5508951,35.846668,20.3477642,18.1202958,45.3246038,49.8581897
0.000218482688,2.68815416,8.56568984,15.1985607,3.45242248,35.8051299,1.1130303,49.2411163,14.481019,49.4962236
0.982180166,2.00820321,8.7103743,2.24150821,14.1069891,30.4784682,10.364261,60.2584355,34.8378659,38.9386714
0.848836843,1.60327139,4.90993031,0.353229731,1.14390169,0.800235484,29.3425372,31.3760063,51.3055474,61.37066
0.00898333406,3.93158252,4.7416009,10.8201725,22.8739883,26.0954215,45.9363776,11.3608052,36.7693294,45.8575523
0.360491194,3.10202146,8.2679909,0.218720913,18.8162272,27.835032,4.60352879,0.663957,29.2679584,58.7975471
0.884010503,2.25812797,0.8027039,0.0790225268,0.205636805,8.83839475,14.836842,2.35581786,53.4482264,65.0098298
0.0023292359,0.589870921,4.41126868,12.7871723,3.13201414,21.2568019,47.7346418,62.8560893,48.4636336,48.3870928
0.147035874,0.927707928,8.97106819,15.5432045,4.12175636,35.0771087,6.75855981,11.9050284,30.1370096,39.8365364
0.922989614,2.74578828,1.04312433,15.6277523,24.4273009,35.4914326,27.9121499,55.5142075,44.6589589,34.2623361
0.246122993,2.35655405,5.85885773,1.46106722,18.994824,30.2498351,23.1092584,30.4407311,1.73070761,55.643704
0.774923361,0.547699979,2.68547445,15.5893689,16.44279,5.71944211,9.06976684,59.5215899,75.1287628,42.8341422
0.117394019,0.165138818,7.84827193,3.38900047,23.3295179,34.8587728,10.0654932,29.7069003,25.151829,47.8769409
0.390892636,2.93014732,6.71863954,10.9773279,24.9208105,27.4486112,33.7667763,0.273816437,73.4478269,47.3764089
0.093121179,0.350618936,1.91803981,13.3245809,15.9850317,15.0151886,0.373190766,0.283703447,40.7579669,64.1716475
0.0884135263,3.86454914,7.82404978,15.6525782,1.37892601,0.877530361,33.5551692,27.0744694,0.767863857,54.950578
0.92163634,3.76784577,4.91361537,14.4594761,19.3988671,16.9335472,30.1191302,55.1466885,3.02851386,45.105132
0.00534394756,3.2629067,8.26418251,14.4275694,6.49896952,4.58033582,18.6527623,57.4375738,52.2749297,50.2226348
0.495066989,2.36353502,8.84942267,12.8832788,1.97839897,1.37002759,30.0175275,0.763683856,44.5937475,55.8491048
0.547269853,3.85768332,0.187990598,0.991979473,0.310936512,1.31034088,36.612719,10.4064279,66.8675626,62.1816724
0.639188211,3.34503415,8.97530258,14.0631629,11.8431328,32.4478453,31.2189172,5.67112014,23.4345486,42.7415303
0.154582745,0.288780989,3.4696946,7.39056429,8.14687424,35.302055,7.67368024,4.6286417,42.5009537,52.2872918
0.480641208,0.547154768,0.0679064077,12.9831,23.3765634,21.4581003,46.6758732,52.7688396,47.9514071,48.963056
0.72075712,3.05964274,7.68477237,14.1674304,0.00446552877,0.0750844349,2.64613154,39.8796483,62.329823,61.0412583
0.484650367,2.07485248,0.102763231,14.473996,0.704273244,16.8773987,19.6537795,15.7672058,49.9017991,57.3631435
0.896904384,1.08794124,2.3141262,8.03384667,1.34515913,11.6487723,17.58058,8.89150808,80.4636864,47.5868801
0.401024266,0.0593770258,4.38676493,0.636714377,20.7164546,9.29264644,18.3869155,45.5687185,62.586506,57.5765459
0.908741417,0.867970834,8.96806429,5.78927483,6.78446367,2.13238584,25.8731012,30.3165286,32.7749094,46.0121825
0.677097003,3.87730594,4.23202015,1.00032945,19.5891721,14.7109401,47.3272455,15.6927376,4.86014933,47.6667407
0.970967927,0.231796544,8.56016456,10.1080005,20.570339,0.98964591,1.33226783,61.9432984,72.1604732,47.7097834
0.181801323,2.1393694,0.85822266,10.9302046,12.4198033,21.0737754,25.7848363,12.725887,75.9152467,50.0708776
0.833058538,0.859413052,0.349135461,15.8572448,1.11394883,31.8787444,46.3560729,8.51260859,39.7565729,48.2536072
0.878502653,3.97638207,6.87016589,10.4499241,24.8033135,27.777224,5.17629569,30.0429837,46.1028726,39.4442848
0.896234967,0.084345758,3.59809811,3.97319613,14.8552024,30.7965981,35.9665869,34.5158828,15.7466813,52.2626088
0.682601034,1.90228432,8.30811301,15.0317856,23.7819445,4.52438577,12.7287249,60.9692715,8.28447506,41.1505915
0.707530918,1.88858185,3.13925445,6.13259904,22.8000041,35.5225942,5.77256415,63.3282578,48.1295977,39.4341863
0.334094324,0.493203055,2.8434401,15.4625469,10.9781142,13.1987442,48.0379061,0.115546733,27.8360864,48.4176644
0.225386409,0.277485984,8.34058339,9.21794614,21.9074294,33.3588283,46.0417633,20.7869721,69.1548141,42.6649436
0.743501187,0.0978119206,8.83113695,10.522312,0.777535199,25.969091,46.9763911,57.7379554,42.7992802,48.0205352
0.885741299,2.61601552,7.58880362,10.7065729,14.6416418,10.1863921,30.8863171,0.432955623,56.5546476,52.8086936
0.887501492,0.950311749,8.75151292,15.4270215,3.04711489,18.518373,24.9010043,2.84644342,40.7208426,45.5155663
0.338718242,3.34995328,5.99569509,10.0396409,0.382411317,3.14929049,13.7815375,4.31082416,5.08986331,61.7148081
0.452509882,1.33435646,5.69028254,4.58437119,14.8852692,2.4766965,13.3907529,1.80869562,79.4144305,52.4529851
0.567954454,2.44205837,8.26897095,13.5018641,21.6101591,2.80046307,20.9376934,40.2459625,78.3315072,44.1380942
0.926195994,2.30428363,0.213796077,4.03673771,8.5167618,23.3505272,22.1998104,34.2372824,2.53692638,56.046531
0.0728495634,1.53044536,4.93899516,4.78506949,10.4108157,35.3956461,41.6835785,29.9147803,73.0418125,45.1038966
0.800650534,2.1341083,8.90610109,10.3841142,21.5727141,32.551607,3.89231825,4.17025677,12.0303479,47.5697751
0.790920009,3.97035214,3.84377124,0.468053185,16.5154292,35.7395195,19.1982225,63.380328,21.7341786,38.4829923
0.352564806,2.22679678,3.9902938,10.431827,24.5556492,9.78668934,1.20839529,30.6934635,31.6916999,49.7888359
0.0115821972,2.64795075,0.243685491,1.10586268,15.9906604,7.24125364,32.3263362,59.7324472,24.3502116,59.5034795
0.983308203,1.84387431,4.48980018,7.23836355,11.2126584,1.65557119,45.1683635,47.9158586,12.4490777,47.0840692
0.955098307,1.34899677,1.32475602,14.5324668,11.201138,10.838161,44.8782958,16.3502733,59.5383748,43.3762524
0.0182638317,3.84088043,3.77409423,14.5808258,6.15516358,35.7612899,27.221764,4.16261763,11.5354579,47.64746
0.486233209,0.48620734,8.29522286,13.8856357,24.8111438,1.28715189,45.136926,61.8003918,29.3426943,40.2593154
0.249714717,3.82102037,8.75120776,6.30898825,4.94602378,4.06309025,44.04256,38.2773447,80.1554918,37.7180887
0.66900969,0.183409281,5.75952404,9.45878832,21.6488283,2.67553903,5.15115965,54.2566525,24.7544389,55.5691687
0.983139756,2.51952496,3.72597428,0.799405709,18.1433686,15.2578196,13.8483101,62.1023816,54.0761283,44.4627694
0.671308638,2.73714067,7.02728515,1.0337864,23.2000817,34.2323541,36.9883411,0.064216584,69.974036,50.7149754
0.40523095,2.8662946,4.08007305,4.95607975,1.30065328,14.5147436,18.0979978,39.2483706,80.1966795,48.1472659
0.832459388,0.57975144,8.73550442,1.10713162,24.3141667,33.407847,40.4037081,30.2008254,1.61129346,45.9670268
0.111208103,0.298329501,4.55381309,15.8871803,12.2484792,14.6733909,21.3425378,31.3895405,15.1961301,49.4120577
0.943931622,2.63511101,0.699352419,0.0286290571,1.82587978,18.0885743,41.7420276,32.9900426,40.0522053,56.3247713
0.879211944,3.66057164,7.26186199,1.98135213,7.16442545,17.9979623,26.8844268,22.9371753,41.8978917,47.3577521
0.00953422208,0.966681879,6.80028334,2.42143867,14.2494502,22.3336035,33.857261,2.5933114,2.25876981,63.7330302
0.994603864,1.22856326,1.04120227,6.1983556,24.6289008,18.6264979,48.3866595,39.9500983,21.898528,36.7145915
0.24061449,0.0309491772,0.36634902,2.18306645,4.37163005,34.5402782,25.1195299,63.9194287,68.1384189,50.8081468
0.823348371,0.0643010345,1.59184409,10.8864805,14.184603,0.897344124,45.818664,51.3115618,72.6715016,54.0106293
0.45484463,2.29475901,0.0328953909,6.88503947,7.59131952,17.7222908,41.5709343,53.1497458,50.3439612,53.7895011
0.869214167,3.53000739,1.8770321,4.05074954,1.48055627,12.541254,1.16467772,31.0052816,22.487054,55.2848752
0.993955509,1.64097711,8.78027381,10.7766415,4.70812306,6.37089822,15.9065501,60.5876323,71.3002673,37.0229956
0.694349345,3.71774398,0.276757028,13.253979,11.9128713,28.2644513,28.0844629,62.1294527,62.9168837,45.9854739
0.354433561,3.85943279,3.34547173,7.72154426,24.991265,4.59561623,25.2104076,10.8677149,78.0689455,38.7767687
0.27514884,1.70620328,0.356645902,0.262542717,19.6178896,25.7334779,47.0452515,33.3602303,57.4478075,54.3297713
0.349615328,3.93925136,6.74452848,0.515755177,19.2144628,17.9667004,46.7314968,57.8176838,37.7293502,43.4964873
0.151011644,0.210771633,5.48739613,6.51879324,14.6217401,32.5235782,48.6981395,29.5576541,9.48320336,48.4435307
0.972515935,0.301282581,8.22676556,0.442241132,13.6667396,31.5251518,42.5026838,26.9137542,65.1385122,47.3012955
0.0893679099,0.0258443523,5.32356669,7.44075634,1.2371796,26.3195476,28.0887638,28.5437662,69.7077826,59.3781928
0.25557247,1.62601478,0.96824368,2.26049581,12.7390621,7.79936065,10.6908471,61.4746414,66.1899095,49.2537349
0.605216778,3.51353119,8.81713787,8.24219475,22.761278,34.271173,43.016439,40.8696367,60.7292159,37.1280225
0.491951784,0.934526848,5.83365644,0.468925365,14.4196902,2.49552169,3.03933545,31.4918943,5.40019997,62.5479914
0.397572638,0.0132886916,7.52184112,9.92645198,2.9349973,5.0393897,34.0587479,9.63396678,78.5695466,53.9444427
0.734158713,0.0219428483,1.78526749,14.2056231,2.97990446,11.8861618,9.14769235,42.1425141,1.56237505,60.5470767
0.818823072,3.83745604,0.278385833,13.9212231,9.37002794,10.1658277,1.45158035,57.0917417,66.9545749,50.4593929
0.00229452923,2.25661111,6.44143571,0.373190835,0.341201178,13.778205,24.8969469,41.7786046,36.7123456,64.5479435
0.993283403,0.456592497,4.38770697,12.7842201,0.605369872,35.210066,10.3168058,42.5218541,51.6403292,46.129855
0.69297868,3.57066712,0.455124112,14.7038996,13.1887671,19.5976238,18.0525854,2.3547563,30.8674293,53.0591372
0.0579910842,2.62460887,8.55287401,0.272845671,15.1831056,10.7365298,22.9440555,51.9060793,1.86688785,58.2886176
0.445293771,0.209657654,8.36143923,8.37174897,24.9765419,8.26503095,30.4550262,4.73506618,38.2943295,47.8521386
0.963532055,0.332978739,0.840735231,0.421381667,15.8776326,7.73482887,4.44915359,3.81952062,3.39583908,63.5396094
0.59489523,1.61655051,3.07000533,1.03040326,9.35552915,19.2648331,0.0672489791,4.24959028,79.562035,56.3793838
0.199350515,1.93645424,4.46946918,7.76622549,23.3622198,34.3131055,22.2739749,62.2978999,1.01646959,44.9527673
0.458260522,3.93833981,8.27369987,10.7977573,9.22966854,33.176301,35.5131193,63.9947846,51.0605818,34.8966303
0.288370426,2.56702688,0.046839328,7.51748684,16.252167,0.246348996,0.527529803,60.3342329,27.1511554,62.4903832
0.0959455329,2.22628876,2.77921823,0.570416279,4.66626238,1.25538049,4.32813734,35.2707996,35.8529664,62.3072252
0.250836064,3.20692569,6.30001336,14.79922,16.3905595,1.63179684,40.3017937,32.974694,37.5663365,50.0237193
0.837926857,0.146748982,5.42283264,13.4189483,19.1629866,32.1344371,15.6309745,27.1518108,25.9247389,50.3884508
0.0461708759,3.97564617,6.04150644,2.84207201,10.4754609,15.9432736,14.426234,12.6880239,80.5155214,44.0694063
0.194264655,0.0242325198,7.3709107,12.2596598,0.158675015,24.2654082,28.195306,63.356421,80.2003006,50.0127617
0.988189154,1.98043391,2.59370799,9.68927004,24.3149133,15.4778379,0.0297936644,14.0305201,44.2343772,46.784995
0.812265863,3.00941244,7.18858397,4.4990785,0.0192799606,34.6151477,22.8489093,11.2562428,80.5855371,46.1052485
0.452068161,3.63835661,4.1838702,2.32244571,14.6017442,16.5814124,10.615364,4.47073293,4.566811,54.9472406
0.113554041,2.01109658,1.12538794,9.59118158,23.4200424,29.7395873,12.5828453,58.6193256,79.740641,42.5601786
0.0878182734,3.84688306,5.76815946,11.4775283,10.6529956,28.6509894,1.60489303,30.6118446,77.5466376,48.287078
0.0789914625,2.43804185,0.380955718,6.6182316,0.966346264,23.5895971,3.21123816,29.100178,79.3451071,57.8612035
0.350511184,0.165886385,0.118080338,8.1355268,21.5606932,29.6206677,36.1547426,4.91043437,42.6141197,59.0258836
0.930504827,3.97852718,6.98916843,14.1401561,8.75569513,10.0338815,21.0244269,24.2200315,32.9949812,40.4540498
0.00646727672,2.78207943,5.42026525,0.707506493,4.78379518,1.7937103,20.2655497,5.34652153,3.78085091,68.0655985
0.760459339,0.160420036,0.403977051,6.47519615,19.7213557,9.82934688,46.0504303,19.0456332,45.5078089,53.8013335
0.0547341025,3.66424124,2.03078488,6.04710881,2.7465016,15.051472,46.39926,60.555153,28.4216981,46.483579
0.0223345389,1.50637957,3.87328146,2.2070999,10.5125479,13.5263666,45.7918631,38.9784654,8.94596751,54.3761016
0.988178867,1.28886462,4.38220716,8.45450827,23.3133053,2.48033772,47.6879201,61.2230452,60.3970898,37.1516189
0.0767524979,3.91692548,8.47481157,3.83649036,24.8336859,6.85352305,31.5258125,22.6358248,30.7642847,40.4617794
0.808179846,0.314683132,1.97864969,0.293959506,19.6522144,28.4653526,17.9415336,60.5461688,80.3160126,47.8375223
0.416600339,3.20761104,5.21728561,15.8563672,3.06783493,15.9864717,22.635889,7.03492108,35.3345344,47.4448147
0.979384722,2.07610262,2.3775476,15.0088433,21.2955168,19.8003061,48.6533901,7.22033528,10.3465126,39.4472479
0.0159760783,2.03979532,6.38985596,11.2163271,1.26570285,32.6416619,6.0057098,61.3414874,68.8232196,52.7029353
0.0497382973,3.80624834,8.13554765,10.9320621,11.2007803,2.18056871,1.11374674,0.968487084,27.0368215,60.1055728
0.951811049,0.353178336,8.70364137,9.06762911,24.4413457,15.4047683,43.4740429,38.1896414,77.5860741,35.2577839
0.517381755,2.54062143,0.504662915,6.87932194,7.44340357,1.84873432,5.00586728,0.798552513,57.2974943,62.9486647
0.499320014,0.285911059,2.94113468,6.48991143,6.15831655,4.06970503,48.3635548,44.7547878,2.17427845,53.6165957
0.902954358,3.81558612,1.25095087,1.29990674,11.769621,17.3098131,13.6505615,9.12665502,60.3587502,49.0393307
0.211121237,1.25848998,7.7426027,14.086509,24.933117,1.29198766,8.76097285,0.876021743,4.17332053,54.9895943
0.323054842,2.33094054,0.264799828,7.98347803,3.61753432,35.8550756,16.6801705,19.1026737,43.8370511,49.8810759
0.0148349581,1.32456554,4.43916905,14.4253535,23.3073705,2.84567497,26.2139527,24.6896859,60.182112,52.4652583
0.966051809,1.73101601,2.6685715,6.54449418,14.5527593,19.0440614,45.6520142,41.0151244,77.4502822,39.9673749
0.947475052,0.852823703,3.16794731,15.4497422,24.7150284,15.0956758,28.6138387,34.9874987,3.65820583,41.7877114
0.562444599,0.0254797842,0.537151147,1.59880259,11.054881,35.113597,8.47358686,28.178758,0.488973661,61.5528829
0.294400902,3.98381752,0.0474377247,9.39704656,0.252278161,21.656232,22.1750647,3.01963592,79.7607756,53.6425408
0.732646841,2.38185575,8.66142595,11.7084753,0.538195228,29.4439521,11.5743707,0.586592168,3.61280973,58.6561026
0.74272013,3.58888484,5.37194341,12.8941471,12.3906288,34.9889151,47.2262129,37.8254122,24.937082,39.6837222
0.532422929,1.72869225,4.79378441,2.01687997,15.1588184,34.9350944,41.0114238,58.7754141,78.9565141,39.8629024
0.0292238523,0.661145035,8.69537565,2.09533977,0.586704747,15.4752255,38.2683032,1.79274148,64.0482519,60.0142
0.643305103,0.115441814,0.518782261,12.752807,0.668874674,24.1583779,29.7509175,36.1401372,59.8452392,60.7692817
0.814079374,0.928185795,0.0419748025,6.16978839,24.4273839,1.49974151,8.37849022,52.6173503,65.5683273,53.7723228
0.767217457,2.4952117,2.30202824,14.5575175,19.057563,0.664960217,21.7592228,26.4597394,46.6263665,52.2335164
0.59604697,3.0457017,2.49401969,7.09133938,0.220324344,4.30739069,46.7069725,31.4596491,48.5024652,52.9767815
0.990463335,2.86905828,0.590747177,3.00055242,22.3194947,34.1973872,21.0790565,7.44820685,78.4845081,40.6524781
0.0407748795,1.21360107,2.23473669,3.94597414,24.9803511,28.4559355,47.5129325,59.8947535,74.8266693,38.8802913
0.193156671,1.53666918,6.2974221,1.37463938,24.3187812,1.08791363,44.323805,4.16671276,17.6445913,53.6217346
0.965572121,1.48255539,2.94399297,11.8931311,24.7728281,9.96711147,12.5800196,60.589902,38.5808262,38.0119737
0.00682383357,2.7526832,0.779696247,0.630782284,14.9341398,33.2464242,22.6651492,9.35518918,61.5910427,59.3242839
0.84264633,1.42747701,8.11375071,15.6589285,18.1428109,1.76005622,34.3882979,11.9154761,9.37465374,48.0355329
0.941352714,1.26027639,3.29678552,9.02089127,22.0617906,25.2220358,9.19464315,48.8064735,3.03799171,49.6243513
0.0429577218,3.96171873,1.36515753,5.69344994,15.3330195,2.96446355,48.6446811,8.040041,31.6015729,47.8259839
0.576659081,3.63671808,5.22177692,6.05267906,24.0264302,17.5858116,6.44521779,45.4210347,80.1513365,40.3986677
0.858811598,0.186124152,0.424388109,8.33944831,1.73096679,24.9967286,0.0248554079,33.6259142,38.9046675,63.8519608
0.411088461,0.65504146,2.88410056,14.3609918,8.10822987,0.027950244,2.39521737,35.8116951,39.4372648,57.8961892
0.936811796,3.98341439,2.80275827,15.925846,2.64534444,14.8377579,8.43419663,59.4844166,13.4021181,37.098257
0.0716315541,3.64611782,0.679784635,7.3606527,22.64041,25.0142063,7.84834342,62.8348122,0.870796047,52.0877954
0.412915834,3.50568495,0.105548311,1.68971417,23.478258,34.6773618,25.0716703,37.3066175,5.46824361,51.280829
0.000449919142,2.24716408,0.195094785,5.25876653,0.139091129,18.2946317,2.55167906,14.4587993,1.31623935,73.4513225
0.672472169,0.958977841,3.46630166,2.01253533,1.0646377,26.4467782,47.6403583,41.1448141,1.12762794,55.5642916
0.326055829,0.0812786948,4.61480407,14.2436132,0.634781912,27.0426119,7.04845713,39.7309867,59.0964842,57.9385809
0.518647434,3.62969065,0.47422338,9.37306842,20.5639344,25.9855539,31.5844183,29.1496807,79.3348414,45.9559754
0.22514518,0.0601844918,7.92169678,5.25829843,12.8464086,13.8084675,31.1883792,39.3011446,68.7710229,52.7326401
0.468552484,3.84638962,5.10818552,4.04258853,12.1646301,1.35043865,22.8970452,43.9363058,6.95116236,52.3271845
0.104895595,3.92106364,2.96231358,15.2965703,2.27584915,0.283109861,8.47622083,21.9997237,27.0286142,51.5587681
0.18400429,2.24038455,4.82211505,0.511344083,3.37500181,34.0638557,4.38620626,29.9997713,17.916089,54.9311376
0.747934946,2.17056362,1.49137637,1.0004055,21.5862659,0.534268929,21.0399041,43.9741163,1.23072288,61.7961285
0.153728689,2.87228211,5.50211678,14.3587421,24.0279466,18.2864745,11.9471107,54.9742587,61.2122687,44.2676338
0.0887713498,3.9203038,1.22853452,3.51947596,24.7382414,0.898131688,14.8351225,28.6099276,19.0524761,48.5795351
0.783098224,2.12740198,7.30158991,5.01629457,7.59821359,4.57309534,0.018308593,17.9102328,31.9994488,56.1607949
0.141612065,0.295880607,1.9470466,0.0218467414,23.7159117,26.3933696,1.8544893,5.74902889,60.6596616,61.6414481
0.280672318,1.0386236,0.330394863,15.9048173,0.413403288,33.2194417,42.4081634,0.00326547027,69.4609916,54.443965
0.975818436,2.3218232,6.48565382,9.57126134,0.295738131,29.4779042,4.26819449,63.4054292,69.6717703,45.9099253
0.27871802,1.65501493,8.63087937,11.0036786,16.9156625,2.21795795,23.4372554,62.6308264,35.8159501,44.8159791
0.00231072679,3.34554082,1.13524065,15.9816265,17.4959218,5.69930623,38.4374715,3.37415049,6.76758094,56.3187554
0.907301141,0.0411321316,7.44240595,4.47441199,2.25358849,1.52887312,37.7987789,62.7950127,45.281085,53.2159467
0.0746284854,1.12381657,8.96641643,4.55277188,10.0576846,20.8864003,2.35449723,37.923118,78.2718734,46.7285507
0.815768885,2.51059236,7.93308375,9.49085609,13.7784872,0.0492972918,0.734432994,58.2730901,4.84123148,59.1168672
0.203499081,0.836197839,4.44841415,2.66075058,23.8047909,17.453993,28.9368227,21.1320802,39.0724281,48.1765613
0.214771698,2.67173526,8.67279987,15.5508415,4.67657747,34.9021593,22.5836819,12.984984,79.2602258,34.7702377
0.112181862,1.76221431,3.45577165,7.38497779,11.4402129,0.946741496,48.8425448,63.5427457,74.5783869,42.9113414
0.596573961,2.47423528,1.06295465,0.140129909,4.94278172,33.5987295,46.0701805,4.60194665,41.6611035,53.8749566
0.652642857,3.87399857,5.16146616,12.0207637,1.52307601,33.6074445,0.43429778,61.7048617,22.2877601,47.325709
0.118087658,2.79708869,6.00675242,4.4229946,1.9847746,11.6736908,48.6212522,5.72811896,20.8769145,50.9159048
0.0703920103,0.314068489,5.73545999,10.4462374,2.98623426,21.080578,34.402093,58.7451264,1.69442201,58.5218792
0.909510419,0.566430418,8.99108268,5.55845882,20.3397359,35.9162247,43.5389118,54.1926445,40.2160524,35.0854893
0.037128238,0.0571859256,2.52866487,2.25865428,14.3789481,24.45273,1.40729063,44.8438024,32.6368762,63.7734382
0.623945379,2.59993867,2.63074195,12.231069,24.339462,33.6059538,15.3330303,14.6818182,47.2304506,43.1616857
0.0236244109,0.221893551,3.07104864,0.203395516,16.3569275,15.6690766,13.8431721,13.3130053,9.72082884,64.206342
0.913040428,1.88188795,2.00434891,0.163716264,24.3425805,1.07954573,48.897974,0.325529814,39.4616591,52.8393818
0.325607098,1.91397489,0.395787265,1.77167734,0.907854201,11.9599952,32.1761099,25.964409,40.275556,58.942546
0.676578793,1.03909973,0.335724328,15.144509,9.00515676,35.524253,43.7194903,50.2514293,40.2107559,43.890396
0.0408926415,1.13050577,0.923608608,12.6042229,23.7094107,13.0552664,48.8138278,9.1481112,30.7609086,47.5987206
0.820784827,3.72235932,3.80931515,10.9507508,1.98183095,12.431128,29.9015713,15.2923051,73.1172246,47.4169022
0.435842214,0.800386669,0.222196651,15.0384176,22.9450746,18.5301432,0.158856631,31.220771,70.2392594,53.7442958
0.00781547651,1.41885485,6.06043755,8.4869622,0.583786471,16.8468762,7.41515176,25.4114803,23.7288571,60.4781059
0.541195228,3.4728204,8.30814752,0.0628627837,0.835633814,28.0764121,38.4628515,48.516974,0.989633325,59.7233135
0.483900053,3.63277561,0.134208783,10.0391425,12.2926131,2.80496611,25.9501892,58.5523723,32.5529043,52.9524159
0.430292173,3.68220802,6.45800623,15.4858395,22.6626781,23.9493261,0.441524736,28.3510015,19.3424855,46.883087
0.884321276,3.15071462,4.63648259,5.97847656,0.399206998,13.6397025,41.4856522,37.0361373,2.98637216,55.7903524
0.464535988,1.8253802,7.12113865,5.2930181,24.617449,29.4705632,32.3350892,59.8779519,41.4338892,41.5059371
0.590439237,2.04902489,4.41299157,0.265523054,22.8843214,24.1777848,32.7055251,63.6879888,5.09800901,49.9889587
0.498525952,2.90268462,3.19581578,0.13473431,13.2493012,8.64689703,44.0977438,33.6715797,38.2732516,53.4015756
0.870290662,3.90060046,3.13189225,10.1565252,19.8736736,24.2385097,0.860382549,7.11772442,14.6741116,50.8498596
0.437262558,0.287225733,7.65650186,1.46990068,0.969778456,34.6557691,21.1116111,18.0861304,47.5804765,53.6559443
0.970027926,1.03740229,8.14576895,12.3355235,17.4114501,13.3078383,44.6966907,61.7550512,36.8878153,37.8442011
0.760419289,1.46792987,7.86907359,0.924059697,16.6739472,20.204975,44.9362428,8.40200058,35.9738098,50.4401822
0.793084593,1.49104465,8.97181442,5.83996702,13.0087863,19.6856472,22.6928711,41.9056131,65.3557454,43.7461825
0.387943775,0.684112965,4.24483792,15.9837718,23.8314974,15.8054673,46.9440503,51.7923472,12.6292572,38.5580218
0.995442115,1.58249164,2.10833369,3.13664272,21.1783847,28.9614775,48.390814,3.14921403,1.06339748,47.3054141
0.330022494,2.7521951,0.321947853,3.51567867,0.0177748734,34.1889085,23.1194933,63.1163831,77.2681128,48.1148011
0.256020601,3.75296582,0.217380237,15.1282667,7.46548855,32.3510925,22.8820266,34.2485598,80.4246141,41.5940586
0.997674413,3.6554388,2.15970232,1.98570325,21.4288297,6.24980307,38.7103775,42.2071208,79.8339982,38.4013207
0.586356375,3.56639019,0.719689326,15.67733,1.38335041,35.9571945,0.774030772,31.5235055,29.813484,48.5040349
0.387558852,2.80653606,3.26612425,4.88927181,21.8614998,1.76714277,0.501527182,1.52469036,32.2365947,61.3709451
0.688144815,2.59965474,0.893769443,1.0365086,19.6875081,18.6458122,0.22630832,39.920247,34.9197934,59.5064226
0.58037895,1.71607602,4.70171882,3.1790674,10.2902237,32.81811,24.4663149,60.5438455,30.8962709,45.2086347
0.473255235,0.0029379651,3.10135359,9.68864834,7.98852009,18.8022208,1.25969758,4.8812024,68.8104751,61.3307385
0.334260321,3.65288559,4.6083753,14.1575888,16.5550561,22.7924194,43.8172754,20.8294214,0.107766879,50.170101
0.99887959,0.677081308,8.33746209,11.9563004,8.65710004,35.8278336,30.4890281,47.1437914,32.5297927,37.1253719
0.50871687,0.0177589618,5.56845875,12.5977559,3.88111099,6.95857625,33.7434444,0.0916686058,5.91585838,64.2655386
0.412981723,3.93525342,8.55954817,7.69073795,15.9886707,31.0866367,6.94507547,10.2967787,2.48041952,46.7278062
0.749386093,3.72825999,1.94785262,8.10489978,17.2666382,0.559068131,0.351263059,30.9266814,51.5546279,57.3377422
0.0278706569,1.68852446,6.81868255,8.17353993,19.8213316,17.4528332,2.4053057,1.27064681,55.3849581,61.3996152
0.712486658,3.05302021,0.249025053,0.647213973,21.4457048,18.662027,28.1578855,9.90220622,33.3870449,57.3512151
0.962270222,3.50246145,4.20650524,6.63733132,2.54309068,24.0841056,45.6826769,10.1234526,41.5979179,44.8213149
0.413580689,0.202580676,1.74018245,11.1049,0.0846533454,32.7870386,48.671389,18.3315194,2.33712481,55.9957449
0.571305317,3.71386062,6.42458779,8.97235454,22.4416837,3.42472787,42.7407134,4.13997808,15.9616063,49.4805419
0.471227945,3.71228969,1.01873541,6.90849994,23.6850642,35.8188818,21.7054005,60.9514659,34.535662,37.1485172
0.0257828017,1.32619192,2.94201098,0.673061088,0.215166726,23.4823108,47.9070905,8.45011321,6.3948714,62.1040553
0.867083987,0.322288741,1.59044145,0.976836637,2.64587505,27.6796089,26.1156397,42.5231575,79.3655162,51.5462349
0.92264645,3.67556134,7.1086164,15.139223,20.1880626,1.10526623,0.28529149,54.7187844,53.926637,49.5747247
0.685901411,3.78007196,8.25617588,15.1964984,24.2959038,23.4074446,1.2536425,63.9601505,43.3459106,35.9142483
0.975366813,3.96011238,3.6196577,8.15451222,20.1358293,32.9516916,42.3050395,40.2265833,71.1096102,35.4909748
0.262181041,1.90705249,8.62033527,15.9552502,24.828589,27.4963569,48.0078656,44.6649216,34.5988639,31.1741426
0.966330926,0.495487638,8.23664854,7.73678828,0.313378859,24.4202156,41.6009819,8.75364256,63.8768006,49.9332638
0.801349679,1.13621414,0.789844627,15.8553824,2.20696733,25.1998709,41.1456153,60.5461711,80.3648257,39.6572734
0.947823155,0.255076535,6.91048466,15.1390268,15.0367463,32.5373618,21.0160767,32.9156944,78.5646834,40.2326144
0.714397259,3.49895422,6.57802645,1.58308134,23.2002064,1.25101601,2.48558725,35.6112244,68.1526237,54.0850939
0.218864967,1.85398477,8.82450692,4.42288118,24.0062541,33.2827303,20.2100832,3.74678964,76.3088493,39.714965
0.552415751,1.8061202,7.78977677,15.6055949,17.5522036,35.8351421,1.67815869,38.9394929,70.9473441,41.7190435
0.0320625086,3.49833128,1.02117934,15.9310296,13.7717329,16.580893,47.733245,32.1937519,30.8672768,44.6351768
0.148032771,3.94716189,8.88726225,7.49635994,11.4398719,28.6954317,38.2750303,21.4649342,72.3295426,38.8393039
0.136878913,2.0955855,1.13722828,11.37012,15.0117095,2.59380761,46.447345,28.1177358,79.4620903,47.1106873
0.875465107,3.76821961,1.05059747,14.9185753,0.773379847,33.4009348,29.2787966,40.1433993,2.67276964,49.8859614
0.811546919,2.67626033,8.79175399,1.79438481,22.2272987,34.8604734,48.9680817,3.32882714,14.6784829,39.3124234
0.345245838,2.18718768,0.142444456,0.113715939,11.2871741,5.09053546,28.0789366,4.81647167,68.8997768,62.4871793
0.299245557,1.68030302,1.91911426,13.4282223,12.7074671,35.134596,47.8503561,43.0180591,76.5952568,37.7421717
0.475185689,1.78348707,6.90121206,10.0820488,14.0536257,34.9743627,8.32094475,5.3792418,51.7854259,48.5116428
0.348247206,3.96319632,3.2413252,15.9156783,10.6321261,27.5669202,45.2273299,62.3462436,57.3537042,32.7188586
0.0763056805,1.87828718,0.838578178,15.9705421,1.40781335,16.0113538,3.84399987,31.4850962,22.7962492,54.4666665
0.463011346,3.32674039,1.18273868,11.1804911,10.1790398,5.93485658,36.9332002,5.61165032,54.4306546,53.0982423
0.477668036,0.666692758,2.48667429,11.6172802,5.66881052,1.00582662,28.485356,30.535822,80.4445962,49.9787689
0.356618448,2.7450441,8.90158229,3.36622135,0.128418615,11.997586,10.1107275,62.6900849,0.324604531,51.8748334
0.0248125107,0.0954703019,1.28106724,5.15029892,1.67799721,3.02279298,11.0000523,1.14820823,42.9499246,69.557843
0.0252886154,0.103035273,8.35612791,9.67439334,8.63879963,24.919635,0.416045957,45.0408372,11.8356801,61.9738643
0.56407612,1.70941529,4.82144288,12.4275031,7.88277357,15.5164551,1.44333122,4.00683764,18.8833573,56.9377634
0.0605945555,1.65077611,1.33652178,14.0828309,3.3424155,1.40729348,0.519301345,7.70313308,74.1120585,61.5309901
0.973321684,2.47015127,8.62306563,1.53607115,13.6685237,2.70520326,46.7557592,14.4250275,11.9432358,44.3688015
0.0132799028,0.78130241,7.53659622,2.79597534,24.9335567,11.9328132,47.3555682,61.4330355,72.1754411,40.598969
0.425340084,2.7631733,1.47072692,8.01315553,7.97658116,17.85536,47.6882231,3.87282944,3.34679631,53.0628756
0.662667457,1.8078209,0.10334965,15.9956715,11.3294216,19.5668917,1.01953953,44.9316793,38.8977027,53.8175256
0.113378845,2.23300565,4.78324991,7.25558543,13.4754501,9.9216299,1.13490648,17.4671341,2.68598215,60.0687101
0.878352267,1.86618434,2.16051809,10.3600224,13.9019366,35.782761,28.3972871,17.2468034,13.9534239,44.3791817
0.906947892,0.292859862,4.71531749,9.49510786,0.434166868,31.7412828,37.7581032,1.88166374,11.5456483,58.6299032
0.203512043,1.7076484,1.00509103,15.2264137,9.89784974,4.55115529,37.1134436,58.3149002,3.19942867,51.3234668
0.401039391,1.07614761,6.32915485,5.52086754,8.15732319,0.188387197,46.5821402,43.1424804,50.2047784,52.0344253
0.45271713,3.26720338,8.74604161,11.9491943,22.0443688,35.5768928,22.9176449,48.1406659,15.4045151,39.0664379
0.814880089,2.75861098,8.94302633,9.6774064,12.7647625,17.8020611,4.41115937,1.7704863,76.6502717,47.2820018
0.517105186,3.94745336,1.90957636,0.444196664,15.0208311,7.35621242,16.1456114,60.4609896,50.4371629,46.9918617
0.996044217,2.06059867,1.08431609,14.4009542,7.55782342,35.0470213,4.47500335,59.2736169,65.4073354,39.0990278
0.305230727,0.0513211917,5.74935643,9.65967006,21.9917008,20.9022361,21.6172356,45.5562148,39.6161592,53.4381822
0.425774787,3.98736831,8.32309332,14.6301082,0.356650725,27.6893827,4.70265163,0.60849014,64.4124341,51.1053284
0.642070405,1.10915728,3.61446837,13.1021159,23.8465188,19.35616,31.2800206,3.01213634,1.23460748,54.2176376
0.401910855,3.66297045,7.97478016,7.34252879,21.6895465,16.1384906,21.2495725,38.6165474,5.4580713,47.7676599
0.824486834,0.600901766,7.5509587,15.933959,15.7016165,31.7784908,6.93567886,60.0222356,32.5445786,40.892005
0.204688507,0.798963894,0.418858533,3.12066092,1.48150682,35.5466473,17.0150735,10.8944252,79.2333709,49.03998
0.853869788,3.95812653,0.523328047,4.5768785,18.1201718,29.8467135,13.220425,38.7706745,43.9495506,46.4138529
0.925132065,2.77846886,3.88385332,14.084873,6.96889332,1.7137279,3.57261565,26.0588266,23.6650288,52.1269144
0.25484162,0.492412925,8.96406841,14.3960708,4.31650201,32.3269243,9.00569354,60.9845385,9.03526123,41.9982816
0.451927059,2.15229618,3.69416229,10.2854817,6.39237131,16.6817918,3.91194877,51.0994146,15.0120388,52.6007962
0.982202146,3.48585303,6.14661761,7.47051505,7.72891206,35.7478995,14.8994008,31.6459517,42.411439,38.9905733
0.0474228789,0.145304836,4.81136711,15.3724978,21.2028803,9.80425309,10.9999647,63.2258015,55.7454223,48.0177239
0.175885194,0.409826476,8.89557181,15.7785957,10.714557,6.56689178,40.4932425,11.6583505,47.9632672,43.1243715
0.119031412,2.24374248,5.80461975,12.8784516,0.212739478,0.737864854,23.5398774,11.3894833,79.7925429,56.3922165
0.781519485,3.99191099,0.108032338,11.9102418,24.1154058,10.9796009,46.4843083,7.53516418,65.1852421,42.9594219
0.0022632815,0.155888375,0.0358156753,14.1405416,18.8798864,20.52103,23.0722183,49.3353113,74.1375263,60.3437923
0.582131901,3.56341556,5.23177702,0.84692809,16.1256451,34.1524848,22.8839787,13.1009995,36.0681241,48.7072576
0.0205296981,0.170545507,5.30626775,2.56366351,24.2071077,34.3559754,22.9737043,62.7564638,35.2944945,46.8652817
0.391266539,0.0668801107,0.121545538,15.6726319,3.00650881,7.76669483,47.4212212,30.6475394,26.8249897,52.8022918
0.985098931,2.23096458,8.59894669,0.883488857,1.24564689,15.2456699,29.9085802,41.1529645,12.4976885,48.9869735
0.577799186,0.283701925,0.401060459,15.3300145,5.55257271,31.8090065,19.0166913,46.4079819,13.8607394,51.8836114
0.477737156,1.31352124,0.790921564,0.0332804993,23.977112,11.9816965,38.6196639,34.8627211,22.4687125,53.7227825
0.0791653511,2.128227,2.50011179,13.1179122,13.6716775,7.03305907,22.6268117,63.7703004,54.9776437,46.9225541
0.377794601,2.37544941,0.401197884,3.43616609,11.9428478,33.75733,48.2440105,44.5188288,5.005729,49.0378395
0.426027333,0.965518114,7.79160722,6.29776594,10.2378282,24.7375138,48.175197,5.92487619,75.1706054,43.7656741
0.969019319,1.23080342,4.75426924,5.33882769,2.62040744,23.3104856,37.2009496,59.2460192,45.3655665,45.0414261
0.349135359,3.67188223,2.9805336,15.6945584,3.81753961,16.3989401,1.34342364,50.835777,77.0824862,44.5532202
0.602806597,1.48192311,6.03397313,1.75356334,0.217217428,1.11357579,43.3761865,2.04537362,10.8773177,64.365163
0.767067749,0.430657365,4.63123645,9.22857204,0.953494793,0.557254505,7.86240392,51.4907874,78.0422505,56.4282404
0.688027693,2.72576377,8.80118571,11.605663,0.590480038,34.8451126,40.5715918,3.58226073,59.5553532,48.027262
0.47428284,1.086769,2.98481938,15.7499879,9.44787135,22.138264,24.2317457,31.2812383,60.4609883,45.2339562
0.85987988,0.00455121696,1.10768283,8.57845796,3.34841248,2.5467792,48.616266,24.2701464,46.0057591,54.4019394
0.925187704,2.51894117,8.64971971,13.9362622,4.31170856,24.3155258,47.6951576,28.0990925,6.89524059,41.1686189
0.860500125,1.70241355,1.04522003,14.2454684,24.3551045,16.1876895,19.7325235,16.3549694,78.4327276,40.6782989
0.462723731,3.9909751,0.716799229,9.32380125,1.76198341,19.6633431,2.46085879,4.77224905,19.2244677,55.4724694
0.968190903,1.53801541,3.20606798,2.46133156,11.8743258,31.3818346,46.9505422,2.30289284,61.6610958,45.6556822
0.276082433,0.46980286,8.94751777,15.8776001,10.6651435,34.6569405,47.9100386,9.16679889,23.2735906,34.0845142
0.750642518,0.195195474,1.46323916,8.28555856,11.5353762,0.096760422,8.51022903,0.547695697,67.2319907,64.3919848
0.823703774,3.95729852,5.21168383,8.48025677,24.4930217,6.07072244,9.02694104,15.4095993,57.1254109,41.2754391
0.458723159,3.04051908,4.50942255,1.53748048,0.678836997,13.2673079,48.516351,6.93729908,64.7817369,52.0870331
0.818191932,1.40720208,6.40186615,2.07000864,10.3674272,29.3022241,3.3772797,26.043953,31.2834645,52.7107017
0.505864434,0.254181039,0.0466144709,0.798955806,6.32848589,18.5216867,2.70665345,24.4565449,41.9560065,64.6332067
0.942339295,3.58615751,1.23571278,9.99943502,19.5380871,2.34714359,38.7132318,40.8641565,25.158545,48.4743035
0.519148045,1.28476896,2.50187355,1.75782137,12.0370552,9.77291441,29.0902574,61.331431,16.9104218,48.622598
0.642478723,0.559615266,3.27098914,6.24786457,24.7809721,27.0696194,36.8760792,31.6895509,78.8248088,41.4129132
0.907421694,0.145650555,8.88495695,2.61579537,18.2386635,17.5941413,0.997453763,8.10500864,36.5514279,53.3868061
0.247620114,3.00504017,3.84774435,7.18092655,2.86331634,34.2112236,43.6034599,63.150663,77.4478218,38.2570974
0.700493858,0.801089414,8.79700131,14.5796019,24.0144173,14.8481523,1.21885283,4.25727791,0.0883386881,52.7082781
0.0871255771,1.27829547,0.702027788,15.9662881,14.6944142,27.3880582,20.5453973,4.56203184,2.61869442,55.4437879
0.435414367,0.0370708946,6.86368365,8.76631865,11.7460594,23.0698111,19.4843431,8.29886449,29.1289222,56.0775816
0.20705802,0.0966020506,8.07899621,1.22532535,3.19253893,10.082648,9.61596627,17.6916007,79.395532,52.7555283
0.0363553302,0.0961360001,8.45494397,2.21038914,21.8910115,32.0117444,1.88838886,45.9122749,80.4988808,51.8372941
0.00753563457,2.6056406,2.25333527,15.6548816,11.8667818,28.8015305,15.4129816,41.7710455,37.9208414,50.4432167
0.455696923,3.59276666,8.16572011,0.458549567,16.9415139,15.8741015,0.0320114931,62.7162971,71.8934251,49.7695057
0.0201787306,0.57570138,8.57947649,11.1313046,18.4951,31.8886852,28.7626661,38.0456152,10.9532248,51.5719276
0.0667025829,0.281243501,6.43393663,0.307494708,0.0992965186,27.182288,17.3064994,8.27484602,4.22349003,69.4110159
0.0448609237,3.91017741,5.29123647,1.44251729,6.85636124,14.2033428,48.4313158,60.2452983,79.3906756,38.7656967
0.110900132,3.5941079,4.88587571,1.62330461,4.50100359,33.6489135,18.0875103,1.02638984,43.7070975,54.1495859
0.0993061308,0.152563306,0.295825359,6.99875963,18.9892367,3.02679749,4.60787667,32.1085963,1.49050436,68.0962094
0.851550149,0.0133988801,2.68870185,0.0213829428,11.5361246,18.2101407,29.7204639,7.62344587,80.0568201,56.4423172
0.9493609,3.63455855,4.55758949,0.72276339,5.44420382,1.05639488,9.29462561,3.62144733,2.10753832,60.4132038
0.885101225,3.58516597,8.7400942,10.2456574,10.5695173,24.3025974,45.9445209,62.1235941,19.2964946,35.8495691
0.814097342,2.13607632,2.32813425,10.5818136,13.3446373,11.9789207,24.1195091,63.4635596,10.1834147,45.8062744
0.426887418,2.78736031,7.12071294,8.57297667,9.40445945,15.4799347,47.9954508,28.1354669,51.6279654,45.066297
0.013929327,0.44079724,1.07821897,8.22449077,7.83816006,15.7768089,28.3489764,44.730442,51.3063281,57.8126626
0.825018754,0.360803826,0.0672811219,10.3001165,15.7152341,1.35331798,39.7652637,31.0693415,8.12848899,61.5942969
0.882744385,1.13953768,0.471935464,5.01217477,24.4082459,6.31939948,13.8111684,14.7680118,17.6872108,48.789034
0.353287332,2.80075062,0.48512135,14.9947338,0.767999387,11.1826099,35.5582234,30.1209061,2.61832825,58.2195716
0.871553422,0.793478262,8.97558808,6.59340455,23.9847853,17.6933622,16.7951183,46.4378244,0.651828918,45.1778915
0.122918042,3.53415524,5.73108994,7.8732214,8.17513706,35.3211559,3.62955721,60.0399421,4.18618867,48.1567351
0.160948425,0.240725357,4.20992644,12.859982,15.1848529,17.0237178,34.8778502,6.56832624,73.2278981,53.0313119
0.539300337,0.0830705781,0.376213493,8.92475887,22.534903,27.5254323,27.1415383,35.0487138,9.7872885,57.394207
0.719092587,3.15643065,4.79242732,9.46839823,24.0140183,5.19204051,47.1281659,61.4987327,11.645315,40.4673223
0.569042221,3.57040052,8.37328915,10.4368195,5.66435666,1.21305498,16.0815468,62.1142755,64.0767803,45.448152
0.871037797,2.12901745,5.39181,14.4901951,1.10657434,33.4007101,24.1380851,23.2441955,11.6359037,48.7735503
0.988115149,1.00521097,5.80688212,0.475992508,0.00951498514,14.2824317,44.6841213,41.8300793,78.6489851,48.6130896
0.689592848,3.94801139,5.01154187,12.4163706,15.5320761,32.5480147,19.7137975,53.2825,39.2064009,42.1594816
0.0395994713,2.1932551,4.58646067,15.3679736,2.39292078,25.6602232,37.2545975,20.9245059,78.6840914,47.5149649
0.383313252,1.38332586,3.50469972,13.3124375,22.0904202,34.1170847,46.062574,29.623541,33.9868114,41.6975567
0.610292012,0.711393232,0.868607607,1.22320579,22.5308138,0.557612026,16.0411398,7.10088203,61.4134732,59.2442795
0.686806165,0.604829431,3.07855011,0.340843797,0.877647358,0.891579822,11.9533736,0.456894279,79.7623994,64.1421283
0.789963732,3.68180016,0.0342751066,0.109719522,6.33751892,21.1399794,21.2790991,46.7836769,67.4032602,57.1573919
0.149759243,0.0143780857,3.71809579,5.39724501,11.7140042,3.26665165,3.55829762,31.7493327,54.4653778,60.8657158
0.0253476035,0.0686878823,5.48378533,10.6311034,7.741588,18.5320263,43.2365235,8.16426677,1.05247506,63.6590568
0.00763113704,1.02608088,3.01806781,1.18334525,0.755686267,1.17948157,32.0496589,2.11276898,67.4682258,69.0450517
0.755288463,0.532788677,5.80342698,9.23954522,14.1194326,7.63803383,44.1470134,27.2377439,71.8396314,47.9434564
0.823886476,0.240033746,5.05612567,0.540553466,20.4407791,33.3718949,1.95697665,15.551447,77.4181791,53.4819215
0.790861219,0.0180356596,7.03199357,13.7172192,2.03654585,4.64548123,38.9318004,38.881315,48.4233039,56.7244472
0.659722762,3.84184534,4.26302259,15.3255131,12.3421131,12.8091599,4.83197718,23.5629559,69.1034584,43.6191798
0.496575066,3.7485451,4.04418409,4.62578262,2.38823539,20.2640216,23.6977892,21.8694992,10.9765563,50.3221466
0.0729783038,2.18540798,4.84190644,15.8605354,12.5276311,2.72898937,2.89154045,51.0959378,22.0558077,52.5313899
0.0520282076,1.75234042,8.06709802,13.7181993,2.77551775,33.3025696,33.0584034,2.07200486,10.3599111,54.7626561
0.802151308,3.02815458,4.93667947,15.5943303,21.7320766,1.45656497,0.663540007,38.0302422,7.94943044,54.1971271
0.0681866799,0.0541154258,3.41541397,1.53356532,22.8630414,13.1569815,23.6670626,51.3581847,11.4040089,57.8792024
0.396564034,0.206846342,1.04954187,15.378182,20.4752211,2.94013972,31.2080074,22.1792119,37.9875081,52.6829527
0.0138560748,3.51619526,1.56082395,12.0321091,24.4643447,32.0278269,26.7965144,13.083244,63.3849573,47.9368632
0.135977347,1.48508271,8.51645252,0.0309763327,13.467538,34.4326949,14.0245042,25.9156077,55.2055034,49.9673402
0.968299295,0.824991296,3.66458274,6.47488897,11.6545213,3.65652211,4.31082011,39.1231326,8.21287636,52.069399
0.811585096,1.24283987,0.921802249,6.63182737,8.00394226,32.0510059,18.043746,0.311889202,73.3072913,53.0703794
0.261324301,0.310108842,8.99845973,1.97819387,24.2256512,15.1479445,48.3245463,20.4397955,55.2357085,39.460063
0.0983808102,1.94510552,7.62421076,12.6404829,0.931823312,16.0623495,43.4304004,40.1488789,38.2320297,52.8321489
0.0312951068,3.90743732,0.672721486,4.32003857,23.2627928,3.97325316,46.9118812,49.6169201,70.3386738,46.1463212
0.998935551,0.439217011,4.32067304,9.86981699,15.6471976,10.7270499,2.07965999,20.6960203,78.4851143,45.7256448
0.425028356,1.8063165,6.21323671,13.990078,17.56499,21.2930697,44.4021459,59.9062963,77.3582884,40.3510355
0.0311385775,1.38428904,3.92840312,1.19325573,11.0141609,21.6041568,6.89215683,0.626660765,45.9263281,62.6166891
0.444119891,1.29205626,8.07634938,2.14042749,9.63243589,24.9839534,1.77511809,55.3923652,44.9058134,52.0497812
0.985659782,3.93584463,3.91642503,11.2986488,13.1104213,31.4654515,48.7872466,1.63756093,3.14713814,41.7704781
0.531322831,3.77125585,7.86843556,13.8602764,8.85227435,7.45193999,1.02812553,41.4116883,7.90515609,51.2387426
0.268627564,3.29387812,0.471482737,7.48507814,15.1691417,32.7819152,29.4666179,3.19543907,12.3328604,54.7904509
0.145178111,0.0340690091,1.34513243,15.361259,1.06149516,22.3908105,19.5336181,1.98423994,6.48078188,63.2931577
0.231022453,3.17747319,8.53160326,4.72182349,24.5114494,20.0584408,24.793119,2.54753539,0.540819261,51.0269833
7.7160541e-05,1.18734885,8.487298,8.91988863,19.6377462,2.30423162,37.0505538,21.7568868,45.5584336,54.8644106
0.923692692,2.01226887,0.456455686,6.4901556,12.5706565,0.0352144037,21.5715454,2.56429351,33.0086869,59.9900762
0.506363176,1.78356786,0.956290089,13.0978109,10.7946149,0.132551635,43.2769704,0.0537127257,8.54269062,62.192637
0.505031124,0.232372465,3.33903275,7.33047936,5.26024131,12.7810885,48.664879,3.42276806,68.9294187,50.398605
0.786697239,0.0819555503,3.21060037,9.88531901,22.7447949,31.3460113,11.4486465,56.6887241,80.2227814,44.5469426
0.335139108,2.73195575,8.95562748,2.18862918,0.454138487,11.0960013,14.282753,62.9943912,74.3345108,43.5586492
0.00967329136,2.31603129,3.46030385,14.8033303,24.3306704,0.830296191,31.0171082,55.5589332,24.0338383,51.5912878
0.520325334,0.431526452,1.49644627,8.48447834,10.3553032,23.8763948,47.0511177,34.1359362,33.7668636,48.6942766
0.0793802911,0.578209089,4.41037189,1.99181271,6.86900816,32.2850686,31.5068524,54.4232465,4.43462203,55.1926
0.913754016,1.85496446,0.872425878,3.30975576,17.2891272,4.83869026,48.8193055,1.39370072,80.9088663,44.8352002
0.901136379,1.59646802,8.63570502,11.1898186,5.12737524,1.14569291,43.0937326,9.61847792,73.1003755,46.5057771
0.102608601,2.17103776,1.42126747,2.2085596,23.8455176,31.1245938,42.2593788,61.8838124,21.812986,44.1904481
0.0130993244,0.641382775,8.37065997,11.8793563,13.0333451,2.06057543,0.124125988,36.8136947,50.3305796,61.3400806
0.873815016,0.835915588,2.77490567,15.714944,14.1627195,11.2695305,14.9708652,0.433029443,58.1249068,49.6784089
0.272186913,2.58179985,0.697506791,8.88290426,23.3935388,0.297030911,32.9368758,22.2968893,30.1449406,54.8035531
0.948807546,2.43369669,7.06561309,10.2386009,0.257528585,4.72741733,2.31805345,5.90939832,69.9353566,56.8880851
0.411671613,3.85920341,3.67132667,15.9776008,11.7759562,26.6349611,40.5481134,0.184915185,45.3973553,45.2529383
0.0952293082,2.07592933,4.82469297,13.5373433,3.32728861,31.3050792,6.07906926,7.72828481,42.1235376,53.7348267
0.974547373,0.870800049,7.95693476,2.13775135,14.3545748,10.568322,45.9901396,39.54373,44.8920523,42.9053308
0.468687873,0.948331844,5.87994877,7.6426992,4.44603546,35.3059496,47.7688644,46.1114032,23.2297807,41.9538021
0.723721409,2.34285885,0.964704731,8.51986079,14.5317975,15.7265656,5.97216712,29.0126249,79.9700925,48.0516541
0.991028099,0.837029554,8.90036952,15.129756,21.5769863,27.9482445,46.474816,55.1619019,2.63948327,35.4333364
0.915867999,3.97381601,8.83289177,14.9546033,21.9015943,0.13847521,31.7858191,34.3019897,1.95125292,43.5664113
0.154899726,1.59879487,6.6272772,1.1518767,24.3619211,1.16373422,14.8102248,58.0553678,71.5920119,49.5805668
0.334405586,1.41872307,1.07699692,3.71078413,23.670154,34.9608671,42.5948531,2.21578667,71.7944859,45.531615
0.817966652,2.26208187,6.32233457,9.73723865,9.01561254,0.575972082,44.0493507,59.3460122,66.3524032,49.1722013
0.958943185,3.83243524,8.4131016,15.9974878,9.02781599,7.92474031,36.9003124,51.6587637,6.12818478,36.5740691
0.466080941,1.6895023,7.79672768,15.2926411,24.0922142,25.6952819,6.26465182,49.6367363,5.85597303,44.9719034
0.135764629,3.18445905,2.70727749,11.0449509,0.764692552,3.15031437,37.2040841,0.0539550483,13.6972235,62.9270206
0.605149066,2.96140178,0.629172793,15.1237887,14.8692033,9.64745723,1.10752462,56.3804368,2.53235029,56.4839315
0.0276573752,3.35002117,8.56299465,14.6684768,7.95199543,34.8295909,28.4947282,44.2739145,60.3457779,43.6944101
0.0181389977,3.44853945,8.10572554,15.8741262,19.4372659,10.2647141,9.59589321,25.0477272,62.2063572,46.5528998
0.792007011,1.04732199,5.26649635,14.229669,9.44796459,24.3947941,48.0528624,8.43486771,6.10242089,47.2374512
0.794657553,3.23800337,2.52597419,1.86355959,13.8219115,7.00853486,0.606257008,60.5538441,0.579866876,58.0650826
0.44000264,0.497480767,2.60831768,14.2138436,18.8591479,22.6063586,1.45501744,4.54295022,1.72664751,60.7787947
0.0178348119,2.99873746,8.50622633,14.4815062,22.9303439,22.0164209,29.9249229,15.9067189,20.5351977,47.5011372
0.518292615,3.77595023,5.38986062,4.24447669,13.9371515,24.0563413,47.5423043,0.664362133,37.8856832,47.947949
0.537177151,1.34549758,4.00014385,0.742505566,23.8922524,10.2051596,19.2164538,15.5935535,1.08150285,55.07767
0.514497504,0.638222006,5.84380507,15.7010388,23.9991999,6.55646426,46.9511894,16.5090679,35.3156285,39.6821938
0.474388592,0.196242835,5.0700052,15.2487158,20.5718667,1.96445092,6.16128604,20.5511461,74.8142527,51.3275737
0.927386186,2.31848459,6.23351373,11.8493579,0.247646473,17.5597399,47.0252749,42.8351115,73.0509842,46.7630038
0.76158879,0.0911658705,0.505766246,7.84586759,14.8382913,17.5140506,30.8279278,62.6710207,80.8027762,47.319571
0.288865836,3.87239171,7.39680737,2.02937194,18.2096949,0.492580746,47.3729159,58.2498884,78.3088129,41.5339502
0.0928179664,3.9662454,1.54433556,15.3739351,8.9475026,8.17383822,2.31249228,11.8305601,66.094726,47.5266282
0.775192734,2.6571045,4.39959942,0.119792111,20.8531472,5.53565373,18.6910127,1.11007363,41.7750432,59.6549129
0.907772923,3.75808836,4.92988063,4.45121142,17.9850248,35.0081789,46.9065651,60.9166132,22.1723387,34.1036387
0.930130302,2.79993897,5.79205771,5.53579968,0.289337244,18.5631267,19.6968082,0.332588315,27.6055758,57.5644924
0.0780482595,3.02839114,4.88207866,0.170627944,5.84977973,24.8369095,18.9707667,62.2699411,54.295201,53.1290396
0.00365630537,1.80609771,6.93952784,2.92334408,19.7560982,22.668414,0.0453413744,35.3338503,0.0267957207,66.3357626
0.145118785,0.0456886236,8.74956729,5.2931263,2.45881238,0.373902183,27.4590461,28.9797626,28.9454468,58.6728859
0.427740701,0.151829491,8.54605571,4.54807108,11.6104056,15.9661663,48.1238041,29.7481125,10.7907361,47.1119832
0.998059667,1.5553052,0.0325624156,12.9360337,12.3711755,32.177957,31.2009933,60.2038492,7.71261199,46.6993924
0.0264195814,0.135617824,7.48974058,10.7908744,3.4777139,35.9099776,47.6309666,26.9789637,75.2314892,46.3244334
0.515589708,2.06487404,0.760372213,15.2458373,19.9810749,31.573247,15.7372822,56.818847,13.1137517,46.293411
0.0277574873,2.08035437,1.16081065,11.990291,1.28229769,2.27133511,19.5036932,49.073616,15.521577,61.5752511
0.326672001,1.50531202,8.50304528,15.4345717,1.32387558,0.542599015,15.6005769,63.863296,8.11949843,47.4410027
0.939610626,0.143137103,3.83690327,3.25927376,16.5845472,16.536916,21.7050133,52.4524046,39.9473357,50.7068363
0.961834586,2.21556157,2.12243198,8.38101297,18.257665,9.47012763,11.4809878,62.6443501,80.4840213,37.0615398
0.327622529,1.40736658,3.62274967,4.53998029,24.1385677,31.5468679,0.284094329,28.4387129,22.0830658,50.245403
0.000711029396,3.80108422,1.85060444,14.4157973,22.350927,2.92386021,1.79461682,35.428396,67.1440947,54.4900822
0.124288098,3.64022192,2.72220065,8.93574753,11.1074207,10.685067,21.6712643,15.5940152,10.9005362,50.7402102
0.700128005,0.205503102,4.2539479,0.181889288,1.58322966,13.4508413,33.0606565,51.5306515,35.0063346,60.4547979
0.56285589,3.67576063,5.64498737,11.2048964,1.08413595,30.3450069,44.2774757,11.1464316,12.7516844,49.9162558
0.924542187,3.12216191,4.89415984,9.14556858,21.2047827,19.8471591,42.4708409,31.9005194,30.4133742,45.1547331
0.0489472705,2.6271023,3.84379689,1.23441126,16.7970151,10.7041055,16.1997837,33.6518776,24.1820251,55.8237603
0.00802814728,3.71628536,8.11792306,12.3251018,18.7287955,35.807961,16.8775586,0.165878296,45.4568462,50.4083916
0.481792113,1.92017523,0.866633497,6.23855295,5.24919515,33.4410175,15.2183635,57.5150986,0.332412462,53.2775374
0.64300714,0.0840375275,0.942129844,6.00228523,0.637281535,15.5386932,20.1666856,11.0820541,20.3562963,61.3035874
0.917543311,0.601687279,1.25571626,15.6856062,18.7233857,12.8779373,10.1987958,11.9645778,0.833512491,50.9659116
0.880959067,1.11618574,8.40083287,1.4188668,10.7723279,0.740434494,33.323463,60.6602369,76.6993688,46.1397466
0.0435589827,0.383288073,4.32593145,6.98637126,18.6590018,2.6552998,32.1546355,2.55952337,12.5415391,62.2960347
0.71075372,2.55106486,8.43081602,1.28857974,14.312022,24.7002731,29.2498118,43.868344,19.3110344,49.537677
0.104363499,0.149296803,2.7705958,14.939739,6.55223155,33.6320955,25.3555867,61.8384069,27.9767606,46.3009053
0.575950917,0.028256461,6.53926648,11.4696413,3.5320463,18.8671761,17.1884013,39.786147,17.4300759,56.3797068
0.37992991,1.9279979,8.68641611,6.39206264,11.5576074,34.1392984,15.2294813,45.5735994,4.41062752,46.0034992
0.72728306,1.78558616,5.2799901,1.41077899,23.3787536,2.4652854,46.3480682,24.7942146,15.6501907,49.2368836
0.721897898,3.7518943,4.69683081,1.12950015,11.7328771,28.02959,45.3517932,42.5635584,47.7480539,46.8327887
0.782829943,0.0913774986,8.50864361,6.70787498,5.08558717,33.7874455,2.17336766,29.7668951,5.32377193,54.7215788
0.587118965,2.83380466,8.44846323,0.571613141,11.0969613,9.54572394,25.8370504,6.93109927,13.9034156,53.3195332
0.00189106492,3.13251272,0.317887475,10.1951843,10.0973804,9.60894644,2.1272444,41.2691284,53.4606858,62.5923384
0.243494282,1.63359865,8.75831363,10.6259893,23.4405045,20.9658123,5.99796229,19.2680971,79.6174996,39.8578147
0.0284061842,1.69095005,8.54420768,13.3305941,23.8992495,35.5480367,48.7988983,1.41482875,44.3307564,40.8643207
0.804187976,3.94926386,7.37493639,4.54381763,24.9107026,34.8180968,10.5514567,9.57763911,14.4034175,36.7155164
0.28553511,3.95439482,3.4060248,8.99341473,0.502046058,18.558864,20.1805211,58.7992773,19.5578723,47.5784191
0.534800519,1.5693239,8.16034017,15.71056,24.0333058,3.98947997,26.1195727,0.860156984,71.7083157,44.6145449
0.093409007,3.70072213,4.58274199,0.257071786,0.946098555,1.55291247,48.7275918,36.0948952,69.4874202,55.2130822
0.887432869,0.336886209,4.60464518,14.7050817,19.2310825,24.1976265,45.6098352,11.1022964,45.9376111,46.1022897
0.58582565,3.88678668,2.75320619,7.35359541,12.3094424,14.10907,47.8297795,39.3205974,77.5574737,37.9831878
0.997331748,0.618771326,8.3017744,1.63966017,9.01312684,12.416863,46.5716586,5.04872683,68.2827713,43.0766083
0.980490095,0.38813615,7.65963312,15.0291989,5.85316822,34.8453945,47.0211618,16.5436042,40.950356,36.2262214
0.224765061,2.50549228,4.06970529,15.1764884,23.8129275,34.3764631,1.65319773,2.99647254,73.0442325,45.6658184
0.0583937881,1.69758541,7.4655499,7.99499391,6.03529058,14.5854354,18.2565456,63.6886257,18.6458533,47.4722265
0.292178045,2.54558891,8.35396052,8.9145061,3.28745193,3.17449361,2.33313847,17.0557291,80.5430698,49.0570643
0.935986237,0.482748093,3.48120952,15.4461468,5.29575311,8.24040284,6.05758751,48.1611116,45.3118086,46.4914477
0.930302755,2.39364064,4.31604626,15.6258322,24.0020038,2.41606331,47.3339808,35.5462516,63.0924639,37.8341243
0.0276008886,3.55254158,8.02431838,15.50042,5.56192438,6.13877729,46.8629494,63.4658964,59.8909634,39.1709579
0.427445783,0.325100413,8.91593321,0.15909344,2.94287539,15.7056167,16.7424227,41.6628813,5.12082286,56.5392657
0.749341619,0.738367798,3.93206292,14.5447897,9.81289788,0.539501265,42.7358398,25.1563904,24.6209986,51.9066223
0.0404839772,1.65681912,4.85773862,8.91208911,14.8150103,30.0633613,20.2996727,50.4159619,57.043494,52.4776487
0.613341776,1.74088619,6.91686354,13.7342843,0.18227601,19.458568,21.9860516,13.8037306,80.1152285,49.2152464
0.0292441966,2.02885002,6.48521134,12.3500818,24.7270448,17.9172963,43.5549861,23.0559603,57.618088,47.1317996
0.761404964,3.73295314,8.42285949,3.55466189,23.7538322,8.14773974,42.2785786,35.3567126,0.340586113,45.7617873
0.664843431,0.0941514727,5.40855439,2.79742411,12.9796899,35.4927334,8.67036937,59.9484049,1.06408585,52.8377045
0.243699966,3.46129047,4.29519934,0.738376335,15.4547758,33.7205917,40.8134173,0.136652023,71.7742834,52.8214094
0.330938846,0.356772008,0.6010459,6.71723807,0.96917376,20.0208655,47.2124646,56.0220807,74.812474,50.9754385
0.0121337255,3.72609515,1.0824962,8.02421712,23.4644071,23.4576876,23.6223985,30.8911803,25.3974932,50.7978708
0.943513429,2.52078908,6.52981338,1.01948089,22.5239873,15.3417987,23.9692107,28.1122157,43.0419453,47.8070384
0.0332576842,3.84759476,5.68141546,11.643865,3.81166696,18.2688186,0.047101737,9.97733111,11.3955706,58.4103577
0.296152081,1.71213363,8.61746124,10.0819475,11.3926602,2.07328777,45.934234,28.3044156,0.396692628,51.9478643
0.437153147,0.931784764,1.13970308,5.31490902,24.49362,20.5509456,21.4280487,52.5250484,46.1806969,46.4338244
0.9985248,0.825281825,5.65118512,4.38818827,12.9380217,35.035095,25.6449222,13.33151,79.3392426,36.6638611
0.626547988,1.56815947,0.126377047,0.0338321477,13.4639171,18.7990852,27.5290354,29.3854567,72.6097565,58.5134537
0.317584101,2.54392811,8.54929598,5.36439114,23.9405355,26.7552823,0.0399899632,45.859672,14.5639635,49.0764872
0.996989118,1.58442046,3.04801338,15.9303186,20.1001681,33.8758433,15.3789492,62.6936353,75.8466574,28.6028446
0.644101965,1.68687678,7.51074201,14.2951367,3.69271814,19.4599135,3.76551049,36.4862368,50.8551689,50.9387967
0.837877569,0.833220765,8.86815852,12.6937046,23.5826507,5.197657,28.6122065,63.1580046,71.6122278,36.0366309
0.142791355,3.57722034,5.27018037,12.3049856,15.4570882,17.6855809,34.7869088,58.2210609,32.1089465,46.9611881
0.0714582848,3.99756895,7.06795264,0.142228432,10.0519652,26.4660717,48.0029429,0.602421969,16.3342077,52.6227748
0.0207746979,0.641390058,8.64606991,0.883382537,23.4535897,13.653145,5.99914179,45.1604815,45.8309809,53.136038
0.0950294999,0.643218719,5.79826428,14.9825584,6.03087928,15.8227392,1.05825541,62.8227877,69.0935048,48.9900809
0.996007921,3.62052457,4.85208481,15.9812235,6.91075739,34.7031186,26.2888647,5.15737874,30.4565171,35.8210325
0.412996995,0.961979151,8.96308775,1.09477044,24.698088,1.10171132,16.9623416,5.32256985,61.2960691,48.729491
0.911203349,2.37877571,0.187676835,7.61699088,4.32131365,4.77869696,48.40081,30.5815743,0.657933781,54.4623827
0.906050838,3.98576976,1.87272587,3.38448759,4.81696046,12.4625101,12.8045231,60.8904382,32.3927683,40.7187533
0.255487552,3.91714798,7.88883159,15.275608,1.78762307,28.1964393,40.2271263,57.8770175,3.83869282,43.9511576
0.191414095,0.386784364,1.54080227,5.80234961,0.140587904,18.5197018,6.30003908,58.4578559,47.061934,57.4458285
0.218719693,0.0875211806,6.67908343,13.0759828,12.5660903,33.5218716,2.85250288,26.1433156,38.8612889,54.3795387
0.98223341,1.58770276,1.170481,12.9318298,1.97534557,35.4714142,10.9681341,4.4800407,40.5557726,46.5665305
0.0405473309,1.91596058,3.48627062,6.66712841,10.0424682,12.6183792,1.49636977,16.3091201,75.1546608,55.321745
0.00431360351,1.99493685,2.033288,0.838147447,10.5377189,10.7162362,48.7019491,49.1858533,53.9609824,53.3537758
0.0474069747,3.07609757,8.93682094,0.265709773,2.78773742,5.04409638,43.7295221,14.4691814,60.1566887,53.7576604
0.00255760318,3.94254644,5.35061876,15.7325207,0.743195101,22.8672796,41.3334332,23.5255822,3.11359469,52.8862608
0.274651405,0.264659627,0.302272052,7.62023285,14.458515,6.13786745,26.0492995,58.2234208,1.30716151,60.1113801
0.561604623,3.55562722,7.71015428,4.55638606,4.96943419,30.6437324,17.9819507,51.7819564,34.6043325,46.4710073
0.268280103,3.93476423,8.06059394,11.3819373,0.34446863,20.8573427,23.6265591,58.2260365,56.9483503,46.3290539
0.976251973,3.46762929,1.00242663,15.6165856,6.17754929,1.54207757,45.8662973,8.95907388,59.6800739,43.5663954
0.980667669,0.326041542,8.50544739,7.20751195,1.02084723,10.6262436,48.0147646,4.11280531,4.95976346,49.46792
