0.135837491,0.082827041,0.166674342,4.08117259,0.418244105,6.37727813,14.8544371,4.60429621,10.6393428,99.4018745
0.988216539,3.82147771,8.04575419,15.9835575,18.2051205,33.7825769,37.7984433,55.4279574,73.0002562,0.506964496
0.923305758,3.99951492,8.6562192,0.135155834,24.3189179,4.39536859,1.30646059,7.4228566,25.2503819,61.909355
0.0475625326,1.53394262,2.1907047,0.309259027,21.4319895,10.724732,47.0549752,54.8149976,75.5132841,30.4212402
0.92717591,0.182058154,8.665628,9.26197107,3.04334946,35.3871275,42.8105371,0.910229713,2.82334219,41.2145346
0.0574130649,3.76552719,7.23499621,15.2557016,4.02548404,9.08680682,13.5595933,60.1923493,6.09449452,57.9728333
0.12786517,0.119630106,5.90217527,15.7505775,24.9323429,18.5581954,4.88647291,3.85342527,76.593661,66.9815628
0.943722228,0.557914544,1.95692319,7.1255557,23.7728228,35.7580365,1.79553588,55.603649,3.20015283,24.3344819
0.985370553,0.491543256,3.07688215,14.5035261,1.19318048,5.44950218,7.87145419,58.1623571,79.3991072,29.1427348
0.15270887,2.31190995,0.608850873,15.9228813,24.7899927,29.385595,48.5862376,5.08799702,12.6131467,7.09515116
0.26928918,3.77301295,2.31442797,1.05032494,7.51759564,33.4510682,0.141431756,32.7099161,75.3811282,91.0583932
0.559714547,0.489544725,8.50094476,0.673100934,1.2615523,4.18958639,46.7929823,63.5480669,25.7689115,95.1482775
0.93401457,3.93150774,1.91389456,1.46809239,3.48250034,7.75176309,48.8398279,3.90255612,68.673777,53.9243357
0.159767163,0.826838231,1.50783769,12.8498964,0.327212294,35.2181112,47.35888,6.13437093,76.4085043,79.9606483
0.96435983,3.9826278,0.0572879403,15.712734,6.12666954,30.1463663,8.13738174,7.80385378,29.5783423,17.8068579
0.162548426,3.80556182,0.174463384,12.8108473,24.8607447,13.7321398,0.099789585,14.5809707,8.0667695,98.0291273
0.698825609,0.648059624,8.86071182,14.1930319,22.3226513,2.59314459,31.2798492,63.2499693,2.82814127,1.97249867
0.216700845,0.364409896,1.43351647,0.19801154,24.9686754,33.8794262,48.3415639,10.0118097,15.8010964,97.8827346
0.0181968329,3.3366797,8.04531197,2.77039222,3.09688823,35.1366314,45.4120487,21.2930929,62.0309959,2.83908629
0.946578549,0.582705368,3.44050587,15.2572901,20.7429671,2.94876884,32.6094122,1.81654507,3.38300621,95.7067655
0.971739816,0.124350086,4.39176134,5.92514628,24.8960594,4.42087512,45.798885,1.12312815,76.4624274,5.43539065
0.761595583,0.547881475,0.548887232,0.262595639,21.0076571,0.99820846,1.21082548,20.0410017,77.3484819,98.3398126
0.985075875,0.680905193,8.9405676,0.212718219,11.1798454,35.5139137,3.19613961,17.6568209,68.582816,9.32305041
0.294935943,3.9535915,0.0277455538,13.012484,20.0280062,15.4072052,1.22152157,62.8415963,64.1786987,2.40599846
0.866557856,0.951576371,2.57415879,1.57652762,1.09325923,35.1474201,47.215672,62.4308535,75.1205744,1.9574025
0.362645666,3.94285293,7.94072813,13.898121,2.68670964,7.96174393,1.40235248,0.441700965,80.5799707,58.7563967
0.967311894,2.44401254,1.16709129,7.6504722,8.57242019,2.39925186,5.75200255,59.9598792,2.13828631,97.9919054
0.000242144801,0.278910671,8.2161902,4.46003299,24.6475114,1.0435969,10.52564,18.849329,0.850577727,98.5204235
0.246265887,3.96307796,7.76524461,2.60650812,24.3468879,33.32932,8.00517419,49.5837738,13.2713511,2.08303229
0.0968785622,0.95197741,8.73973713,15.5767509,10.0807723,3.65836083,46.3737669,12.9314331,74.1598072,6.31558595
0.0340964631,0.237023547,8.22321267,6.28511805,3.09239096,34.2934984,14.7374037,59.4865132,58.0001433,65.8339216
0.843632277,3.71068876,3.47863081,2.39660583,12.115862,9.0623587,42.2797092,60.1771975,7.79387064,3.96225574
0.70083325,3.61774199,7.6267536,8.6183748,1.60194115,34.3078892,0.944657601,1.1236555,6.67992337,94.4582851
0.0626527355,0.0181045085,0.635568353,14.2174294,13.0246532,7.69922754,23.0262272,63.7391866,41.1453839,97.9177714
0.284696033,3.54493053,8.20656788,4.95366242,12.8192113,3.57703421,47.9301359,2.34261504,15.6063771,90.9405252
0.875871287,3.07489154,8.32956976,0.140406504,12.206435,5.11722251,1.57725773,63.9617883,78.1857603,2.18601395
0.050848519,2.4442345,0.560684493,0.754252881,7.38777141,23.4347908,38.8308727,63.3185736,4.13465953,98.1007228
0.066339809,3.89268031,0.625420135,14.9977129,4.00116914,32.6156533,48.0261632,62.3352293,66.0636706,1.65011721
0.876842597,0.37414084,0.416477717,11.9839732,10.3720741,33.7661173,4.26558064,6.02624649,44.4547903,97.6736693
0.995656993,0.0283101052,8.56786139,0.0824176222,14.3640267,23.3239543,2.31383739,41.3583869,8.11078103,97.0020726
0.156193433,0.572140763,8.9320527,1.79510988,16.2684638,34.661268,48.9066051,61.7952928,1.8813316,3.17862697
0.780935592,0.738004638,8.19889799,15.7839213,0.571188738,35.9555411,11.9502056,58.9126536,1.22630819,2.71117419
0.943467914,3.46089784,7.44757508,14.9233639,1.52787243,5.69068906,37.3094966,10.0691659,20.8462556,3.64826937
0.0757426219,0.0249878746,8.93521755,0.358061709,3.0361527,5.21055965,29.7757168,4.53486952,72.8393631,98.4437548
0.653183196,0.19987235,7.32283514,15.8048406,24.9300697,35.5421379,11.8572343,2.0074262,13.6841877,4.16753097
0.407457494,0.552431282,1.60324901,15.6553636,24.5253471,32.4115925,34.8919541,60.1764888,73.7195086,1.51011837
0.867794594,0.0949788932,0.698081282,10.0481982,0.105060707,22.6876331,47.7071386,35.1056715,6.35545674,97.7215508
0.912352261,3.61777743,8.96696456,4.9302948,24.1635763,24.8060531,48.0937434,9.85570443,16.2308531,1.52770171
0.0870968518,3.34715451,8.1581931,15.5581242,20.9272152,34.1353854,23.7143733,1.92264477,73.2677485,1.58396764
0.871898363,3.9831356,1.2600519,1.2308007,21.9803559,34.3319148,11.557473,13.6467425,61.764634,2.40172777
0.909487022,2.99348672,7.9455954,15.3278398,23.4427736,3.88184877,13.9273761,5.76117587,76.0424295,1.66336402
0.0701482664,3.92765481,0.21238943,10.0073817,3.2248972,1.22002329,28.4900063,4.61822424,63.9073885,98.2481353
0.0117701311,3.2823717,6.34773533,0.689191997,23.8279685,2.39964929,14.8438331,27.8242823,74.3075529,88.011276
0.443572665,0.50311186,8.55232047,15.733536,2.40665687,34.1021311,46.9822575,58.5161658,72.3911405,1.42151396
0.0647700294,2.359538,1.69909752,15.5237298,17.6980698,2.1011005,45.1836657,63.8296379,21.1668622,10.7831365
0.0448017516,3.93215913,8.54674221,9.06017097,3.58352013,4.64083552,30.6557869,59.8339709,77.8972645,1.99274435
0.332891771,3.64799821,8.7884461,14.957484,22.5534319,7.96211557,9.90398871,4.3601231,0.745377784,37.7632124
0.908780245,3.47831543,0.106562961,0.00656424463,22.383218,28.4324428,0.0909473165,12.4754926,14.6865266,97.6568851
0.16892139,0.247217767,6.72527454,1.22514663,23.4990653,34.2580168,36.0529944,11.3322676,77.7357576,7.50642989
0.967528926,1.03461883,1.88705045,15.3900895,8.17956584,34.5067578,42.3006275,7.37545154,69.8802266,1.84934066
0.870843141,1.04267064,0.372173453,0.21196641,16.436655,1.24010026,46.7747104,46.4432614,35.3032927,96.8368293
0.0416539777,0.313614592,6.57101129,15.9763833,4.8028899,31.9256632,41.6794972,4.3220112,0.0535555333,97.6801025
0.907545347,0.458600844,8.33484905,13.8809415,1.53819725,3.57301033,4.87899465,31.690509,18.2058483,97.8091845
0.459327861,3.6934672,0.232325967,13.6933833,1.0829455,1.53360588,48.0662668,46.6893217,4.34061526,94.8304931
0.996433348,0.221114477,0.609792902,12.0698861,16.5251291,18.4958482,48.6207021,57.6527199,11.7241935,2.5865647
0.938715842,3.98859859,0.847086258,14.1844144,21.0196623,3.54906797,45.169067,63.359727,69.523445,1.25607923
0.869638908,0.0844843295,8.83828278,0.033178702,21.3038199,4.75291813,46.6793235,0.510562986,6.36876672,97.4867012
0.0191133218,0.950397803,3.00571726,0.160016917,2.19425015,5.41778806,17.373058,61.3685783,78.0836405,98.3506886
0.906105983,3.69299565,0.400413192,11.9902421,24.9987731,6.30728722,30.7289269,1.40222925,19.3223057,17.587234
0.249782019,0.34560097,1.15989075,0.504457817,22.5351962,34.6207248,3.43135996,61.2137594,24.875339,97.9727352
0.985307944,0.282490563,8.59249941,0.244735018,1.97099949,2.28735925,43.0749653,45.6378992,76.1552466,15.9722284
0.173377343,3.81198851,0.204360087,10.0977332,0.939982781,33.538457,39.2627068,6.9385905,11.2520817,97.8050884
0.259485283,0.676609291,8.48779911,7.89279741,22.2593978,19.7275182,0.541840513,54.4829419,59.2367769,4.88385233
0.0606800849,3.40074699,0.79797636,2.82432737,19.4844349,35.8519929,44.1601929,60.5539467,2.76250821,6.90455141
0.0443176273,3.38545124,7.37759492,3.97833506,24.8084181,7.31893585,45.3995531,2.98899332,75.9510426,2.70194776
0.0186824747,3.98541215,6.34932329,0.136148661,0.391488744,6.84189322,10.4797064,34.515942,17.006312,98.4666706
0.991726906,3.81647022,7.68388551,3.66897198,0.643851736,30.5512324,8.93201888,43.6784794,30.631505,2.34286343
0.0126170749,0.220710728,3.34172826,7.86995491,22.3940211,1.89099732,40.8224158,5.67270947,57.2417167,98.1300156
0.272861368,3.92405798,8.19566408,15.1575629,1.81167421,34.2842808,48.874276,56.1066399,10.5010193,1.51305822
0.388632906,3.01299452,7.64737528,0.775779181,22.6885753,2.71387139,0.0495500216,63.7220732,1.11909845,96.3830902
0.986021765,0.271219812,5.38062303,0.233352073,3.04419524,19.8567772,17.4963618,16.133789,71.6234869,97.7191524
0.209288845,2.07049868,6.46030967,4.31055508,24.2175487,35.0515634,10.3791182,2.40290243,2.0010349,97.3208167
0.902837102,3.93271048,2.39626036,14.1294216,1.85789643,0.958016547,12.7728076,4.67315814,17.426237,97.9821777
0.877729473,3.99701844,4.24999042,9.9358432,24.5571975,11.2582184,1.19231783,61.7610251,1.96026845,2.06267745
0.993397285,0.112691267,4.5047617,6.27544155,23.9782031,2.3906213,4.31761746,60.3385601,38.1961138,61.9793152
0.984602534,0.859169534,0.140300683,0.0597045943,17.8986205,31.8446377,1.1249181,54.2020702,78.7147663,20.6847796
0.134087409,2.42832924,2.0915908,14.8738674,1.70313896,35.5054718,6.07757456,38.9166387,70.8066182,36.807457
0.0835998631,0.251599658,1.42978206,0.61690151,0.411991228,35.0446612,48.483535,54.5597041,72.0731076,95.8862016
0.129720621,0.857899942,6.12972804,14.8250982,20.9774857,26.7877197,7.08376907,46.8986763,2.59711359,61.5489114
0.0396567597,2.04464272,0.697777581,0.973867409,24.6711711,33.6576185,21.2246003,2.42558768,79.5473442,95.912347
0.568527868,0.991528882,1.40832613,15.5328241,6.52266264,2.00297785,5.51086914,14.5994133,76.3678644,98.1057082
0.0803167005,3.5311442,8.86612797,0.0226883069,20.8162089,11.5535984,45.3644262,63.8835025,32.9388223,1.91048271
0.201053655,0.435109509,1.9924285,11.9924133,7.01485148,33.9968262,39.0057248,61.670591,22.3045712,41.45921
0.824621214,1.63497372,6.75739971,1.09665338,24.1458716,28.3166563,46.3352161,62.662744,66.7479971,1.29422985
0.978949148,0.793303756,2.37652656,0.501280248,14.0892732,33.7166198,47.9507181,6.16329515,43.6661267,32.447001
0.0849106675,0.374357442,8.60742274,14.1402901,12.2746264,35.4901927,48.5486911,12.8678807,18.3149347,4.51684445
0.0615348174,0.862701424,7.70136963,14.0789948,2.60315132,1.67660732,36.3949513,29.9704254,41.6882736,97.526054
0.971301838,2.67995235,4.40817875,0.462812506,3.89029108,13.135926,31.9975415,10.0303185,4.50889509,98.1041063
0.591059899,3.77490563,1.88741226,10.2007473,6.18771523,31.5790845,2.27689907,62.4884287,3.82262686,34.3099012
0.925706592,1.40275946,0.401031453,14.4633537,21.2267792,12.2093496,3.45610226,28.3567736,61.1219246,18.1260613
0.914256464,3.63357419,3.33308417,5.59213081,4.59776221,35.4087286,46.9596579,10.4110083,2.2984405,5.94017599
0.750575089,3.66209979,2.0500508,5.69572679,0.125306682,8.68233717,21.8333937,54.6586019,69.7647014,21.2091788
0.661867243,0.0109864995,1.46271822,8.72022493,1.28183187,26.9974189,2.20400995,62.426428,61.9848954,97.1347849
0.595901193,1.2454282,8.80129544,14.8844734,5.22659855,26.5563414,6.02925165,2.13230234,77.9694732,5.2909924
0.143140014,3.01685191,0.51778911,15.0783454,21.485244,3.59419988,48.6153021,3.11064923,71.7376512,9.35657505
0.0229164735,0.628677698,4.91866363,5.29702825,4.92789982,33.4256474,6.60941895,1.96471581,77.1760546,98.2508425
0.997304595,2.79331765,7.40209465,0.00857993216,0.317062135,5.56315629,10.8450737,55.0572975,45.5618413,80.5012173
0.0136315129,0.419348095,8.96271622,5.99384828,4.07511571,22.2764581,0.586785914,17.1243882,2.01476227,98.6374812
0.663589323,3.78299205,1.68147205,0.890097216,24.7873632,1.74688216,27.0160507,32.3440487,68.8840452,8.46392231
0.105783651,3.62326932,0.646622671,8.51062331,21.9468299,14.9336766,46.6892876,27.2421815,4.23268842,79.3546306
0.325377831,2.50081718,7.27737695,1.55460921,0.495301339,35.3226211,37.1490672,8.32221041,39.7283228,89.4421296
0.891087968,2.06193404,6.5821715,13.4335592,2.85739194,34.8284447,2.27383981,59.3314184,79.9234971,1.57714461
0.817528664,0.817026718,8.47811003,6.39151662,22.218525,2.51899148,0.93900443,5.02523831,54.6499875,95.3147426
0.351004246,1.3134403,6.73013812,2.54454493,22.1353454,5.39972288,45.110473,57.1038282,0.0517207515,63.4000736
0.839605791,1.01811425,7.75390273,15.7210878,0.50293043,3.96251252,46.2069628,63.2479934,41.7981904,1.85496083
0.0285049984,0.334034885,4.77968368,12.699881,10.78161,9.3873168,28.0845007,62.9604253,80.8333166,17.8481399
0.0112322723,3.12319959,8.1348631,6.47856611,8.21978707,35.9443678,1.34658924,56.3269236,79.2351285,2.01899034
0.0287231589,3.00052565,4.12802897,13.8363144,4.58675019,20.8950283,3.72944103,12.6895787,32.5892257,98.1062192
0.100028598,0.722572653,0.626801154,8.26133696,0.453671359,35.7905291,10.1036884,36.1682538,9.92383238,98.5328783
0.981252142,3.61898582,0.663178069,7.17122086,22.982927,34.6371252,35.6120295,59.2720467,32.0071541,1.40879198
0.642289662,3.84940376,2.09007345,1.5367747,7.14442932,2.04987982,0.449267342,6.31670103,66.8176249,98.3014431
0.0602719663,3.96375036,6.19269571,8.24319539,24.0388998,31.3753687,46.0341903,46.5443704,80.0303954,1.19452973
0.63836591,0.0633809734,2.79904648,1.02080901,7.4016149,34.475836,20.9272181,2.29245746,1.68653513,98.5362395
0.0333191948,3.98282913,7.67085822,14.4250604,15.6085711,11.8857121,47.8612839,26.9046668,33.8362388,1.83243669
0.840608485,0.427227484,0.927737953,7.98536899,3.27584727,10.317782,47.5880524,44.9255327,70.150323,48.6379405
0.852263729,3.9859432,8.43149724,5.6427748,9.55636523,19.915736,43.2487931,21.5070743,77.7073121,1.4541162
0.647943893,3.97202636,4.1559367,15.6943853,24.271006,32.8299492,1.30070319,9.03638471,3.18653073,2.26329181
0.802708162,0.464308411,8.17079702,8.15211866,7.27854026,7.81357256,41.8050898,9.33176119,49.2457827,60.1765158
0.373055276,3.76010629,0.23942274,1.7386528,8.65241948,30.548558,45.7531417,20.9661422,73.3464422,7.91624506
0.499558427,0.313908331,8.67897718,8.12342612,3.78564382,0.454619022,11.9531522,59.5977834,75.8676945,80.9989465
0.839560077,1.94488687,8.35578469,15.4190947,19.8829106,31.79305,45.9931934,42.5805272,3.69658051,1.29844217
0.808719343,0.583987914,6.9409701,14.0169611,23.5394985,4.82571791,46.0612351,0.232957393,14.3204264,8.51006933
0.928430171,0.503548388,7.05994113,0.765399151,0.0992645161,26.4077592,37.0348987,62.0968803,18.0572648,35.0090272
0.0757321255,3.31933112,8.99567474,14.7649801,17.2205605,1.38381337,2.38378473,40.8424477,49.3831458,6.20069197
0.486806924,3.05590119,1.1952783,1.85320586,16.9232779,6.52453993,2.64418579,61.1664554,71.6542265,88.2962787
0.835697168,2.24920642,5.4275067,9.07581193,14.3297708,22.2600354,16.8991398,25.9169216,2.15383586,42.376351
0.989016074,1.57263742,7.46368952,0.408362769,23.9891483,15.2856719,14.0027831,61.095125,12.3596887,3.08518727
0.0203204844,2.10552687,8.07763481,8.54811549,6.52658358,24.8978303,40.6082632,40.5928354,4.79080579,59.7702057
0.354855168,0.203223866,8.06289457,0.122879461,1.92983252,13.9610002,41.554178,5.31590039,0.42755177,98.5658078
0.807730961,2.13701721,1.90856201,2.13623735,24.595445,0.92833492,19.7701433,10.1864413,4.45316052,98.2436165
0.930276717,0.643100975,1.34570976,0.61132814,4.05008141,28.3943252,10.1047072,58.5318848,1.75619868,98.2116754
0.32866236,3.31312291,8.22786475,1.28506754,22.0782602,27.8203683,12.1545576,0.848266334,61.7780306,6.96213128
0.970377065,0.509309812,8.93251387,15.5742782,20.1467562,9.4052411,46.1242181,38.8365959,69.1878904,1.30527687
0.387832631,1.21212171,0.291371819,1.9309476,8.49431013,19.973348,38.1930037,12.8164705,58.7488646,98.1700878
0.640210146,0.0476897005,3.42179249,0.118053757,0.202326581,0.724110185,2.88538153,43.8953462,26.6848621,98.8666083
0.465822954,0.345579304,0.3405638,15.7436309,17.5075019,33.9606815,45.1545866,1.48541585,6.81429863,88.6962143
0.287077889,3.67228905,0.364538076,12.0736782,16.1076559,30.7760083,5.95047614,0.852312029,66.8354643,58.5344469
0.781559433,2.67757656,4.56579547,5.91001443,2.51959529,31.4466936,11.6764674,1.81231135,75.3260708,50.3167071
0.910052654,1.01981141,8.93315163,2.63017253,20.7964128,0.445405349,46.1793782,33.7094069,32.9078162,2.86083371
0.440235442,0.148309652,1.44071624,7.32060943,21.0667398,26.9229243,13.0510477,32.5996321,78.4892484,64.3570704
0.181401073,3.23131011,1.41515821,11.6694535,0.789992675,3.46591061,4.84503142,54.1297865,80.1418866,97.2777339
0.206591294,0.719498081,1.35957427,14.8705699,15.1069067,2.56399873,1.53359223,1.41663203,1.68895044,98.8271307
0.884797574,3.17130267,0.189022075,15.8115955,2.32138141,22.258692,35.1656999,53.4446284,4.89762725,3.11221901
0.469538653,2.1445967,0.532470307,5.73945515,23.473011,15.6909831,24.9795188,62.3977819,19.642529,44.5917197
0.87099305,3.12078025,6.64572563,8.37458405,24.4284013,26.1235028,2.32858567,45.112618,80.7096234,1.39438466
0.317312232,0.266757531,7.63611107,0.211221658,21.8787539,23.3525602,19.7070471,33.0968975,45.0002496,88.8543607
0.299523728,0.381161926,4.92412173,8.38028122,24.0413849,19.5217991,47.4710595,36.6983279,26.3202964,6.74695425
0.403162251,3.79180678,2.01715919,14.9235123,5.42266509,19.7742771,41.2071337,2.99883425,42.2811177,17.8185378
0.0369237717,2.31132662,5.54978301,14.5832627,20.150798,35.22606,33.1981756,62.3513617,4.22205378,1.78648978
0.0171627533,1.81757731,0.0491891024,13.7266559,24.8516804,10.356505,2.42219201,51.9590509,75.6435924,67.8032825
0.207402169,3.23304008,3.83530144,3.3979578,8.55750275,1.36627087,42.0780998,50.4462746,53.8368243,78.380368
0.590160074,3.28145402,7.64474531,2.19439861,1.96462532,28.0191964,3.58554459,53.8747823,1.85532601,92.0002744
0.885634443,3.4323477,7.80259671,14.6540274,3.49732996,6.65950916,3.22646846,43.4356604,49.541686,2.1829438
0.113164251,3.80625222,8.28233903,12.92807,3.23806665,31.9480661,15.1729623,20.8689228,30.356217,7.42646214
0.988277643,3.9293511,1.35895542,12.3799273,8.49664207,4.41111247,18.4665118,0.867640466,68.8921585,30.30353
0.580173137,3.87964997,2.87344708,0.0445220694,19.1912823,32.949198,34.2598236,7.64662347,6.07575058,60.697006
0.184665284,2.67769526,0.054695644,2.25722364,1.80904947,6.75995814,47.1168464,5.01138354,2.9401562,98.7632002
0.410964282,0.306778593,0.0625832202,13.9309907,15.8749759,15.4371044,48.2015298,7.98126102,77.2713935,51.8053926
0.220960443,2.72866274,1.42814525,15.7106087,0.313895464,0.923122265,47.5244273,56.2274171,68.5953936,9.70191449
0.0616397304,3.91579409,1.69054744,0.0547583252,13.0049569,35.0061894,1.39525737,36.6896898,4.57777651,98.2055769
0.327476624,3.59848407,8.37399977,15.6696967,0.92518495,35.4001682,47.1313377,3.12612078,76.8385056,1.52567552
0.742604059,3.78565033,3.20645023,13.8826966,22.6272945,31.5917897,47.9247899,12.9881489,65.5835855,1.22419634
0.0321368482,0.496031553,1.8051922,1.53824847,20.8469993,0.743851913,13.5010108,54.188397,30.8668726,98.5128276
0.0282116826,0.614996648,0.5594821,12.827837,21.0254251,35.0214484,7.46356678,0.217899948,18.0281115,98.2854975
0.117020038,3.02314671,4.56023026,15.6265904,18.9132655,0.364437321,6.93902649,5.50946376,67.7835991,92.2166416
0.744868706,0.0333576687,1.44525952,15.0697982,22.0281042,1.9398836,32.1543897,61.1624591,67.6484924,2.1256379
0.743201408,3.94428497,8.09428062,9.91000005,20.8918262,5.64965309,29.5626518,63.3328098,63.9582365,1.25760777
0.384426637,0.233938815,8.57175019,4.27620186,22.0698119,3.35406087,43.1485834,61.7037606,79.8663639,1.8853746
0.823205224,2.44080956,6.04412665,1.13168554,19.1232515,6.46352281,27.8046777,0.284871876,65.6120581,49.5546941
0.938538154,0.0430233553,6.96044914,4.03323834,16.6199253,8.76118495,12.5704324,42.1309437,79.4437313,9.62064055
0.05332225,0.748226248,7.73674069,14.9347442,0.384435011,16.1268971,1.03487736,61.627845,4.03951856,98.1146451
0.0217188201,0.11283778,1.04529112,0.369482398,2.95416662,0.976792094,1.28587005,3.4193525,77.2759259,99.2761071
0.0302700144,2.99253064,7.79039908,2.19979604,18.706238,29.8696807,48.624535,13.7928262,10.1631506,16.8222128
0.37070698,1.88883958,3.88545557,13.9587111,18.8404081,1.06353289,25.5851756,45.7752759,1.34494948,92.3630847
0.519989091,1.82662412,0.161084983,13.0760947,15.5050876,27.3700367,0.282192772,50.6957394,14.2918156,93.1191322
0.83173957,0.187838951,2.27081934,10.0634018,24.3647449,33.5054063,18.1896364,2.89775318,79.1492808,2.74313003
0.602184657,3.67014015,0.102336454,1.72227343,3.51477367,32.8334955,33.4284556,61.4576127,27.9652698,18.3907537
0.907758007,2.75528001,8.98017232,15.5666374,19.4931272,30.223202,1.84539834,62.1843765,16.2208279,1.37773077
0.724045147,0.107115211,0.642040946,15.612774,6.08219964,33.8823795,17.9005991,57.9517524,54.5515332,4.25336715
0.046470868,0.143511027,8.9771255,4.530185,16.9051804,0.528921979,45.7220328,42.0649599,52.8798315,84.2632953
0.827350887,1.14542612,7.14777015,1.01863877,0.409015652,35.0295418,45.6097147,8.45710886,74.2018172,4.01728035
0.921107796,0.234908417,0.237969285,6.31069327,24.7216606,31.6076847,19.5404884,24.8015061,8.74958437,93.3048308
0.00589257665,0.146143196,0.514572408,14.9661481,0.0796823763,20.4792451,47.1940147,35.0103517,3.77230641,98.3253734
0.52859246,0.213907845,7.08560536,15.5899286,6.14168978,33.6674753,1.71143203,1.35587782,5.36432056,98.0219322
0.064675224,3.98596201,0.14298464,0.253943347,18.7903525,13.6151081,17.8601831,2.73850474,12.7184511,98.5253543
0.0862686634,3.66970618,1.69163755,0.626354076,23.6452495,8.22080239,47.6740296,12.2986829,60.7038904,81.7748143
0.0422406956,3.75748258,0.0218317146,12.312225,5.57211972,0.887201166,9.78638918,46.8153179,11.451748,98.3734218
0.00082107354,3.19913194,8.57377019,0.632285036,4.39782416,20.4922479,1.64735622,2.76372883,63.2691266,98.1980741
0.669503023,1.34921429,0.550356207,12.1542519,7.04915335,0.173372978,46.1139659,5.77876658,45.2205646,97.9596875
0.451250207,0.648940055,6.15488494,14.4910148,22.6347639,32.3672078,48.5398792,11.4275814,80.1914868,1.49912843
0.121846356,3.48682253,6.80903309,7.85635751,15.3135758,0.385666821,2.58919555,6.02074927,8.52150806,98.3506193
0.785582404,1.13388864,2.84933951,15.7316668,3.31888624,7.95027275,32.9852321,59.8155269,9.56827641,60.7632764
0.14405157,0.298919795,8.8762461,14.3434367,22.095166,4.97528333,37.5489333,18.1836274,15.4726451,75.6529115
0.0464928807,1.62338354,0.466015431,4.12683786,24.6310876,35.5514121,28.0161818,35.2232122,76.6043913,8.27178306
0.012435372,0.0051883664,7.20196671,4.36368626,19.4920947,5.23513891,4.05565951,5.8374866,79.275265,98.3250107
0.27229343,1.74270858,3.83196588,15.734342,23.5717029,28.2397763,2.61362984,30.4022813,74.85132,2.03911385
0.888144277,0.163453087,7.10108556,14.1245952,0.112194184,15.3326119,9.8105579,1.36701879,80.3479479,88.8291449
0.199563785,0.274112281,6.76147456,10.8497895,0.642716931,3.086593,0.501548904,2.00153539,50.378514,98.6918543
0.364534079,2.89708096,7.28928433,5.33634687,12.4715575,13.6316761,4.8738561,46.8891115,42.1410887,57.9588574
0.963760348,3.68067669,2.54951048,1.10679044,15.3545392,19.7856395,7.13692433,61.762999,43.9471116,2.77873743
0.855963252,0.697533539,7.75392327,0.335050769,23.7473121,30.3467225,34.525207,9.34495548,5.90632633,25.2402896
0.103881059,3.71582082,8.55106593,10.2491092,1.21530867,0.99771371,38.8928233,15.2575476,62.7786926,48.5096761
0.654196442,0.318430307,8.68086447,0.514107131,0.935227809,26.4582398,15.8392716,55.6908952,77.0456276,22.530905
0.928361129,3.86197922,0.640829522,11.4165049,8.12151716,33.6081412,16.3726127,51.5936948,80.0242157,1.5528638
0.689052934,3.65062559,0.144657777,2.24578485,1.41558362,24.0680189,20.6809793,36.8583838,28.9282536,97.7038056
0.124713082,0.211071625,7.83182012,7.82351282,2.78115923,25.8382772,43.4529782,23.7766905,79.5282495,29.0747431
0.730855667,1.96480613,5.61731017,0.234656543,12.3008005,20.9569901,0.181029557,5.96083239,30.0079415,98.194307
0.974950269,3.95667445,8.61172908,14.8101835,4.30311861,32.4208929,2.65068325,11.7987168,36.7443491,1.79778709
0.0630107033,0.0835638717,1.03048202,5.8867252,15.922491,13.4021984,47.2962208,38.6398306,14.7230367,98.2372788
0.933721042,0.198194208,6.86261043,8.69961763,10.1148116,35.4789253,35.7948346,40.2099512,41.3213897,1.83469167
0.648311891,0.711837007,8.65029989,15.2716075,21.7311379,14.7391195,5.96249882,8.77401275,11.1783344,66.7914824
0.984591567,0.121862939,0.338423553,15.7949312,14.7009439,5.42151861,4.71385454,54.5348009,28.34802,95.6804252
0.523698177,3.18104113,8.45598661,1.36334589,2.74125734,32.129332,45.8472777,39.4391788,7.94661988,3.26503675
0.973006708,1.29493877,0.0809247313,1.95903669,21.1401784,4.28959869,31.6937747,61.7418162,79.3613152,3.39430657
0.6508016,0.0899509807,8.56379691,6.63945622,8.34471218,35.3918084,2.88996648,16.544208,53.7945315,79.4235138
0.560570363,2.02437831,8.38407521,12.7148095,2.81794667,16.1708339,26.1400436,2.23600456,15.8566073,94.7054729
0.24441533,3.55382868,2.6970723,10.1229678,13.623908,2.91174301,18.5992451,34.6291733,76.5900157,38.1014667
0.851073855,3.99309258,8.79072321,2.99543039,12.8102299,2.20773615,34.6014173,18.3126537,6.03794357,21.6311949
0.313472631,2.13804142,4.63986255,10.9686933,23.1681966,18.5463971,28.9855043,1.79137188,34.9150932,41.2822043
0.961183343,2.43375624,0.317564755,0.552596472,11.701426,22.8486554,7.28407137,27.9347484,75.0727811,88.1232173
0.016065436,0.0471285302,0.200717467,13.2594838,6.47608581,26.7468769,3.75667068,34.4348546,74.1674966,98.189145
0.0296103405,2.64397095,2.74448296,2.71133124,2.10029046,35.3978286,42.6092637,62.5563799,72.2383415,3.5555785
0.426968954,0.268824119,4.78568738,0.0848976523,4.49194116,30.3192038,42.0022266,48.8791912,10.8416121,97.7829452
0.128879139,0.286774162,8.58002938,11.6512049,21.5626196,4.24538605,0.276712123,58.3845336,26.3963878,95.0338042
0.902393343,2.09965525,2.03791959,11.225887,2.31743239,34.6839784,29.4348492,9.81008909,17.9304511,72.1719605
0.929745516,0.931565877,1.86233146,12.8087353,19.3978093,27.3332429,40.5803233,3.25643021,13.6972808,11.305399
0.970071451,3.96352523,6.67928863,3.20697261,18.1072222,4.44035126,1.33884898,14.4128156,76.1797555,3.94816701
0.591027541,1.59955064,8.20700983,2.1586883,14.1785378,34.1065258,0.515860321,60.1657719,7.75552146,30.3148257
0.53088452,2.30450601,8.62302636,0.362741873,0.94165121,1.91792043,19.7206891,12.5680961,40.4895884,98.2640833
0.0653053862,2.35050579,2.13914851,11.8560172,0.127280597,20.4551839,35.7632107,50.0007296,53.4892642,73.8773278
0.348187239,3.93170829,0.497951597,14.351087,22.9986519,19.212519,28.3195788,39.3938286,15.2844438,2.43947029
0.501810652,3.72651076,7.7994579,0.869329721,4.41347376,3.24500543,47.3752821,46.1924367,45.9224399,5.41746751
0.235644479,1.90702926,7.74155922,14.9081322,1.52859633,23.2107054,8.60922181,61.6371693,40.3796807,6.34595927
0.723152218,0.0772977174,7.07115559,15.8435726,17.0704544,4.50279007,8.70117106,32.1071388,51.4872347,23.4355379
0.872990728,1.42068194,3.15297151,15.9860332,8.21837861,1.85664778,39.0356111,13.734214,59.4013963,15.7813697
0.0781921088,0.699091269,3.66065678,1.17063685,17.0211047,34.1385154,46.3169491,45.6666311,39.3220805,48.674619
0.143077821,2.83572371,0.0187695916,0.818712622,0.161004905,8.65358473,1.08692917,52.2692418,31.8273137,98.7386765
0.439548208,1.94693531,4.81887884,15.8162388,24.259345,2.60900751,2.16307781,59.8841039,10.2947433,30.0740448
0.930518154,0.874427321,1.12495816,12.7499253,24.9925798,0.414690921,29.5501495,44.8809484,12.7828356,40.7089851
0.932778174,0.811052135,7.54476044,6.73564051,9.23436636,2.87341086,23.7054567,62.1847739,24.6737293,29.3694675
0.144163595,3.83017232,3.83900879,2.17025953,18.0498465,19.8290978,21.2972262,60.7088477,57.7166692,2.92994637
0.803228849,3.46902845,8.91254905,11.0432792,6.86384815,15.4019483,27.9645369,53.5131428,4.29092694,1.85655806
0.907088244,1.72845586,4.85479501,0.959601813,0.0432232511,2.09258203,46.3133088,29.7540164,55.3766096,95.3625689
0.261575569,1.20235642,0.0097576459,3.54978598,20.7077787,15.3172951,2.42073473,19.9688604,0.806449873,98.7247217
0.859735898,2.32492902,6.93467812,2.01817985,24.2948975,35.0533174,1.50504645,14.7796566,22.3868908,7.39575815
0.722376004,3.89401021,5.91661244,15.1203913,0.650354661,7.93554237,39.0103459,35.1128588,78.2386105,1.66435283
0.152545621,3.33699234,1.86814626,10.5496249,18.0400161,33.9123873,18.3656361,26.4429158,12.7657417,57.7990886
0.110805999,1.26570572,1.61101744,7.769197,1.39679546,1.35537016,37.7112154,60.5996533,3.00338809,98.4449394
0.498800159,1.3370713,0.353949176,15.6867528,23.8351457,32.1040054,5.46933994,62.9503625,28.7842226,2.33541527
0.435775024,0.283319388,3.93513605,10.3673853,7.2566937,19.0814399,18.7300879,26.8896613,38.6495081,97.9746308
0.531788893,3.10371821,0.431884468,8.32400065,21.0607035,24.8316895,46.5563141,52.2068028,80.6637511,1.49746166
0.0538429651,3.75485592,8.69273841,3.29669918,24.4111941,5.67212626,4.66333233,33.4714083,73.3552288,7.34761874
0.834567789,2.32331293,8.82093197,9.60633953,21.4820964,35.4165164,29.1166625,0.974126995,66.0053889,1.44800879
0.344369016,3.24019533,4.41654586,10.464345,3.51075635,7.60604066,47.2650078,57.4505936,5.22251075,34.1556041
0.0924901539,1.92806611,2.26618308,15.5359145,12.6807422,0.338239515,44.6329221,5.90635243,5.14520482,98.2067737
0.0484468565,0.985266205,7.58050618,2.78647893,0.549039431,3.89623638,0.0609995434,59.0619775,18.5482387,98.6272624
0.983642776,0.336546503,0.758427029,5.1254661,24.5448004,35.2222689,44.4718221,53.4393112,53.7933179,1.6729868
0.437422072,3.01107342,6.9996583,7.56821299,23.3683044,1.57219118,48.7511694,41.6706011,7.3305095,2.31293236
0.160953383,0.574003466,7.37155959,15.6481435,9.91746429,11.2640594,36.813235,60.1353163,7.92373629,30.1021209
0.996324577,0.908687234,0.689282296,3.1422976,19.6810022,5.18965616,41.5833185,5.0070093,71.894213,89.0009381
0.858059681,1.63623121,0.310552375,15.0289205,23.542948,16.3111328,1.6448171,11.0249531,20.7388963,95.2412038
0.684237402,3.91204723,4.00009569,15.3035806,11.3741636,22.4178953,2.1318231,13.7807469,77.2206851,1.97808684
0.232882668,0.235998051,5.44331037,1.27548104,20.3278316,35.8061593,24.6617458,62.6439143,71.2146104,2.34545822
0.0257057236,0.144384136,5.9944095,3.62744492,10.1042543,31.9709159,47.8895597,7.61463887,54.7198836,96.5712578
0.0549768582,3.9842247,6.44517748,0.174065314,21.1183401,15.7572263,21.3730706,61.6468163,2.58346686,51.7414456
0.680652344,2.89575012,1.96252118,14.3883403,1.30517924,16.0523887,11.5643837,37.3505798,49.6061226,60.0210441
0.0796549004,3.0396437,7.40634589,15.0318052,24.2977023,30.9343294,1.73456091,61.0811275,38.6139384,1.64075556
0.098109819,3.72691447,5.06576161,0.454145678,1.29125533,3.06473762,39.5337025,3.83774907,67.1395688,98.164049
0.797367574,1.42727072,0.312887586,4.80294343,4.79711642,0.195482176,12.888266,43.2161705,78.6943616,98.0663203
0.0198686859,3.73201388,8.90392352,9.32006289,3.58918137,33.6546716,2.81205911,34.3214895,11.7367867,78.9729639
0.0567896022,1.85137532,0.146254483,1.95395441,12.6747555,35.4475384,3.7814371,2.10730702,32.2848897,98.5934699
0.122864453,3.93145833,0.0454741172,14.7261998,23.8130867,2.22938464,39.8365878,60.7744576,76.3291108,1.72070363
0.654061213,3.22719455,7.78241312,3.58631951,5.11245037,35.9329559,34.2854969,59.2283575,74.677396,1.42887673
0.279866598,2.87166454,0.148340483,0.281781756,24.8530703,7.99624363,6.62409594,4.15417394,74.9268341,98.2109637
0.668654038,0.273694666,8.96907449,3.97313924,13.3611485,15.5847887,45.6568131,18.3618113,79.6860661,2.32542499
0.417650933,1.83689956,1.73463677,5.40475959,9.05375282,23.6500507,14.1573586,62.3353512,68.6577363,42.2095274
0.502685233,2.52282985,2.70298751,10.864049,0.11276782,29.2158083,35.5115849,30.311093,79.1532406,2.50161557
0.0915359157,1.77653821,5.12477526,3.72950484,15.2935177,18.9378329,16.5473681,47.8239522,1.47441079,98.0797495
0.966664944,2.95087501,7.55172428,6.80887108,7.33784282,3.05884204,2.66528554,12.3482688,62.4629398,75.4963347
0.768653808,3.05817654,6.23954024,15.9162078,24.5393886,12.2468836,29.0914487,23.4807708,21.9136138,1.70795354
0.0427934095,0.915330716,8.91751994,15.5689844,6.12676338,32.4175474,24.1167826,3.61199549,44.0541305,55.5808039
0.740403266,3.83080045,0.591953405,7.04154636,17.6087448,0.250042683,36.0250273,37.3983034,11.7511509,73.3146569
0.667039315,3.71907293,5.53230804,4.44672452,0.154731062,0.813537313,39.6377612,48.1327922,9.9211834,91.500875
0.949877892,2.39093224,0.895881457,0.141588323,18.242098,28.7149726,44.2960408,34.6866414,3.01497033,19.9492588
0.0281990622,3.76655561,1.1252738,6.18076291,12.6285404,32.945388,45.1020414,0.0138266683,51.1120297,59.8021359
0.992024498,3.82295535,0.923823671,3.03011032,23.5378196,0.192961821,4.23214721,40.0956339,39.6389632,71.830724
0.0303499964,0.369559372,7.16482231,14.5220395,12.3727173,33.4948056,20.6868769,38.3228102,75.2684641,2.19487597
0.908404853,2.24143642,8.59919853,8.40844898,13.7532191,0.508229859,13.3650863,14.3752243,5.56279361,95.6160184
0.307148924,1.00787884,7.69411946,5.4501026,24.8037475,2.28196461,17.6660591,29.3282778,71.335882,47.9504137
0.778786556,0.262570694,2.30772962,8.90965181,0.809201517,0.35985185,0.0409001266,1.83957878,7.34129415,99.036893
0.245907127,3.84433667,8.47449217,10.2930783,5.88593675,35.9121784,48.9769591,6.20717481,5.04610137,2.2371325
0.494231578,2.20050744,8.83918012,10.8450676,1.64152673,20.3611426,40.4561662,29.7610274,42.5093985,2.32777897
0.0214681234,3.25900202,4.60578767,0.841575623,0.564835826,26.2018525,30.6728412,50.2099097,48.0327999,93.5814841
0.964913795,1.22462506,5.11514692,4.04319039,2.97017846,28.4967424,1.02012482,57.779948,45.0377991,53.7782189
0.51775109,3.37027879,0.620093847,15.8529394,13.050501,21.268874,29.8980362,1.69128683,11.9700284,82.04381
0.345776786,1.88178651,7.16833228,7.39663983,17.6964119,33.9769019,24.2142501,31.2191344,35.4279368,2.34365463
0.912180301,0.0572908726,6.49731498,5.99621189,16.145659,14.5305167,35.9257088,33.1596606,3.05659737,76.1437127
0.765379134,2.90841993,4.08078681,10.2823725,24.7412304,1.23838975,7.64471115,8.69919891,39.7861978,70.66813
0.41563625,2.39384708,3.12254437,2.85018607,23.5583426,28.8930173,1.2815833,37.3165912,55.6218692,33.7022774
0.47130152,0.658555059,0.753474992,1.16300898,16.7061618,7.86528224,48.7259526,0.110626787,4.18214275,98.5572131
0.00922105834,3.91331029,6.76378552,15.8990279,23.378941,7.00116727,28.0637828,56.1594638,0.136571378,2.01847993
0.569591739,0.513430469,2.75825722,14.2740444,24.7888689,2.18720877,6.0130476,30.4209394,66.7345037,74.7588024
0.830079811,0.605508007,1.7394305,4.63720957,2.47060306,33.7329675,29.9230041,37.7850744,57.8959527,66.9965778
0.0956719006,3.83053304,8.47975995,7.6898792,18.4369876,29.4500269,3.5427017,9.38762692,22.5859053,43.7819563
0.68237187,2.49607643,8.00220341,10.7248219,18.8776239,1.76277308,47.5397111,7.73698002,65.0825805,1.82514292
0.928868632,1.9804099,1.68570046,15.2312388,11.6097029,34.9592154,4.80937713,39.4467789,7.61041991,8.0476323
0.392259228,2.80336387,0.307136368,8.9616702,16.861063,12.794895,21.5055159,25.0851436,48.105285,94.0166915
0.907429463,0.667919828,3.88923328,14.8332382,9.74243551,23.2037242,44.9066238,62.2062762,77.0572205,1.42454565
0.136501417,0.717268342,7.04032237,6.57447394,1.84930981,9.14396402,47.0988963,58.9725998,61.3643016,54.8240843
0.849667116,1.42084303,0.244743417,0.715754174,21.3756295,14.6963862,8.38746305,57.5889074,31.3456944,96.7979743
0.0217039832,3.11538267,0.532238761,14.8210699,15.191583,35.9069287,26.8837256,7.54339564,78.2796083,2.99870018
0.524399039,2.29857026,0.158154095,5.5037811,9.45142064,0.038552044,48.9240543,60.8390921,74.1921962,15.5528264
0.998037654,0.075432688,8.54367248,13.3393808,4.64526832,33.1554669,48.9068443,3.04559699,64.9880523,1.71845076
0.567035758,0.679952309,8.90652348,7.00460416,22.4721643,21.1179144,6.51606759,0.715702236,76.9594681,12.0055212
0.627948097,3.69465033,8.9732685,1.2865846,11.917806,3.69346879,16.5101375,62.5386252,18.5710231,11.4302894
0.177173867,3.04476016,2.88893886,14.925302,2.42294738,32.3663142,28.0982166,44.0509937,16.5178498,21.6378242
0.125816788,2.41103155,4.96637167,6.77101311,13.1520035,29.8418079,48.0002841,6.23749236,1.94149539,93.3909352
0.319448959,3.91459988,1.53057327,4.1687304,24.7685529,14.4994732,11.7689138,47.1956205,1.00519804,94.8846959
0.00178713538,0.145537216,4.5989867,5.6344684,16.4225405,19.6379593,9.77521304,57.4765484,71.3160269,95.582369
0.319706882,1.25423403,8.80064437,11.4308743,10.4765634,6.62605864,22.0059612,2.85974601,80.6851094,66.5635659
0.319956442,2.03168443,5.67032019,0.127002619,10.2078469,19.1268639,28.8586726,33.5819208,75.1055935,61.1692677
0.0481284322,3.57823665,7.70247448,15.0908708,0.415021787,0.390482476,14.7530519,18.9942499,5.51481691,98.1751121
0.215803601,0.0445158519,0.400326707,9.40616282,14.6538701,18.1358498,45.2269306,53.58071,64.5390113,48.6844603
0.903014051,3.82863523,8.71250952,2.03994164,20.7799027,32.8677123,32.177236,50.6852173,33.4712335,1.29006779
0.509872555,1.71216146,0.669583541,6.56101139,23.3101009,32.9260272,43.20127,2.27985132,57.5367167,4.88528162
0.548581694,0.0500957892,4.40983885,2.06483821,24.5871599,16.4115891,45.7031645,11.8679535,51.5029874,74.3351102
0.759395534,0.642963827,5.1593392,12.4692678,4.66311785,33.1512336,1.0662703,46.7655793,6.44314309,90.9296478
0.322956987,3.75231368,2.5560759,5.27592553,0.750714587,24.8545014,29.4058358,12.9084234,70.7131055,86.8219972
0.0944846003,0.0107077919,8.92318153,8.73238714,20.6728308,33.5047895,4.07904479,7.1912106,38.8250374,95.8627836
0.975480077,3.57460617,5.41322844,14.4541625,4.85802941,34.4165402,36.4646782,24.6164125,40.5574887,1.50594349
0.15651624,2.27378617,7.92920234,5.51771285,0.312269689,33.5759882,15.8347769,21.0235449,79.3786397,44.1660909
0.605365868,1.53660577,3.89980605,10.7383097,23.0797263,1.38165411,1.9880856,58.4551338,70.157594,5.44530732
0.805679646,0.231256761,6.14785088,12.319566,23.3518343,34.9617434,13.6411353,58.2029616,52.1120611,1.55937425
0.339382486,0.00574491546,1.24828674,1.69821806,21.7982263,18.4171893,13.2040854,0.08253631,54.6595114,98.4577356
0.918423489,3.77432951,7.10100728,11.7855752,0.253576029,17.0673338,3.64566219,29.576451,4.31799265,58.0522706
0.814552806,0.756026022,5.69105991,11.8114073,3.62800202,1.19502415,44.6047371,27.1889114,5.10458,97.1943697
0.0381514309,0.844397566,8.52724675,2.55314908,23.0883,28.8840919,42.1031063,23.3885658,4.58881085,75.869932
0.907663122,0.376382096,4.17124358,9.05037462,21.3223492,21.2017166,12.5918936,1.24781895,55.8052655,62.8050755
0.0948138256,2.14386789,8.97217706,0.675168284,5.55209755,20.3091273,26.5450096,60.0508163,73.4941878,6.49275156
0.541983732,0.48232206,5.37043274,15.7566581,9.61277663,17.189132,45.9251097,20.0079664,22.6444723,24.2808047
0.715828774,3.73684298,2.52000974,15.6511209,13.1077847,3.65318107,25.8804623,63.9093904,16.6110542,2.08089117
0.405830434,3.16840224,7.50705098,0.0104491338,24.4040501,12.7735732,23.7434559,0.343502641,16.7681205,95.9722181
0.754042228,0.750879646,0.0769617758,11.5494508,24.4053634,8.55714745,48.9688937,21.155418,49.4987642,7.14021158
0.288137331,2.89650685,3.57902209,9.99875847,1.77125059,27.9484593,2.39041771,58.4494807,30.9100948,90.1152254
0.934677392,0.491692452,8.71884131,15.2282058,6.96074298,20.4585119,13.8959786,20.5217615,16.7629545,24.1981181
0.994594988,0.63188087,0.0490241926,8.799299,2.84103924,35.0588751,30.6441803,61.0454552,8.81674363,53.4854522
0.766226719,3.88983529,1.0387481,12.8699088,0.871821249,3.88761023,47.7274729,33.4847084,32.266245,16.3726936
0.999275723,3.30827496,4.8987415,2.04153956,12.7427424,24.8715822,28.1516825,1.73440063,38.0591181,10.1383674
0.45451391,0.0611083266,6.85720041,7.05291039,16.0389659,24.3359977,26.0145519,63.444185,3.05977784,39.5487598
0.0228982703,3.4049153,5.42557689,15.4146294,2.62022433,18.878851,39.2653341,0.614799619,36.6236395,80.1513985
0.0414852807,0.972454204,0.0850552912,13.3764971,4.35557901,6.07167799,30.8863739,1.67916405,78.1020165,98.3627377
0.946391309,3.99489827,5.07435494,1.2151568,11.1568198,18.2453674,2.57310899,36.8884567,20.6203016,66.0246932
0.417985555,0.33289014,6.49031351,4.79848858,12.8087444,2.25652632,23.734831,3.00948018,25.7344356,98.4409586
0.156466753,2.9468592,8.69096829,14.4072227,22.1755222,5.76161408,42.8039533,48.3836113,80.1841242,1.36199647
0.134815907,3.40377582,7.33561477,13.6488887,7.6140371,27.5349056,47.8540709,60.5650702,77.3727473,1.2690665
0.103536366,0.542817993,7.06953174,15.3242155,3.26649269,35.9172921,18.9585379,49.8237224,14.3042669,59.8560477
0.374729406,0.308524255,3.07609046,6.84873201,4.12334027,1.41107228,37.9637882,37.0776293,75.5779374,97.9483044
0.825182032,3.33766238,0.20607152,13.2338525,8.37291518,33.9629996,0.183873335,4.38745982,15.2345021,96.1698416
0.0159890554,2.91221635,3.64557573,14.56223,17.8126139,2.30706123,3.78133477,63.860826,36.5795241,76.0311422
0.205206742,3.63882929,4.0586793,5.72979456,19.776947,23.2532234,1.2598356,7.91107169,42.2489939,96.4043386
0.686868097,0.768395266,5.44327729,0.287104517,14.6337862,0.0650681947,18.5126735,54.2084011,51.3811377,97.2116009
0.29660999,0.49643709,8.14087667,10.1586056,24.5058399,28.2972621,43.6701449,55.0208155,79.5387061,1.34427263
0.949372867,0.439078007,8.06414691,5.54156483,1.68771134,22.1248281,10.8689684,3.59534148,13.800601,98.1769723
0.431553504,0.478978008,4.91261566,0.589292601,0.376164739,31.9690999,6.34586119,40.3449077,77.0310591,97.8980925
0.00101356953,0.140252652,2.75921398,10.8610791,22.1186936,34.3931409,40.1791275,28.2062873,19.0745918,76.7175047
0.907872281,2.43770669,5.70674551,0.483074337,10.9849841,35.4646371,2.93531936,52.1305056,77.7199903,1.90594414
0.939071618,3.90673438,1.09052091,7.7953702,13.7294794,1.9577454,48.7644486,13.174681,64.3751337,2.42273538
0.99876452,0.941122266,3.24432939,9.67824824,9.87210336,29.4352634,8.80888461,28.6348638,63.4786968,7.32234372
0.624924267,0.408653308,0.531328084,3.61085019,24.3112741,35.3996278,34.7694701,59.4076699,0.896068088,27.2783167
0.474799318,3.80855014,5.17980827,0.0667164252,2.03587114,24.3161374,12.6880171,63.3511737,49.581937,25.989333
0.0896977489,2.20026507,8.67380517,13.5885719,23.6382932,19.8637662,30.3769001,17.7108388,2.61637643,5.34796402
0.827099563,0.249421885,0.0756610469,4.68482805,2.97649234,1.30572563,29.0335106,31.6253914,10.0660279,98.6471225
0.430357079,0.0457219389,1.00940925,0.251185954,21.3786319,15.3592472,31.1246554,48.4361891,64.5859014,96.2812621
0.970574089,1.75484498,3.77902479,1.90152064,10.7146963,9.93633158,43.4532543,29.8374308,47.7144087,31.0133675
0.169154632,3.92759902,7.10272116,14.9946989,24.8497706,0.136378678,32.8251474,1.63648263,61.210069,2.00518215
0.583134417,2.9606014,6.36253671,10.9411652,0.256055361,5.07232601,3.51601871,63.6426169,11.9762294,95.6324084
0.549119417,0.200158009,0.125243923,14.177084,3.5156316,17.5972915,24.0613706,3.20637971,2.05517051,98.5740098
0.96512218,3.23388865,8.92457371,2.32947714,24.2535786,7.05069354,34.0363343,29.6100417,70.8385677,1.52988524
0.0113955848,2.10237475,5.87782041,8.04900359,24.3802122,11.8459699,20.7112085,60.4483443,24.4562545,19.9502321
0.685929587,1.67424115,6.68486039,9.68649417,1.41795781,9.52825156,18.1355129,30.7792656,74.8191762,39.8087272
0.00206167437,2.6022447,8.83510661,1.1320025,2.44698656,2.16451753,25.9239019,57.4952583,64.3009912,95.5298146
0.117773965,1.70812278,0.944068532,15.9285625,23.9842655,5.1126928,44.9546261,27.9516387,29.3508866,57.745624
0.490221435,0.606661251,0.350206183,15.8494388,21.120598,34.4036288,35.1009851,40.8251213,4.8261204,5.16936374
0.0467677112,0.0996882525,7.78603374,15.7672791,13.5300983,0.52043267,47.5189521,0.0374260843,67.1036891,86.2307639
0.463375686,3.82064651,3.61316909,6.28081993,15.2195152,27.9246315,45.2989741,35.079815,23.3520273,1.97345955
0.0740465299,2.0001097,8.64823006,1.42701154,24.6609343,1.90419486,48.7319355,3.44837293,46.5798933,85.2704739
0.4564252,0.553343136,0.0856997758,0.633122184,1.38209541,5.58377547,41.5334461,62.2083956,41.1395727,98.3157501
0.0740591074,2.84567063,7.16914979,15.8230513,3.16251558,3.45516496,4.02544888,46.6537459,57.596105,82.226794
0.620426853,2.0565055,8.29801631,1.35142202,14.6092016,17.0649383,46.846176,15.2548826,6.09024175,56.5353889
0.154892389,1.10551447,0.858927255,15.9828875,0.608703168,7.88277769,7.95517521,40.0062355,1.01317273,98.6407859
0.509877105,2.01798466,0.603454876,14.6952918,12.1385699,18.6391493,43.8035408,39.3266225,43.7196627,2.79254337
0.971666811,3.21634001,2.30961576,1.26589679,18.636492,33.8707829,46.6164919,29.2293122,72.2033518,1.53589911
0.976081207,3.98740998,0.898776243,6.63524039,22.6330883,27.8136233,4.85459623,8.09637234,14.8456762,34.7866521
0.768911316,0.369948816,3.89192832,15.3585637,5.28196383,34.5111824,45.5183803,51.4835567,5.23608608,2.15473927
0.010051277,3.7272505,8.77314781,5.85807438,13.5252863,28.0613345,36.5446936,53.1131341,0.563838712,2.2317255
0.564472457,0.354320744,6.90468314,1.79484024,9.18736051,17.2340032,43.4080426,61.3521286,52.1751077,5.69167007
0.92054118,2.14243526,8.79629594,9.50362777,24.1748026,8.50591263,3.91121154,34.9157352,16.1513114,2.76483181
0.879328008,3.46333657,0.669753777,11.6475253,24.9339603,21.7007795,12.2508478,2.61160699,67.4307571,2.07346099
0.913124552,3.53737891,1.63640194,14.2354146,10.3321462,3.42943476,3.41647297,54.4146324,64.2011527,2.56813672
0.315915321,2.35521007,0.035300138,14.7367443,0.72000972,1.73285119,0.0408380632,0.477164418,24.9358104,98.8239362
0.947761731,0.12563367,7.93145916,8.94958517,24.4967024,23.1502695,47.0669186,60.9966147,22.9117974,1.46075556
0.709501143,2.34283784,0.169960412,6.26604288,2.16053937,17.5467799,44.5479208,59.9566671,14.8133079,83.0481678
0.012046651,1.87225269,6.63961209,1.70737598,12.2939447,35.0320138,4.15907535,36.0220243,58.4234674,93.4363287
0.942066899,1.27351783,0.0317021809,3.23298478,1.21131879,12.4343419,5.4231415,8.80217103,43.14317,98.6027855
0.564228571,3.9583902,1.49422423,6.09169741,23.6850208,34.7688022,9.87991642,51.9251734,3.02328603,2.71114578
0.941221811,0.459931126,4.64048101,13.447565,20.664659,15.730873,6.51007711,61.2126632,1.55664047,9.27232629
0.119470993,3.79592497,4.74964353,11.1267745,24.5286131,3.45635673,31.2886688,0.857565076,16.5749097,90.1388081
0.99324504,1.87755338,0.0893015885,12.2520858,1.25991363,0.530555863,34.0990898,63.2183279,58.7707784,14.76097
0.601528164,3.53542818,8.86809759,10.8731033,12.8851053,14.3495988,13.2130728,5.37466148,35.3558159,6.10512185
0.979294431,0.00603323058,3.15113914,9.23663573,12.7135244,1.73551533,11.9861686,16.3726709,49.9659346,98.0773358
0.703280662,0.152316876,8.97689704,13.7042136,10.4959436,7.66706773,22.3323102,62.8727311,78.4591512,1.78443704
0.802255751,2.04962872,0.247363051,14.9880871,1.21805107,31.3693947,7.37371472,11.7855146,79.9164464,45.7145349
0.930597709,2.22274893,3.91801585,10.8308816,4.1047847,20.3277744,12.1193721,60.456496,35.8535743,3.67890029
0.256767222,1.94682157,0.517835001,0.44952526,4.9547482,35.2122092,10.3435856,54.3906277,39.5879649,98.0975649
0.00131990248,0.734404194,7.04538335,13.7919493,14.5195732,7.87177562,1.2696976,32.4017189,80.6077192,93.5070321
0.591833491,3.78191199,5.83839011,13.9068202,6.13549344,27.7030329,22.9679918,1.35573876,2.4063756,31.900911
0.0400418304,3.93217476,0.137640917,0.588246696,22.9097175,26.8152769,0.489164781,50.1452737,50.1373838,93.7811742
0.414354902,0.251348548,0.933844747,14.4509698,21.0143312,18.5247966,24.8486552,5.67998344,49.96899,96.1120777
0.0200575432,0.428513592,4.56287834,14.7490548,24.0067796,10.0006117,43.9368139,20.9396576,76.9815456,3.5929865
0.153279377,0.665940369,1.03450365,14.0494178,0.883156201,26.2170359,35.0116013,62.6709501,79.3028838,11.6222636
0.0420699232,0.276793679,0.160579931,13.9856025,0.0338592567,27.4644387,3.83968612,0.789784819,32.7967193,98.8026108
0.549686949,2.35420904,7.18038077,15.3948496,8.18272697,3.01267914,24.6339033,27.4447966,21.1321879,49.6433755
0.40250908,3.88042808,5.29814584,15.8882387,15.0440253,28.7033615,23.6786789,50.3585758,51.3637649,1.45101978
0.243824953,3.86393095,2.44695872,8.95149193,24.5700085,33.3123275,11.2803309,9.82298148,49.1692239,4.01680514
0.300098392,3.01468764,8.67412738,7.21588268,20.8439938,0.00548209995,27.4095845,31.198629,4.2496018,69.6107034
0.950574031,1.19092992,8.90798272,2.60549514,22.7450588,1.73298599,3.12449799,44.9798498,10.5498678,88.0031961
0.938935634,2.76481506,0.554958521,5.66731643,4.04261232,27.6267961,42.9594632,6.13718966,55.3667967,24.9215971
0.825789302,0.163197594,6.43940923,3.82401548,22.231456,27.4773723,5.71150626,2.98551062,1.86929218,98.0091787
0.932550725,1.52011101,1.13807433,4.64941797,23.0746892,23.4746516,19.6949217,22.9222042,47.442723,22.1003726
0.600452101,3.19382398,5.84916382,15.8157812,12.242542,14.9809695,1.57148845,1.31435397,13.0957117,93.4737443
0.959210837,1.82616603,0.838081868,1.14126284,20.6322367,23.0430314,43.8660776,4.13640508,20.9590301,87.3177133
0.969120578,0.0382107031,4.96639492,7.46549381,0.866329589,14.9780161,32.0082349,52.7718084,30.1009328,84.2473304
0.525137284,3.92930308,8.54301078,9.56846938,1.97635432,23.8852722,5.13127339,1.7135461,80.4548578,4.34335242
0.0729293605,2.89504582,2.32890135,1.50230641,1.9747357,20.711414,17.3328688,11.1351555,15.8944256,98.6626408
0.0382632064,0.358839052,6.76787935,10.2190436,11.6649594,4.28167275,46.3783293,49.0844161,2.25424536,97.6830648
0.154412126,0.818391592,6.09183351,2.57035782,0.00594884623,35.9744524,3.56801998,53.1745476,10.9117649,98.2874175
0.573577726,0.483367646,8.91007201,1.03162168,16.3524659,15.6880964,7.94448126,61.2527243,43.7116749,50.5008112
0.17332165,0.0678847581,2.11304288,15.8428659,23.511785,18.1006757,24.5761497,39.6390938,48.4089902,34.2557087
0.083515089,2.55240626,5.15695879,5.34472666,7.53282133,5.94448876,12.2808544,21.3164104,72.0268894,98.0881253
0.179845478,2.65179524,1.62575736,0.184665717,24.4948596,14.5524556,47.8044963,60.3025392,0.982502894,77.9759305
0.433743044,3.67736235,3.21509827,0.278354496,9.8500195,34.9599532,21.6864807,29.623956,42.8150029,44.3279098
0.295577393,3.07698004,6.30777074,6.58271796,18.3448798,32.2493363,47.0877022,5.23963171,79.0891998,1.6801063
0.416403167,1.95212073,2.90962502,9.00924544,16.2313461,0.336047363,43.4848115,18.5820569,66.6106391,60.5316237
0.931576193,0.00432172418,1.4292411,0.453633271,12.8349873,25.3904343,39.5126991,54.7706833,23.8867202,84.4148542
0.0769810491,3.28196667,0.030998495,14.2074751,1.61491963,24.4141166,0.0796553032,20.5932157,78.690862,97.7366565
0.567141691,3.80160397,3.50550558,5.39085738,18.9686926,9.81649405,46.0266585,9.20837534,16.6610963,36.7176394
0.00889892737,2.25708914,6.51861124,2.30958505,1.86867062,9.71586054,46.9147997,49.6824519,6.28830155,98.0650752
0.953623756,2.21788713,0.0651910985,11.8520761,21.6300039,15.0846777,22.0203992,63.803408,30.2202158,1.9717503
0.987150477,0.152283855,7.72818418,15.2736823,1.21714678,9.48367313,27.3506529,17.5315968,77.8956949,3.94427546
0.18334252,1.75095022,0.495779129,13.4396812,13.6292128,23.2995427,31.8703496,33.9138552,7.80198145,96.9211696
0.86723313,2.34883823,2.07935998,1.4280038,0.718439406,35.7279708,0.00630072924,10.3136082,36.4665636,98.1913778
0.434695404,3.70260396,3.74556975,10.2948484,2.37143961,9.77107386,35.98551,1.91552046,2.72410132,98.0758556
0.0273208665,0.727212103,5.07109999,15.9601844,4.40489331,11.58028,18.7377289,2.62440729,15.710668,98.4733152
0.453296328,2.20555052,1.54703562,0.0491511524,15.7553411,0.0258404184,3.13043642,47.3403642,1.89942037,98.6044333
0.0340817245,3.24617389,5.50042,11.6602733,9.70925324,12.1235704,1.15428667,58.9010537,78.4807018,7.29447006
0.596799415,1.63106374,2.89868112,2.01514791,19.6733299,35.5030661,0.0441581551,9.35982117,79.1198976,77.8793602
0.73324266,2.43755798,0.0830296115,0.850988731,22.7618828,12.9094575,45.259805,7.23857382,74.3051466,25.3934846
0.0415238245,3.56367115,5.89725697,12.7961568,14.0735682,13.6235809,15.6851406,0.205455601,77.3199311,28.9130656
0.440774251,0.371313634,1.50353868,12.3992666,16.3653961,4.6245008,48.9795568,63.2312282,9.17944607,76.4525576
0.969446706,1.96312677,5.11108989,10.8226231,12.2286575,2.94647632,29.1653344,45.4210423,80.314258,1.82069201
0.929152196,1.04384884,8.92666839,0.916764275,0.0893192483,1.71159192,3.70958704,24.8547274,6.83867183,98.4979154
0.748189563,3.28792889,0.496785125,11.4979481,21.89586,5.35497179,1.37602791,62.5646339,4.81196323,63.686593
0.198266472,1.05836808,8.98285673,15.7744002,0.536887208,33.787165,44.7571614,45.207956,2.67947468,2.73801101
0.132980765,0.0308630634,6.10989069,14.1027235,0.740237034,23.2759111,30.2684479,4.96888018,70.8359758,97.2182282
0.00549728517,1.57148724,8.96850148,2.85229907,4.04749634,1.83020413,22.1055951,14.024663,0.646952813,98.6962242
0.999528678,0.313973583,2.14653749,8.63213382,12.9268222,15.9857945,7.14434236,32.6035719,0.294307811,98.1502212
0.415933486,2.37638351,8.72481116,1.60218075,24.7685375,14.1250284,20.8966121,34.4293359,37.7771466,4.97049708
0.100970296,0.0310753677,5.1383368,8.93620442,23.1058318,21.18923,20.9447396,2.92457143,1.6098221,98.28224
0.0570741049,0.977926098,0.00885048928,8.44475263,17.1210208,4.31493735,23.3459092,41.399818,79.4059474,97.9123936
0.227228643,0.127181159,3.45092826,6.66902387,9.81895931,3.23875108,2.29936732,43.7114787,3.57225582,98.7745934
0.742099992,1.89825407,8.90146777,15.9444075,15.0884486,23.8403512,6.50898543,37.2481953,58.7478308,1.63625791
0.00257266406,0.955059486,8.29075599,8.41949278,3.7736151,33.3346259,31.3846403,59.6230046,45.3581461,4.86746671
0.944106902,2.41883693,3.13270723,2.50755313,0.69606572,34.2382301,24.4099898,40.0962129,51.9544361,8.48286332
0.544761798,3.24616486,5.1586581,8.1187042,4.78367098,34.7877271,1.8091264,33.9428416,57.3819941,5.60116114
0.169323489,3.27949719,5.64582915,4.35659321,8.22196275,16.6002115,48.6653154,13.0027449,52.0600368,46.2209361
0.904018343,3.34515755,4.64170482,2.01399009,14.2678853,0.501078001,45.7577719,58.6077633,76.7956957,1.7132993
0.923479967,3.71123824,6.25735945,4.33822313,0.80651819,7.41776673,3.27412361,1.56152013,5.65586013,98.2967987
0.578688263,0.0545292069,1.06285404,13.1339276,9.2507829,4.18781184,6.19804326,59.4455592,77.853023,96.3745298
0.595904636,1.47690089,5.11494522,14.0165104,11.7034846,0.670664706,5.25621344,56.3974089,39.5525117,74.4070349
0.4285103,3.8904227,5.2520737,15.2936239,24.9024061,14.0235461,2.36778156,9.54089949,42.9018081,2.78006219
0.540740316,0.889936386,2.61189231,9.02049274,11.596174,31.5310361,30.1137775,1.6444605,68.9102746,60.854998
0.962816527,0.22948361,2.09482962,15.6469859,4.51984608,21.6764862,44.5132802,3.52759615,30.7653836,76.8058883
0.000255551655,1.18022666,0.156316074,14.5853341,24.5462166,33.4987609,13.168385,48.3882366,16.5697095,75.4926807
0.588947821,1.78409348,2.83292792,5.36818426,23.5512372,0.927336099,45.9209174,55.9788799,46.8722915,2.84669637
0.788831917,3.59208511,0.392492193,15.3178304,10.5863356,35.3421388,42.6389411,10.0343766,9.83068009,2.1194253
0.374313464,0.345564306,8.77340247,13.4673089,14.156144,32.1296406,3.90660012,61.6858438,22.7510681,2.73369413
0.652514736,3.26067223,4.76587895,0.226554103,24.5231472,15.1694285,0.796508812,12.9614363,64.3697131,64.9396373
0.773220332,2.05649541,7.91645733,8.70824808,11.7584433,34.7854116,46.8400479,8.7324929,18.994673,1.88169434
0.120758532,2.35459851,3.90854333,15.8004429,9.44396928,35.7001271,0.0493260916,58.806362,8.25901865,45.2490047
0.0292254286,0.767114075,1.99409144,13.6795899,13.8541188,30.4907766,46.9337435,17.5383982,60.5706464,18.4834708
0.978818752,0.0270501599,5.92208364,2.59508793,24.4419832,30.8322326,18.1472937,33.3910565,65.1625857,1.99452996
0.897114805,3.23413499,0.240121032,6.60300191,1.02048514,1.86299533,37.2433584,30.2032865,53.960453,94.214488
0.447261432,0.491576987,4.35243163,14.7884139,7.61267123,30.4781062,2.08466674,2.60429084,73.8064645,94.5773741
0.140489129,0.803161007,6.1358427,5.52586575,14.415123,35.9593572,1.24681181,42.0129261,80.0492865,27.6782147
0.991664991,3.65403139,2.93740169,6.95137684,24.6728316,1.84408368,45.6167237,34.3177683,13.5822811,1.99195088
0.627663819,0.583251404,6.08927765,6.20340146,7.13813699,29.7624145,44.7817283,8.50014609,17.6623255,90.7753925
0.893376424,3.91022781,7.19727044,8.04327175,23.8568262,16.8158573,32.8220901,62.5225487,0.603171517,1.45561755
0.107017515,2.57351704,2.47716957,15.6248868,24.1757822,32.2151157,48.2499517,46.9389488,49.2480214,1.48669346
0.484185126,2.79764429,0.0170789743,14.3045705,1.43291518,11.5279144,45.8108205,7.131939,74.0374511,66.7688704
0.533103157,3.45901308,8.17373809,0.0287214741,4.25283689,3.49864286,18.6344365,39.1491708,76.082047,48.6366335
0.0789815286,1.7702021,8.52024559,1.36481741,16.3847382,4.74447145,0.451463244,54.521125,61.443706,97.12458
0.257379906,3.13631426,0.0760972873,1.71930169,0.474132598,26.9950593,46.2267308,49.1939975,65.1998182,61.8035847
0.940663475,2.92410066,3.05950642,7.33224272,1.56769427,33.4620443,6.23211313,39.3474305,0.334349009,91.1491867
0.982769026,1.59610769,4.00946395,7.21874867,21.1076434,8.87414212,48.6007515,3.69761124,2.21760558,61.1868155
0.830859845,1.04565695,5.30193909,1.22708868,24.4990136,7.08680197,27.0598965,34.8482209,38.0297312,49.7588262
0.615998183,0.325828748,0.458476257,2.86301851,10.550259,26.2134757,2.56708437,32.6360898,43.9944579,98.3151055
0.983227024,0.386390494,4.64633719,12.4252714,24.275203,26.4056409,37.5756873,29.4873997,54.0756538,1.60212632
0.971429832,3.2847636,6.79926059,3.86265987,12.0693229,34.7171532,4.34729506,7.82106477,71.6795,1.99864974
0.900066917,1.69871288,5.1016139,15.6886259,23.0240722,22.4371767,2.21599246,5.46656651,46.3006878,2.44179444
0.956744104,3.99263299,0.410947609,6.74928266,17.4901367,9.68850289,9.07602782,4.96265182,19.3503439,97.5110339
0.0655077193,3.9529547,2.94656301,8.68371318,17.4490722,23.8401288,1.42272979,63.7644101,10.6833807,62.1777997
0.978916036,2.5672652,0.0590130994,3.25895509,8.21600616,16.4383958,21.9384687,57.2656847,40.9589159,57.4905237
0.97667382,3.827574,4.58133761,6.29546081,24.7028186,7.59166366,12.3741349,21.0086652,5.8683864,17.3207092
0.147733711,3.84193929,7.81566986,5.26824235,23.9830019,10.5304975,13.7084917,0.80972904,52.0374072,51.5738085
0.403315674,2.10611621,3.36421523,7.76062528,1.29554545,34.8947055,48.0669904,62.5724685,9.46483887,5.17940417
0.0400174735,2.29471048,7.19772137,5.51652296,19.0647078,29.582954,6.408361,4.34074792,74.6090622,57.9314996
0.431430353,0.199775023,3.64234412,14.0047436,2.69768636,21.6211804,4.32646053,62.4615692,80.4859862,44.1350935
0.11756771,3.84198784,0.651548258,11.682805,1.41094418,19.7838818,15.9270113,61.7526062,65.8784454,31.8842917
0.629022775,3.94312073,0.0679247305,13.5305701,0.456807472,3.69097126,8.37633491,5.30400545,71.4059799,97.9332762
0.201359345,0.986059493,1.57926913,3.15776945,0.986179663,35.5991062,41.0761154,6.88551855,16.339647,98.4143378
0.356101157,3.9685723,8.53795043,2.36952683,0.995907072,19.0226173,45.0912288,18.6556998,13.0941659,72.2111129
0.14454169,1.24874832,8.35427467,2.30101511,1.81398752,18.2709646,0.139842114,61.8140765,77.4365552,96.3817677
0.400485672,3.85077356,8.8903854,4.81322856,24.8943156,34.2165215,17.7984662,55.9306236,73.3956588,1.19506516
0.0437706639,2.61419444,1.72321872,0.243556261,21.0157525,16.9227226,27.4917659,43.2461162,67.6801372,85.2635566
0.0455580019,2.77334953,8.29264599,0.89106714,0.258477603,27.6956197,0.382035568,2.44478002,1.794463,98.6434866
0.420564984,1.7427556,5.6099448,4.16391495,23.3102741,1.11845672,8.03336098,28.3402841,34.3677214,97.9187914
0.0682495656,0.281794878,0.28465221,9.15502373,19.5059348,16.1933498,2.2186289,63.341628,8.53289899,98.3525403
0.572200657,3.90577787,0.919476191,1.13128912,8.71300647,20.8795088,40.702815,4.19404826,32.1077242,97.2471055
0.492602975,0.712794658,8.86459312,2.16291933,0.289306534,17.8198721,19.8592372,45.9748315,34.1626867,97.6906862
0.298964729,2.80081507,2.92253449,10.7326683,24.9322303,15.8325527,29.5549106,21.3966627,78.1021866,1.99763498
0.989476162,0.503450513,3.35874154,4.21154682,24.167763,18.1338054,47.4593028,34.6149734,17.5385727,3.88511458
0.128815699,0.0218098872,5.75724004,5.2147267,18.6120483,18.2809465,32.4859909,44.472264,67.5093967,40.8885978
0.575489941,1.03777513,4.24499665,4.72655154,23.6746454,35.6622803,16.2576337,23.5758343,19.0430135,55.3089736
0.325840285,1.5906934,6.26394297,9.04806643,10.7069237,1.82275314,47.6552477,47.9985379,70.1489458,2.78492563
0.0277806362,3.63661225,1.2195282,6.41872234,11.6662522,35.5679595,14.5581596,28.7191363,74.0687786,32.1277364
0.0717487,3.52160537,8.14821313,5.36544121,1.51635626,14.9755539,24.6820666,60.7264257,26.6253816,60.2832784
0.514033964,1.47534142,0.142141504,7.06179986,24.4848865,25.181217,6.41670544,59.5178596,76.7809068,2.96787715
0.977681876,3.59713849,2.49000696,15.1946181,24.9162096,24.0979095,18.4627221,45.6757145,70.5368708,1.20072448
0.940764446,1.71216116,0.658454444,10.033483,13.6690782,16.1240769,34.517318,28.1645592,22.4597184,53.0722244
0.0557753579,1.66576103,1.00274533,9.13908557,0.955032965,1.78422514,48.2811211,27.1714904,39.5373438,98.3377758
0.961955626,2.35282552,8.86172055,12.3330686,2.9436899,35.4184878,25.2137987,21.309134,79.2463655,1.46399741
0.167689201,1.40963845,8.53522338,0.887756415,13.3157328,32.4309258,36.1637985,11.7042207,51.6838213,46.522943
0.856986948,1.51855509,5.29980591,1.48951309,16.0102259,12.768275,0.541163156,39.6135916,72.9436926,61.5993768
0.0195113379,3.70822211,0.200174017,13.0217086,12.2744833,32.0266486,48.8412386,34.8694331,3.2431242,11.9503608
0.886100941,2.79404938,8.07269275,4.88368651,0.186339556,9.80484937,24.6407785,50.3697537,46.1315709,4.26596836
0.959329222,1.78495746,8.5049986,9.79824914,11.2082092,1.97465401,43.569147,13.9143384,2.89355412,28.6184899
0.997902436,2.98494827,0.0573833683,2.56403689,9.01257004,34.941076,30.8490727,14.8435898,5.33283024,93.0141727
0.355680105,3.66212866,3.14175888,0.962581687,3.2975242,30.9445457,39.4446136,32.1580515,0.469744812,96.9209355
0.850103057,2.72834191,7.29559805,1.9849046,0.455725321,13.500684,46.2712377,2.21088791,48.5912707,62.6620064
0.103497095,1.9027332,7.28294444,7.90602876,19.7271052,4.97771563,44.1905682,23.3520925,38.7526867,38.5510566
0.98209135,0.0372469593,4.5217012,0.41250176,7.6829385,3.09232865,33.7114513,1.77908698,16.5984699,98.5007492
0.891971344,1.44948837,3.48970295,13.2221181,0.216473662,19.1128952,3.30659921,10.4658716,35.3167627,97.9932996
0.913962902,3.89797535,2.86147323,10.2766397,24.1935827,31.0235909,34.6976552,18.9259563,10.8189823,1.68566268
0.359072461,3.72340543,7.36888818,15.8288191,4.62917475,3.65763652,29.804224,54.3258457,38.5881647,2.01404998
0.168810366,0.783272015,1.01871241,6.22140733,4.98897567,35.588378,40.6549812,42.1462383,80.782176,41.5353203
0.599059895,1.59864967,1.13633566,0.699481488,19.0396283,34.6065069,21.180594,60.3996746,42.1843949,9.04140305
0.0452016681,2.81774109,3.99261968,15.9269807,7.44346276,3.28114773,41.1734984,32.635867,39.256421,67.6959815
0.0161293531,0.344149614,0.275762339,15.5335608,0.870034425,32.6427564,31.0435251,59.4630925,45.8095637,92.8394092
0.941867406,3.86196971,0.28117655,1.30536475,5.10213897,2.37549154,1.20641559,51.2349498,63.029574,97.5076281
0.0286513777,2.17481767,0.361488643,0.959337689,18.1071035,1.56735372,36.0883899,20.3347085,6.89274241,98.6351155
0.843399106,0.035097247,4.22871847,14.3488823,15.1019113,25.6659405,21.0445761,18.5338644,13.4899953,66.0178747
0.57035358,3.73047443,4.68832103,2.86491299,10.3009232,3.76627831,16.114858,25.3621339,27.0647506,97.844135
0.732195852,0.0627516788,6.00179679,0.353222311,0.949025096,0.381303823,0.780392766,43.181997,80.7759019,98.3203081
0.158515527,0.681848277,8.60397053,6.99137292,0.00739184907,34.8981226,28.2372518,24.1506782,15.7557518,97.6999619
0.940045686,1.39140602,3.06230141,10.8441107,1.51340294,15.4991391,46.3205419,60.5358969,23.8173225,3.41810332
0.217129383,1.17415169,4.42688782,15.4731956,15.6213316,32.7170293,15.1232704,18.0323303,37.1778179,39.0269355
0.0909120953,3.83834373,6.84684189,1.54955855,17.8602562,3.34998451,47.897112,45.4019337,78.8484991,1.95707232
0.0148098604,3.63729424,0.00966108218,0.664547995,1.65336356,18.837062,14.293942,52.6141587,78.6788628,98.0273067
0.99331989,2.90956446,2.36205669,0.154234737,0.348794717,17.5576341,47.8509981,57.1105327,61.6644788,2.41832215
0.0589778465,0.96266782,8.00559756,0.138914764,23.031935,32.7340304,12.0436947,63.1865276,30.335805,24.2056498
0.905075917,2.44371517,7.92205437,15.9428577,24.3907415,14.676654,46.9911913,62.631205,43.8694719,0.92317938
0.567363638,2.72267088,8.84148949,15.8469722,6.34565287,1.9984924,0.900656612,59.2139483,11.1750889,28.0590824
0.0731385192,0.956370412,3.86440328,8.93500612,16.6373706,34.9743345,7.67629454,62.0178422,37.8091505,43.7726241
0.0461201547,0.565759691,1.62702517,6.06592082,21.7674735,30.1344503,29.5450657,61.2811803,1.00953013,96.4533625
0.886291158,3.58199239,5.72856008,12.2830165,13.5298215,29.8224067,45.1749133,63.6966554,27.4472056,1.15786829
0.824949189,3.68404731,4.01190466,0.145107873,10.6687797,14.6602053,13.7068315,28.364644,66.5361573,33.8671965
0.0215189089,2.67320866,1.39020181,1.99427822,21.6157784,30.7983112,26.1560275,33.1148036,20.8885964,96.7967474
0.906053193,0.144081555,3.55207763,4.92231703,14.6598889,19.8036155,26.3581809,54.7863868,33.9214978,31.2038369
0.168544213,2.89037617,5.74267263,1.95351695,1.1864281,22.0278683,46.7986349,59.6339619,35.4348264,24.3590164
0.867619276,0.308717232,1.37367891,4.30477657,22.4683576,0.988712971,28.9901658,40.1202108,76.4218186,59.4898617
0.0292259306,0.80086138,0.173712001,6.36018707,24.4751741,6.12172607,48.7958838,63.2405601,45.679994,78.7643958
0.601932446,2.71446768,4.63100954,2.44855704,1.4034642,18.7529171,0.378003618,41.9354309,51.6213021,97.739525
0.733156514,0.64613864,8.21729152,5.3663469,0.300496782,0.647154088,6.42274122,0.0151606202,79.487001,98.2595517
0.0389109827,3.9075438,4.69941195,14.2517951,15.4991409,27.4485532,32.4402772,0.964428455,21.7042596,11.1052352
0.422736863,3.75381711,5.40920925,6.36409859,2.19529234,30.64083,0.586047064,0.905145735,56.6802153,96.4966229
0.324074262,2.86451521,8.79094588,9.64884603,12.7426651,23.0007669,8.01693225,51.6966806,2.67216437,9.96583196
0.197142003,1.46259085,3.97006572,14.0348885,19.3302411,12.0423124,4.28105575,25.7357522,36.4346172,97.334968
0.990012052,0.530231765,8.11185924,7.1436517,23.9907468,17.9737944,13.0149966,9.20468587,19.1810986,34.5537914
0.988450926,3.57883913,3.48599021,14.2889062,15.0726858,2.3478635,6.18191626,25.4256938,2.07000884,73.1896021
0.708038927,0.0409789738,1.6506266,7.25572623,17.1730183,2.76196177,22.1744697,53.9594918,21.741444,97.9846884
0.728034526,0.305112789,0.0689353408,11.7267063,4.30107325,18.9189508,25.5979804,6.86540115,74.4151576,97.8203204
0.150740789,2.00178439,8.97793441,12.6998916,11.0596418,6.33440705,14.1274799,46.438023,4.87510995,94.2407668
0.9630698,1.25650127,4.53772914,15.3131708,13.2224219,6.1122909,28.9550287,36.7893205,17.8572205,7.299439
0.111221818,1.22040102,7.37992081,9.4737392,14.273121,19.2169774,32.3123691,9.12560329,37.9871519,91.3710256
0.984087671,2.24595579,8.50275532,6.77109403,15.2770585,16.5908207,29.8410978,31.7787929,33.1237036,1.86502379
0.585610406,1.41639341,2.97920526,8.00497374,18.1149614,11.744464,1.64165406,5.58990589,77.8970681,97.4583594
0.903293789,2.63486836,0.523270996,2.87223266,2.52242194,27.857676,32.6123772,2.90488938,68.9458684,89.406121
0.297398472,1.50449869,4.7465176,13.7268837,5.83533099,35.1474368,47.5983971,16.0124578,1.74361004,47.5216021
0.0764624235,0.415804671,0.965499365,0.262811132,1.66670907,17.8262812,19.474784,54.4580015,14.7199034,98.7851648
0.973968562,1.95846776,8.92705828,12.5661584,24.1000932,0.384048863,14.5764561,46.3649005,69.4601041,1.53710337
0.399508518,2.15864052,0.610306675,11.4209651,0.249785546,33.3297638,18.1585109,23.630422,46.1986964,97.0759884
0.337595153,3.84696548,8.88494058,2.12692904,5.15054077,21.7997387,22.0618173,13.0141378,51.4016904,45.929658
0.947939534,0.0790039674,8.59427951,5.43236484,8.99351063,5.66366871,7.18658566,63.928402,16.0139856,94.6094246
0.382066542,1.56945393,4.07749927,8.05379974,0.33173362,0.643619959,23.5753215,21.4578132,1.85499443,98.6236441
0.825393122,1.52877948,4.94260022,0.501205325,12.1217239,6.93270737,29.9618384,58.2767913,2.57163395,96.5635875
0.138988784,3.93797838,3.60583034,11.0053627,11.1413013,2.66454343,47.61371,32.1616542,77.1049891,2.30724324
0.629823041,1.74343005,4.11480652,2.76106893,8.25851325,1.19832479,22.1108789,2.01421031,76.9914565,98.1399571
0.309374674,2.64057707,0.402256171,3.05682667,0.134061475,4.56653999,46.0567933,30.7261637,79.2709038,97.9161422
0.911064127,1.0191268,1.04426563,1.72868325,21.8427584,16.1868444,0.399920031,11.0445136,31.8170254,98.2589794
0.931903325,1.99670109,5.74933711,9.08227184,8.9731726,17.441173,29.665079,7.81338549,70.3306983,2.63801903
0.042088572,1.53051542,7.58863595,5.69669479,0.545941014,0.908098458,46.8368954,3.52835491,46.9053918,98.2729958
0.882046967,2.25348125,5.08341775,0.00377652049,24.1749686,12.5245028,9.96135355,47.6332051,75.024673,2.20106924
0.161481011,0.0454255548,7.80142236,11.5655965,23.40694,0.635547431,34.9066212,62.1495635,4.70000544,58.8225479
0.180519452,3.96171482,1.21709827,13.8145591,8.27333815,35.9916806,5.68476215,55.8986227,40.691127,3.30562466
0.13245569,0.73112021,8.85909951,14.0186611,18.183848,22.9435019,21.011775,2.48585346,65.4823984,7.60482461
0.136362267,3.36247178,2.39212563,2.58736536,21.6400158,5.39329622,45.0930265,58.1181319,29.6699135,27.5934489
0.0440835231,3.64709224,1.52829553,0.111875542,12.9566047,16.7833212,23.5191591,4.58050758,71.6228243,98.0991344
0.509175974,2.88239227,0.825553559,10.8065221,14.4002536,0.088873772,24.0936891,8.66312164,1.3738141,98.2955194
0.262216853,0.3145689,6.65886953,1.1024196,0.572224986,25.034891,40.033869,39.4915046,67.9859332,94.0357453
0.291695907,2.13243018,8.44665119,10.4295419,14.5489195,34.1138467,20.9914595,4.52004889,0.584302881,60.242129
0.483626061,1.21282075,8.72635839,15.8319805,12.6495389,1.15292986,12.647653,9.27794627,38.5293258,93.2736225
0.612186642,0.0835493785,0.482409206,13.9582525,6.79719106,22.1618445,24.6643799,56.4683862,10.3361768,97.1285504
0.0245163539,0.18543735,1.4524565,6.1091235,6.31044075,13.7919683,45.7493247,1.17665729,0.100072858,98.8344505
0.613130014,3.50459528,3.89908022,5.05125264,0.629958103,18.2964112,43.2608988,31.2500025,44.033395,17.5348082
0.270250448,0.397128336,5.70588406,6.74383634,24.4646081,2.40324994,48.2129494,2.66600427,9.53495557,98.0519506
0.45718111,3.37168054,8.62833546,14.9938551,2.69214529,31.5155605,19.0895998,46.8947352,80.7660628,1.42939448
0.604278735,0.450776471,0.450334541,15.595795,10.1975076,20.8937648,23.8264089,29.3285052,76.1734469,27.5272213
0.387548963,2.14170165,8.05406308,8.24563252,13.0402083,24.1655896,47.7257647,59.9877593,28.1872319,1.70189024
0.0521386042,1.17408639,1.95721439,15.8263495,14.7761615,25.8437113,20.7642413,8.62490401,79.4327872,69.85897
0.784779169,3.1339443,0.45418282,2.57893382,0.219898566,30.002692,4.41685861,62.8801956,75.2385428,26.1191166
0.592076008,0.0858357381,5.94281485,14.0252921,17.31939,17.2634468,30.9647357,57.8785625,36.7025643,2.02095179
0.169215185,3.99846934,5.11693212,9.38321528,12.0298939,16.4534279,22.8150622,36.2450383,23.2362489,33.541488
0.0266748928,1.29969086,8.78456851,11.0986684,11.4372287,0.724536388,12.6352845,57.7657944,67.9714925,50.3075511
0.57339589,0.258923223,8.37588388,7.96508382,20.5683495,24.8403822,0.412687851,35.3237017,27.1532342,55.2987135
0.86428192,3.94493035,5.49996791,14.1522104,0.313744042,33.2584092,2.83591874,46.0881665,14.9518534,2.11311092
0.569302243,1.05122237,8.76218098,14.179013,4.17474152,21.4283066,2.10918078,28.7364251,36.8264108,69.7866002
0.963523141,3.73369799,0.589829409,7.5784572,17.3907474,16.2587007,27.1996635,31.0138762,43.3065633,2.3073823
0.0576241073,1.95348244,0.403675491,13.4648537,24.6827097,24.9148393,37.7085452,1.98528165,28.6393777,87.1708994
0.974950945,0.00212999992,8.54754454,1.03302873,3.30290743,17.2299269,48.1588721,31.5608123,13.3814294,89.0475109
0.328240028,2.92058921,5.27141665,1.24394582,17.1833076,35.7857929,48.7575846,54.4981643,59.0379271,1.59876904
0.604244632,2.15815117,0.104942652,15.5931449,15.6034755,32.5626377,11.2308829,12.3413787,77.900761,2.85475612
0.396205476,0.101754244,4.9130701,14.1674798,1.30070794,15.8375566,46.0238491,11.5355838,28.5485994,97.7612449
0.262211105,3.9281967,2.70443816,6.2082351,9.07402001,10.1581019,20.7142636,63.5136921,23.5707506,85.5525442
0.138585222,0.807274536,8.69202242,13.9037884,1.51803462,19.5953495,15.02498,36.3616806,74.3764533,34.9899769
0.849025112,2.26023228,8.37884731,0.509870738,14.6835844,17.2854249,43.7401277,55.2837565,2.6531765,2.13273984
0.687677244,3.16576264,6.68841828,3.99288176,6.81839311,31.295491,31.7376983,1.95351431,0.904903436,83.6058788
0.947616236,2.34433129,2.64583145,15.0919232,3.05247521,4.2492716,40.1632766,0.24766317,3.13229759,97.5895038
0.669940843,2.78299947,4.21214717,15.2133181,15.9950536,5.56695671,48.7842653,0.191582859,25.2278365,5.08285578
0.516270567,3.83770771,0.795172588,15.0501195,5.24707221,18.0614981,10.3424715,29.9342881,2.00041077,97.3810731
0.677279825,0.168055361,1.13952587,0.0200258568,0.897773868,19.9949726,42.8813144,18.6135773,8.09168646,98.5691161
0.759528331,1.57062846,3.49330312,8.79211995,14.3124128,34.1591604,28.5943654,55.5084549,3.2915781,2.50879265
0.654676358,0.582167996,1.11940853,6.9318259,11.2467685,35.1900166,41.6633297,33.4135711,58.0796119,5.47456354
0.484448421,0.498418423,2.06646625,0.174663946,11.8389724,3.75712812,2.79336846,8.0243941,22.7706397,98.9994666
0.0170187247,0.134824568,4.49217506,14.1978622,24.1728356,32.9009885,9.4109595,61.3830173,61.2205174,2.14842179
0.561254867,0.0422086418,3.15144566,2.39511564,22.9822548,18.3694845,48.9002508,50.3061013,69.1604774,2.36669486
0.872074371,3.81579198,0.0354725286,3.88762223,17.6044467,4.22848533,5.65263848,54.719962,78.9766144,6.62485328
0.0115416558,3.92243331,0.757483608,8.93688757,16.0460224,15.1172048,31.1170115,8.63632778,79.4318324,60.9903566
0.565425217,0.406485066,8.53763486,8.94056759,12.686617,34.5187942,23.6471838,62.9793694,78.8003832,1.54490594
0.00719952304,0.00953510218,0.577040192,9.44802651,14.0337429,21.7685461,43.4930932,8.38122672,80.085614,97.7064503
0.0433549029,2.66341232,8.93432702,5.74965845,16.4210892,20.5136836,2.01562851,23.077096,21.2016317,97.1887301
0.391521775,1.22591296,8.81811846,5.54111593,14.8992426,16.6623455,0.0565181598,24.6866447,76.4902203,67.3853113
0.00493625319,3.85442936,3.13722685,9.54961376,6.81018896,12.7380298,43.6458782,34.3173013,3.64913934,96.646606
0.836616607,0.0612447169,3.01490297,2.62089431,2.14177613,31.4373563,43.0759731,3.76160506,67.4529707,95.6114066
0.991512628,1.41097322,5.01039797,10.2376769,0.992457674,7.54001989,6.96116304,43.4511103,54.1823029,85.9427751
0.623802442,0.990565965,0.994906581,14.924279,0.558347919,13.1809991,34.0981027,41.5509306,53.7779791,82.61422
0.529957232,3.96481389,1.41085771,11.1743699,24.4303067,0.236282598,15.2466634,38.7550098,34.7414255,15.4546776
0.919459584,1.428922,8.75705391,4.98666291,4.443058,35.2451869,29.7480819,37.8928275,0.951459233,4.21009543
0.391367828,2.87635356,6.46711737,15.7185182,8.02514863,5.28918142,15.342515,30.8897875,76.7711324,3.00793347
0.177931408,1.97272934,8.23958124,15.3634482,8.55204715,13.3292543,44.6128259,12.7530762,6.26765611,61.1848426
0.3787065,3.68058943,8.24980363,0.799216763,13.1814505,22.5187564,6.45073762,38.5922645,55.9277258,6.49763006
0.971257408,3.69303418,1.85719791,3.42279215,10.7306141,35.1803111,15.6371306,34.2912941,17.439262,8.86728022
0.148916724,3.37353501,6.75650938,6.49451121,1.95304327,35.7093602,15.267951,58.0601302,10.8949704,35.1725938
0.0230273237,0.0809152015,8.86903086,6.75851954,10.0592559,22.9172017,7.36138351,61.0908113,1.60190328,98.051131
0.306360381,3.99571621,0.00542630162,2.13306913,16.3950744,2.90149828,29.2387898,57.9145731,73.6974674,32.39252
0.61838974,1.10546819,8.10863021,6.66292635,24.6924226,7.98616372,21.0341349,45.3296873,0.0680393111,37.5491095
0.270703492,2.85438347,3.65184491,9.87967888,24.6295827,35.1313715,23.0845014,62.9756462,80.6015021,1.36572775
0.737933246,1.77628204,4.43760062,15.5620562,24.1846136,29.9540741,19.2230592,32.5960152,1.55351847,1.96418888
0.311937971,2.96589558,8.56569557,15.369739,23.7563323,32.6542457,48.8748169,3.98118302,40.1748436,1.38692748
0.899458579,0.801331595,8.95526209,7.2710319,19.1142122,3.69364901,20.633061,8.95528612,60.1093555,14.1127254
0.537430546,2.38071727,1.60914781,15.9062011,11.7531924,15.7015476,21.6562363,5.69940257,58.0403611,58.5244241
0.0405830178,0.315118423,0.439499967,11.8683614,24.2964736,1.19822724,19.8793384,39.2373012,6.7344984,98.4035046
0.510867434,0.595843565,5.27129301,13.5496491,1.48766263,4.53003861,44.0441764,9.75972373,80.5908079,81.2318559
0.960013648,3.79749716,1.20339329,4.32176405,18.5757099,2.81743227,17.1283323,1.14986625,78.2183151,56.8103113
0.415123711,3.93681636,4.66322443,5.0008144,1.07448476,12.7661085,48.9794119,60.0510927,79.3726755,1.83660542
0.15475738,0.0291488208,4.28452021,1.65554852,1.25624233,19.6772535,26.6764623,1.70003074,35.9649226,98.754811
0.0277356152,0.609936115,7.19162889,15.478555,6.36488658,35.4942501,43.3675835,5.19370595,74.1857213,2.67986132
0.990957381,0.0827919785,7.84076217,3.00398848,12.5536191,19.6942784,24.1410619,24.5899961,45.6430374,37.5237153
0.0326322075,1.79804669,8.48427026,14.453822,20.9154242,0.770685152,39.3433829,49.9425206,30.3040289,2.35137736
0.915585095,0.954799548,7.46101621,0.532312885,4.03540802,33.2676547,18.3367938,33.2979074,27.7546931,79.300596
0.949530013,3.00370604,7.39658889,11.5011782,6.7219632,1.49114897,7.81386521,9.96905581,78.3686846,6.84994915
0.0107169766,0.480903059,5.70987108,13.8724464,3.44891113,22.8230628,9.82164809,52.8189446,60.7529862,92.5484848
0.135928168,2.17884867,8.79652013,0.202373743,14.5242205,12.3475023,27.8627665,59.4511185,34.1067937,47.1903112
0.215898438,2.42022061,1.45756594,14.7745398,18.2668116,14.8360394,18.1224221,63.410013,5.17428289,55.5745961
0.588171277,1.57864169,0.519598721,5.14791309,14.0238024,33.1887412,26.0980001,39.2989501,22.0898843,87.2879423
0.930919522,3.85765106,7.9680866,15.3447338,17.0965591,24.2914887,36.8192666,0.540954858,4.8451969,1.63099142
0.996154672,1.48632044,1.32212431,15.8991191,0.77263607,15.3999724,31.7638577,0.205156684,70.9615539,51.1601228
0.0479861088,2.01012456,0.367882066,15.9891152,14.1557546,22.7054085,13.3402957,46.1708293,72.3017888,19.0178541
0.797685273,2.78552635,0.768053942,4.76907987,15.5084957,1.8524241,40.4140111,0.371126175,37.358244,97.6961813
0.441985189,1.78029881,3.33477271,8.04428805,0.545723655,31.6475574,0.676816793,9.48222989,9.91972728,98.4413206
0.30210342,1.80871498,6.91340573,6.41782023,12.9760281,18.8693384,17.654663,35.1624541,80.1973497,5.71407846
0.385194449,3.85244421,0.0671703215,6.98949968,0.814160891,12.3870231,0.948061912,11.8550885,20.8480695,98.6078087
0.60566233,1.46714381,5.14367789,8.52326172,3.84319298,25.2639369,36.7338984,46.5369964,4.17499923,58.2895098
0.0771683436,3.8734052,0.722600248,6.65308641,16.2864495,1.95350149,0.679973603,14.7805348,41.0664463,98.4129874
0.990728558,0.699468395,8.92196076,4.25687318,14.4804593,33.2352854,12.8511431,60.2930296,41.6998934,1.77899856
0.665544209,3.20607692,1.20334518,2.88421655,17.2305128,26.2498755,2.25612269,54.4051948,25.4501323,68.1877412
0.0310411952,2.83746855,3.00121397,9.60582084,7.86069206,21.0980582,42.2819543,45.4615352,50.6531219,9.94674148
0.490629882,0.0657282416,1.5627526,5.65860509,0.27470832,24.5127385,2.17207944,1.48778117,57.12789,98.677713
0.353041265,2.25818522,2.96766547,15.2063244,7.33521147,11.3747675,21.3934879,61.8470806,50.4774679,6.88717946
0.0930587361,0.152710993,5.88073029,14.993705,23.7490248,35.7979603,33.1007482,35.6237814,11.2570818,2.8933104
0.199539198,2.62118309,5.00454893,11.4735991,7.46857798,35.1217199,47.2946809,4.8344234,45.7574115,3.14272094
0.998750885,0.0244978983,8.4063979,7.69690631,2.97553539,14.145652,2.68507597,62.7876472,50.6069945,31.3958264
0.97712188,1.94973531,2.70293989,9.44140294,15.0924905,13.6614518,0.0282945382,45.1217017,30.9326549,65.2273255
0.585261931,1.98906489,4.98075319,4.47787991,18.3243517,3.42671988,39.3103119,27.9665046,21.5688954,88.4783854
0.353597223,3.63410731,5.49344354,11.2098744,6.8103296,16.141843,48.9387875,0.262737364,80.7808845,2.04265542
0.991360103,3.15698943,7.9232017,2.22385776,0.589682721,15.5483853,45.884557,25.7959045,19.9556435,6.57445346
0.219059904,2.95920879,7.69971973,12.7812584,22.8269122,2.75452985,48.1605363,4.09355271,0.430826232,21.4828118
0.0586206513,0.949144243,0.601398657,1.2572913,17.6483187,22.0215467,0.184916867,27.2950548,75.9199402,98.3452955
0.325350367,0.654482758,8.75635499,0.103530511,18.8082868,15.6620097,48.1793955,34.0902041,32.9833345,33.9176018
0.0714291479,2.03875394,3.00947548,0.452387385,5.11685065,34.4288355,23.7358039,24.3668279,77.5540751,97.338981
0.76997578,3.93173358,1.45413826,8.35867169,6.55487181,25.53199,43.7667244,63.1349104,66.3683179,1.5305582
0.997185491,2.78615927,6.70223379,0.788028978,19.3797441,22.1177888,45.8368034,1.50771287,76.1023248,1.70706814
0.606546928,0.936875018,4.63145422,15.7353528,0.117182173,28.0523228,26.3919992,29.1669737,42.1786889,23.9313922
0.0297181541,1.89206544,8.87360186,15.335926,10.7938898,18.5837969,2.55138002,7.894166,6.6418756,98.0164694
0.147854794,3.98208334,6.46824702,1.47133225,13.5643302,1.00394798,34.5093146,44.4732132,6.69962152,96.711206
0.377740366,2.72933181,8.72937267,9.89583435,23.887473,2.53186027,1.32786064,29.1968521,29.7343052,44.7778362
0.119933623,2.89760335,0.0439247182,0.431535155,7.51772878,0.673434908,19.6278984,23.6263926,41.4873917,98.6891396
0.562120415,2.23123278,0.741005562,12.5875108,9.8338193,2.8812993,8.16303025,58.8401212,78.3632334,46.6558452
0.154097014,3.6340692,4.05222547,4.89494322,20.7978938,0.289268699,2.36699765,56.332404,33.809603,96.7296046
0.888598588,2.70589043,4.27594025,1.29374484,24.9523929,35.8082413,23.2914638,62.2143067,4.87695688,1.79205612
0.728417013,2.01893074,0.380121019,13.6781598,1.30006851,0.362194894,4.64082308,51.3482632,43.3597711,98.0424219
0.161362055,0.0482223071,5.56271116,0.864924878,13.7381708,32.3095138,2.72039231,6.05200804,25.437866,98.5414128
0.624706026,1.73671538,2.19480656,10.8691999,10.37806,34.6379412,5.27850718,33.7896703,39.2208394,54.3878289
0.588241981,2.33187749,8.69632309,14.4037557,6.12706407,3.69484986,48.1037502,37.5234819,1.46898404,3.54999211
0.712438121,3.78998773,5.22842141,12.5841255,20.9319386,4.45318895,1.01632736,38.418221,79.7863868,1.80758035
0.913009357,3.7930613,4.45796433,0.0114260018,0.0575189479,24.0781785,8.09329479,0.00730291009,74.3428251,94.902319
0.385369971,3.65238637,3.72969346,15.9253341,14.2035552,27.5801222,4.23809149,42.5843755,4.55609063,6.23721704
0.760933833,0.0596993622,7.57615504,0.778339006,14.9120001,1.41871739,16.854974,16.3893031,79.756057,97.5359553
0.996997703,2.16159954,4.50781334,1.45552352,23.4122249,20.5398654,12.9543475,21.8353407,13.3782344,68.6839822
0.828333015,3.17196427,7.20772539,0.427729257,7.57127582,0.622980763,41.4290595,10.7150963,71.6641323,19.9233098
0.0331914216,3.39288799,0.603820696,9.62566168,3.89985589,28.6242447,26.7865921,51.2702534,3.98561542,97.4871452
0.986295078,2.64553128,7.74961741,15.6795579,9.88996078,29.6220562,18.9167083,27.5809868,2.0817326,1.83390178
0.720948913,3.95355478,7.63935547,1.15101052,1.6153615,35.1081928,31.8457066,4.95220667,40.1678522,4.97968221
0.381353594,1.63942245,3.98955057,4.22484854,23.4834718,16.8627273,27.0291689,0.315869123,76.9656285,67.5859286
0.894312963,2.87186584,7.76057245,7.00662048,0.422443811,0.0188991968,40.3417001,13.0006164,6.78306626,96.2916419
0.49699761,0.155322792,5.64787463,1.47364992,24.4284386,27.0259457,17.7898214,58.1588254,4.27580006,83.1025402
0.495525631,1.1971133,8.73714494,2.12437101,12.9742698,12.3167426,10.1996432,30.5665427,4.91397342,98.1311879
0.001029131,1.18641908,0.327451495,7.95959289,1.37140909,34.9525752,48.9054744,36.9733053,43.4643646,97.0534281
0.00701485388,3.59459685,5.3758844,2.64731974,21.0983077,34.9298043,17.9955082,29.3968655,72.2911997,2.19548963
0.448591368,1.90045768,2.23262489,4.84703029,12.5595517,19.2745635,26.6621668,7.8864156,3.78050284,98.2916885
0.38338434,2.16238867,7.34950105,12.5585331,23.8526528,23.8101444,1.4934313,15.803809,18.5006159,22.619496
0.667992112,3.77371039,1.68862713,6.67757912,9.48799807,21.2883515,34.4679126,31.6176127,6.60178213,57.1154778
0.132626484,0.213249162,0.176995587,8.47080078,1.16976015,14.6288096,30.4924841,59.0107367,62.5873622,98.1316442
0.555466346,2.89152473,4.17643932,4.29436048,23.9320562,1.53839474,10.6173028,47.0301533,45.2922298,45.4524884
0.0813919013,3.81473934,5.22936887,8.89341789,24.4914109,3.08535447,21.1687695,56.8286838,60.3569776,2.03237949
0.283034467,3.84113433,4.37561709,3.54906836,1.86227287,34.8768736,32.1429989,3.11083785,75.7498316,24.4490784
0.166547036,0.624127871,3.86352704,14.7536096,18.6187463,0.386811136,28.7667494,63.6819615,38.8882748,51.7677705
0.0274215075,3.49310833,1.51126197,3.16433482,23.3989422,23.0709654,45.8908416,35.7558861,67.3022544,2.27443614
0.103951166,0.428985607,4.41247089,0.707953185,16.5143487,9.58952237,47.7784068,63.5871192,46.4639475,90.7695701
0.0645081462,0.753650768,5.86903301,1.48934157,11.5057591,3.30176423,22.800512,36.8400146,43.1891767,98.3465151
0.900149676,3.26241618,7.71451341,6.80344938,14.958968,22.1396224,6.30611004,63.7275257,36.1008429,1.70392449
0.974450666,2.36934119,3.41404079,8.50410623,0.802134874,9.33239581,45.7011256,31.1081337,23.2918002,55.2316769
0.986495407,0.113241421,7.3092704,10.5023462,1.45755737,31.9201676,13.9596676,10.6228633,53.7427956,41.0510289
0.87122832,2.93752816,6.83061862,12.812672,22.7784731,18.4289667,37.6253054,30.7031198,75.0951759,1.1835371
0.607187359,3.99179848,4.85319539,1.16415258,21.7380929,3.06431802,29.9348954,42.8241668,2.24119088,54.3381428
0.0101426025,1.86688066,1.49224355,10.9106966,0.122106983,3.2429804,1.05020415,14.0815812,77.3738881,98.6157389
0.952578012,3.91458254,0.87473135,8.19520399,13.739679,32.809853,31.5772841,0.540650875,79.3790506,1.78468473
0.486523846,0.025113862,4.69952767,1.70929716,12.7458514,28.1163938,22.0911115,16.0807284,76.9538497,95.9004915
0.700895618,3.81057845,0.881968013,0.420255557,11.3049137,2.42658888,43.1190791,54.0249966,38.1179937,51.6714803
0.940897533,2.65936042,8.70863658,14.3198719,3.26043114,33.2152248,43.9414942,59.6812279,68.8464028,0.952032671
0.9292904,2.33503267,2.01179558,14.6636377,5.87191156,20.4733085,9.38719255,51.6509459,1.83158112,54.6798964
0.00891756593,3.51012216,5.90218521,0.0476039052,0.12317982,29.2078683,0.874006113,50.1822023,25.6600486,98.1476088
0.16272049,3.37312342,0.191974043,8.01377529,24.2519074,2.60191974,36.0218536,31.7303434,55.5385323,52.7272356
0.0537300087,0.161023744,5.23362923,8.18925129,7.41617071,26.7568387,35.6437794,52.246168,27.0151141,95.0782388
0.0492132609,0.509103839,1.14348421,6.29186766,5.34341497,9.75666493,0.36408466,56.3864617,49.6907357,98.580163
0.0776530966,0.462375488,7.07587348,12.8098817,24.503504,7.7631394,15.086383,40.2803532,80.8694577,4.55743272
0.278843091,2.0633217,5.05769563,15.4498073,1.42274222,17.3210126,24.8531925,41.2819901,3.04650464,96.141818
0.557297274,1.98112293,1.64931914,0.189871878,11.2135086,22.2314403,48.7517486,54.3846318,74.048301,2.66070526
0.383720047,0.731352318,8.63643525,1.00835867,5.44408217,34.1121148,30.3702069,62.7819633,10.7033717,52.6673345
0.0978844739,0.577411492,1.24861698,11.565454,19.6639789,25.191609,48.1457553,63.620047,17.8826182,9.08872211
0.698343877,0.262167962,5.07812375,1.82383781,20.6907415,34.981994,35.8972836,49.1693754,27.4540141,2.61341602
0.435081385,1.65136951,5.77665556,9.33339114,3.60143701,6.26652194,29.1743289,50.8684426,42.9244227,82.7142873
0.864395745,3.59717855,4.00469116,8.61215779,13.3374216,17.3456372,0.169714361,13.5696536,41.9784639,50.8532357
0.927407936,3.78070081,5.03659105,8.86358329,16.0066935,35.2762417,5.16335053,1.87089688,25.5198185,2.76177666
0.433981132,3.68357101,4.00023584,3.49100123,1.96505131,2.32896656,14.8919876,60.911567,76.8311408,75.6419489
0.218556724,1.13141816,8.42627488,9.60350461,22.0343458,9.00061247,1.76097952,1.02235249,38.8271658,97.9640263
0.365436391,3.55767251,4.05420935,0.171738766,10.0210059,33.1856638,4.69690506,2.45993987,0.264981703,98.3186877
0.786015401,2.24334907,8.927764,1.65252595,21.8806183,32.4749912,15.2141839,29.7660083,67.4597411,1.67910362
0.599281479,0.495267004,8.89320671,9.11149013,1.27276271,23.5048582,24.7054905,62.9271507,21.0375337,13.0308626
0.969596399,0.0267106388,2.08283878,9.37132876,24.8788735,20.4859451,4.4631493,55.0534758,45.2690699,5.67601248
0.235736186,0.0723299031,8.20953146,13.5025817,15.4531214,29.6811997,48.8948391,59.5070753,9.38422445,1.8675702
0.830040915,1.99062412,0.9441183,1.41557266,24.2651205,34.3879312,19.000139,3.0520719,40.7182359,72.4740738
0.781908973,2.1764694,8.8227008,14.4573729,14.1652444,0.377007729,0.502106926,14.2512433,41.3184071,43.6679076
0.290833553,0.158099005,2.63245107,15.2979406,13.2624733,3.43974221,43.2115722,36.432621,44.3740378,91.3804019
0.544473467,3.86222045,0.762815081,8.23656059,24.8027889,15.0801921,17.4055848,7.39692167,40.5790671,51.6233877
0.277741884,0.0314095784,8.77676485,1.93221966,16.899602,9.52057735,38.5785848,29.0931779,11.4430709,97.9582941
0.179905957,2.71768798,0.409393479,8.31324246,13.5407085,5.30983786,46.8833904,0.18508032,48.9099942,97.9911513
0.689867828,2.43433385,4.16039003,4.75606144,23.6321422,14.9956103,42.4966094,21.570454,48.8791599,2.14372286
0.682128929,2.16363339,0.419453682,4.90317366,11.9369727,35.5680411,16.4238486,24.3248525,75.6800694,17.0018643
0.732118009,2.8295403,0.188762128,8.04458143,8.25019721,15.9329711,23.7446484,26.5218939,72.7358412,43.0862792
0.893850076,3.75290683,6.98655977,0.195654154,13.0615076,35.6512792,9.59439867,56.2395872,3.47136364,2.10394866
0.608624168,0.585536596,2.50551909,14.6833504,23.5469106,4.21323898,48.8742491,55.5160934,3.77378939,4.35374495
0.847614646,3.43741369,1.37676084,0.390212938,22.3575863,20.091218,39.6091323,59.6730867,57.6722284,1.69969686
0.719273875,3.34405983,8.13066574,9.06519366,10.4842561,12.8059917,30.3558064,2.6617606,0.266285596,57.4192047
0.546810523,0.977835548,5.58461045,15.196228,17.1926911,10.8844576,25.968411,10.5592321,77.2211627,3.22285588
0.723452493,0.264196308,0.781551371,8.06025993,19.9821791,22.297731,46.229049,36.084181,3.58112119,77.7955416
0.058903921,3.99279812,6.65542763,10.2617988,9.45585064,35.2537376,29.3570446,29.8423666,71.7056062,1.72309908
0.0200741501,1.54496082,4.85212529,1.19074188,19.9981493,12.8081735,31.2684529,5.07713324,24.5257573,98.3082115
0.0688409144,0.0369958338,4.02520039,13.4097332,2.16421404,34.4812261,46.2318145,32.7922629,45.0094411,66.4104048
0.0280214874,3.8285563,5.72793925,9.7333944,8.06210151,35.6256773,11.9214382,3.41205925,3.13849603,97.5739135
0.62378598,3.88385474,8.87992865,12.3746752,20.571754,35.2354273,2.48550426,33.7894961,35.5148501,1.49548375
0.663403901,3.31743284,0.210885407,13.0684946,15.9203449,33.4617162,47.7252554,48.8064447,2.42560962,1.76712883
0.613375741,0.0243076831,1.213268,11.3694988,23.6978384,20.9812544,16.2555393,41.5993585,30.9035469,76.5623492
0.511426359,2.17124415,0.226145516,5.02700746,13.9287962,1.83923853,32.7783048,61.3462297,7.69827124,97.9330982
0.183060323,2.77942416,4.00932509,3.06977119,15.0692797,27.9130918,26.3145216,56.3774719,20.4652363,36.7791788
0.542599651,1.88932521,4.2496632,0.158892274,22.6600761,32.9755416,48.9011587,6.23491758,28.1726024,10.6507629
0.152617464,0.166895256,2.26925909,11.4444124,15.9976047,31.3092151,2.69270465,38.2524147,35.8598619,97.8666042
0.634357012,2.55321433,8.7146419,1.75359984,1.175752,15.6440439,29.1893847,61.3731364,13.0397004,40.01147
0.109859534,1.63672884,1.1284468,4.98739657,23.7096225,18.1811313,3.09583255,55.7162196,48.7307653,97.2322183
0.942164824,3.8568092,3.13260001,15.3036254,12.5498799,1.19837758,23.3184955,15.6138815,28.4853835,7.54919364
0.247544019,1.88928694,2.8027397,15.3709877,6.54686288,11.6991826,43.7762035,15.2201623,77.5415939,19.8462381
0.464472068,1.52820258,1.12689331,6.57051532,22.8922339,35.676581,0.403234122,19.7954369,37.8516118,95.7344343
0.0681865597,0.0460386127,3.9846699,2.3947953,14.5696905,32.8148804,48.585029,42.5574818,80.4891558,7.59972715
0.50103784,3.77190977,5.59679622,11.2962065,23.9737165,1.80585239,4.03040712,27.4971294,0.32111017,84.2821197
0.922437746,1.64479089,0.00104552088,15.2392346,21.5886466,22.1519994,44.4459927,62.4310049,78.3409689,1.26201072
0.861838281,3.66392983,8.2545801,15.5161281,18.0714561,2.82566008,9.34931979,52.2681364,8.31336295,1.81818864
0.0911797495,1.83219974,4.00718253,3.0520742,0.329690124,23.1867578,48.7788777,9.92299682,70.6315126,97.6192789
0.117839725,2.12905094,6.65820264,13.1764835,1.80876795,35.9466967,5.62399534,1.94569904,77.6634522,71.9333063
0.708335995,0.012245439,4.07045981,5.72106506,15.5320258,31.330576,1.34945173,55.1642789,53.2015775,37.7400669
0.113702154,3.96842966,3.14386021,15.7484708,19.6065647,3.64692014,29.6542187,25.4084034,39.2806798,7.80880012
0.44964813,0.944481163,4.26353193,14.5443577,23.4691626,30.5511469,6.97735968,14.9996848,4.68499952,84.9226402
0.370715435,2.45728443,8.0538695,2.4617578,23.0677947,0.613422375,18.7695376,60.8883142,68.21279,2.33067248
0.556610155,3.78751234,1.61982487,14.9274197,8.03693168,2.46341916,3.65581092,60.3612522,34.8882284,59.461391
0.606517327,2.94687976,0.468244154,6.71909728,24.7937827,13.113022,47.0407307,62.1193637,10.3086583,2.14089608
0.736513684,2.34194226,2.30313185,15.5325783,0.0666906359,30.0521053,7.80352292,38.9352248,61.1588466,4.61566683
0.912711581,3.7741479,0.233509131,1.04528108,0.060991745,0.127091948,16.3801148,24.2805396,24.0826666,98.4313783
0.537302778,1.79118309,0.932031499,8.27270945,24.10577,29.7751473,42.0585462,5.20610988,14.0342846,47.8868797
0.483310778,0.0170092471,4.21743611,13.2421139,0.326523464,18.5470055,42.9035829,59.451857,49.8157256,13.0389339
0.0288545205,3.83170681,7.86682538,13.7495184,0.243380421,22.3124296,39.4791352,21.9759952,8.29201228,29.8673705
0.0331119462,2.04991961,2.24741896,14.880867,10.5169649,12.4262747,16.8763917,38.5509857,68.8700701,85.1483515
0.0136748785,3.33473325,6.4390839,10.1032892,21.8460066,22.7991235,1.18189954,25.0587374,53.4082737,9.74987871
0.217830982,0.341237392,7.14792299,5.58523131,23.4104658,13.9655749,48.2072529,5.61640147,74.4939853,10.6928399
0.069731907,3.93664515,7.18897785,0.268059537,14.4947458,18.9985817,34.2487017,19.4999665,70.7948278,6.09926499
0.902912222,0.982847423,6.11242947,9.95927535,14.9074371,34.9853914,15.6157913,13.8506614,25.3962938,5.70036046
0.463366035,3.17177789,0.159555503,15.3766097,4.18740577,3.92955714,27.313278,29.0791572,37.2041184,96.9422833
0.976437642,3.94981171,1.0921028,7.06100554,3.62506883,2.20575395,38.2561617,55.2609153,2.78884667,67.8779258
0.979723841,0.874410186,0.477005225,12.4921153,4.65860795,32.0024026,33.1851187,31.7254264,31.9454465,18.9200909
0.988279722,0.0691300575,4.20497195,8.8241449,5.31761803,33.4168541,1.45209262,4.33716992,79.4999847,88.8723522
0.261259779,3.97239064,8.93129359,11.1134152,23.7024151,23.7453541,38.3375228,49.2994886,41.1389553,1.26476635
0.961325475,3.98900178,7.09387883,6.79375329,10.3305877,1.70968462,9.07777408,43.2965841,7.2005199,33.1876138
0.866451025,1.76950513,0.163796637,14.097925,24.7278656,1.78118502,27.73483,2.98718557,37.4977582,81.4328571
0.71912537,1.36039885,0.502675017,11.482689,21.1787102,0.837779001,6.19532358,63.7432596,46.782869,69.3689025
0.504168398,2.23305952,6.82043818,12.6301243,3.90366323,12.7697875,35.1428878,0.672700852,53.2615847,48.7763627
0.146621183,1.0488658,0.646710865,11.1457931,23.977172,13.4360864,38.5247213,62.681804,67.1791726,2.50035006
0.121623358,0.495099157,2.54595863,6.98084762,23.6029217,27.8000943,38.3619039,8.51445333,78.9965718,35.1989648
0.438664819,2.55847312,0.579984684,1.42681041,19.3789177,2.1155612,32.9893146,21.434843,80.2482578,95.9019307
0.929844487,3.58516936,8.86807881,10.3122343,8.94127798,1.52502682,47.8099695,52.4494539,58.1819752,1.39178413
0.0339930952,1.28780245,0.215464398,5.88469924,12.7190285,26.9448907,25.5595292,58.7855911,52.4342165,95.3582
0.746389119,2.24768114,1.74793224,2.66174633,24.9540602,4.16178387,47.7770973,34.8396753,18.2536805,44.211385
0.539265252,1.72435941,2.94438467,7.59674631,22.6801587,15.0153308,3.62673769,62.1457583,4.75780058,91.5701908
0.199317219,3.69798741,0.167438679,10.9188938,15.3863935,34.7255244,48.848674,6.09068063,38.0565585,3.61280163
0.593645402,1.59305711,5.64954022,3.23996677,9.56475857,7.05218674,19.1951255,59.3958514,73.5005418,25.4567522
0.486502933,2.61918489,1.44093808,13.9489807,13.3102344,7.35763528,48.6952698,30.5630201,10.9846507,46.4117687
0.878743025,0.136081481,7.02328085,9.38888637,10.9582658,0.825778496,25.6694404,39.5548058,37.4892617,78.394181
0.949271958,1.65521244,7.09977139,6.85813537,1.06426935,17.5319488,48.269781,34.2328414,70.0728686,1.86808088
0.281996389,2.05324312,1.92845324,4.46859014,24.3662476,33.8747321,38.9580253,38.5720075,30.0332465,3.53144339
0.925690251,0.304218965,2.26831787,15.3215753,8.9322961,0.144740531,28.1125377,38.4286083,57.7377749,58.4654102
0.531442732,3.83197791,0.118696039,10.5321278,8.54898538,11.2280631,46.3556184,62.5349269,20.9046481,3.26396329
0.0409040833,1.89971265,1.0585408,12.2581694,11.019198,35.5117228,2.07602392,4.87707159,61.9425205,97.9520693
0.0390879801,3.80672432,8.13503081,11.4895712,1.9114902,2.03878581,40.6607191,40.1054531,5.50563105,86.800705
0.362315553,1.74999329,0.308674703,6.92574903,1.66240344,21.6210233,0.733139613,29.8807755,78.7145998,98.2027345
0.52609154,0.0820205957,5.67034214,0.782914974,10.0812042,14.1112596,48.9188324,10.2084529,67.6712504,96.6250951
0.923254213,0.534249053,7.02861291,8.70596523,1.80884609,1.83779799,48.8240622,41.8127437,33.8979753,34.9310431
0.558708168,0.832742555,8.78429144,2.81987239,2.49254099,24.6765503,25.5628636,3.9823044,64.0279501,95.6424329
0.00314887194,3.69236286,3.4706709,4.56138346,11.2059071,18.2604217,3.95859644,51.1090818,58.6469014,93.5327808
0.0948528774,0.769239111,1.35392051,5.94133216,24.952435,0.827046778,5.6829182,15.4203904,43.6659967,98.557653
0.00800665794,2.2716002,6.26529798,1.53456333,24.0715955,30.6789655,39.9795558,63.2091381,25.291569,2.0367738
0.473255431,0.0160862655,5.31419278,15.3564135,23.8149053,10.2428505,48.4397522,53.4404862,78.788143,1.55516615
0.96169397,0.762215363,5.74562156,10.0650361,17.2829887,0.273978381,44.5827085,55.6169642,43.4332084,1.91058658
0.870923696,2.45826772,0.237591617,11.026321,11.5271976,18.1577389,6.96521261,4.34714467,48.6764319,96.9883575
0.656356372,1.52619327,6.14333514,5.39321038,5.76061716,26.9173813,33.24862,17.7052248,45.1986994,39.7850684
0.139877813,3.7056125,0.515934404,7.66138991,20.281675,34.722053,18.4370487,58.0919769,40.316982,2.30100004
0.84651457,1.48154257,0.64341666,8.71786713,14.3637071,15.589091,46.0758406,0.852132798,63.0229738,35.1207967
0.0363939009,2.68916866,1.92987106,14.8317878,21.651692,35.981639,20.9691631,27.0681818,29.0232352,4.28856631
0.125015144,0.518120637,0.12049394,0.251825474,13.173042,35.0168768,0.883355362,63.4169027,70.7275866,98.0035497
0.00161024369,0.253463043,8.89506901,0.755222455,7.84968984,6.82159081,36.0378006,61.7997081,14.8002045,98.1428206
0.437605512,3.34336521,8.86296781,1.60011024,20.3950327,6.2126893,22.6884109,7.99660665,79.6938687,4.41382401
0.818766786,0.0535004232,7.15862987,5.49715338,10.4013817,23.0710903,48.7478577,32.9732727,7.33393299,25.3304253
0.0375741883,2.03753343,1.85464456,7.13084372,12.6411797,14.841441,43.690861,61.781706,36.8705842,64.6231992
0.626361945,1.06087006,4.59694605,8.66191777,20.0812525,8.07973029,5.48106676,0.377554208,12.0912465,98.285255
0.0426090136,0.51876878,6.6304989,1.4134637,18.8820141,0.0160665829,24.542274,63.9997762,76.2404092,91.8355681
0.0492629949,3.8526227,6.8169677,4.93549,10.5944105,14.7699289,24.7649772,24.7797773,32.5475463,91.2279794
0.202023266,1.62015643,4.43067613,0.6645341,1.28845909,7.38996611,4.30157318,28.1344124,29.1961432,98.7907183
0.38631106,2.91997282,8.96222718,7.38170382,0.46265506,1.21476831,6.2759727,42.1526361,54.8710997,95.4134596
0.668148217,2.26833937,8.95462051,4.10118564,0.979875413,27.0231297,2.36851852,25.7185682,75.9078054,20.3181058
0.0453051254,1.77297284,5.29766586,1.54694925,24.3374585,21.1169004,32.3193978,35.4210332,72.5264245,6.53419756
0.310305488,1.21731426,7.6516112,15.3411932,24.1153791,10.3349585,48.519804,18.7366245,33.473593,1.96093967
0.140685889,2.03097727,5.92886082,13.0913104,15.0836963,16.8252181,1.96177431,56.8695833,39.3439952,28.2758928
0.633266162,1.21753601,7.03738585,14.8338621,1.12596126,34.6045702,25.8776699,2.60925928,17.4918218,62.8698385
0.444634018,3.85574473,7.87886715,5.54712265,22.6412803,10.0780653,2.78073261,50.64234,12.4143271,7.55498563
0.503357445,3.71428951,4.64341542,5.12531545,20.5887664,14.9708841,15.8553585,24.8302001,52.1106858,5.8404507
0.0243354072,0.0207550824,1.86900646,4.25154676,24.6038704,24.839878,37.8787796,26.9706653,60.7139369,94.6478477
0.633607653,0.17531368,5.61827869,13.1733143,18.5833529,7.79373232,28.936061,4.41195014,50.1770416,75.8281093
0.417987034,0.432316335,4.36644979,1.63854124,4.62921912,4.73138308,44.0392441,29.4863504,31.7560382,98.3157497
0.991668854,3.91374162,5.07481561,14.9794237,23.7101925,31.9761402,20.4018028,52.3744797,2.37926342,1.28523448
0.86645401,1.97017324,1.57879462,4.97976934,23.4115063,3.14889025,4.62566375,38.5705414,79.8474034,39.0744701
0.925127601,2.47834325,3.40887896,14.2732908,4.99852457,14.6915454,44.6483686,24.9877451,1.30573888,12.2317423
0.722707362,2.17051809,8.76939513,5.73149772,14.5034734,14.2223642,42.5679063,50.6795139,74.1523826,1.50840125
0.352771462,0.119823128,4.20145421,15.7171327,21.6405536,18.4095501,34.4471218,23.2173169,6.8922761,76.4305229
0.056752,3.32345805,3.05872144,15.8776784,12.7209351,1.08838124,6.02093343,11.5307106,5.88803328,98.3409526
0.527484811,1.74888445,3.37698394,5.27821995,11.0041706,31.8167745,0.720024694,61.9820847,6.19889905,96.089586
0.514526287,2.57321354,8.99997123,15.1404768,3.11555463,18.9024643,40.4492294,5.48367378,5.19574856,13.2513616
0.405051201,2.78213002,7.33334295,9.76872199,10.7975656,35.5466998,18.2157873,0.962564469,63.0547381,2.47493392
0.48471288,2.27748755,3.89992684,14.3473303,24.3445281,12.2173295,39.0052417,51.066299,39.5970361,1.7047626
0.301347165,2.96718022,3.14526092,9.60038735,15.1722843,0.838728201,27.9094129,59.4322351,37.4316885,33.1164011
0.624316388,3.54210792,0.467468161,15.533134,14.6609127,8.58233882,37.2516668,20.5889957,69.9261711,2.03209268
0.552267947,3.86957395,8.84112644,4.99924871,9.95787122,17.1958524,3.66287165,23.3584257,11.4672373,86.6739143
0.339074026,3.26862126,8.36441132,1.17524435,13.0185344,3.61151721,3.76992121,5.31032062,43.7382671,98.1477286
0.469295462,1.79531131,4.04375039,7.66719345,22.6880855,26.8603969,3.66158644,59.1454289,11.6733862,23.1305498
0.915994137,0.453874938,0.62120185,0.959107466,12.0612332,18.9318233,26.0700544,1.83381671,46.7742235,98.2490473
0.125365211,0.0524199717,2.30054478,2.23309435,18.1511712,24.0980295,21.208142,25.1333347,20.1954999,98.4104508
0.896712921,0.216224779,4.70216924,0.637041532,4.3078515,2.96663163,0.242097096,2.51545501,47.1474822,98.7332901
0.921648043,0.554646323,4.36667999,8.51647977,0.743007905,18.3367509,35.0793994,14.9764049,76.489767,47.650776
0.0335665606,0.612736814,5.10217437,0.435052559,24.8880606,26.8348802,7.93638234,11.4651636,69.6144643,97.9358268
0.0381651307,1.7654047,7.1027913,1.09041272,10.2603297,29.3205799,31.2869331,26.7555438,20.7864024,97.5832486
0.675373168,3.98734135,7.30379481,6.89679267,16.2412136,23.1512564,20.6427146,28.8718275,1.01849365,2.55641099
0.961298669,2.18690199,7.33890868,0.0677987784,5.45948335,10.8529059,39.1852862,35.4033114,19.5589714,62.0628069
0.750235809,0.852960524,8.3419209,1.18139113,24.4385744,20.3315315,0.0676201498,12.3975294,57.3032127,68.3146425
0.493070863,0.168005793,8.26504782,8.2821368,21.6769175,34.4917857,42.7969358,22.3341172,12.0342238,2.28035675
0.821274142,0.618029366,7.24398233,11.7530108,20.0824468,0.983263292,2.32225505,34.142847,18.7683599,93.4363271
0.919983791,0.670280136,3.1460711,1.80791097,2.43704612,13.5852762,21.4195121,57.1304629,80.6065829,77.8447172
0.348653769,3.29560135,2.63685417,2.85870698,22.3253923,32.9312975,16.763898,1.08780247,54.0372734,54.6056196
0.997547952,3.15368518,8.97020759,5.82938654,10.1556552,15.9794161,8.22905214,36.1524755,79.2978757,1.74337218
0.78461743,0.260581656,8.09074083,0.144320652,14.995621,9.21853821,38.072679,59.4501544,13.599601,52.6604276
0.188024003,0.477652209,8.77652635,10.8059661,24.7999661,18.7624686,22.8810608,13.047489,31.8279565,42.6491915
0.311444006,1.75760903,0.303856814,6.97151997,3.65028177,0.411329728,1.65883419,62.72824,1.93563385,98.7218804
0.13110019,1.60360013,8.34162482,8.33471376,2.39715589,20.1586438,14.0561339,16.2510529,54.9869604,97.6522833
0.332661935,0.196585218,0.0174417892,9.14515635,10.3793487,29.8284332,36.038787,19.4525796,34.8107395,98.0005546
0.805836254,2.75966435,3.77730492,14.5134549,11.9310203,35.5070917,43.1328816,37.0169344,80.515474,1.19642169
0.00249547884,3.76605144,0.059933051,14.7462909,1.42444412,22.5105053,13.6970796,6.29077959,1.43348302,98.4389998
0.805713994,2.54041136,1.56081203,11.675978,22.1276077,34.1325193,7.14873004,0.921759189,5.07095801,69.9046402
0.978296011,0.884241663,3.26168012,0.102708191,22.2133774,21.9376247,40.3682729,20.3263391,71.8638869,2.54562551
0.501753316,3.87196129,0.120291572,10.2052352,24.0436403,2.1059349,8.77626617,16.5949557,80.2669384,35.5053834
0.600619065,2.41849669,8.26613269,8.69720517,21.7613307,25.4668999,24.7551277,0.564117343,11.5427219,4.77552303
0.0354962354,2.34091186,8.33755677,14.7851885,22.9113986,31.5018471,48.3804119,30.8020556,73.595038,1.24872057
0.537925716,3.67002239,4.649148,0.409601629,6.52277831,4.80243883,3.52455568,59.0462185,7.33243854,98.1496336
0.836102982,1.53124093,8.02432557,15.7154261,1.82148042,19.6149528,22.4744985,48.1920812,56.0777203,1.79606202
0.00395611115,1.96144038,4.33910958,0.737395019,14.6844984,3.40584363,2.74108822,12.3686112,9.1742793,98.9063617
0.48764811,3.60714799,3.00651772,8.07702571,10.2672997,18.0078263,7.53616014,57.7873951,41.4482401,15.2586438
0.0462629772,2.16743125,0.0381975942,5.31016268,24.8502762,12.3727505,17.4459613,61.7416302,75.4036533,47.1156737
0.340037088,0.0133253448,8.90790676,0.335973278,22.9732511,16.4620453,23.9499399,53.0815549,57.830134,10.6632046
0.412447566,0.0249598492,7.87541759,14.4770953,7.09420904,10.6147025,28.9988657,39.10015,5.34242244,96.206837
0.0448314217,1.92681891,0.102126181,11.4395146,12.378661,33.3435979,40.6280748,27.4990411,40.9855631,62.6306829
0.667531657,0.818228584,8.9275816,12.2024928,23.9017844,24.899227,23.5592904,53.5436794,5.8457499,1.76813288
0.0453746375,2.44612923,0.211431597,13.388165,10.7647836,34.1536502,0.542815113,11.8773553,8.49391859,98.3070463
0.507348431,0.0202909801,2.31863166,14.6530329,2.38151838,1.69834206,43.6031886,57.1951091,78.719439,33.0198236
0.0649721823,3.94987169,3.36039593,5.64327073,22.579835,34.9728939,23.7201345,0.392264009,0.988699036,93.5410499
0.934049697,2.2930051,5.70749168,6.77808375,23.8337882,35.2480933,47.2356401,52.7716456,26.6390088,1.26191153
0.458655176,2.47013857,8.14268308,0.13262897,7.96108949,2.92481341,23.6003608,59.119379,24.5563466,95.2446174
0.111161393,1.1581084,0.73789541,15.6589553,18.8464015,2.11595808,42.06849,31.4914375,76.6844982,35.3558641
0.335676863,2.88411544,2.98831881,8.30978032,22.6215811,1.31628029,25.4839678,0.0601318181,64.0855123,93.3106841
0.710717723,0.13108887,7.22392463,4.44671861,24.9995733,25.6727614,30.0817566,2.72129685,51.6832227,6.95001903
0.184490028,2.89559723,5.18102568,4.44192764,24.184035,15.9505707,34.3568909,26.469696,15.4161129,54.8242533
0.411937249,1.71738148,0.0687030028,4.78465415,24.5035962,9.9962843,42.9433153,35.6585112,21.0060534,95.2167006
0.212746356,2.5120378,8.59329191,7.92369696,8.71066749,0.271567762,38.4369289,55.4635435,19.9653762,40.7205185
0.303360705,2.33347167,5.98144457,0.246960513,10.4146076,19.1661807,46.2768692,61.8334618,3.78840899,55.6822567
0.968150705,2.83560141,4.39385494,4.48000094,24.0246218,9.81774936,25.7433135,61.2180865,35.9177616,1.80186777
0.0994441887,1.43391722,8.65516325,0.5844943,24.3682935,11.3876624,22.3794413,9.4962073,64.2382048,93.9020399
0.622830891,3.67513173,8.8626704,8.71348709,24.3397538,4.66828156,21.5167126,14.8742112,8.69120086,3.80939065
0.740604219,1.34045992,2.4973314,10.0424425,23.9557608,35.2396868,1.92816083,22.9864664,37.3885828,9.64972454
0.741881847,3.23279638,3.61984556,13.7675843,24.6696672,33.2601178,41.9210494,58.8772713,58.5973099,0.9405548
0.631405386,0.121256739,4.41452624,14.1199075,2.00810155,0.234472342,22.8348862,23.4212224,51.2392987,98.0743557
0.971937049,1.38394141,8.78247415,12.5210234,13.8117303,12.6015911,9.4489795,63.9980547,39.6198335,1.76993446
0.914997626,1.46037322,1.10844512,15.3549456,10.2671018,13.2189336,19.8946917,56.2730688,67.6685636,2.08733134
0.610110882,0.534376607,2.85216081,4.02967794,23.120444,14.8350262,43.9445435,62.6178476,2.7387631,37.8772727
0.230522053,1.53660756,3.96735544,13.054131,13.7173259,31.8188086,47.2533388,57.2941538,79.5363369,1.51039773
0.455552582,1.88897663,0.0681633843,4.6613317,10.9404528,1.71357753,0.132691573,32.8454093,41.5060816,98.550112
0.251797218,3.82340254,8.83448669,14.6095535,10.5717672,6.75656511,18.4972796,36.2820553,0.637899754,20.1220002
0.0141431564,2.81611577,5.52985658,11.1992963,4.02137477,17.6338143,26.5637069,22.4931691,74.2829783,51.2969201
0.1832096,0.815020938,4.62803058,9.43994818,1.88904721,34.8717916,13.8862202,62.3051441,74.1104409,15.2974012
0.000584830065,3.31695558,0.163082235,8.75222289,16.5783594,10.7798411,33.7403647,60.4853622,1.87565553,96.6221173
0.904984492,0.29741695,6.04501876,11.7872975,20.4819683,22.2358317,2.208653,36.3505497,80.6064624,1.91123506
0.570950168,3.83792461,8.99759889,8.25698783,11.2413125,11.1445476,46.8375072,16.9581541,29.9906231,1.93952559
0.525983847,0.842034227,0.155807405,15.3867754,21.1472091,30.4470129,25.7877497,12.6822252,38.1706114,29.5864849
0.96291832,3.07282959,2.35538239,8.73221013,16.0245544,35.5484045,8.21271481,61.5154279,42.7730421,1.6812232
0.49473365,3.95382234,8.75704303,4.66183728,24.2174969,33.797779,42.5644136,38.0071413,2.56098309,1.50838693
0.247276879,3.92999218,7.60186205,0.880883292,7.82107007,34.1634931,29.7105814,46.6835024,42.5570216,2.10123805
0.423867212,3.7449199,1.9546983,4.6477491,4.24858665,8.63394811,41.8757954,25.4598172,79.9202864,46.4772854
0.0279958537,2.1052524,6.69848391,0.744975329,13.7505485,7.87381497,47.9222778,21.8419232,72.3988285,80.8689723
0.948965915,1.08056421,2.34598014,15.8011167,2.13919452,4.95691478,9.34629193,49.8003476,3.0899485,97.9675621
0.96197828,3.87577437,0.314578853,7.3364949,13.2341352,1.59885038,21.6121267,61.4044685,31.5168085,9.07464451
