0.877002366,3.79776547,8.97229898,15.978896,24.5527522,35.8830504,48.9992557,63.3999523,77.3052416,99.9210499
0.999999424,3.99942132,8.9999269,15.9995479,24.9635314,35.8040873,9.91929036,63.9609251,80.9992185,99.9999646
1,4,9,16,25,36,49,64,81,0.00132547693
0.999999987,3.99999987,8.9999802,15.999966,24.9993283,7.56598886,48.9022101,63.9753231,80.4943687,99.9988608
0.999999979,3.99999969,8.99999999,15.9999363,24.9998325,35.9969328,48.9993721,4.04905328,80.999311,99.9290759
0.997208002,3.99930694,8.98463703,9.713112,24.7439796,35.695688,48.9804916,63.6327289,80.9001315,99.2155952
0.999999983,3.99999894,8.99981559,15.9547472,13.3911156,35.8541883,48.9824393,63.9464378,80.9398961,94.6370779
1,4,9,16,24.9999998,35.9999998,48.9999997,63.999932,0.545623313,99.9987265
0.995698412,3.97250712,7.75227982,15.9827527,24.6867535,32.8291389,48.9183687,62.9032036,80.8707083,99.9196178
0.999889773,3.33519465,8.98984352,15.5784276,24.3527488,34.5717967,48.9997891,63.991729,78.6481497,99.9176879
0.999979424,3.99997092,8.99996412,15.9995177,23.9353632,35.7318836,45.1502689,58.6887295,80.9507953,91.3425212
0.996152464,3.99786051,8.41349821,15.7974835,24.971668,35.9956218,48.8130472,63.7963189,61.5209571,99.2554447
1,4,8.99999987,15.9999997,24.9999686,35.9999494,48.9999995,63.9973547,41.1429194,86.6228324
0.93292104,3.98318216,8.77142418,15.9832238,24.8360008,35.9981239,48.7612596,54.9938879,80.0315059,99.7329681
0.999999891,3.99999995,8.99999972,15.999994,23.7387847,21.746475,48.9985235,63.1491271,79.7411914,99.9601395
0.998185219,3.99990867,8.99116511,13.2016486,24.9994317,35.8815242,48.999019,63.9701378,80.9143236,72.6552614
0.997348426,3.66178582,8.99999929,15.2587794,24.9860673,33.6402101,45.4669904,63.7689147,80.9995074,99.925513
0.978796195,3.9973921,8.98578182,15.8238355,24.9793837,35.9932848,48.9419242,63.9988208,80.9936491,47.2450564
0.999999979,3.99999996,8.99999837,15.9999995,24.9999901,35.9993175,48.9977821,32.1245473,70.688899,99.999455
0.999999937,3.99999532,8.99999375,15.9999804,24.995999,35.9930901,28.0521728,63.7593652,71.1002695,99.9965933
0.999819831,3.94737473,8.99505887,15.9929174,18.6995165,35.8413379,44.4257989,63.9996379,80.3504966,99.9301
0.902001146,3.99776998,8.99133021,15.9646432,20.9846088,35.9395417,48.7592687,63.1050492,80.2693247,99.7748757
0.999779957,3.75985971,8.9991989,15.999669,24.9155806,35.9095197,48.9667622,63.8880584,80.3484529,62.0036682
0.999241642,3.99498776,8.56709462,15.9949776,24.8904001,35.5706279,48.9944575,63.8644577,80.780348,65.0921802
0.999992512,3.99998125,8.99988375,15.9940652,21.1877166,35.9668961,48.9791344,63.9272599,54.7795077,99.7003253
0.999620035,3.84251127,8.66432879,15.7673037,24.9690435,34.901739,48.9336412,61.9098374,79.7998848,97.5934208
0.999999457,3.99999972,8.99999792,15.9938385,24.9950465,29.3697779,48.9851899,63.9927434,61.9070854,97.6251451
0.996819421,3.99619594,8.98291753,15.9945207,20.9307479,35.9993917,48.9325026,45.5527723,80.9964722,99.9919213
0.968715012,3.99348023,8.99514653,13.8915973,24.7702164,33.4263817,48.9683999,63.8046509,80.551886,99.3182819
0.999999981,3.99503394,8.99709289,14.3549629,24.9564944,35.8402261,48.9945266,47.1974325,79.5174547,99.958538
0.999999126,3.99999963,8.99999574,15.9999487,24.9999753,27.8248305,48.6105086,47.5446786,80.9421847,99.9878163
0.999990852,3.99988413,8.99997538,15.9859384,20.8009226,35.9818414,48.9457966,63.969861,80.3394822,72.7060176
0.996893648,3.99963037,8.1755089,15.8443191,24.9981795,35.9934101,42.2071785,63.9852161,80.5407604,94.3618087
0.999999993,3.99999718,8.96965457,12.133608,24.9979387,35.9077358,48.9019704,63.6416593,69.5946807,99.800865
0.854354449,3.99999234,8.99934946,15.9969407,24.4245634,35.8912816,46.7792409,63.9976383,78.3565484,96.7880458
0.99955188,3.99885894,8.66620588,15.5949033,24.9320264,35.9984043,38.9588355,62.4637578,79.5114361,99.9996546
0.964148685,3.9869451,8.93047685,15.979845,24.9299157,35.9921024,48.9641526,61.8924843,62.9842051,99.2325257
0.92826043,3.96754274,8.99339105,15.9895586,24.6523995,35.9850769,48.945364,63.9826265,80.4334495,74.7452905
0.999732851,3.98437107,8.682171,15.9983578,24.066163,35.9898939,48.8949752,47.1003326,80.4376408,99.6992196
0.997989467,3.99472912,8.65039118,15.9534623,24.9255261,28.0895398,48.998446,63.9634967,76.6459699,99.4376801
0.999999998,3.99999986,8.99999995,15.9999989,24.9999999,35.9999851,48.9999797,49.0524999,80.9957073,64.9578564
0.999999988,4,9,15.9999939,24.9999924,35.9919678,48.9854089,48.8082002,55.4619541,99.9779836
0.999995423,3.99994674,8.99999778,15.9999698,24.9996335,35.9995383,36.5132678,63.9721528,80.9989188,69.6420281
0.999999656,3.99999509,8.99997926,15.9989869,24.9991813,35.9926409,48.9997822,63.9979375,62.4945856,66.3261282
0.999996204,3.9999663,8.99999313,15.9773436,24.9589129,35.9993176,39.2545164,63.8844385,57.5893971,99.9860845
0.995237586,3.78528012,8.97366464,15.9689376,22.4803853,35.9519276,48.244847,60.8772479,80.99707,98.7330428
1,3.9999999,8.99995117,15.9998734,24.9999962,29.2754373,48.9828608,63.9885024,80.9129978,64.1509535
0.953844251,3.88728731,8.99929207,15.9963717,24.3382491,32.2010545,48.945614,62.2985086,80.8143868,99.4388438
0.99999999,3.99999987,8.9999709,15.999978,24.9613055,29.7693463,37.8419364,63.836617,80.7732451,99.0292822
0.999999997,4,8.99960621,15.9999669,22.1972571,35.432687,35.3805555,63.9994727,80.2744547,99.7477826
0.999997462,3.99984594,8.99982923,15.9966833,24.9947223,35.9973447,36.9120097,46.7639664,80.9585287,99.9398851
0.999719135,3.99998676,8.76976884,14.6831923,24.3974569,35.9941123,48.9980012,62.0520243,74.9466962,98.5197534
0.999483489,3.98485848,8.99999648,14.6785742,20.9446531,35.8425971,48.8913173,63.9524817,80.4372112,96.4065039
0.999894373,3.9999567,8.96130047,14.406558,24.9999982,25.1389323,48.9767826,63.8055367,80.3979101,99.8550929
0.969265059,3.95658967,8.01488434,15.9894393,24.7265458,35.993977,48.9845642,62.9297801,78.641497,97.8375531
0.999897742,3.99998948,8.99932113,15.9995345,20.7185915,30.396003,48.9963299,59.443778,80.9726672,99.9731359
0.990360065,3.83380474,8.92178055,15.9749216,24.9984649,35.999099,41.4300856,62.2567965,79.4276584,99.5926132
0.999982779,3.88874106,8.98591234,15.9717311,24.5135243,30.1346701,47.6605523,62.5392289,80.8946422,99.6224682
0.978794863,3.53418893,8.92613477,15.9994941,24.1927727,34.9122857,48.4594525,63.8859349,80.4791886,99.7736291
0.999851463,3.9004454,8.99331403,14.0366047,24.7925674,35.8242183,46.1931498,63.9967766,80.9794178,94.6642577
0.999770994,3.89043822,8.99995876,15.7151838,24.6682658,35.6209978,48.6783874,63.6776443,64.0624355,99.5212126
0.975230725,3.99237696,8.98836369,15.979163,24.9674045,34.8472418,48.9711501,63.3721832,80.3015467,74.7265715
0.97934298,3.99891384,8.97308405,15.8994352,24.7917037,35.969491,48.9994482,48.822536,75.0937476,99.9760359
0.990532549,3.99081744,8.24757438,15.8597773,24.9924971,35.9929883,48.9951453,63.9443584,80.7620411,72.507166
0.999992503,3.9996221,8.75530793,15.9975096,22.7697418,33.0251168,48.999505,61.6814892,79.318204,99.2375159
0.936422258,3.99925029,8.99965023,15.0210844,24.609129,35.9754501,48.9393426,61.7677457,76.0327651,99.5094546
0.999644118,3.99801477,8.99777359,14.6879445,24.9999986,35.986852,48.8772072,63.9933636,52.8381504,98.2273724
0.99999999,3.99999991,8.99999957,15.9999779,24.9998973,35.9965141,48.0742351,63.9777333,22.265571,99.8413154
0.99707644,3.99981285,8.4116259,15.9712953,24.3806817,34.7619055,48.111347,58.1141894,80.9612314,99.6733778
0.966477281,3.99980908,8.84296862,15.3992205,24.9809924,34.8969061,45.560362,62.3047711,80.9172635,99.7641323
0.999995045,3.99802954,8.99900636,14.8110859,24.9937361,35.9874561,48.8311995,63.9591366,74.4158402,78.6677789
0.99999832,4,8.76639412,15.9846933,24.986835,35.9986485,46.4002231,63.7906158,53.2771239,99.5947684
1,4,9,16,25,36,48.9999503,62.0245814,80.9879918,25.9701309
0.999962545,3.99984933,8.67000394,15.9999398,24.9788135,35.8785493,48.0431855,63.6620446,71.3748987,87.5982298
0.999947746,3.99962545,8.77289526,15.9413127,20.8555044,35.9731397,42.9000296,63.9626777,80.7410719,99.4168732
0.997034037,3.99999963,7.93858435,15.9638776,23.8772729,35.9926497,48.9540449,63.7651419,80.9260842,84.868057
0.999999239,3.99999686,8.99998336,15.9999861,24.9670679,35.089223,48.9933738,19.0628971,80.9968069,99.9856912
0.998774824,3.99890188,8.95033663,14.9090449,24.9674595,35.5078743,40.9906165,63.4791968,80.8701125,98.191405
0.999942584,3.99997439,8.99804215,15.9987759,24.8651439,35.7078804,19.6194641,63.9855056,80.9835549,98.9606113
0.999377728,3.99947493,8.94307792,15.9997262,23.3674776,35.9560561,48.8143547,63.708586,80.9894058,62.8517088
0.999999997,3.99999811,8.99987702,15.9999873,24.9850798,35.7843362,48.9016895,41.4070773,80.9972985,86.0235998
0.995461995,3.8664785,8.95277405,15.9571275,24.9999982,35.1671438,48.8151302,63.8130346,79.4591664,80.7399149
0.995530263,3.70113904,8.91302068,15.9678197,24.9201886,35.6944825,48.9628448,54.2878138,80.0806262,99.7056878
0.98148034,3.99464682,8.85755999,15.7005847,24.9861112,35.9499314,32.4258082,63.8954322,80.8762085,99.9612084
0.999999732,3.99999937,8.99999962,15.9991573,22.7294537,35.9589084,48.9564983,63.9845855,67.3847924,87.312294
0.994190072,3.89983,8.99858487,15.9964386,23.282915,35.3308651,48.7385921,50.960359,80.9974341,99.9982663
0.999999169,3.99999678,8.99990952,15.9981207,24.8587202,26.4681264,48.9476215,63.3946039,80.9100657,85.8801257
0.999999678,3.99999296,8.99525217,13.3511098,23.3596309,35.2576741,48.5900339,63.5297728,80.7937688,98.4125078
0.999990084,3.99797749,8.1460741,15.8406606,24.9887093,35.4545826,48.9852419,61.6368533,69.5356872,99.9021581
0.999999968,3.99991151,8.99905185,14.5608974,24.9807254,32.0153756,48.7122562,61.0991831,80.917498,96.3618097
0.999999887,4,9,16,24.9999996,35.9974958,48.9999398,56.6151814,66.6817236,86.7646225
0.999998854,3.99999723,8.99997371,15.9999886,24.9998418,35.9997908,42.2781373,63.9999986,80.9942052,52.0227993
0.980094967,3.99256361,8.99772529,14.8977178,23.4260963,35.6193504,48.045188,63.1177064,80.0994844,99.7543662
0.999999998,4,8.99999997,15.9999984,24.9999988,35.9999892,36.7828225,63.068326,74.5635883,94.2304147
0.885005263,3.99534679,8.96095161,15.9995227,23.9646739,35.6896477,48.8758036,62.7465312,80.5381543,95.8212424
0.999997305,3.99941592,8.99732694,15.9764034,16.250627,35.8757735,44.2412886,63.9991799,80.539772,99.948
0.987016625,3.99873142,8.99934695,15.9988919,21.9909722,35.4052651,45.2964312,63.5702631,78.8386272,99.6336458
0.999891959,3.99998592,8.83738478,15.9970673,24.9111068,32.7423918,48.9202099,56.4305871,74.3786642,99.9994874
0.970111136,3.79878346,8.99808199,15.4437126,24.999943,34.7251677,48.5435267,62.7265597,80.7644972,97.8106363
0.999999455,3.99999501,9,15.9999312,24.9997235,16.5650124,46.637153,63.61869,80.9861804,99.8610989
0.999679659,3.99994236,8.99975559,15.99919,23.7162152,35.2391788,48.5408048,63.9425201,51.953781,99.9316683
0.999990044,3.99999905,8.99996661,15.0289036,24.9920479,35.8992509,47.0307162,60.6989946,69.0315708,99.6678102
0.999999238,3.99998553,8.9999988,15.999997,24.9790292,35.9997623,42.7305023,36.3704356,80.8509074,99.9974079
0.999959396,3.72678138,8.61640439,15.9932029,23.8571878,35.9665052,47.2508269,62.7726643,79.7112524,99.9563596
0.999945988,3.99999664,8.99890697,15.9995069,24.9960084,35.9976819,44.28378,63.8061036,76.0632027,74.8801229
0.999994125,3.99999747,8.99813636,15.9958403,18.4193586,35.9397467,48.9972457,63.9996374,79.4356484,84.0618864
0.976475493,3.96300049,8.99989546,15.99227,24.9996436,35.799002,42.876559,63.2099661,80.0956928,91.655143
0.999966638,3.99999304,8.78831485,15.996247,23.165804,35.6322103,48.9452279,62.3078282,80.9957991,80.7243871
0.99810263,3.76892767,8.98085336,15.0249878,24.6968631,35.9803778,48.9186898,62.4078894,79.9001352,95.9616485
0.99998434,3.99996508,8.99998388,15.9999965,24.9997713,35.9992152,29.6790646,53.7041156,80.9509436,99.9335705
0.999999156,3.99999554,8.99991802,15.9997272,24.9971571,31.7520385,48.9786343,56.0623694,80.9887599,84.0171584
0.999999703,4,8.99999997,15.999981,24.9999894,35.9992734,42.9097659,52.1627777,71.6050214,99.9991425
0.999382606,3.99992612,8.54378383,14.8297562,24.7764811,34.9520104,44.1420069,63.9602413,80.9955321,99.5635653
0.997811904,3.99757466,8.999477,15.9997369,19.8791831,35.8496387,48.9682234,63.455465,70.6724293,99.0890073
0.980721543,3.99999447,8.66940694,15.8276926,24.5610183,33.9815422,48.9800924,60.9067249,80.6785945,98.4454897
0.979329941,3.99088628,8.99086667,15.9994711,23.8746641,32.8574261,48.507096,63.9990488,79.2482435,94.5335333
0.999595675,3.86003114,8.76669787,15.8879498,22.5611696,35.9829789,48.7250794,63.1080376,80.9554214,95.204438
1,3.99999954,8.99998769,15.9999918,24.995402,32.8280662,43.1190832,62.8975215,71.0689066,99.9413972
0.999959244,3.9998723,8.82505935,15.9986661,21.6350598,35.5602329,48.967628,63.9545389,67.0878774,99.4990786
0.999996163,3.99999996,8.99997903,15.9973684,23.3584565,28.5435017,48.6284922,63.2115607,77.6344311,99.8535247
0.999995019,3.99977109,8.78413946,15.9982228,24.9798778,35.9999469,48.9966487,36.6949204,77.5722625,99.7106157
0.953437853,3.99953513,8.99999651,15.9890995,24.9353988,35.9666378,47.2375167,63.9991123,74.6316228,85.0045386
0.998254242,3.99363357,8.99946672,15.9944127,23.2952669,35.967441,48.0086833,42.0573486,80.9023334,99.999996
0.998859537,3.99958796,8.78251084,15.9978824,24.9007077,32.7683953,43.3150405,63.9722764,80.5093501,96.2357321
0.99999634,3.9999324,8.98625357,15.1204705,24.8632934,35.9528758,48.8744955,63.9532908,80.9370686,57.5709374
0.999999984,3.99999986,8.99995224,15.9984266,24.9999859,35.9972817,30.9551882,63.9551816,80.8315465,83.6910365
0.999776913,3.95685316,8.51789659,15.9992366,24.0403589,35.9980679,47.8189778,63.6795519,80.7634694,86.2464566
0.999890302,3.99943398,8.98839385,15.2219816,22.5771604,35.5211971,48.9671291,56.5199225,80.268514,99.9059495
1,4,9,15.9999998,25,35.9999989,48.9999992,63.9999966,70.5924117,49.0880526
1,4,8.99999995,15.9999771,24.999889,35.9335864,43.4454462,63.9998225,44.2401598,99.8502385
0.999986322,3.9991087,8.812278,15.9901935,24.9972393,35.4791874,48.8313677,52.0268269,80.9823537,87.0214945
0.975381135,3.62953278,8.98383592,15.9574142,24.2916091,35.9447379,48.8512872,63.9072323,80.9997964,88.100257
0.999999015,3.99999981,8.99998867,15.9998536,24.9998418,29.294151,44.7887294,57.9997102,80.7121092,99.7177738
1,4,9,15.9999961,24.9999984,35.9998083,48.9995804,55.4318835,41.22668,99.9982299
0.999999982,3.99999427,8.99999134,15.9999998,24.9926165,33.3519362,45.4421277,45.9417261,80.9847113,99.8650102
0.999982846,3.82244313,8.93761731,15.9593521,24.9920598,34.2746839,47.8985091,62.8709472,76.6221498,98.2767455
0.999994628,3.99998745,8.99996462,15.9620032,22.5706343,33.3258686,48.9993729,62.3622227,80.9980532,86.4400579
0.999997456,3.99904821,8.40212718,15.9997301,24.9324062,35.8615028,40.2959028,63.9919055,80.3581187,92.9279483
0.982419783,3.99963984,8.73819175,15.9776082,24.9731223,35.3224174,48.7226661,63.7195007,80.1208272,79.645893
0.999915745,3.99989922,8.99993065,15.197882,24.9999985,31.2837954,48.8974936,63.9846332,80.8920249,79.2320347
0.979011175,3.90645345,8.87747781,15.9805446,24.5830867,35.9987965,46.4437944,59.7803797,80.2395548,99.5049547
0.993307837,3.99613753,8.12279133,15.807869,24.992559,32.1124793,48.6412383,63.1564471,80.615416,99.6432449
0.999999874,3.99999937,8.99999998,15.9999995,24.9999946,35.9979514,48.9928351,43.3469275,68.7598524,98.1641332
0.999885804,3.99858433,8.99949034,15.8758863,24.9892897,32.6793728,31.2567884,63.8993858,80.9246509,99.9498046
0.999565281,3.97464894,8.89228164,15.7543748,24.9016843,35.9201629,48.5658124,63.8748962,74.591482,86.3489465
0.999977455,3.9999822,8.99746972,11.5681733,23.9337697,35.7038423,48.2533563,63.8943495,80.2138661,99.7384075
0.998773436,3.90932739,8.95595103,15.8904891,24.8567136,35.9519291,48.8459817,63.9749663,80.9879954,59.7284459
0.999999999,3.99999999,8.99994795,13.9654404,24.7530114,35.6872353,48.9988839,63.5333071,66.9119445,98.6739249
0.99926307,3.99968722,8.87079493,15.9949877,24.2907673,35.9899177,48.9994428,57.4774001,62.6142865,99.9496811
1,4,9,16,25,35.9999865,48.9996822,55.9840967,80.9972678,49.2588222
1,4,8.9999999,15.9998536,24.9999923,35.9998391,47.7192746,63.9999443,55.9172996,84.671026
0.999681623,3.95649073,8.91675913,12.8539155,24.9961722,35.983455,48.3901988,63.159665,79.3380914,98.155659
0.995413214,3.99996188,8.99997027,15.2217471,24.9999875,35.9124423,48.9617056,38.4767198,80.9785318,98.5169586
0.999972101,3.99977896,8.54807984,15.9992928,24.9800253,32.513974,47.4418645,63.9196443,77.6175717,95.9192253
0.999951108,3.98067429,8.83399192,15.9991179,24.9978128,35.9940239,43.1573781,62.2891959,66.6372956,99.9856306
0.999883926,3.99982418,8.99669083,15.3240952,23.8422018,35.9999853,33.3195075,63.5855922,80.9979837,99.7885048
0.999849693,3.99889901,8.99934656,15.2487851,24.9932103,34.2015675,46.04323,54.9952162,80.9957786,99.4642945
0.99999389,3.99999653,8.99998155,15.999985,20.1653695,35.9766429,45.7236454,57.5752436,80.9950705,99.0110677
0.999076747,3.95007003,8.94959918,15.4465089,23.1612389,32.9438755,48.9940325,63.901282,79.8953451,99.1266699
0.999811571,3.97220667,8.75891234,15.9873095,24.92838,35.9894011,44.7564432,54.5990002,79.2533448,99.9494764
0.999999619,3.99995685,8.99998717,15.9999978,22.0701141,35.9820395,48.916139,56.9052008,70.133416,99.7613552
0.98658876,3.98042141,8.95907315,15.3538415,24.9732554,32.3485699,45.1638981,63.9959794,80.5197358,99.7309373
0.999999945,3.99999991,8.99999991,15.9999977,24.9937668,31.9029033,48.9585029,63.9960306,45.0919665,99.8105928
0.999721405,3.99978358,8.9796914,14.9191688,14.0185881,35.9972077,48.9762579,63.7213991,80.9816914,99.9754666
0.995948611,3.99895053,8.91030308,15.9870502,24.9916229,35.9180659,48.9746961,57.8379279,80.7654559,72.4620994
0.999834231,3.99939737,8.82641928,15.9986669,24.9700114,35.9741743,48.9925103,63.9799822,75.5768471,60.5758027
0.999998958,3.99612297,8.99092254,14.9411436,23.1877066,35.9881693,46.97208,63.8926865,80.9958222,88.7289603
0.996961904,3.93512534,8.99070663,15.8129617,24.9999237,35.9263111,48.6894225,53.1182185,80.9040422,90.238168
0.988048496,3.99808342,8.99885799,15.9616991,24.6706336,35.9969592,38.590941,56.2059016,80.9000713,99.9588313
0.998324988,3.98883564,8.50530284,15.1347899,24.9716937,35.9998565,48.9998107,63.7475678,76.1714729,90.6714968
0.999993342,3.99999109,8.99936089,15.9804506,23.363888,35.7569172,44.7924427,63.9262313,64.1215501,99.9978953
0.999881018,3.99988499,8.93884103,15.9303025,24.9274983,31.3447901,48.9922391,63.9699877,74.2196623,91.2459725
0.999999965,4,8.9999967,15.9999997,24.954028,24.4890732,48.9942986,63.3399673,71.1547183,99.677658
0.999998111,3.99992617,8.99987499,15.9983545,18.8405088,32.9245139,48.9317204,61.9805966,80.9443134,98.9389807
0.999999986,3.99999188,8.99999955,15.9996711,24.9960161,32.5872708,48.8846298,33.6409204,80.9585793,99.9799956
0.966412184,3.95746357,8.83661901,15.9422525,24.9836686,35.9851278,48.999532,63.8627262,80.9890903,65.6866761
0.979243777,3.97404551,8.95040026,14.7328729,24.9998217,35.9652586,47.5135324,63.9542281,80.3066631,90.1248046
0.999998176,3.99998251,8.99999974,15.999993,24.9999938,32.7325044,42.38776,63.5478885,80.9729793,85.6832775
0.986985465,3.99447465,8.99685286,15.9994204,24.9438811,35.8666547,46.9496753,62.4674767,60.7703283,99.6381656
0.998147626,3.99929588,8.84467512,15.9902978,24.8776371,35.9126151,48.9936898,63.9740202,41.3104679,99.3467048
0.999999706,3.99999533,8.81195103,15.9537608,24.9635786,35.8035988,38.4535448,63.9679964,80.8244358,88.7890243
0.945031964,3.99996951,8.89272446,15.8081982,24.9948352,34.7553792,47.4520906,62.4522066,80.3937005,97.5340327
0.999999168,3.99998976,8.99978878,15.9389407,23.9181054,32.3245954,48.9077588,52.596498,80.9998761,98.7062159
0.999573215,3.99980339,8.33758241,15.9890559,24.6721361,35.9597905,44.643987,63.9948444,70.6288758,99.7105122
1,4,8.99999999,15.9999978,24.999998,35.9999992,48.999987,27.6881342,80.984387,90.919319
0.98997819,3.72165986,8.99621736,15.9351254,24.2168145,35.990679,48.8844949,62.2406544,77.8469655,96.9366563
0.9993202,3.89794159,8.98744403,15.9990067,22.8007672,35.8261688,48.9784132,63.0105998,66.4386824,99.9149205
0.999999974,3.99999996,8.99999736,15.9999882,24.9999448,35.9997256,43.1291519,63.9999912,65.4789363,88.3091721
0.982526934,3.9991704,8.9987993,15.9980233,24.2916931,35.8917314,48.1062304,58.9329707,72.2701393,99.3070732
0.999999993,3.99999521,8.99999611,15.9997891,24.9329661,33.151325,48.9856068,63.7722416,80.9664391,53.5624255
0.999996569,3.96962458,8.72312508,15.9267452,23.8221041,35.9699945,48.8279559,60.1213425,73.020011,99.9448742
0.999999946,3.99837837,8.81002528,15.150436,24.9945718,35.8763537,48.9939956,54.3831115,79.4597118,96.220314
0.999562697,3.93392472,8.99992452,15.5047987,24.6445974,34.9110422,46.3572252,63.4739233,80.8920854,93.6088954
0.999999955,3.9999952,8.99999885,15.9999957,24.1469178,33.5976558,48.9702616,63.9942104,77.1581206,77.8127742
0.999995812,3.9999901,8.99778904,15.9878547,24.8225715,24.6870227,48.525252,56.6289276,80.9996578,99.9911933
0.962318214,3.93453027,8.90958919,15.8533669,24.6788997,34.8208585,47.9833472,63.9998634,80.9848986,92.9627247
0.999909767,3.97927066,8.85322475,14.8502702,24.9927152,35.0982739,48.565287,63.8047244,80.6543559,87.5863181
0.999991478,3.99999185,8.99977329,15.9996213,23.49942,34.9471187,39.9539271,61.6285176,80.5247868,99.7357122
0.998331742,3.99956246,8.87655388,15.9999065,21.0258925,34.9561839,48.9178777,63.9411683,78.6379661,95.2695339
0.999997361,3.99999656,8.98933038,13.9435048,24.8138528,35.998852,47.3176479,63.2016859,80.6271336,88.6292901
0.999637115,3.93596607,8.81204164,15.6914591,24.8661697,35.7499095,48.7446935,63.7357409,62.3355644,99.9873122
0.999210485,3.9198891,8.99952093,15.9980127,24.542372,35.9749051,44.2636499,55.7008445,79.557227,99.7363546
0.99999996,3.9999671,8.99985472,15.99992,24.9995534,33.613795,48.8992229,51.7644569,68.606906,99.999514
0.999954096,3.99737843,8.81938799,15.9916481,24.9112292,35.998929,44.4459491,62.9141959,80.7662121,80.2302871
0.996873735,3.65702879,8.97997837,15.7949978,23.6980871,32.5069585,48.3107311,63.9871159,80.9784157,99.9967687
0.999787,3.99940097,8.9463262,15.9498584,16.9783859,35.9310346,48.9276447,59.0765192,80.9595122,99.7749182
0.99985907,3.96945812,8.88480662,15.971956,22.9155599,35.781096,48.6116019,59.0855778,80.9913374,94.8523966
0.999920172,3.99999949,8.99994123,15.9675028,22.4604215,31.8232059,44.319113,63.795101,80.6442281,99.9262116
0.999936619,3.99999467,8.99988369,15.945861,22.8506074,35.9708054,48.9989764,50.6898744,80.5473328,94.2748581
0.996693438,3.991131,8.72995008,15.9807633,24.9301213,32.8648928,48.9771148,63.9991237,69.2225709,97.9741149
0.999998893,3.99999835,8.99999334,15.9990853,24.2574389,35.8143986,48.9987703,63.9992613,80.6360006,40.4851098
0.999488402,3.99994633,8.99949744,15.9904577,23.7763303,32.425673,48.5637729,63.5819013,67.6578327,99.9849922
0.928148362,3.99609975,8.99382535,15.9462063,24.6153,35.9848083,48.5814215,60.4499598,78.2266571,96.5876762
0.999893073,3.99802997,8.99968935,15.9998417,23.91807,35.9668266,48.9903466,63.958798,36.4442664,99.7750999
0.998467174,3.79423178,8.99944097,15.9949471,24.7117894,35.9118969,48.0527237,53.5813426,80.2799513,98.4322787
0.999901041,3.9999921,8.9999648,15.9854514,24.6490658,25.9883681,43.3033058,63.9723266,80.2693615,99.9999362
0.999545024,3.99378439,8.5886362,15.9014031,24.0743209,35.8496084,48.9518015,56.1692493,80.957447,95.8320795
0.999362688,3.99735581,8.63445022,15.8449353,23.4289106,35.9846404,42.0766693,62.183549,80.9831317,99.9427683
0.947821405,3.98724262,8.92713161,15.9955362,24.8321236,35.9307078,48.9697285,57.9625238,71.0032987,99.9964371
0.999978632,3.99999972,8.99897896,15.9418289,21.2894969,34.7219938,40.9379109,63.9710213,80.9998497,99.2272728
0.999989953,3.99943858,8.99277439,14.1064865,23.9696306,35.8591379,48.7833517,58.3326705,80.1521443,99.3726874
0.999978668,3.95908296,8.91564287,15.780667,24.7983587,33.7371611,40.0282198,63.8863729,80.9105602,99.7647726
0.99962703,3.99653285,8.99989616,15.4613401,21.6285266,35.9995686,46.7468016,63.89681,80.9055296,91.2738788
0.978730144,3.9994197,8.88976931,15.9976275,24.8941628,35.3147296,48.7106122,59.4326307,79.5889194,92.3399482
0.999998963,3.99973344,8.956098,15.3330585,24.5432339,29.9635442,48.9233681,61.9078709,79.5051128,99.9731127
0.999999441,3.99999994,8.99995047,15.9999901,24.9999204,35.9999984,48.9695751,51.273912,77.5668249,79.707184
0.999911929,3.97760575,7.85540026,15.6908012,24.7771168,35.8827533,46.8261387,62.9425045,80.9790324,98.4472072
0.999986016,3.99998295,8.99985239,15.9995344,24.9846441,35.901267,34.0643274,63.9986022,64.3371608,99.9789735
0.98591472,3.99549096,8.98928356,12.2945007,24.8424761,35.8370689,48.3555434,63.911021,80.7787861,97.0484636
0.999763285,3.94364823,8.96565374,15.6307607,24.8304503,35.9153953,48.9998166,44.8116282,80.9245741,98.330233
0.9999968,3.99999808,8.99998698,15.9999996,24.9999998,35.9993581,42.565812,52.3258975,80.9796645,89.6045377
0.999989724,3.98900301,8.51465824,15.9580936,24.4873794,35.850252,47.8155495,63.4986399,70.9870996,99.3438911
0.999999855,3.99997546,8.99984763,15.9999396,24.9669743,35.9919686,25.1770631,60.1451965,80.9857838,99.222614
0.999625466,3.99992821,8.8177485,15.9950184,24.3887393,28.4857936,48.1957741,62.4351869,80.6307916,99.7860321
0.999951621,3.99997085,8.99910959,15.9999335,24.9830086,22.1510411,48.8027149,63.9135605,80.9898162,88.5124439
0.999999942,3.99997841,8.999898,15.5836442,24.9981077,35.9999233,48.8744271,63.7770837,66.7291076,79.5640011
0.999999981,3.99999994,8.99996172,15.9997936,24.999994,35.998048,48.9470685,58.2790351,53.5748894,95.9839113
0.999823858,3.99750595,8.9723996,13.4149622,24.991016,35.6280472,45.029306,60.6883722,80.9690974,99.842803
0.983371753,3.92332861,8.99017048,15.8849643,24.9250065,33.4145215,48.368559,63.8498997,80.9392246,88.9946172
0.99996916,3.99999137,8.99999512,15.8354592,24.9901504,35.2595728,48.9960669,63.9617156,74.9591722,66.2522165
0.999860565,3.93150651,8.87058244,15.9955224,23.8501402,35.5008708,45.711041,63.9711784,80.9806805,90.1979442
0.985143398,3.99942502,8.89639891,15.8668273,24.7021604,35.9984008,42.9707438,62.1642002,76.8186162,99.9169078
0.990534951,3.98904154,8.91209554,15.9694232,23.1284263,35.9697828,48.7691662,63.0160452,71.1878501,99.1152602
0.999960788,3.99985912,8.99953624,15.5503279,24.8327183,35.6356874,47.988276,59.1304577,80.9988339,82.9680167
0.999995592,3.99999675,8.99797435,15.0438582,24.9129819,35.9883995,45.0031553,63.999411,76.1466465,89.9164877
0.999990381,3.99999435,8.97818175,14.3751607,24.9977181,35.9698532,48.9986911,53.6085935,80.9763653,89.467178
0.999108854,3.99967618,8.99972701,15.2427772,23.7266694,35.9851023,48.7705695,48.0038903,80.9281234,99.4862649
0.999999832,4,8.99999999,15.9987951,23.1196627,35.9987176,45.0082395,63.843608,80.0431879,81.1244134
0.999655961,3.99993818,8.82869457,15.0793529,22.5042404,33.8315354,48.9335042,63.8263535,80.9958171,97.849456
0.999999942,3.99999947,8.99999979,15.9998497,24.9999457,35.9971429,39.2914747,60.0586555,80.9036485,84.1889137
0.999847627,3.97440684,8.99978242,15.5789688,24.3402044,35.9812084,48.9579643,57.9904134,75.899699,96.4135078
0.974823153,3.99741899,8.99905855,15.4632642,24.6839597,35.9135354,47.3421492,54.9294223,80.4058952,99.8823448
0.979668111,3.99864081,8.97862397,15.9976161,24.8846379,35.6049194,48.9835762,63.9766095,70.7676648,83.0019752
0.998376991,3.99605517,8.62435106,15.7838023,24.948577,35.6338776,45.3410037,61.7547973,80.3301366,97.7773746
0.999820657,3.99999572,8.74951568,14.9862269,24.9963326,32.7611498,48.1016141,62.1889573,79.978449,99.7615107
0.999953805,3.87347064,8.99912777,15.6163124,24.5339328,34.5521169,48.849789,55.9012188,79.9276152,99.9987684
0.999823155,3.99484794,8.89132713,15.9729315,24.9766749,33.1334368,48.9836022,63.7570672,63.1366895,98.2170767
0.985734672,3.9927385,8.99985914,15.7811353,24.9539721,35.9945451,48.8910277,63.9258466,49.8762366,98.3291888
0.999436957,3.93222814,8.43159148,15.5456938,24.1716267,35.846745,48.9182112,62.0002423,78.998749,99.8763482
0.999558276,3.99982335,8.80200104,13.8284072,24.4738036,35.7816236,48.0765133,63.1437002,78.582723,99.9739654
0.999999611,3.99999094,8.99997742,15.9987569,22.5523527,35.3461429,45.2835388,57.2375802,80.6617674,99.6573047
0.999581793,3.998174,8.99328237,15.2376973,24.9968741,35.9923726,48.9582443,52.6176765,69.9090945,99.8292547
0.998388965,3.99998094,8.91118788,15.9996855,24.4530532,35.9953316,30.3820366,63.3539366,80.732802,99.4229038
0.996042438,3.97427511,8.99919454,15.4363108,20.1364096,35.9992524,46.2895691,63.930235,80.634371,99.4652051
0.999999962,3.99999992,8.99998104,15.9913147,21.381116,35.9038123,45.7873466,63.9715779,70.6014893,99.4523083
0.997276572,3.81627025,8.93149541,15.358912,24.5544585,35.9849307,48.8292104,63.9931061,70.3731588,99.3849063
0.99998993,3.99998219,8.38855607,15.9961291,24.7850338,35.6695991,48.352071,62.8324493,80.7655954,81.6785398
0.966209857,3.99909837,8.99484065,15.9576156,24.982083,33.5313548,48.9996614,63.6160874,74.6744699,91.6693204
0.97402112,3.97970291,8.72785912,15.1404754,24.9034355,35.743638,48.0491314,63.5347109,80.9997659,94.8908337
0.999999988,3.99998538,8.99563291,15.9495053,24.0839444,32.1808387,45.9100212,61.759924,79.9485342,99.6657205
0.985701703,3.58989379,8.82790952,15.5490398,24.303518,35.5041065,47.8085506,63.9896808,80.9880621,99.9994336
0.996866445,3.99999909,8.87233753,15.9011636,22.6470278,35.3631267,42.1244236,63.9595817,80.8193457,99.5547663
0.999924839,3.8121326,8.93393431,15.9852466,23.8987575,35.7607709,48.99948,62.8124713,80.5067662,86.6503245
0.999964058,3.99999939,8.9983957,15.9997097,23.5064366,35.9436268,39.7109379,63.9617437,69.6014626,99.9836739
1,4,9,15.9834488,24.8798832,33.8042193,41.9883,57.5335617,79.9343822,99.9512516
0.999977595,3.92857961,8.99990163,15.9959245,24.9850956,35.8387568,45.3425227,63.660071,69.7890476,94.3824149
0.999999949,3.99999994,8.99999199,15.9999948,24.9995669,35.9857924,42.8027452,58.7053656,63.3968376,99.9981303
0.999968368,3.999982,8.99997764,15.999755,24.9757516,30.0756533,48.9981092,55.1448939,74.3297352,99.8716006
0.999999537,3.99999961,8.99998576,15.9951044,24.488624,35.9201013,47.6441215,51.1190929,77.6614002,97.3510942
0.999997584,3.99999453,8.9999992,15.4380116,24.9317988,35.5266521,48.9999112,63.3249498,59.6597083,95.8626233
0.999356918,3.99999989,8.85586262,15.8379327,24.3199825,35.1837272,36.0907758,63.9685419,80.3752494,99.9999927
0.999978869,3.99517583,8.7589632,15.9331456,24.4043917,35.5214021,48.8397881,61.5540406,79.6900494,89.7446075
0.999598055,3.91620538,8.99992468,15.9962423,24.2316131,35.9996794,48.9744445,63.8170152,77.4118037,71.5851304
0.98497283,3.98921685,8.99920154,15.9910787,24.9990836,35.9717211,48.9651141,41.2489808,78.4595144,98.5738811
0.956483678,3.96693106,8.9994831,15.9628499,24.9162589,35.5588551,46.4663146,63.4245775,70.7491156,99.9616515
0.989637457,3.94665131,8.99894217,15.953299,23.8808609,35.999492,48.8199476,58.3738442,80.8964948,89.2362693
0.999999743,3.96342522,8.76885666,15.9083793,24.9551108,35.6329434,48.99984,61.1750076,80.9947756,74.8638682
0.998735824,3.99957222,8.9912158,15.8783124,24.948264,34.7035285,47.4601484,59.9328134,68.7607432,99.9995976
0.996616143,3.99999471,8.90412262,15.3827228,24.7862751,35.9999608,48.4975911,63.8778503,80.256082,74.1461216
0.999964036,3.99993773,8.99894343,15.9950031,23.7312381,35.8769413,48.8043794,55.057622,68.7271688,99.8893597
0.999998788,3.99999842,8.99990868,15.9979435,24.9988238,12.9540932,48.9803095,63.9319531,79.444411,99.6166882
0.985627027,3.99788307,8.94176172,15.9766562,24.9933859,32.0221618,48.7151432,55.6321544,78.9911525,99.9999925
0.989761259,3.99900545,8.94124737,15.4549229,24.5932256,35.9343752,47.0420578,63.9682417,74.3842932,96.8462657
0.999885253,3.88779421,8.86301173,15.6489497,24.6324606,35.9560197,48.945372,63.1717176,78.7706942,89.9495768
0.999723716,3.99991894,8.99418522,14.8259609,23.6528239,35.6440028,48.9774019,62.6673374,75.0722239,98.3704004
0.999897043,3.99830689,8.99160621,15.993009,22.3854376,35.0675536,48.9651936,63.8531443,80.9917611,73.2563295
0.999999762,3.99865603,8.81773385,15.6951419,24.170626,35.9982271,48.9063844,42.7729812,80.7679102,99.9942192
0.999999144,3.99999074,8.80550941,15.3568177,24.9769477,35.9953805,42.1849139,63.4206157,80.6627824,92.5610918
0.999897145,3.93472242,8.99722803,14.7678256,24.9917504,35.5984626,48.9997668,51.8246857,80.9999112,96.4488058
0.999999998,3.99996339,8.9991266,15.9989108,24.9942919,34.0091086,45.6587654,63.994909,53.0049745,99.9908745
0.980464763,3.99851598,8.92384905,15.9482764,22.7390687,35.9606205,47.2588329,63.8250066,80.7625528,91.7522749
0.994964705,3.99981035,8.92323209,14.8292071,24.9726513,35.395375,48.989976,60.5032283,77.3247282,97.3596129
0.99339601,3.99572001,8.99628015,15.8746501,24.9655494,27.7532727,48.8909228,63.4667477,78.554979,97.749691
0.999989743,3.99523691,8.78443597,15.5712446,24.9802537,34.22849,45.3585851,63.9993826,73.4469396,99.9365142
0.999999998,3.99999996,8.99999934,15.9986667,24.0736098,35.7660343,48.9222309,35.0537143,80.1575789,99.9030887
0.999999966,3.99999999,8.99999954,15.9999885,24.9998346,35.9997176,45.8325214,59.8095987,80.9985804,63.6336835
0.998139308,3.98854382,8.99986693,15.9999961,24.3680382,35.9915622,48.1079068,63.788661,65.8498826,91.0337453
0.999933144,3.99999903,8.58247103,15.9972178,24.9464384,35.9975103,48.3467823,59.2220286,79.4294931,85.5133981
0.981808883,3.99795925,8.97807187,15.955726,24.8705526,35.8296665,48.9988578,63.5760899,80.638112,60.6307963
0.999993512,3.99986058,8.99085146,13.1319795,24.9465864,35.6928437,48.9861113,63.2948135,80.301451,87.0946166
0.999998428,3.99814944,8.97510019,15.8432934,24.9769792,35.9298678,43.2924417,63.3143765,76.5651699,91.710556
0.999999999,3.99999999,8.99999849,15.9999895,24.7610458,35.5815238,33.9615933,58.422559,80.9899047,99.368591
0.999993289,3.99998363,8.99997325,15.9793067,24.998931,32.4685215,45.4194648,63.9999989,80.9986925,74.1407562
0.986786938,3.98730439,8.98370451,15.9880854,24.9492369,35.4032916,46.3291294,63.5151257,79.9683691,85.1382807
0.995655113,3.98239988,8.56637953,15.6763304,23.451947,35.9021638,48.9999131,62.7190857,78.7163011,98.2889299
0.999999512,3.99999987,8.99857007,15.9981528,24.9984682,32.8378643,48.9993235,63.9987766,65.7958802,85.992276
0.999521965,3.99993531,8.99076499,15.9134104,19.845463,35.6573886,48.9969161,62.6119727,80.5424985,92.5398103
0.99815326,3.94153529,8.95481596,14.0498095,24.9762039,33.5300709,48.1465658,61.6065708,80.9994039,99.9981546
0.999999651,3.9994252,8.85611677,15.9325983,23.1178433,35.9196645,48.9873561,62.803211,61.423882,99.977405
0.990896158,3.99092442,8.99975444,15.8669595,24.9508459,23.3168467,48.505215,63.0933858,80.6239274,99.9986759
0.999999994,3.99999912,8.99999969,15.9999821,24.9992118,35.9600269,48.9999948,63.8158396,11.4890532,99.9746508
0.999997046,3.99999412,8.99995027,15.2697981,24.9214237,35.7817513,48.9980957,51.1555309,80.426272,91.7818543
0.999998199,3.99271234,8.99212791,14.3926302,22.96668,35.4769912,46.3782178,62.9447933,80.9526196,99.9622461
0.999992093,3.99999824,8.99988852,14.0243853,24.7500215,32.5113311,48.994249,63.4003468,73.9165314,99.9998378
0.997659689,3.99878753,8.83535803,15.7935717,24.9451338,32.1266502,48.5292681,61.4983127,80.9781776,94.8907865
0.99020729,3.84192772,8.976633,15.2584155,24.7719917,35.2846614,47.8397107,63.4267202,80.9911421,96.7436694
0.999435298,3.99999995,8.44881087,15.3377992,24.8672972,35.9468899,48.5770044,54.756047,80.9277192,98.7031748
1,4,9,15.9999994,24.9999639,36,48.999956,63.9998226,31.1340298,92.4797971
0.999668294,3.99396008,8.96534313,15.9016991,23.3068607,35.9846704,44.3334719,63.9751086,75.1707341,97.9593349
0.994272183,3.99386164,8.81956976,15.228224,23.2098335,35.8689079,48.9104922,58.9146706,80.5975003,99.9258508
0.999999034,3.99999999,8.9997452,15.3399236,24.6610026,33.1963718,48.2789784,63.9369711,75.5472038,96.2606015
0.999997473,3.99957876,8.99962773,15.3723883,24.9899465,34.6465817,36.1813488,63.999597,80.585103,97.6320937
0.998859566,3.99648305,8.89955452,15.2790799,21.1802801,33.3270683,48.7060439,63.9812236,80.9999451,99.6409255
0.999999903,3.99978857,8.99989774,15.9998505,24.9997412,30.3160103,48.999015,63.7410214,77.126446,79.9828035
0.983457183,3.99948257,8.9988955,14.7687181,24.8765141,35.981606,48.0140579,63.942474,80.9159946,78.4328124
0.99995343,3.99934816,8.99867606,15.9263344,23.7752102,35.860815,43.4711689,53.1195205,80.9994389,99.7233964
0.999902542,3.9990228,8.97975682,15.7546171,23.5852114,35.9443283,48.9914252,62.3222901,77.8259863,86.255036
0.955716962,3.98932903,8.8787641,15.9960053,24.974241,35.9573393,47.0908851,63.8085189,80.7678266,80.4972665
0.999992528,3.99999922,8.99999957,15.9999973,21.922768,32.1909812,48.6683147,61.5533449,77.3707875,99.9994894
0.999970971,3.99998828,8.99987022,15.9996683,24.9995939,35.9996456,48.9965391,58.6137562,72.1869138,75.8255079
0.999999811,3.99999991,8.99979495,15.9973837,24.9996455,28.5092336,48.9900885,57.1739965,80.8952423,91.5955423
0.992958023,3.94842106,8.82237914,15.9041838,24.9887454,35.8621092,44.0103327,63.5779681,80.351262,93.8271382
0.999892718,3.99682653,8.90252612,15.972507,24.9700991,35.9402377,45.7222461,56.6105754,74.6373323,99.4004164
0.999957357,3.99983978,8.99968323,15.6086316,24.9939542,35.2059783,48.9657069,63.9134373,41.8191695,99.8761028
0.988963829,3.97978505,8.34182525,15.9880352,24.9968575,35.0004986,47.392412,62.9127087,78.695569,98.9590642
0.998389608,3.95796226,8.89632721,15.9998861,22.1085983,35.8889749,47.7702612,63.9754874,80.9307298,87.6990333
0.999999264,3.99999515,8.82956538,15.9998683,24.9763846,35.8088268,48.9767063,63.2639709,59.0072897,92.2158042
0.999870314,3.99919126,8.76908008,15.9998351,24.8879626,35.9865266,48.9914623,57.3873682,70.9329823,94.5875596
0.998402935,3.94843545,8.9997264,15.9181031,23.6580693,31.9818281,48.9802114,63.9937169,80.5251127,90.6328338
0.999999992,3.99999989,8.99999893,15.9999997,25,35.9999985,48.9999988,63.9999233,80.3128871,13.1863624
0.999102225,3.9987443,8.90372028,15.8333089,24.9948303,35.9451222,48.9404179,63.3836031,80.9944357,50.4658596
0.987140853,3.99231494,8.59972592,15.9948675,24.6919886,30.465098,48.6160445,62.7093754,80.3921423,99.9935974
0.999106965,3.99999824,8.45897237,15.9679986,24.7230433,35.9835828,45.7638988,63.5139167,79.0238788,92.6735022
0.999925573,3.99922609,8.91706378,15.9999972,24.9899987,35.8826991,47.0310621,39.0897561,80.9109422,98.944396
0.999829587,3.99886978,8.9988126,15.4320402,24.9839021,35.9636552,45.6395809,47.7840123,80.7716535,99.46811
0.998877993,3.99820767,8.88803116,14.9640357,24.8902027,35.9967204,48.9820258,63.9423041,66.9232377,94.4069347
0.99994153,3.9992669,8.82989019,15.9651642,23.8031645,33.8421923,48.6750241,63.7992298,74.7008817,98.0319252
0.999995487,3.99998633,8.99999848,15.999839,24.9688586,20.2529545,46.2183804,63.9928447,80.1103235,99.6882416
0.999835558,3.99999886,8.99539795,15.9930696,23.0541224,35.9997185,48.9820852,63.9521938,80.9997832,48.3779894
0.999998873,3.9994621,8.99949804,15.9983889,24.9521073,33.8914853,48.8357235,59.1210974,75.6217361,91.2957657
0.999920675,3.99999996,8.63738097,15.946459,24.9496984,35.2915392,48.9971631,63.9992024,55.6812535,97.9020015
0.99999817,3.99993996,8.88076811,15.9872106,19.2235977,35.797813,43.7908935,63.9996977,80.4621481,99.7582931
0.999693448,3.99571409,8.99316635,15.9919056,24.9766711,30.2978688,45.5194418,63.4627381,80.9966219,91.2549013
0.97224386,3.99888794,8.99968514,15.9814638,23.5860896,35.6444,48.9990574,63.4708528,74.6085221,92.2241071
0.979983608,3.93135208,8.98743207,15.9738828,24.1447442,35.3964963,48.6414908,61.7037428,76.8714471,99.3354451
0.998919937,3.95563744,8.95364729,14.4027135,24.9996111,35.8853717,48.8692345,63.9456117,75.8951322,91.3186645
0.999926157,3.9730355,8.8682392,15.4046756,24.0868424,35.2091938,48.8719073,63.4199602,80.479109,92.7053781
0.99811214,3.91805109,8.99944067,15.9951538,24.9566324,31.8231263,48.99864,60.7926375,80.6554067,90.1492212
0.99999263,3.78844806,8.97380668,15.9988036,24.2800101,33.4076625,48.6951095,58.5483142,80.9595122,99.2985864
0.999990274,3.99994456,8.87035952,15.9916323,24.0696773,35.9271261,48.2638779,54.8273426,79.6282964,96.1743842
0.999999964,3.9999999,8.99984285,15.994519,24.9986108,29.9501878,48.9999268,41.2517472,80.8852094,99.9043431
0.999115656,3.89513521,8.96238802,15.5177586,24.9500538,35.49021,43.5249321,60.4873152,80.9932903,99.7156981
0.999998796,3.99999996,8.99919769,15.997917,24.9808319,35.9696758,41.3780332,63.801505,80.9640659,66.2694782
0.999875859,3.99927541,8.99947735,15.9999696,24.9267736,35.9858964,41.9854009,45.2885258,80.9833412,98.9579215
0.999387948,3.9342464,8.99878637,15.9377096,24.9988106,35.9454252,45.4954007,63.3303057,59.4498589,99.9183204
0.998806397,3.77622047,8.99731661,15.9488629,24.4262487,35.9942216,48.6538321,63.8822384,73.8886449,91.9397441
0.999763906,3.99594442,8.99610114,14.2561486,24.9987623,35.8080676,43.3465416,62.7960083,79.4654434,98.8698554
0.999922956,3.99997973,8.4168819,15.9970503,24.9748095,35.9656581,48.444239,52.5276085,76.3955857,99.4197174
0.999589076,3.99936508,8.9997704,15.9374674,21.2886819,35.9896987,48.4609689,55.192526,80.921349,97.0440033
0.918982439,3.98428769,8.99920817,15.4841609,24.990525,34.61021,48.779138,63.7440672,77.8950028,97.99501
0.999964913,3.99606632,8.99999716,15.9774965,23.7969,35.9989188,48.7414974,56.0833403,80.9876149,80.6801945
0.999965037,3.81352585,8.99605933,15.9390042,24.4036485,35.979644,45.351136,62.3264773,80.977323,92.0800493
0.999442712,3.99999342,8.69382325,15.5516785,24.9893451,35.4415722,48.6619888,57.7346454,79.9871758,96.179553
0.999850937,3.99999006,8.99976055,15.9897393,21.8273183,35.6764108,48.9954795,62.9432087,75.1594302,91.7327434
0.99998459,3.99891429,8.99621888,15.9999525,24.992312,35.99999,48.9754316,11.6842232,80.9896136,99.7357536
0.999996764,3.99999905,8.99999943,15.9999979,24.9999999,35.998302,45.4012306,56.4913235,80.938424,76.1443422
0.999997134,3.9999606,8.85519504,15.9602312,24.8512711,28.4571688,48.6767229,63.9863888,80.9433063,88.4644735
0.971350365,3.94114431,8.86292825,15.9700736,24.999926,35.7564463,45.7369557,63.4745269,74.5273711,99.6509306
0.999999992,3.99998941,8.99999968,15.9999822,24.8013786,29.3259883,46.6878092,63.9841499,70.6898858,99.7955346
0.997856952,3.96118506,8.99994634,15.6419399,24.9855919,35.9999733,42.0218397,63.3906551,70.2488797,99.8858262
0.975490932,3.9990773,8.09262402,15.898908,24.9998245,34.806149,46.7848529,63.3317929,79.4736214,99.9966083
0.999999901,3.99999891,8.87760313,15.9983709,24.9983976,35.9850646,48.9824295,63.9630585,63.9349092,76.5927085
0.999389272,3.88625129,8.99276118,15.9975469,24.8966471,35.3049455,48.7314127,60.0267618,71.9262755,98.2627156
0.999643229,3.99846514,8.89227029,15.955861,24.9346356,35.6460876,39.7586761,54.4874095,80.9998705,99.9731393
0.99999829,3.99999937,8.99994668,15.9995915,19.4438071,35.999289,48.7396768,52.8631405,80.6755832,98.9819414
0.999999998,3.99999769,8.90010228,15.8545493,24.9712746,32.9970378,45.5199307,57.6474747,80.6639561,99.8749905
0.990425102,3.99965669,8.99997834,15.9831278,24.3721486,33.34965,41.2311375,63.9569265,80.5568285,98.2107576
0.998473967,3.9977118,8.99691365,15.9472643,23.9879383,29.3548781,48.9593746,63.9899633,80.9697793,87.4916992
0.990533864,3.96113753,8.99787627,15.7139847,24.9993032,35.6624487,42.845375,59.346318,80.9990096,97.9145156
0.989738646,3.99971199,8.99979776,15.6491112,23.5593656,34.3216299,46.2127878,63.3464785,79.1863549,99.9695305
0.999999628,3.99999955,8.99978347,15.9999745,24.9968126,35.907099,47.7476549,54.778054,61.6582241,99.6662071
0.959173953,3.99841465,8.99924512,15.9872974,24.7769852,34.6932253,48.9309025,63.9993909,80.8960453,69.2179071
0.999961476,3.99998529,8.99858058,15.9994127,23.8141614,35.619752,35.4402468,63.8750185,80.6731291,96.5564471
0.985484049,3.99921587,8.99985595,15.9997608,24.861607,35.7205446,44.8581998,63.9553522,72.3787956,93.1768724
0.999659494,3.99826013,8.99293919,15.9830466,22.1402771,35.9841088,48.9622437,63.5190728,63.8387863,97.8408319
0.999999999,3.99999984,8.99999927,15.9999967,24.9284567,35.9999645,39.67349,58.2835171,72.5424579,99.8808799
0.993708448,3.99987209,8.91492273,15.9714938,17.8235728,35.2582722,48.2974383,63.9999979,80.9993274,97.8107367
0.999999547,3.99995502,8.99999999,15.9983965,24.9545016,31.1024248,48.9979402,48.5504168,80.9999238,95.3689594
0.99935971,3.98869217,8.99390157,13.9508922,24.9925999,35.9594283,48.8554138,63.8890699,80.5729989,75.7792196
0.999548224,3.99999887,8.1447237,15.8575478,24.5195208,35.7448772,48.5139386,63.7330919,77.796002,95.5988359
0.999989327,3.99996094,8.99991666,15.998503,23.8455521,35.9887729,39.7771394,63.9409713,80.2364736,87.6806818
0.999994396,3.9999922,8.9994182,15.9734796,23.907998,25.1348395,47.2858243,63.8661097,80.9719475,99.1415135
0.999999822,3.99999993,8.99999664,15.9936803,24.9880619,35.9995954,14.7895158,63.7667963,80.9578316,98.9659693
0.998340617,3.91130645,8.66428181,15.9380459,24.3705551,35.8686413,48.7693111,61.4892487,79.5891397,96.643263
0.994154709,3.99975011,8.50527496,15.9773356,24.9880504,33.8948917,48.9936312,63.0784517,80.5564202,85.4750264
0.983930634,3.99119107,8.61858285,15.8428956,24.9764203,35.9355806,47.604405,63.7320549,76.7424521,94.8959958
0.999350915,3.99690947,8.93298526,15.9877047,24.3412345,33.5900051,48.0277403,63.436194,80.4655713,89.1980409
0.999993992,3.9999478,8.96337757,12.309699,24.7252457,35.8988462,48.9952291,60.3911231,78.0719346,99.9445993
0.99997535,3.92783903,8.99787948,15.9953654,24.9716055,31.6160179,41.4783966,63.7675496,79.2316112,99.9030713
0.999996111,3.9994374,8.8565804,15.9953309,24.9998591,35.9946204,48.9113156,43.4250535,72.1647651,99.8988418
0.991023736,3.99992831,8.99888217,15.4658123,24.9715361,35.9995885,48.056588,63.9976991,75.0509506,79.8981394
0.982372324,3.92067725,8.9419083,15.9826867,24.4803145,35.9850525,48.1240975,53.9049093,80.7431872,99.232999
0.999999998,3.99999976,8.99999881,16,24.9999993,35.9999739,48.9996769,44.1222225,80.970075,74.1594189
0.999960457,3.9865675,8.89471097,15.9980784,24.9976106,35.9973728,48.3345242,45.8477015,80.9962661,90.4466673
0.999999333,3.99994555,8.99923945,15.9996891,24.8977879,35.1050264,32.7528789,63.9266831,74.6642105,99.973084
0.984911028,3.99919983,8.99787392,15.95717,24.9884866,35.9425658,38.2905701,63.8809619,78.7602743,93.8139218
0.99993598,3.9999514,8.94058784,15.933417,15.7231347,35.7938898,48.333,63.7426311,80.1516841,99.9192211
0.995534081,3.99990343,8.99914832,15.9999746,23.0187563,34.7941198,48.8241292,60.3759891,77.5069172,97.4148088
0.999982158,3.99999596,8.99480658,15.1669021,24.8778581,32.5039091,40.0650949,63.9181299,80.9624571,99.705745
0.999610841,3.97463764,8.73405196,15.6323992,24.7913822,30.6784574,48.9544375,63.8635015,79.4655156,98.8131186
0.958538753,3.99415199,8.99776943,15.9867548,24.9706444,35.9751791,43.8369493,63.3621863,80.2969094,88.3242676
0.999260102,3.95661415,8.52664883,15.9193548,24.9939468,35.996456,46.9718205,55.0497082,80.9891638,97.3301058
0.999914048,3.99999968,8.99975171,15.9998513,24.9954361,35.9743299,46.2171529,30.9951557,80.9995112,99.2179668
0.999591915,3.99974661,8.99999726,15.4433823,24.9838674,35.9870543,48.7756348,59.7553995,80.975261,68.2883616
0.999999999,3.99999943,8.99999795,15.9999435,24.9916778,33.1076714,48.8435978,58.7462957,60.8024574,99.9984035
0.999796875,3.93486343,8.99973652,15.9999265,24.9471706,35.9210896,48.9677198,63.5483856,80.9021271,44.6463408
0.99999999,3.99999997,8.99999815,15.9993939,23.9409604,35.9806319,48.1948817,63.9972559,70.3926549,81.1169383
0.98595788,3.99998691,8.99110302,15.7812353,24.9741356,33.5737633,48.5731278,62.3135552,73.0442074,99.017221
0.99999993,3.99999997,8.99999902,15.9999913,24.9999455,35.9992672,48.9999069,49.7048003,70.1317989,92.093127
0.999999876,3.99999827,8.99997631,15.9993474,24.9970258,32.6700864,48.9999974,62.1389991,80.7765194,65.2906144
0.986731385,3.99706197,8.77478083,15.8289518,24.8829914,35.8707798,48.9875904,56.9843156,80.8507812,90.8529153
0.999418959,3.99942526,8.91522665,15.9372276,24.3259666,35.0926066,43.843161,61.5530696,80.4422057,98.7075936
0.95993789,3.95253792,8.99910331,15.8064962,23.797416,35.8169273,48.130185,63.9799636,80.9689226,88.9776019
0.999980959,3.99931667,8.93013954,15.9962547,24.9863054,35.5207273,48.9745383,63.7912152,49.2034287,96.226549
0.998527088,3.94963442,8.9758222,15.9390214,24.9979559,35.6286383,47.7915049,62.9304314,80.1526865,78.5827321
0.999976252,3.99999302,8.99773106,15.9977537,24.9998484,32.8301945,37.0823039,63.9647543,76.5689756,99.539505
0.99999989,4,8.99999979,15.9999399,24.999889,35.9814431,45.6825483,63.9215839,34.5950945,99.9967907
0.999999684,3.99972821,8.99999614,15.1915545,24.9716325,35.9392579,48.9668512,63.9513669,80.9946149,45.5894597
0.999999885,3.99999849,8.99992957,15.1507195,24.1917086,35.4227042,48.9989899,63.9227392,74.623132,88.7188726
0.999509099,3.9932008,8.71826845,15.9244551,24.7401265,35.9808944,48.920232,63.3849868,64.1415672,96.5918028
0.997612684,3.99988467,8.99953411,15.6260619,23.8494051,35.9996914,48.9994698,63.1266765,80.2895862,71.2199756
0.994431953,3.99993322,8.69065173,15.7749858,24.9806327,34.9343598,46.3196422,63.9920258,80.883702,87.5322977
0.999948798,3.99896904,8.89322434,15.9999998,24.9499758,35.5878862,48.9370536,63.6729843,73.4467284,75.3975865
0.999706787,3.99253175,8.98993791,15.5319072,22.8848709,35.9385634,47.9072932,63.9283842,69.2419931,99.7645617
0.999999908,3.99999604,8.9998264,15.9997516,24.9181153,33.6326125,48.9998236,41.1324796,80.5235313,98.1198738
0.999997238,3.9999499,8.99843673,15.9748744,20.1606485,33.0584351,47.8458436,63.5592638,80.4822066,99.4248858
0.981175359,3.96022969,8.89462337,15.8751525,24.9192483,35.9998695,48.7011932,63.7384017,76.4541877,86.8353854
1,4,8.99999983,15.9999995,25,35.9990039,48.9803488,25.1550642,75.643436,99.9949778
0.999833792,3.9537896,8.99920001,15.9997133,24.995407,33.9235652,48.7647513,48.9347121,80.3647531,97.6421572
0.999921265,3.99995782,8.90342729,15.8679573,24.8494971,35.9883706,45.6805969,63.9916538,61.156288,98.517782
0.997869644,3.89505994,8.99853565,15.9378878,24.7729091,35.9694401,48.9883563,58.3563863,80.2505336,84.3093374
0.999991315,3.99931601,8.99921334,15.4026001,24.9291343,35.9978934,47.5127665,63.7863288,50.2677748,99.9152322
0.999999657,3.99999849,8.99937416,15.9960573,23.431509,35.9997156,48.9646876,63.8593126,59.2600927,92.0997146
0.999999882,3.99999889,8.9999994,15.9998615,24.9998525,35.9999091,48.9995567,34.9483839,79.9759414,90.9227573
0.990755927,3.99267244,8.98899615,15.6364847,24.9907663,35.9998833,41.9642577,53.0254639,80.8355345,99.999114
0.998867928,3.99962345,8.96034716,15.9693316,20.9181964,35.3747654,45.1091045,63.8151446,80.9042809,98.0120372
0.999999993,4,8.99901215,15.9962253,24.2037008,35.9982198,48.8944001,63.9785147,77.9781564,55.4477324
0.987017746,3.99984332,8.99124348,15.5576584,24.8795056,35.4794791,48.1686815,57.9708301,80.8055112,94.1779259
0.999669076,3.99870358,8.99426605,14.7970722,24.9783399,35.9953713,48.7880851,63.7297291,80.1861086,68.1507027
0.999979099,3.99997982,8.99333685,14.7657601,22.3134881,35.996101,48.201846,63.905986,75.6608282,98.5831774
0.999999957,3.99999978,8.99899654,15.9999795,24.9902106,35.9998799,26.8419468,63.9459368,80.7798434,90.1411931
0.999783632,3.99890457,8.99907291,15.9802358,24.9976633,29.8594709,42.5348851,63.6150571,77.5379868,99.9414401
0.999999998,3.99999979,8.99999995,15.9991716,24.9982248,34.4876303,46.142647,63.9712066,74.0879616,84.0152354
0.999999554,3.99999998,8.99999926,15.9999556,24.9992346,35.999467,35.4469508,63.9998787,79.0545012,81.9357893
0.999999983,3.99999995,8.99999194,15.999999,24.9999261,35.9999669,46.4352249,55.412886,77.7764922,86.8170638
0.999931005,3.99868463,8.99999957,15.9975631,21.2044029,33.898457,48.8697157,63.9569564,80.6672975,87.0810031
0.999991174,3.8450635,8.57035928,15.5897202,24.9998369,35.6913423,48.9448057,57.2457102,79.4463447,99.8293742
1,4,9,16,24.9999997,35.9999962,45.2851549,63.9673901,80.9403955,43.0168436
0.999838157,3.99979737,8.61639346,15.993909,24.9747646,35.1906594,48.0063376,50.3197366,79.5775861,99.9051232
0.999997325,3.99688148,8.7864137,15.7833292,24.9962996,35.5036138,48.6431005,51.8455469,78.3586761,99.3715631
0.991714672,3.99808891,8.86906263,15.6236526,22.9968825,35.4591851,48.8728868,63.6431335,80.5139234,94.136905
0.999999423,3.99999737,8.99991887,15.9995515,23.5386599,33.3617932,48.9981051,63.7561394,73.446006,91.7325785
0.999981246,3.99866722,8.98289118,15.5239468,24.3644471,35.9985137,45.5730355,63.962264,80.9262251,78.1304173
0.999959766,3.999991,8.99994876,15.9982293,24.9869875,32.5039592,46.1761368,53.1441313,80.9781448,97.7970745
0.972215279,3.97638915,8.99376735,15.979681,24.9198358,34.9490549,48.958105,51.2278443,80.9853527,96.5711482
0.999800999,3.94402937,8.8405734,15.9995507,23.9508645,33.4347396,47.0742442,63.824509,80.0751132,98.2924765
1,4,9,16,24.9999999,35.9999994,48.9999986,63.9989498,55.1648247,73.5421096
0.999999983,4,8.89149906,15.6400077,24.8613832,35.9388039,39.2062324,62.679931,76.7921178,99.9999994
0.999978491,3.99655445,8.89455938,15.2850559,24.9576139,35.9928162,46.1271692,56.8051523,77.5921247,99.9611687
0.99996377,3.99999957,8.74713603,15.9932241,22.9327602,35.6596992,48.8946878,48.4565543,80.8384056,99.9913122
0.999998084,3.99999997,8.99999529,15.8314543,23.929433,35.9836646,48.824366,60.3113717,63.1743501,99.3058187
0.999982062,3.99931019,8.99304305,15.687318,24.5411537,35.9999897,44.5399041,60.3958073,73.6044672,99.7797409
0.999990909,3.99999986,8.99998204,15.9998138,24.9999835,35.999873,40.8832047,63.9991181,73.3393004,83.4324951
0.973032154,3.99906746,8.97881227,15.9946143,24.9894991,32.473668,48.8687661,60.194283,80.9811478,90.1898726
0.999806387,3.96584195,8.96855085,15.9995302,24.8660973,34.2564194,48.4649515,54.9148813,75.830388,99.9654591
0.992773302,3.9844605,8.3271492,15.9993163,24.7814829,35.9253521,41.7411483,62.2226809,80.9607523,99.5468237
0.999997382,3.99997932,8.99999897,15.9999783,24.9993931,35.1955846,38.7591747,63.7700192,67.6960811,99.5701846
0.999999999,3.99999072,8.99861232,15.9999635,24.9993196,32.2068193,48.9983059,63.9337479,56.0628535,96.2470885
0.998536639,3.99885154,8.84191519,15.9912501,23.5208491,35.9768441,47.242916,63.9714221,76.6849986,90.9998676
0.999916368,3.99683939,8.9996659,15.2841193,23.6461169,35.9998891,48.9029239,58.2402948,80.8119719,89.978722
0.999999357,3.99999547,8.99999527,15.9999885,24.997955,31.2808007,45.3041931,63.9679687,63.9475355,99.9868647
0.998462629,3.98428013,8.72702199,15.8977583,24.994756,35.9743438,43.4900949,63.8788632,76.3260971,95.7751946
0.999980015,3.99985959,8.99975315,13.5887441,24.7264386,33.912177,48.0614056,63.7911999,80.967896,95.0255609
0.992813603,3.89588628,8.91021625,15.9804268,24.9950213,35.7712634,46.5252439,63.9425723,64.6065865,99.9045934
0.999864151,3.99991455,8.99757974,15.6125566,24.9849561,35.7004504,38.800387,59.4258677,80.9403631,98.2441256
0.99991497,3.95212997,8.91334878,15.9746026,24.4797224,27.32046,48.953088,63.9997814,78.6158516,99.0187108
0.999999863,3.99996816,8.99819047,15.9988672,24.9701222,35.9992471,45.2108191,46.578885,74.8589792,99.9970454
0.999916808,3.97014007,8.99951086,15.8612572,24.9862736,33.6414346,46.103893,63.3538501,75.7302347,97.6899922
0.999859121,3.9954331,8.99098837,14.7157458,23.45664,35.1622156,48.960578,55.1222989,80.9968999,99.9349317
1,3.99999821,8.99982436,15.3529516,24.6341526,29.6364792,48.890359,55.5446876,80.99761,99.9994338
0.999566128,3.96217187,8.99860477,15.8978332,22.7040209,35.9100095,45.7576802,63.6505225,80.4777052,93.9398179
0.999974632,3.9999965,8.93578076,15.3980401,24.0888276,34.3381753,48.9993242,52.3878672,80.6152509,99.9969138
1,4,8.99999999,15.9999997,24.9999977,35.9984464,48.9951907,58.8937966,33.3174334,99.9979367
0.997001517,3.94816599,8.99514113,15.9809607,21.5500713,35.9590648,48.8324125,63.1773942,70.712709,99.822648
0.992704921,3.99855153,8.90555392,15.9511312,24.2928334,31.5872521,43.7544492,63.8614429,80.9685107,99.8443705
0.999956098,3.99552594,8.89703405,15.8935204,24.986071,33.4122285,46.490584,63.6928635,70.4754701,99.8452451
0.999999857,3.99999999,8.99999723,15.9988969,24.99999,35.9985871,44.6775763,63.9998808,57.0706937,92.8082107
0.998820911,3.85053768,8.99998142,15.8524809,24.9242759,35.6534493,48.523439,63.7690863,75.4236212,89.2013208
0.998434131,3.97269665,8.54265527,15.9965368,24.6952956,34.176359,43.7761821,63.7880393,80.5780039,99.5261089
0.99959025,3.99472281,8.87605631,15.9939596,24.9693952,35.9999922,48.7919553,57.3032705,77.9642342,84.454132
1,4,8.99999925,16,24.9999992,35.9999984,48.9982789,55.3934281,80.0162042,61.0307329
0.999999847,3.99999605,8.78060344,15.9966567,24.2281913,33.7240332,46.8120653,60.7759907,80.8062291,98.1896194
0.999997606,3.99887722,8.93650523,14.7097677,24.9927165,30.6899428,48.9275606,63.9017901,75.655599,99.5840464
0.999996463,3.99990089,8.70365424,15.9970985,24.7797887,35.9849687,48.8521808,63.7340198,79.5126885,63.8838991
0.999232717,3.99202252,8.98508118,13.7087615,24.9235337,35.7040662,48.4938986,62.6699306,74.9963528,99.6932662
0.999369118,3.96510959,8.97855309,15.7114336,24.987645,30.79037,47.4469796,63.8258314,76.5652906,99.7672083
0.992563099,3.99199569,8.90728505,15.5810489,24.9992994,35.956927,48.9722789,63.9116809,65.0487436,92.8399403
0.999994132,3.9999353,8.99999268,15.9891866,23.8603661,28.5194205,42.9769665,63.6831263,80.9351376,99.9992286
0.999884264,3.99887792,8.99491229,15.9998374,24.9954425,34.4166131,39.666916,63.1723207,80.167519,93.3965706
0.999202543,3.95502106,8.9939127,15.9999957,24.1367709,35.0230162,44.0843111,63.6268677,80.822839,92.7195216
0.999999998,3.99999708,8.99999949,15.981369,24.8651124,31.6369496,48.9916228,60.8005619,69.6645972,98.7369453
0.999999962,3.99999935,8.99999387,15.9999451,22.5856729,35.9732337,48.8353597,58.7791201,80.1538171,85.0253955
0.999980546,3.99999989,8.988598,14.379886,24.5759031,35.8833735,47.5572938,63.4397,75.3044636,98.1856903
0.996098392,3.99712488,8.90487911,15.9635377,24.9948136,35.9591455,45.4961373,63.970222,80.9437777,66.9664304
0.999986167,3.99999872,8.99986434,15.999075,24.9983867,34.6581684,48.2520305,49.9671051,80.9809486,88.4732472
0.996594629,3.98448992,8.99975788,15.9995818,24.8948425,35.9916804,46.8831249,54.1067804,69.9786375,99.9873279
0.999989178,3.99934463,8.89859603,15.9786841,22.3176548,35.9052689,48.6385709,60.7459353,74.3896861,99.4366382
0.999473205,3.9976336,8.88344169,15.9810806,24.468507,34.503597,48.7346618,46.6389085,80.7890284,99.9968411
0.999999594,4,8.99839928,15.9986104,24.9843659,21.5391808,48.5678734,59.0961001,80.9915636,99.6550212
0.999999844,3.99997631,8.99994437,15.9999367,24.9897274,35.9816412,46.3873834,60.2258492,70.976246,90.568217
0.99969291,3.99263009,8.9902522,15.0559922,24.9756547,35.8798384,47.8405678,57.1605444,80.8758802,92.6352985
0.999978586,3.99998434,8.99797892,15.9961193,24.9988134,33.2781616,48.9904233,58.6922666,80.8650142,75.3141386
0.981724866,3.99013787,8.98477988,15.7698814,24.8247945,34.3805825,43.8348556,63.8906853,80.1275539,98.4024518
0.999004537,3.99887513,8.89468692,15.9999971,24.9419778,35.9543211,48.9878226,53.286728,73.4837351,94.9838101
0.999340403,3.99980525,8.99990098,14.894232,24.9946198,34.3685961,48.9287726,62.3556187,80.7352772,83.1082457
0.999975452,3.97884257,8.82452656,15.7778697,24.9931079,34.4026732,48.7410677,63.2414542,80.683183,82.7478298
0.998819391,3.98276205,8.69389164,14.7786653,24.8990664,35.7457902,48.9913948,63.8178851,78.2334296,92.8791577
0.999932764,3.99999935,8.99994569,15.9985011,18.9163887,35.9806874,46.1743448,63.4881647,80.8355419,94.0070482
0.999999253,3.99999287,8.99999992,15.9873785,24.3116739,35.9962767,48.7892227,44.4967311,80.4120771,93.8497634
0.999999353,3.9999962,8.90244292,15.999516,24.9919653,35.9995869,48.9707992,63.8578943,80.5555967,33.170932
0.98949912,3.98819835,8.99695475,15.9998073,24.9919982,35.9121429,48.9479973,53.7804143,76.9918896,91.0037812
0.991349328,3.92986963,8.99613896,14.8654336,24.9998606,35.9808707,48.907881,63.7256933,77.1254406,87.8502169
0.999910635,3.99996611,8.86715098,15.925435,24.7258289,35.4690929,47.6453634,60.2570837,78.5742957,94.5395396
0.999328575,3.9999976,8.99858602,15.964279,23.0159735,31.6567018,48.5683565,60.0055634,80.9808961,98.5249674
0.999779848,3.96911303,8.97280128,15.9219192,24.966378,35.0098807,45.0735201,51.5877735,80.8840904,99.9715942
0.999999927,3.99999789,8.99772893,15.9983527,24.7659767,35.2884412,44.5937052,61.2129811,80.9450246,84.269574
0.999704341,3.99981253,8.99975552,15.9969655,22.1781138,28.0783197,48.8435143,62.3269629,80.5233046,99.9729073
0.999915921,3.99999016,8.99180693,15.1786272,24.648095,34.8432881,45.2905177,63.0431545,79.1649973,98.7490944
0.999999944,3.99999983,8.99784216,15.9999916,24.0860142,35.7426676,41.8710833,63.9938813,80.9949553,78.3692013
0.9927213,3.99952288,8.93768636,15.6361102,24.9884019,35.5411383,48.2687846,52.2356389,80.2527304,98.7417947
0.999999996,4,8.99999836,15.9985047,24.3197176,23.0478227,44.4284623,63.9674651,80.9903296,99.9966171
0.999989548,3.99998516,8.99995778,15.9999699,23.742827,35.9987187,48.4280001,60.0593694,71.4139566,93.6635224
0.999680457,3.99807537,8.99991844,14.4675075,24.1924507,35.642761,48.7843812,63.9990635,79.3963356,87.2500449
0.999991065,3.99002143,8.97426083,15.9465355,19.8147905,35.7794739,48.9994328,63.9852662,80.9568185,82.0330936
0.990041472,3.99360038,8.61480413,15.8633651,24.8613045,35.8556658,48.8364414,63.9664926,69.1690818,96.5458851
1,3.9999946,8.99912227,15.9978104,20.8574361,35.8463079,48.9997012,60.4662613,66.9648359,99.9994533
0.984275129,3.99746561,8.96478781,15.6215984,24.9389226,33.8375975,48.9333543,63.3737051,80.5845256,86.9704661
0.990376253,3.98912372,8.99976968,15.9652724,23.3622257,35.33333,48.9500953,63.9992639,64.2968297,98.6248787
0.999975519,3.99999849,8.9804167,15.9024029,24.8100031,35.8469064,33.0107033,63.9729547,80.9322769,93.1100088
0.999803921,3.95904299,8.99698853,15.5752928,24.95239,35.3122081,48.1053134,63.9995345,69.4336583,94.8511893
0.999966996,3.99997929,8.99998719,15.7699857,23.2604995,35.9104378,47.8997623,55.5119006,77.492412,99.8795575
0.999999757,3.99984964,8.99840028,15.9985092,24.221197,35.9989615,48.9967102,60.1063047,46.1952595,99.9969464
0.999984028,3.99999081,8.99958506,15.9928877,19.6730479,34.8959191,44.1947536,62.7235784,80.9901157,99.9398885
0.999999999,4,8.99999997,15.9999997,24.9999892,35.990937,37.0708043,54.0625356,77.7082779,99.954386
1,4,8.9999999,15.9999993,24.9997138,35.9495025,48.9303876,38.849308,75.2197229,97.7691753
0.996851445,3.99856414,8.84966526,15.9823786,24.3882411,35.250303,48.8336677,60.0075204,70.8357837,99.9141737
0.999975658,3.93971995,8.92809619,15.8821739,24.9389408,35.711358,45.8091905,63.7095334,79.7206235,88.108417
0.997720545,3.99039724,8.78403563,15.8287352,21.0339293,35.7802725,48.0454806,61.9241348,80.945812,99.8343068
0.999994389,3.99999982,8.98369327,15.5226665,24.9049839,32.6766312,48.677438,63.6679481,65.6753191,99.9592667
0.998367516,3.98297922,8.53900399,15.8539871,24.8989876,35.9998899,48.5934859,59.3972083,76.6655207,97.7653201
0.999997769,3.99999978,8.97133615,15.4855454,23.3619029,35.9460749,44.9811069,63.4548863,80.9162622,92.9798627
0.999994087,3.99999201,8.99933726,15.9887721,22.3090179,35.9931175,41.6524928,62.7650296,78.1968286,99.3017239
0.99475942,3.9993741,8.90057733,15.9999564,23.5972546,35.9009206,48.1497421,63.2181981,80.9319548,79.2605986
0.981479068,3.97995228,8.99663458,15.8810583,23.04863,35.9971342,47.2095619,62.7605343,77.9001678,98.8344754
1,4,9,16,24.9999976,35.9998815,48.9999192,63.9999493,48.3644132,80.4699812
0.988075135,3.99410684,8.99985765,15.9961186,24.99486,35.7935423,47.8878822,34.2921695,80.8205858,99.9888135
0.999773572,3.9999421,8.92444411,15.9957513,24.9513342,35.9864884,45.4859101,63.9933771,80.9994356,55.6996883
0.9971892,3.99857534,8.81058626,15.9947251,24.9986269,35.9962786,46.8364497,63.3157757,72.222436,89.9364979
0.999999998,3.99999984,8.9998939,15.9994568,24.9977485,34.2634143,47.0995554,63.6420107,62.7299092,96.3979944
0.988750633,3.99950477,8.99950146,15.9923388,24.9993223,35.9999252,48.8551515,63.9755608,80.4262108,36.6562508
0.993914509,3.99808232,8.98951698,15.9846949,24.6381852,35.9999974,48.7813906,61.5411782,75.184325,83.7252825
0.999125961,3.99878434,8.99675907,15.3182109,23.6391907,34.1923834,48.770567,63.7011087,80.4850732,92.3473374
0.998255919,3.9977656,8.99326389,15.9419866,24.7767323,34.9189186,46.0480074,56.9839482,80.3943608,97.6983191
0.985619191,3.94915762,8.9999863,15.9398323,24.9520147,35.8388858,47.9124242,59.2828707,78.0536514,94.9754079
0.999939624,3.95468483,8.9557895,15.8369026,24.6818987,35.7290272,48.9755908,63.6058389,61.5678059,98.0645914
0.997794054,3.99964621,8.99997584,15.6984336,21.6719357,35.9990373,48.9627358,63.8305673,79.7632505,82.8260299
0.999992948,3.99285656,8.9602788,15.9883697,24.2887432,32.7043253,48.9450953,58.7244214,76.8201854,99.6517519
0.9990762,3.99735862,8.91281688,15.9819503,24.682923,35.9573388,48.998783,60.9674061,80.9753074,63.7559882
0.999072733,3.71749453,8.90018707,15.7876295,24.4386238,35.7814615,48.9215523,63.6580428,78.2010635,96.3738837
0.999983128,3.99999979,8.9998766,15.0114186,24.8832943,35.5898113,42.4385976,58.1823603,80.8598539,99.7641265
0.999779056,3.99998433,8.99922198,15.9946835,24.8679798,26.531327,48.9996741,63.9600744,64.1252264,99.9696948
0.999195894,4,8.98392833,15.1231891,24.9770149,35.8353118,43.1246285,63.9659648,70.25897,99.6821301
0.99772528,3.99299981,8.83702952,15.9984712,24.6714356,35.996276,44.6483285,62.6041463,74.5011079,98.0245295
0.999999989,3.99999995,8.99992828,15.9988314,24.9850928,33.1873658,48.9794591,46.7686026,75.2948111,99.9445776
0.999929442,3.98716523,8.99163974,15.7130294,21.7246451,35.9958805,46.8277453,59.6054645,79.6976491,99.9991501
0.9986275,3.99999141,8.8981102,14.1801822,24.9108576,35.2797529,48.7551629,61.8338659,78.9293998,98.4925767
0.999999854,3.99949298,8.99993477,15.9755925,22.2866462,34.2793747,48.9758901,55.7060235,80.8867813,97.3982617
0.99899722,3.90489722,8.99314233,15.1271209,24.9452956,34.6807697,48.9919085,63.9997901,65.3896399,99.6539261
0.99998833,3.99994407,8.99999958,15.9951181,23.8365748,35.9984192,48.27618,54.2335861,79.8164907,90.6681389
1,4,9,16,25,29.5982007,48.9896082,63.9178285,52.8345848,99.8180387
0.999996487,3.99986749,8.65979144,15.7697118,24.778858,32.7116784,48.7090607,63.7314249,79.3661904,95.1150215
0.999991658,3.99997933,8.99972335,15.488441,23.7227006,35.8701376,38.0580277,63.9423678,80.9472874,96.9736855
0.99999694,3.99999894,8.88388061,15.3784386,20.5953205,35.7897387,47.8330601,63.4308693,80.9842472,98.4863379
0.998952641,3.99853818,8.99773224,15.949787,24.3631862,35.612698,41.5424803,63.1655043,76.124176,99.3104535
0.999845967,3.99994611,8.73526767,15.8092142,24.9980293,35.8883157,47.4237246,42.7348207,80.9552163,99.91117
0.999999734,3.99999923,8.9999623,15.9999876,24.9947588,35.9333502,29.7354814,59.8708575,80.9727991,97.4046533
0.993291289,3.99972435,8.94673593,15.9807058,24.9799784,35.0717492,44.0708786,63.9660618,68.8485696,99.1422935
1,3.99999999,8.9999978,15.9999981,24.9990125,35.9994925,48.9812757,63.7879478,69.0606871,59.5723162
0.999999916,3.99999301,8.99964396,15.997902,24.9864543,25.1349495,47.8210136,62.0638892,80.9905074,95.3040507
1,4,9,15.9999998,24.9998679,35.999845,48.9999935,58.9327377,80.9978748,39.8962436
0.999986791,3.99999608,8.99940061,15.9984073,24.9994457,35.8925353,48.9122265,60.5121542,60.3939437,90.8975051
0.99932381,3.99949882,8.93708552,15.7609952,24.9998657,35.999777,40.7311711,63.9543194,80.9058077,79.7818966
0.988283974,3.97236633,8.73032932,15.5969442,24.8989721,35.9908296,48.618892,62.6493903,80.4463368,89.5792919
0.999592475,3.9824794,8.99348303,15.99966,23.320072,35.9994671,48.7105327,63.9692356,77.0360355,76.4566958
1,4,9,15.999999,25,35.9991545,46.910097,63.8954372,69.5787357,73.9170155
0.999907306,3.997346,8.99971375,15.9908551,24.4301377,35.9977124,46.7899679,62.296607,57.560665,99.8112433
0.972369642,3.99988515,8.98766424,15.9772917,24.9493649,35.9999996,46.5511436,63.8546975,70.151315,92.3138241
0.999999086,3.99999669,8.99611775,15.8959041,24.651773,30.6140219,48.6555708,60.5133838,80.1942251,96.7434491
0.999901716,3.99702814,8.99888547,15.9943601,24.0786044,35.9997799,45.3708751,63.7582989,74.9777945,88.869377
1,4,8.99999998,15.9999971,24.9999996,35.9998337,46.0752523,23.2298972,80.999967,99.9720455
0.999982495,3.99905768,8.91792295,15.9992051,24.9926007,35.7661331,48.8550917,63.8333445,34.377314,99.8371336
0.992772236,3.99682261,8.99934078,14.8384703,24.8664639,33.8762806,48.715952,63.0393951,80.7739326,93.021004
0.991867921,3.96748131,8.99094161,15.9974371,24.9999408,35.965371,48.8661219,47.4924764,74.8249291,99.1905915
0.99999966,3.99998987,8.99997218,15.9989764,24.9998747,35.96481,42.5902236,63.4180669,52.6606036,99.8918944
0.999999952,3.99998741,8.99998002,15.9998617,24.9999914,35.9966283,48.966311,52.6822317,48.7881542,99.9998491
0.999849346,3.99989233,8.99996192,15.9998874,24.3491004,35.4623523,46.3459376,63.9011033,80.8745623,69.231356
0.999999992,3.99990654,8.92404782,15.9986338,24.9795813,35.1735596,48.9983856,62.4580234,68.3811157,87.6384704
0.999964157,3.99902649,8.71395344,14.7358175,24.9798815,35.4343347,48.9099124,63.3697437,69.1092014,99.827606
0.941593338,3.96848444,8.88182344,15.9961017,24.9906287,35.9948044,48.8218059,59.5768352,76.7284031,96.8904962
0.988751468,3.99999979,8.99761655,15.9190207,24.4946362,35.9207416,48.948474,59.796088,80.9610733,74.7645104
0.994508173,3.99984208,8.70639297,15.9800861,24.3594641,35.6725684,48.9954846,63.7137356,80.0267145,77.7726209
1,3.99999994,8.99997576,15.7393922,24.9457113,32.6930627,48.8133405,63.5079327,78.6586753,84.1375254
0.988725967,3.99808844,8.87213076,15.9498747,24.9999104,35.9955538,48.3599038,63.9706055,80.6811285,57.6009381
0.999736245,3.99990756,8.99429033,15.9397864,19.0102203,35.9994713,48.6993733,61.3974544,75.5192224,99.9122619
0.991001546,3.98405976,8.94470824,15.7231227,24.9975801,35.5390551,47.3977124,59.3394747,74.7801617,99.9532299
0.999997883,3.97416669,8.95444199,15.6040409,24.9714081,35.5386966,28.7937593,63.9998442,80.9859343,99.8010662
0.999994492,3.99994936,8.99997266,15.9967648,24.9770285,35.9335003,48.7466146,49.0385332,64.1851793,99.8286628
0.99778858,3.99258451,8.97650294,15.9292306,21.0919421,34.3208117,48.5870693,61.1161872,80.4839378,99.9919134
0.999970933,3.99967348,8.85587664,15.5512485,24.9999804,34.2001295,45.6821736,62.1673071,80.3850947,96.9621195
0.999999995,3.99999833,8.99999968,15.9909905,24.7019287,35.9975079,40.3917523,51.1082564,80.8804556,98.9551967
0.999891533,3.99999115,8.99576834,15.9875408,24.2931808,35.9855283,42.4262597,63.8450089,66.4950433,99.1592655
0.999939812,3.99992877,8.99847588,15.9995662,24.9945726,31.8875974,40.1054989,61.2188823,80.1573743,99.7835611
0.999999817,3.99996141,8.99994523,15.564423,24.975921,35.9925517,44.7252025,58.738732,79.8882312,92.1196773
0.999999913,3.99999932,8.999999,15.9999516,24.999989,35.9993899,45.885856,45.8853818,80.9082702,90.6764302
0.999999997,3.99926187,8.93833841,15.6869478,24.2920028,35.3633148,48.997683,62.598797,70.7098455,96.8948063
0.998161858,3.99086437,8.2566966,15.8192673,24.7574584,35.8412018,48.8191785,63.6493095,74.7045683,97.2277353
0.999987454,3.9999973,8.9999339,15.9999911,24.9966375,35.9877025,41.4365043,57.6389436,78.7864236,93.4762551
0.988037013,3.9722745,8.96764392,15.9411342,24.2629639,35.9831346,48.9876892,63.9085891,57.154389,99.1212045
0.988955846,3.99988564,8.98009732,15.9991157,24.8926641,35.8802371,48.9973934,63.9750224,60.4434521,87.4525787
0.999999906,4,8.99998042,15.9998193,24.9992169,33.5103551,48.9941216,63.8170978,71.098885,78.4821956
0.998966687,3.97520226,8.93258888,15.4629887,24.9558215,34.5279225,47.6703908,59.2056477,80.8003711,98.3114397
0.9996553,3.82991039,8.99782878,15.2972334,24.7563038,35.251948,48.6902395,63.1024228,80.9940986,89.6253111
0.999999379,3.99999757,8.99999066,16,24.999993,35.9999985,48.9968358,43.2614461,60.6805319,99.9965045
0.999986592,3.9999761,8.99962722,15.9999967,24.9890457,33.5002109,48.9831383,63.9804851,37.4772222,99.9097111
0.99913205,3.99807487,8.95140754,14.4366313,24.9967195,35.9995924,48.3849348,61.62139,80.9495181,82.9835159
0.999996458,3.99999693,8.99995219,15.9994737,22.0049412,34.7144353,46.1720593,63.9989368,80.9754016,86.9015034
0.999999994,3.99999929,8.97608687,14.9635303,24.9936342,35.9996967,48.7990838,48.319433,78.6464705,98.6909359
0.858551257,3.98649736,8.93260652,15.7606428,24.1742714,35.8295883,48.9967611,63.511565,80.9579069,96.2511052
0.999266951,3.92198034,8.9397501,15.5542633,24.9257909,35.2868503,48.7007786,63.6580404,80.5686104,84.1533318
0.995679019,3.99793178,8.99992798,15.6879724,24.9145622,35.968444,48.1992397,63.6756469,80.8750965,61.3644008
0.999999998,4,8.99999999,16,24.5590701,33.649483,27.9023593,63.9959929,80.7987314,99.9750442
0.9999854,3.99954072,8.91798673,15.7389149,24.9738581,35.6898475,48.9925976,53.5735399,79.8190576,90.6760227
0.999999999,3.99999992,8.99999916,15.9944923,24.02733,35.9168199,48.9897005,58.7578452,80.9997972,66.5771254
0.996838019,3.99998604,8.8552575,15.7089797,24.0068848,35.8933904,48.9650426,58.346174,80.9923951,90.2382869
0.999758568,3.99925926,8.85595782,15.9994163,24.7953719,30.6498089,46.2045199,61.2051912,80.7401279,99.6216407
1,4,9,16,25,36,49,64,74.416346,39.4932055
0.99997055,3.95387042,8.97777356,15.9999544,24.997371,35.8908576,38.7190577,57.431526,80.2746348,99.3903382
0.999957559,3.99977984,8.8945879,15.975463,24.0266797,35.6996208,47.4625461,63.9991871,65.2828395,98.1604683
0.999366803,3.99421306,8.39803274,15.9975904,24.9997578,35.8822142,47.0341945,62.1777018,74.2856452,97.2560532
0.999999998,3.99999999,8.99998647,15.999906,24.9999292,35.850385,24.5176334,63.998222,74.6591715,99.9070922
0.999917497,3.99965601,8.93405691,15.9651969,24.9999262,35.1493411,36.7704374,63.957842,80.9675687,89.7451411
0.994661938,3.95304769,8.99997305,15.5665046,23.9103546,35.9806967,48.7582508,63.4118237,78.4132638,90.393954
0.999931649,3.99868616,8.99951959,15.9999439,24.9854559,33.8401645,48.9999957,60.9995534,51.3958491,99.9710267
0.997492508,3.99286539,8.98538917,15.5031664,24.9961097,35.1883666,32.2783307,63.5023835,80.9964421,99.9392401
0.993554604,3.96289656,8.94261117,15.8995885,23.5335417,34.7483736,48.9999306,63.235751,78.4270805,96.2582898
0.999999999,3.99999965,8.99999986,15.9999217,24.9999964,35.9994512,48.9998283,54.5433257,77.8783801,71.290978
0.999999877,3.9995681,8.99838809,15.5331934,24.2690463,35.7026168,46.979528,61.9151994,79.699158,93.0857465
0.999983937,3.99970494,8.99977903,15.9781552,24.8416394,33.7572633,48.1856475,63.6670631,70.7095594,92.8020585
0.986520607,3.9999996,8.82629904,15.9324269,24.3345888,35.9916471,47.7793174,63.9998686,79.984015,80.3690794
0.996047548,3.96386968,8.9992334,15.9846989,24.999646,35.9953391,48.9877002,63.9972339,75.4426474,57.9942277
0.995841649,3.99962925,8.99547518,15.9973773,24.1706899,35.9997261,48.9500329,63.9736232,74.0724762,71.4993071
0.999999994,3.99999994,8.9999964,15.9999909,24.9996463,35.9978952,46.4261324,60.7721193,48.8221376,99.9205277
0.999552621,3.99844543,8.97982373,15.9858407,23.0796237,33.3366143,47.1980723,63.735428,75.2009206,99.9515019
0.999993563,3.99997837,8.99999712,15.5913505,23.9574191,34.92125,46.7624899,63.4781946,74.5053148,99.2257956
0.999979311,3.9999891,8.999965,11.8212645,24.8048629,35.6555523,47.40075,60.7236186,80.9344749,99.965017
0.999991859,3.99999992,8.99907226,15.8510798,20.3988732,35.9961275,45.4753096,63.9995565,74.3960224,99.6383332
0.999612472,3.95317377,8.99736748,15.9197879,24.9961777,35.5804995,48.8857096,63.9550106,67.4481708,85.6228749
0.999995125,3.99999795,8.99980317,15.9978949,24.9992573,34.3716592,48.8831837,28.2766767,80.8976423,99.9099801
0.999999221,3.9999904,8.99845695,15.9984334,23.6728299,34.0536236,48.7852097,45.7117551,80.8615341,99.9087846
0.999959616,3.99801227,8.96378177,14.7821071,24.8315031,35.9909902,48.9996645,62.2763506,63.1638216,99.2679392
0.999999863,3.99995093,8.99984839,15.9988359,24.0079753,31.3528957,37.7493414,63.9993543,80.8953178,99.6845916
0.981640626,3.9979444,8.94225002,15.9951649,24.9677755,34.9595974,47.6970562,63.8571742,66.1954901,98.5513734
1,3.99999872,8.99997238,15.9921261,22.5294213,35.6476305,46.7257107,61.6854424,73.2706458,99.8325463
0.999984574,3.99926565,8.99956873,15.6632965,24.9294333,33.7375667,48.999639,55.6585074,78.8807296,95.8236686
0.999998698,3.99994761,8.98801457,15.6229113,24.8812143,32.8806257,45.6679348,62.779514,80.9674964,94.4206313
0.998678289,3.99408422,8.76310065,15.927608,24.8764287,35.9984775,48.5034965,58.4245679,80.9927777,82.0225027
0.981044902,3.99129093,8.99173337,15.9729198,24.9988541,35.8200185,43.6992724,58.5922698,80.9887429,93.8790371
0.999980083,3.99998309,8.90359036,15.9802798,22.3501861,34.2108751,48.1883606,63.8517393,80.8247321,91.7039219
0.999998725,3.99993877,8.99985357,15.9997171,24.9985641,35.9999998,46.4557253,63.9170746,64.2902896,83.4880195
0.982129454,3.99648968,8.99578953,15.9576289,24.9968269,35.9887912,48.65963,63.8427745,74.2275092,74.4132405
0.996348741,3.96392689,8.96388676,15.9999436,24.9601052,31.452593,48.6573229,56.6309195,80.8018868,98.5185091
0.999997524,3.99999011,8.99982912,15.9993201,24.9999596,34.6599737,44.0085978,56.9594841,73.5432821,99.9923582
0.981746488,3.99998799,8.98992918,15.9320675,24.8785234,35.7900708,48.7609003,54.5947763,75.2576667,98.5500505
0.99999874,3.99849698,8.99446827,15.9985279,24.9387581,34.9669257,43.1589028,63.9786783,60.453103,99.9249815
0.995068538,3.9968045,8.99994472,15.833792,24.8367546,35.9217598,35.2532024,63.1211857,79.1186367,99.6109333
0.98741718,3.99753294,8.99694611,15.9731315,24.3027683,35.9742326,48.8664283,59.3265693,65.0282469,99.7502087
0.993714814,3.99930272,8.96490219,15.8820974,24.9965526,34.3378988,48.947287,63.6603662,80.4789087,70.3885395
0.999994524,3.99999971,8.95726538,15.9891581,24.0805518,31.2072763,48.177146,63.5858443,75.3820733,99.4065492
0.999999689,3.9999991,8.99994308,15.99961,23.8147928,31.6866614,48.9880298,60.9930824,80.9966026,87.150172
1,4,9,16,25,36,48.9999998,46.3016598,75.7778235,88.2619489
0.999999028,3.99998745,8.99999452,15.999999,24.9999243,35.9931832,47.1926961,61.5480538,80.9986691,50.8688234
0.999995779,3.99996782,8.99996993,15.999979,24.5260164,27.4490122,45.9629375,61.1726925,80.9053809,99.899796
0.999999607,3.99999856,8.99949359,15.99999,24.9901593,35.9896367,44.6625956,41.3516182,79.2357753,99.8056792
0.999998408,3.99999965,8.99927282,15.9953486,24.6172359,35.8127087,48.8177378,55.5859146,73.7286811,93.6210602
0.999999914,3.99997672,8.99999324,15.9999573,24.9996806,35.9222315,22.931958,63.847816,80.9668058,94.2968439
1,4,8.99999856,15.9999999,24.9993628,30.9102674,46.4861704,59.4182227,75.2203169,99.9436398
0.999889038,3.99999888,8.81915877,15.9890454,24.3089604,35.7629098,48.9814592,63.6576692,77.1974376,78.1404659
0.993718543,3.99476976,8.98965451,15.9587596,24.539413,34.2435068,48.9909934,59.0500904,80.9799159,87.2233532
0.999987053,3.99948615,8.7486085,15.991691,24.8788554,35.9786011,37.946503,63.0921925,78.6677988,98.3839865
0.999999999,3.99999997,8.99999992,14.9346132,24.683969,35.3414968,48.5269404,56.1776637,77.1817595,99.9071158
0.983741888,3.9857896,8.91878487,15.1799507,24.967453,35.2968357,48.9983596,62.9200604,80.9482607,85.6156972
0.999923757,3.98057045,8.99950532,14.9915939,24.9996461,35.9861588,48.5323442,57.7135184,80.9979627,83.357268
0.99032223,3.99759507,8.98992925,15.9912854,24.9999129,35.9384969,48.9974533,63.9994735,77.7950348,50.3166885
0.997687433,3.98909148,8.62928543,15.9404548,24.4337856,34.7579879,48.9870483,62.925386,73.1546426,99.3932105
0.999909526,3.95189573,8.99810097,15.9900081,24.996869,35.5518105,39.8056491,63.777805,80.9975334,84.1840637
0.999975997,3.99993386,8.99997402,15.9988187,22.7994153,35.9591477,47.5558844,63.7293189,75.4655852,88.2267334
0.994530537,3.98234797,8.94691017,15.6912175,24.187556,35.6763543,47.3327997,55.7402033,80.7044719,99.9997258
0.99423429,3.96888903,8.99996549,15.9763292,23.3389716,35.777771,46.0753143,63.96275,69.6167482,99.929306
0.999987435,3.99997546,8.97069126,15.2801803,24.9836238,35.9911314,48.8923577,62.3858257,70.4722424,89.9158943
0.997521971,3.9999677,8.81480631,15.9945332,21.6958052,35.2495622,48.6052847,63.8787839,80.9243165,90.0764528
0.999721266,3.99886134,8.98603545,15.8714428,23.6030369,34.1796101,46.4502945,63.9979757,80.2943015,92.5503594
0.999999998,4,8.99999999,16,24.999991,28.5475166,48.8790141,63.9398092,75.8313511,87.2630858
0.989298568,3.99943246,8.94069195,15.9641134,24.6734421,34.5148178,48.9826648,43.5905875,80.9630576,99.964771
1,4,8.99999997,15.9999855,24.9999976,35.9998492,36.4714614,57.0833248,80.9524145,92.8728634
1,3.99999985,9,15.9948997,24.9968384,33.9699602,36.8843438,59.2277436,80.9844462,98.9979052
0.999914012,3.99999647,8.99999984,15.7427795,23.6653312,35.8441307,43.1530241,61.2209677,80.1675677,98.6161491
0.999855895,3.95172871,8.99466667,15.5181931,24.9735605,35.9432881,45.2292345,54.9095147,80.6692514,98.9605464
0.995732583,3.99794322,8.93561153,15.9875545,24.9960587,33.7212949,42.8392618,63.6421536,78.1254636,98.137667
0.999974343,3.99761298,8.96937495,15.5174495,24.7451193,34.8613057,48.8023278,46.4147739,80.7889136,99.9798034
0.999737423,3.99963497,8.97316768,15.5628012,24.8278601,24.7175332,48.6881396,63.6965697,79.636098,99.9941113
0.99972586,3.99805829,8.9999827,14.175808,24.9755343,35.7338229,47.5958731,59.5475714,80.8266417,94.8404341
0.997055354,3.99817888,8.90951661,15.9870134,21.9941367,35.3738578,48.8301943,58.617896,80.7818328,98.2318553
0.999952545,3.99851228,8.86123215,15.9980064,24.9580579,33.6673214,48.9422666,63.1083429,71.2320281,93.5087247
0.997428694,3.99992846,8.73456457,15.89104,24.9721981,35.9205575,47.0658968,60.2398975,73.8906154,98.934542
0.993966592,3.95259924,8.95766806,15.9999998,24.6978338,30.7140619,48.9016331,63.311132,79.7631506,95.8744092
0.999405537,3.99830159,8.92407574,15.7879835,24.9964015,34.6429798,47.0874405,63.9678227,79.3314061,83.9147436
0.999995723,3.99999498,8.9999995,15.999921,24.9938592,32.3365101,43.5134388,59.9094681,80.9998932,94.2688759
0.999377642,3.99950444,8.94155608,15.5926873,22.6648009,35.799459,48.6724294,63.9265597,79.6821347,89.7033381
0.99997219,3.99999956,8.98757962,15.7762059,21.8264742,33.5638401,48.9495062,63.7313268,80.3910981,94.3462899
0.994179211,3.99699391,8.98759977,15.9988857,24.9144944,35.5799787,48.9070653,55.8679907,80.9542384,79.0779307
0.999999395,3.99999909,8.9998307,15.998923,17.0111078,35.6699226,48.6862119,63.6342422,79.6297478,96.3889799
0.999519568,3.99999278,8.9934914,15.9358407,24.0953607,34.1170895,48.402126,63.885072,60.7812244,99.9948621
1,4,9,15.9999999,24.9999924,35.4506642,47.6532028,61.6227932,78.1299265,74.3455526
0.999712112,3.94862017,8.99973395,15.9999252,24.8860397,35.0994918,41.5488301,62.007535,80.9559236,93.6352185
0.993465688,3.98617862,8.98577684,15.198994,23.7925484,34.3844409,48.9710053,63.9125817,73.1740798,99.9730777
0.946534631,3.99512172,8.86975767,15.7849019,24.9978137,35.9953576,48.5185505,63.5646764,76.7098236,91.5420999
0.999999928,3.99999952,8.99999937,15.9999994,24.2842102,19.4568725,48.9848374,63.9948711,78.3663777,99.7197956
0.999996442,3.99864442,8.73274855,15.6017778,24.9605373,34.5796252,46.2849073,61.9521279,79.4035302,99.2166445
0.999996812,3.99999643,8.9965405,15.9982622,24.4002652,35.9996557,48.7607825,63.7797686,53.8431454,93.337764
0.999910466,3.9999765,8.57000398,15.9508673,23.5331023,35.4123556,48.9987892,63.9934352,75.1165036,92.9375856
0.999771266,3.98497633,8.96734189,15.9769481,23.8776485,35.8006515,47.9484372,60.101482,78.1907478,95.876887
0.999999993,3.99999829,8.9084847,15.9999661,24.9919514,35.9029051,48.3344892,60.6192867,62.8722994,96.0417305
0.999999857,3.99999995,8.99997825,15.999998,24.9990777,35.9930874,41.8594124,60.6855898,80.970648,76.1868135
0.999994259,3.95712726,8.94413403,15.9829749,24.9894926,35.9214173,47.7516963,63.954831,79.6576106,65.4593599
0.991963018,3.99998558,8.99992115,15.9788688,24.9806092,35.0046226,38.2376112,63.5813263,74.0473259,99.9749975
0.999999737,3.99999161,8.99994183,15.996993,24.992796,34.4722511,48.997103,63.9914978,80.9999495,33.9217747
0.999274796,3.95037555,8.98223687,15.8800996,24.9261625,35.9970836,48.5792334,59.0142463,69.2350934,98.0794151
0.992990041,3.99943883,8.9635171,15.9849172,24.9981041,35.8277263,46.7170265,46.2908465,80.179447,99.3226053
0.999905627,3.99918355,8.99998442,15.5811949,24.9991209,29.9381992,48.9995988,63.4111851,72.3071537,97.8526789
0.999957551,3.99928197,8.92325323,15.9947166,24.9981035,35.4981818,45.7879864,63.9819066,68.9545527,91.9577162
0.999997839,3.99946805,8.79795834,15.9923468,24.701291,34.6613721,48.7723765,56.0902209,80.1925087,95.4303076
0.999983689,3.99996363,8.99973086,15.7904305,24.3007654,35.9281162,46.29429,63.4985664,65.6171978,98.9110903
0.989912098,3.85438935,8.97598328,15.9353842,24.9993337,35.601287,48.7663722,61.5563932,76.8598397,94.597089
0.982333202,3.99224147,8.97694657,15.9514704,24.0366158,35.8132391,47.8656014,63.9381397,69.8014853,98.39867
0.980264057,3.99273511,8.99508099,15.766205,24.9999998,35.6993542,48.2661085,63.5224926,74.1836414,90.1116768
0.999738897,3.94658651,8.99624573,15.9671743,24.0102457,34.5050714,48.4452344,62.7469639,80.4620058,90.541764
0.990126493,3.99465137,8.99564748,15.9917246,24.5438145,35.8825426,42.7056301,62.0560705,80.1134342,95.286766
0.999999986,3.99999998,8.89203448,15.9944981,24.9997866,31.4324287,48.480323,61.9167193,71.8494757,99.3114512
0.999990473,3.99999098,8.82806494,15.9989433,24.9411849,35.7529735,48.8069564,54.130471,65.6327021,99.996587
0.998566768,3.99999939,8.85451548,15.8110751,24.9409058,35.9993404,48.6145748,63.9922723,77.613547,69.0673819
0.985956489,3.99410921,8.99884394,15.9437449,24.2993299,35.5435406,38.6253796,61.3634201,80.9994538,99.9031264
0.999501437,3.99892279,8.9974387,15.2768469,24.8795911,31.9299721,48.8765829,52.9997672,80.9619095,99.9315121
0.994006008,3.99210525,8.99984902,15.9833517,24.9000889,35.9726364,27.1678714,63.9972966,79.5458575,99.1966783
0.993772309,3.99894418,8.90365633,15.9969227,24.9685538,35.9617101,40.9355539,61.9411878,78.8131019,96.655177
0.997315879,3.90659383,8.99734016,15.9999362,24.9974481,35.8599043,45.9929978,62.9340027,80.9971583,74.1658192
0.999997464,3.99999995,8.97716284,15.738583,24.9988342,35.9699695,48.7963885,44.6978406,75.0406615,99.5916636
0.99751366,3.99861028,8.92676522,15.2739316,24.9942736,34.3534138,48.8727645,61.6743956,80.0255279,92.112434
0.991164332,3.99968074,8.99992987,15.9478682,23.7060462,35.8638127,48.7935039,51.36566,80.9408348,95.5139392
0.999998272,3.99911541,8.99998588,15.9882619,21.4104697,34.5056195,48.9064063,63.8002971,69.9080323,99.3713693
0.999999954,3.99999999,9,15.9998656,24.9999453,35.9999776,48.9548253,63.1080089,38.2967755,95.2648198
0.999999843,3.99997878,8.99984271,15.51919,24.9971428,35.3518343,44.8685903,63.8976707,78.7256053,85.9653599
0.999986291,3.99997733,8.99898058,15.9972088,24.1994636,35.9996688,48.9368877,63.9658147,29.1294335,99.972095
0.999914538,3.99924178,8.99443746,15.7493373,22.80778,29.9687456,48.9362837,63.9791572,80.5359051,96.6888743
0.999995809,3.99988827,8.99943347,15.9988577,24.9998261,34.8197924,48.9385899,60.4954267,80.9702723,58.7721776
0.989357158,3.9987593,8.99997786,15.9984919,24.9807723,35.9949424,45.2835701,38.1748147,80.9855242,99.8211551
0.999998768,3.99999912,8.99999795,15.9999646,24.9996095,35.9920926,46.3963786,63.9982962,76.3461184,60.4793873
0.999735511,3.99852282,8.99982532,15.9940733,22.8204356,33.9784884,48.9921013,63.8054035,64.2227713,99.6205157
0.999996327,3.99999999,8.9999783,15.9999621,24.9999614,35.9869526,40.4629178,62.7392378,72.8194477,93.2614816
0.999958801,3.99983282,8.99998127,15.9938176,21.875405,35.9544963,48.8764459,49.1931197,80.8521519,97.4341339
0.999999586,3.99998152,8.99995444,15.9999998,23.8989251,35.5212197,31.2359031,62.0083946,80.9943619,99.9558356
0.999998239,3.99999349,8.9834383,15.9517006,24.9975913,31.0084817,48.9940145,63.9088386,80.338034,71.7689211
0.999993328,3.99999425,8.99994267,15.4775077,24.1695867,33.4909355,48.9115698,59.2344269,77.5038862,99.7396877
0.999974689,3.99999879,8.94286597,15.8008349,24.9763786,35.5660108,48.9210787,32.4936144,80.9734491,99.814954
0.99999875,3.9990568,8.99932217,15.5952429,24.9994766,35.9986397,48.9368381,63.9608165,80.6882488,38.3205507
0.999915193,3.95757478,8.97124045,15.9993061,24.9996162,35.9843424,48.9827381,62.3015869,74.0132769,74.2067937
0.999999962,4,8.99960429,15.9999942,18.8024146,35.9266886,42.7716914,63.8548965,78.4767318,99.9935887
0.99975904,3.99999997,8.98963646,15.9999731,23.9184039,33.5341053,48.9999029,63.9680123,80.6417167,69.8355662
0.99999533,3.99942602,8.87592195,15.8402032,24.6127302,35.5073594,45.6054934,63.8616458,79.4898906,90.1852483
0.99287106,3.99576214,8.93913637,15.9998993,24.9980038,35.9924712,48.9933081,61.6443609,55.7094295,96.4621037
0.999999995,4,9,15.9999877,24.9996245,35.9964891,48.9993336,62.8217086,62.0791187,76.5323157
0.985406294,3.97666305,8.999583,15.8908059,24.9885447,35.9703225,48.9132895,63.0562039,64.3593559,93.4718156
0.99875206,3.99959688,8.88156382,15.9856824,23.7947131,32.6185958,47.6753472,63.1109309,79.9001916,98.7015461
0.984529569,3.99617047,8.93185925,15.9480789,23.5453047,34.8813175,48.6940051,63.0302902,80.9560564,91.2930088
0.999916421,3.99481542,8.98694025,15.9710459,23.3290893,35.9879639,42.9137358,63.986274,79.3896727,91.5199115
0.99123726,3.99946092,8.82029053,15.8361581,24.6093153,35.7542452,48.942138,63.5138247,77.5784355,87.3180825
0.999990238,3.99994531,8.88250477,15.2004962,24.3042959,35.9548489,47.1798574,60.6445065,76.1947315,99.9947899
0.999951468,3.99790923,8.98166735,15.5286529,24.6630956,35.4175684,41.59532,63.9565224,80.9769565,91.7263989
0.999987519,3.99998087,8.92641749,15.9675784,24.7887262,35.9698679,45.2776187,63.9934845,53.1075216,99.9144724
0.999892345,3.99963907,8.99774482,15.9671115,24.4625264,26.6376908,48.8088664,63.769372,74.5872947,99.9050667
0.999999276,3.99999991,8.99949025,15.9997861,24.9999176,30.8756303,44.6343394,63.9923238,80.9969417,81.234349
0.99998182,3.99956609,8.93024457,15.9158406,23.1999817,35.6235928,48.1807893,63.8237729,74.5736184,95.2720276
0.999927195,3.96963203,8.94360976,15.2592464,24.9991626,35.9652125,48.7352557,61.5304049,80.3982092,81.4674579
0.999876422,3.99999861,8.99999158,15.5976624,24.9979706,35.9999375,48.921423,63.8859894,60.7332397,85.0423483
0.999999855,3.99997691,8.94953896,15.9784942,23.4880024,31.5491261,48.9999938,63.2042792,79.6652187,93.8205302
1,4,9,16,24.9999989,35.9999661,44.1186352,63.9604621,70.2930612,81.177007
0.99974525,3.99758946,7.85065753,15.9999751,24.6316174,35.6623949,48.860921,61.4985375,77.6787903,98.130453
0.998906653,3.9999039,8.8253465,15.6730217,24.9860044,34.2175895,48.9913161,63.4797242,66.6237811,98.5797758
0.99976599,3.99999176,8.82437456,15.8830348,24.9267444,29.5401524,48.9599819,58.5772118,80.8810762,98.6424611
0.997802943,3.9966771,8.49754461,15.8043741,24.9910122,35.8773933,48.6546094,63.8156433,80.9735841,71.5153958
0.999989545,3.99634476,8.99999306,15.931215,17.9416458,34.9379589,48.9878159,61.8641453,80.7174961,98.9321371
0.999999546,3.99998708,8.72229484,15.8955051,24.9998424,35.91196,45.7099901,63.2007579,65.6145336,99.3796436
0.999676454,3.99198529,8.99808965,15.1207154,24.6037932,35.9889287,47.6542621,63.9809299,80.8388541,74.3094594
0.999841502,3.99995162,8.97836661,15.9648819,24.9176463,31.1204299,48.5165485,61.3430959,80.9787079,88.2236843
0.999999414,3.99999613,8.99999927,15.9969364,19.109569,35.8904078,47.4564833,58.1742191,80.8463609,99.4037105
0.992105922,3.96797095,8.96639867,15.9942557,24.9124419,35.6113225,46.9692287,63.9732203,70.5928159,94.7590864
0.999999006,3.99926355,8.99935465,15.9990937,23.604469,35.9420168,48.9919574,49.8510711,75.2872879,98.7371081
0.999971178,3.99999099,8.99995939,15.9999936,24.9990499,34.629497,48.9997136,58.396427,76.5291718,81.935185
0.999860634,3.99665887,8.99059503,14.8681893,24.6017882,34.5019545,48.826746,63.0677372,74.8678644,98.9829947
0.999754495,3.99994261,8.98743243,15.6912931,24.490798,30.4489655,45.4903878,63.9976088,80.6556149,98.2283307
0.999995229,3.99999944,8.99999965,15.9931037,19.3506938,30.9737589,47.7591848,63.7021082,80.9989864,99.8485201
0.988936082,3.97619031,8.99985451,15.9902993,24.8402856,35.8795346,47.7780037,63.7511216,80.8121996,66.6601878
0.999946831,3.98599028,8.84749471,15.3740878,24.6802858,35.9295806,48.4033841,63.8601187,80.1412582,82.9620964
1,3.99999987,8.99999994,15.999997,24.9999976,35.9999814,48.9993891,62.7130986,48.5506968,89.3843458
0.999986731,3.99998529,8.82640425,15.929916,24.9992654,35.8927961,46.4903658,57.4795563,80.7385652,88.8876592
0.999057449,3.99301218,8.99985402,15.6103915,23.1292306,35.620085,47.2925508,62.2532908,78.1362965,99.3050256
0.996774178,3.92082636,8.99753183,15.5598631,24.2951122,35.9995172,48.9713723,63.6113282,69.1369024,96.6330056
0.999999646,3.99999026,8.99981563,15.9994022,24.3802804,27.3184513,47.9732915,63.9839047,80.5426342,92.9934487
0.999999577,3.99999771,8.99998716,15.9999781,23.041861,35.9993054,38.5958811,63.9977198,77.0237288,96.8997593
0.99999707,3.9999722,8.9999453,15.9999928,21.5860225,33.0400418,45.4005278,63.557553,79.9467028,99.8304763
0.999999994,3.99999999,8.99999931,16,24.9999923,35.9999942,48.9841069,38.2499077,66.4540847,99.9921122
0.992254763,3.9996735,8.99860533,15.9948174,24.9174333,35.9835188,48.5254605,63.8988607,43.8620803,98.298311
0.999999992,3.9999978,8.99999976,15.999001,24.4145755,35.9954117,48.9996315,57.5840746,66.0160609,94.2204855
0.996031468,3.99999998,8.99662448,15.9998301,24.8876824,28.8464082,48.0048102,56.6496019,80.7893307,99.7872619
0.999999756,3.99999969,8.99999988,15.9999594,24.9998866,35.9996261,48.99387,59.004254,75.9656758,66.1194151
0.998696798,3.99999896,8.55021001,15.9907435,24.5897075,35.9302109,45.4344888,63.5219596,76.5399258,96.9480336
0.999993243,3.99999954,8.9999891,15.9844502,23.7642139,34.007046,47.8171002,56.8334158,79.6347166,99.1752618
0.999998926,3.99925794,8.99993606,15.9861859,24.9990045,34.3718242,48.9511786,63.6190131,80.9999572,45.5313894
0.998281353,3.99306267,8.89083781,15.9665754,24.987909,35.9448453,47.7434822,62.3346211,79.7169563,77.4483218
0.999951661,3.98499551,8.77902957,15.7063436,24.3789123,35.997559,48.8411645,62.8680131,68.6481231,98.6125969
0.999999991,3.99999992,8.99986384,15.9709079,24.8861449,28.6667546,48.7806499,60.452871,75.0427665,99.8827194
0.997175255,3.9969291,8.7760653,15.9990718,24.8182601,35.8939133,48.7502883,48.5404268,80.9677079,94.7213253
0.986230441,3.99491771,8.99848662,15.6281073,24.7362198,35.5820863,46.6514468,63.837407,79.0044362,91.748112
0.999987733,3.9952534,8.93012894,15.3681991,24.918142,35.2838174,48.9881922,61.1037206,74.420289,96.2173664
0.997624789,3.99993156,8.67648544,15.9786246,24.7973666,35.4513342,42.8355155,60.2322035,79.7119206,99.9999837
0.999998,3.99996337,8.99981625,15.9999964,24.101141,35.7719529,47.2659982,61.8719273,79.7133446,81.8609234
0.999999098,3.99999026,8.99829431,15.9999689,24.9747324,33.1909085,46.075283,62.4331582,80.2306964,86.6735261
0.99999973,3.99999601,8.99941448,14.1765259,24.6446383,35.2059293,48.9991101,54.5152687,79.475217,99.8525431
0.999993174,4,8.99999362,15.9891688,24.7424108,30.577736,48.2496732,52.9848232,80.7183406,99.7128411
0.999800267,3.99997078,8.99985068,15.5773907,22.0758719,31.621917,48.1553792,63.4158104,80.9563046,99.6093851
0.99093648,3.99861783,8.99897152,15.9579299,23.2425737,34.4871544,48.9926691,63.9396479,77.0211824,90.683426
0.999999993,3.99999684,8.99996914,15.999821,24.9961639,25.9658918,48.9277335,51.2752879,80.9649628,99.5679046
0.997020604,3.76640076,8.99993124,15.9618662,24.7773248,35.9963283,47.8341646,61.8558022,79.6677959,90.6246902
0.999757993,3.99989687,8.97940225,14.6645615,24.9999716,35.8640275,48.9924161,61.3760083,73.9355373,92.7290167
0.999969664,3.99997045,8.8477756,15.6693037,24.9959877,35.9656914,48.949803,59.3287855,73.9296969,91.8031795
0.999995089,3.99974365,8.95889682,15.2984451,24.7748909,35.460361,48.8571702,63.0911886,66.7863859,98.5876169
0.999672023,3.98851218,8.92033982,15.9985876,22.6008877,35.6638357,48.4758518,63.8855266,67.8492716,99.4255725
0.999967489,3.99628919,8.9996906,15.6792738,24.9984878,35.9998813,48.0266673,50.2380748,73.3126747,99.4745931
0.993997936,3.99959037,8.83152839,15.9963581,24.995826,35.8909787,46.1071691,54.0594951,78.3803494,99.2432251
0.999361208,3.98608312,8.69363184,15.9995172,24.1942641,35.5551711,48.9994517,52.2370586,80.6892776,97.8145087
0.999752135,3.97403917,8.99977778,15.9919847,20.8178396,35.5988145,48.9859126,62.3273276,79.4908785,94.0639559
0.99999731,3.9999977,8.99996839,15.9995117,24.9986088,35.9997076,48.9901959,53.4882419,72.5242397,85.4879677
0.999994872,3.999965,8.99999998,15.9584987,24.7072425,35.1420551,46.0913761,61.3039062,77.0868187,94.3952971
0.999908736,3.99941104,8.95442241,15.9999909,22.7535399,35.9827842,48.8730071,55.0137658,80.948653,90.0886527
0.999999992,3.99999584,8.99995315,15.9999806,24.4403071,35.9971819,44.7609541,49.0311678,80.7419726,97.3214191
0.999898213,3.99998695,8.71508861,15.6762369,23.634428,35.9465353,48.9226852,62.9253367,75.3132044,96.5632204
0.999235639,3.99389966,8.86734376,15.6615595,24.9871051,35.9907075,48.9989044,63.9999934,69.3423754,81.64905
0.999187745,3.99978121,8.98407825,15.9898313,24.998734,34.0110865,48.9962163,54.9260812,79.8571133,88.3547875
0.99989658,3.99989012,8.97704331,13.3256796,24.2560283,35.1507419,47.0014538,63.2596309,80.743782,99.9262149
0.999546474,3.997707,8.92465963,15.9689512,23.9958696,35.9938144,48.8254678,62.7067109,73.6209329,89.3148925
0.999761577,3.99999972,8.81373834,15.9626913,24.9957967,35.239643,42.6254246,63.3048354,79.064412,94.7388476
0.999394071,3.99606135,8.99896008,15.3364597,24.9999908,35.6328318,47.5945135,57.6122964,73.2061221,99.8014909
0.990907539,3.99816436,8.99718205,15.9543371,24.6472013,33.5755788,48.6762778,54.7456869,80.6437884,98.345445
0.966292629,3.98779633,8.99499921,15.7841719,24.6809824,35.7857683,48.9859924,63.8239717,70.934471,94.444089
0.999999985,3.99996241,8.9996756,15.9931285,24.9986474,33.8556147,48.8078692,46.1568243,80.882135,93.9751633
0.996569552,3.98922973,8.88692781,13.7260338,24.9363741,35.7377726,48.0587716,63.9770615,79.40016,96.4902897
0.999078283,3.95944258,8.99951541,15.5546609,24.8890115,35.8620619,48.5488661,51.8394355,80.6088395,96.7079436
0.999997251,3.99999921,8.99992509,15.9882766,22.0245158,35.9851212,48.2398811,58.2646884,80.077397,93.3262312
0.97993173,3.97183061,8.99196429,15.5470084,24.9793866,35.9989688,41.479237,60.4124292,80.984963,98.7974497
0.996675762,3.99998736,8.68911314,15.9999323,24.9480583,34.6142538,48.9182963,63.9682747,76.0024958,83.7509659
0.999999992,4,8.99999992,15.999294,24.4198841,33.9902526,45.9437492,63.6644311,70.5801461,98.5845823
0.99999999,4,8.93188484,15.9962806,24.8782169,35.9763294,37.6265223,59.9176339,77.0520733,99.9549438
0.99998886,3.99999814,8.99907348,14.7089981,24.9319899,33.2357877,46.0239095,61.8252799,80.845067,99.0678766
0.999330393,3.99833891,8.96782852,15.889175,23.9737459,34.793513,48.9652026,58.8148872,72.6087716,99.9774371
0.999998476,3.9998874,8.56960099,15.9461831,24.9993573,35.9514457,48.6810399,63.9801923,68.9089179,86.0926098
0.998446902,3.98374063,8.9117917,15.9697822,24.9982577,34.1006739,48.8131482,63.8916208,53.7548273,99.9771885
0.999973344,3.98176932,8.47692967,15.6032648,24.8113077,35.2543412,48.9969996,61.8380988,73.3465705,99.9637055
0.999999439,3.95039869,8.99156583,15.9976584,24.1206223,35.9939901,48.7164799,63.80243,72.3966241,84.7769914
0.999043816,3.98972533,8.8616649,15.9979217,24.3433241,35.7759828,39.3567862,63.9510256,79.3504289,98.0247945
0.999947366,3.9999618,8.99915998,15.9999768,24.8463535,35.9869261,43.2604543,53.8649866,78.824973,97.5647157
0.999999996,3.99999988,8.99999999,15.9997897,24.9999781,35.9958677,30.0150113,63.9765727,77.5035309,93.7032643
0.999991325,3.99998548,8.92879608,15.8875071,24.9860744,35.9977487,43.6966943,63.9750978,77.8295161,81.4611859
0.999999704,3.99999996,8.99979209,15.9999993,24.9992096,35.9988985,38.3841148,63.6987329,80.169317,77.0925831
0.99996481,3.99836064,8.94336494,15.9933788,24.9999518,26.317581,45.5632333,63.9932395,80.8524054,96.1848559
0.999822409,3.99940709,8.93798165,15.9995158,24.9849247,31.2032775,45.6136341,63.8790373,72.5090454,99.7055399
0.999975517,3.99955435,8.99989322,15.5822008,24.5351452,35.9922148,48.9038083,63.4873754,72.060005,83.9692975
0.999999688,3.99998707,8.93786954,15.9847247,24.9972678,35.9493259,48.998275,48.1863235,80.4742346,83.5729453
0.999998805,3.99981638,8.99998539,15.8158763,24.0863362,35.978029,38.3558408,63.3604619,76.3529595,99.8210371
0.994967736,3.96392401,8.98812715,15.4606295,24.4981584,35.1758006,47.6256643,62.1708207,79.3568889,99.0498448
0.999443899,3.97925005,8.89525566,15.9974129,24.4181421,35.9794429,48.9995789,41.3901184,79.7734825,99.6664771
0.999999775,3.99999998,8.9999747,16,24.9989007,35.9999477,45.6760909,50.3935598,80.9850353,84.8731076
0.999995162,3.99999199,8.99381443,15.9831624,24.9524431,28.0150858,48.9952608,63.8214113,80.8070255,78.9459621
0.997766482,3.9996807,8.99865236,15.9995526,17.6979315,35.9991644,48.4328864,63.3766162,80.9878744,90.3066293
0.99998089,3.99721561,8.98427043,15.6527203,24.9999337,35.7288495,48.8296116,41.036549,80.9078606,97.1932198
0.999983113,3.99921654,8.99411052,15.5046971,24.9981009,35.9684115,48.9638471,59.0185862,57.2209195,99.624501
1,4,9,16,24.9954382,32.7871434,45.4527248,63.9948432,74.1335339,91.6056618
0.99255693,3.99909415,8.9244157,15.9984251,24.9930599,35.9869973,45.220579,62.0391202,73.7912705,94.753317
0.999999582,3.99999052,8.99997747,15.9994939,24.9866445,35.8310386,33.1082941,52.9503877,80.9468932,99.9951828
0.999746521,3.99983449,8.98914231,15.5301929,24.9123388,33.4045622,46.5161087,63.9089767,71.1121371,99.8232077
0.999992818,3.9644105,8.94464588,15.1411853,24.4866862,35.9862839,48.1175897,57.1243545,80.8249658,97.8223053
0.999999756,3.99975692,8.86194239,15.9877634,24.9976347,34.9580952,48.9943017,50.4839697,79.1754991,94.8578633
0.999999981,3.99999986,8.99999948,15.999554,24.908984,34.5603257,35.8069203,63.9986982,71.6906651,99.9799412
0.999763141,3.93188922,7.82569971,15.8873421,24.6656915,35.4470566,48.0236617,63.4965565,80.2717811,99.6175391
0.999990798,3.99999641,8.99991222,16,24.9999967,33.5513362,48.925673,51.5583578,77.8249466,95.2238935
0.9999962,3.99999741,8.99999992,15.9984265,24.983667,34.6808268,48.2424781,36.4878013,80.9918552,98.6911744
0.959765514,3.98945034,8.99295871,15.9999994,24.7279563,35.8664973,46.9005696,63.7440041,80.3058294,83.3308345
0.999868948,3.9913675,8.98824856,12.8007365,24.9592752,35.9491752,48.3692015,63.9781556,78.4531318,93.3360304
0.999936736,3.97452343,8.98086245,15.7615418,24.9865635,35.8856373,48.9699688,47.6634559,80.9131346,91.6666696
0.998581184,3.96748196,8.98793369,15.8643317,24.3552158,35.9169767,47.3029004,62.3261694,72.0622376,99.0263251
0.999991997,3.99892768,8.99994054,15.7531812,21.0824983,31.6827745,48.9296533,62.8311098,80.5158963,99.8474546
0.999867118,3.99996832,8.95956851,15.6886713,24.1893349,35.9967231,48.9980823,51.4742169,80.4208929,93.7623356
0.999999879,3.99980967,8.99998985,15.9994438,23.8056766,33.9185755,42.6988504,63.8937503,78.2064767,98.2421041
1,4,9,15.9999791,24.9999872,35.9999168,42.6288021,56.802466,80.7308166,84.9222099
0.99988196,3.95710505,8.99456953,15.9784139,24.9382594,34.1265288,44.7452607,61.1920842,80.9994515,93.2795474
0.999999988,3.99999947,8.99999978,15.999995,24.9183185,32.2608786,47.4156083,57.9506156,80.5581384,94.0165032
0.999901037,3.99759332,8.91296796,14.8138445,24.8771773,35.6660947,48.9644519,63.8873903,80.0083709,79.5949477
1,4,8.99999999,16,24.9999202,33.9990775,48.9273411,56.3911586,70.4987099,96.4601955
0.999999988,4,8.9999953,15.9999663,24.1446511,35.9321579,38.0355938,54.8321769,80.8608242,99.9411687
0.992414588,3.98378863,8.99933049,15.999987,24.8326146,35.3723412,48.9933791,61.2696069,72.0818972,91.1576052
0.999376824,3.9994838,8.97682154,15.9468239,23.1740506,35.9994834,48.6499195,60.7526537,67.4959927,99.5357613
0.999915561,3.99999153,8.91722644,15.9709746,24.9396372,35.9220924,48.924123,48.0867381,72.7296666,99.3849499
0.997196872,3.9993679,8.75856217,15.8471912,24.7917866,35.9888735,47.4598785,63.9750962,78.7961402,82.1121407
0.999999834,3.99999631,8.99999912,15.9982651,24.9962235,35.9237713,46.1701204,59.4248078,62.0068523,98.8749642
0.999995578,3.99963017,8.87425852,15.9410367,23.1529139,35.5306722,48.4038824,55.8374698,80.3154516,99.356922
0.999994637,3.99999964,8.9999999,15.9980373,23.3140058,34.2786041,48.9838844,60.1564996,79.6899432,90.3381671
0.999999028,3.99938403,8.96317604,15.5340344,24.8891072,35.695816,42.0615347,63.174538,77.3003843,98.8201787
0.995624777,3.99967315,8.92855638,15.9923133,24.6425522,28.838567,48.1109308,63.7920689,80.9915313,93.8886979
0.999997343,3.99999987,8.99981779,15.9998738,24.9189922,22.6363048,48.2361922,63.940216,76.7913578,99.4406492
0.99998998,3.99918104,8.99975231,15.9954556,24.9781959,33.6174689,46.7845192,58.8157217,75.4290705,98.5705994
0.999984589,3.99991221,8.99903351,15.98895,24.1386258,31.4676785,48.9008237,63.9974608,80.4099573,79.7983845
0.998863029,3.99962115,8.99176753,15.4288522,24.5153933,35.6751324,48.909211,53.3713341,77.2925752,99.7204721
0.976424996,3.99956279,8.9991918,15.7646144,24.7864024,35.3305574,48.6443177,58.2335511,80.9728883,91.0704622
1,3.99960144,8.9620348,15.9951469,23.4995267,35.3028152,45.538728,59.0953026,79.7601008,99.4795354
0.998917424,3.99982967,8.67510116,15.9026027,24.9795393,35.3607414,47.2378268,63.8249376,73.5419395,95.3848878
0.998382152,3.97908685,8.99473462,15.5268451,24.8721887,35.9435665,46.1310673,63.6806094,75.7519962,93.7324345
0.99999993,3.99990138,8.99995775,15.9998668,24.9805641,34.2205844,47.6307246,63.9995261,44.8202766,99.9284985
0.999997456,3.99999484,8.99812127,15.2503714,24.3235283,31.6587333,47.7063258,63.9866753,80.2627817,96.5806391
0.999999874,3.99999755,8.99501832,15.9915387,24.9990775,35.996933,43.683921,61.4874738,69.855209,95.2518428
0.999999988,3.999914,8.99839738,15.204611,24.9970077,35.9971994,48.9572428,57.8176959,74.9382124,90.3894947
0.988375791,3.98654825,8.99978236,15.9905281,24.8487724,35.9280509,46.8909037,52.531266,80.7805996,95.4444058
0.999999993,3.9999996,8.99999928,15.9999841,24.9999918,35.9966134,48.9994804,22.9059906,80.9879691,94.4636715
0.999965067,3.99999129,8.9777415,14.7197394,24.9995095,35.9428487,48.2964243,63.9977178,67.9681637,92.6549184
0.999666544,3.99987464,8.92609931,15.4238732,24.0502078,35.5025658,48.3786027,58.7465982,80.4027625,98.2317958
0.999854139,3.99469561,8.93744605,14.3160948,24.1644867,35.9964653,47.6543214,61.2976909,80.99448,96.5590188
0.997487231,3.94794066,8.97915891,15.5063129,24.9058702,34.98549,48.9908178,61.7140342,79.6924952,91.2581822
0.992494702,3.9991235,8.99914815,15.9900321,24.6972801,35.9018915,35.7939223,63.836091,80.9795345,91.3919436
0.99999894,3.99999538,8.92869044,15.9856389,24.9944161,35.9965577,48.9980889,63.9751112,74.042177,55.9426938
0.999980965,3.99999979,8.92528207,15.9998537,23.9952963,35.8673533,48.7533925,62.8908385,80.4262361,70.7526955
0.999487697,3.99065525,8.74358052,15.9203931,24.7999617,31.3959027,47.5435308,60.8720446,80.8812754,99.8938528
0.988401488,3.99337506,8.90352285,15.9863667,24.9895212,35.9573913,48.8362017,36.1677823,80.4291663,99.9497901
0.999998619,3.99999771,8.99990165,15.9995673,24.9901647,30.3000189,48.9991379,63.6049413,68.977146,93.2679561
0.99999483,3.99952075,8.77538909,15.7233142,24.7710048,34.9140747,46.6287327,57.5933084,80.6419973,99.7323125
0.999820665,3.99964879,8.63221464,15.8585629,24.9024997,35.6392662,48.9911134,61.9650685,76.5196008,89.9614787
0.982090612,3.95515116,8.92236564,15.9849444,24.9260242,35.9999975,43.4730318,63.2956726,74.2786572,99.4256859
0.999972562,3.95161365,8.99807335,15.9965302,23.8722601,35.9419295,48.9004303,61.7365591,80.2935501,77.3124469
0.999903338,3.99971339,8.92829248,15.9999185,24.9999245,35.998813,44.1975601,61.2578619,80.993028,73.7632356
0.99934388,3.94537662,8.95626221,15.8461695,23.199081,35.2322845,48.8355894,59.1952128,80.6121441,98.7521579
0.999842475,3.99938998,8.95033108,15.9944831,24.9939344,35.8963278,46.5233331,61.2427531,76.3617821,87.1350587
0.999403539,3.99955866,8.99623228,15.9854221,24.6969143,33.9369799,43.554831,63.9209333,79.7194666,91.8963139
0.999966216,3.99999013,8.99990728,15.9699229,24.3963248,35.7949386,46.4604529,56.160326,74.8841477,99.5131219
0.999132576,3.99902277,8.85341923,15.9598693,24.7621215,35.3836521,48.8658234,63.961784,66.5990202,92.8539201
