0.00109709632,0.00169018291,0.000183258887,0.264751244,0.134248277,1.06915363,1.30352142,2.56087446,3.18185326,6.17648967
0.12479601,0.0623241334,0.00204059861,0.012884978,3.13666399,0.0307264175,0.0644874195,1.15836857,0.00490494985,1.01532818
0.0144682341,0.0330790976,1.55216287,0.203198832,0.0204802102,0.42829283,0.375483607,0.513400701,0.44167138,0.676281181
0.0085023062,0.999317503,0.00167505464,0.255256873,0.00194299826,0.173354441,0.524517548,0.0643331199,0.195393606,3.20458599
0.00030293373,0.00126541465,0.000248867606,0.0288235262,10.592602,0.404962023,0.0235169099,2.5248734,0.0871538701,0.142378583
1.57636823e-06,2.56908e-06,7.37131421e-05,0.000273267333,5.48024442e-05,0.00213585496,40.6791971,0.00689604308,0.0985426606,0.396422229
6.7410363e-09,4.49350216e-07,5.16982689e-12,0.000392147501,1.52939943e-05,32.7801153,0.0115801616,0.0410204334,3.61013693e-07,0.0313672495
1.18839526e-10,3.52574981e-11,6.52161378e-11,2.96562267e-08,3.17870694e-10,1.50584789e-07,1.04634189e-06,1.98658963e-05,80.8767116,1.09157264e-05
2.32235817e-08,1.07270795e-10,1.37601464e-08,5.68117633e-06,0.000117213778,0.0141782519,0.0048255476,60.7900658,0.00149006477,0.000251646884
2.32865011e-05,0.000153585951,0.000121611181,6.57803148,0.00807404376,0.477191124,0.00212340457,0.513959954,1.33137966,1.33931887
3.68045765e-19,6.50727242e-18,3.09371817e-18,4.22583499e-19,9.93220718e-18,3.41396363e-17,3.34072376e-14,2.9232943e-13,4.10960838e-10,99.9996723
0.0670081524,0.423290196,0.147334227,0.0073240091,1.36477864,0.183988802,0.00638090521,0.276358307,0.368192525,0.0167880753
2.17284827e-09,8.41074316e-06,1.62526378e-05,0.0360249257,5.14035014,0.00161315627,0.0464332137,19.6564268,0.0110957632,0.00109232542
1.77678983e-07,1.44908552e-05,0.771848789,0.0111439299,0.00869729168,6.64736817,1.06067787,0.00259581544,4.33367638,0.0106572084
0.0451925598,0.000310916834,0.0347893334,0.0227866519,0.0241877389,0.0149071556,16.2002753,0.00086113856,0.465350005,1.79452969
0.04700528,0.0169258597,0.00702759446,0.00711328102,0.0371626406,0.0241893865,0.596228587,0.0734163803,3.29242138e-10,38.5612623
1.79698941e-09,7.53554311e-09,8.10040233e-08,2.00541594e-06,2.71179275e-05,7.4297459e-05,0.000530561746,1.89813664e-06,42.1916804,11.9129721
3.80929091e-13,4.75090913e-12,2.62617802e-13,1.8247889e-07,2.25343244e-08,3.44407977e-07,8.0739873e-06,31.8576454,0.0381128615,12.2470891
3.83931656e-06,1.32895332e-05,4.87053292e-05,0.00208652089,0.062458372,16.8133307,0.113167681,0.310319038,2.32283132,0.647396824
7.49451579e-05,0.000444052224,0.0607800982,3.46963024,0.0992535872,1.89576219,0.21525447,0.273594065,0.316410845,1.66982119
0.0573113485,7.94567396e-05,0.142307844,0.0543983645,0.0925964494,0.0154167202,0.856429563,0.129469757,20.154945,0.000787385419
0.118679159,0.00511314362,0.563795832,0.00602891582,0.204065331,0.408086439,0.0248207552,0.637300405,0.31228096,2.98999887
0.000491887651,0.450676588,0.00577150548,0.0161381304,0.0759630221,0.0432492818,0.000820780015,0.173073441,7.91925596,9.76722035
0.00133036298,0.00496448446,0.53082206,0.0886625133,0.00245892334,0.0178920285,0.249889507,0.200578947,0.000565776511,37.3227913
3.91214889e-06,0.0123022146,0.000546335602,0.0337063034,4.48920285,0.0703332998,11.5810138,0.210369182,0.00789892188,0.0229043426
3.83239983e-09,5.89993993e-12,8.6142158e-09,2.24440915e-08,0.00113262819,0.000830222506,22.8875051,7.74728432,0.0178461494,0.0830174559
9.99184302e-12,1.89561273e-09,8.77779827e-10,2.28502901e-07,5.95894584e-07,4.63374037e-06,2.12709868e-05,2.10757782e-05,6.97053442,59.2653978
0.0941795831,0.0060787743,0.063458337,0.0887864464,0.0182733055,0.0347494095,3.95313198,0.962886405,0.43734071,2.95158587
3.50210179e-05,0.000177769088,0.000458919557,2.17686942e-05,3.87173249,0.107974053,0.290216779,0.0513868914,21.0273325,0.377092331
4.37417458e-06,0.000727375578,0.499958474,7.95150218e-05,0.00946189089,0.0795476942,0.0120226663,1.21885335,28.8694622,0.679020837
7.85818091e-08,6.58676756e-08,3.32148781e-05,0.00214393541,2.85618164,0.288531457,0.162460669,0.254835627,0.00695011754,32.5765304
5.20572714e-10,7.09355082e-09,2.47545339e-06,6.24400655e-10,0.011260769,0.0274482658,11.5182307,0.00107279674,24.5258122,0.0208532862
2.79409416e-08,3.4825015e-07,1.3453936e-06,4.78516809e-08,2.17921177e-05,3.80368356e-05,12.8837815,0.0294833758,0.0398532711,28.7923712
0.00383407497,0.0026641574,0.483314247,1.53356962,0.102307949,5.53510305e-07,0.827022747,0.752006995,0.156098515,5.74063066
3.42201615e-07,1.19041465e-07,0.000230363427,1.71679392,4.32197555,0.262849302,0.57131386,1.15775307,0.300715822,0.0956656328
1.15347071e-07,1.99396047e-06,3.29820399e-06,3.1774475e-07,0.000206343969,0.00025578822,0.000861669792,19.2033287,22.2881233,0.00159781868
2.91096165e-06,6.79294728e-06,4.79621918e-05,1.72936008,0.253587636,0.0654710663,0.0180524666,0.0288545129,0.191205299,33.2562582
0.000191138149,0.000141786432,0.0191852102,0.0732576188,3.01356168,7.99035349,0.00793552667,0.58216239,0.907784245,0.00105272298
8.10295626e-08,2.32209378e-07,1.82970203e-06,1.0064593e-06,0.00273656849,0.0226306353,10.2966341,19.1141105,0.232800015,0.019452745
5.61721489e-08,2.29762385e-07,1.61658156e-06,3.87920038e-05,0.000767732361,9.97623133e-05,2.0658687e-05,15.0489589,0.0154479343,33.7234316
5.33944538e-05,3.8988573e-10,1.07293061e-05,0.00313805905,0.000273831325,7.69137739,0.137494381,0.031787284,23.9803274,0.00373730435
2.54652263e-05,0.000505499396,0.00700580177,0.00291078077,7.26704024,4.28677239,0.157563924,0.000177334726,0.983072687,0.0884679836
9.12865499e-10,1.70867225e-11,2.0800439e-06,3.91789206e-09,0.00107610265,7.59209863,14.3159453,0.0134404532,0.0374615136,0.399744128
1.35235166e-08,3.16820842e-08,6.63856893e-06,8.99434635e-06,0.00415139421,0.00272489291,3.64418081e-06,0.0300058037,20.2334317,30.6599076
1.11547262e-05,0.0016934773,1.17570078,0.0334788267,0.0974618264,0.359400136,0.00164580694,11.7867334,0.787444719,0.220760327
1.13914927e-06,7.6224092e-06,1.03820127e-06,3.54326871e-06,0.00592016418,8.15643162,0.0646519426,9.1400084e-05,0.0896606479,29.4451639
0.000950139001,0.0186233731,0.454424474,0.00129370441,2.41212458,0.762174659,0.00694275433,0.00906911221,0.423352208,10.2015891
0.0200155956,0.00015785682,0.00119917579,1.236955,0.0470519257,0.025042988,0.0507956263,16.6209156,0.00142826598,1.36363314
0.0025591549,0.142956863,0.334343428,0.000265549786,0.163693623,4.22146924e-05,1.66755769,12.5815401,0.0999289265,0.0237160975
0.046510469,0.21422406,0.00573053142,0.11834373,0.0132577884,0.505547059,2.97091157,0.617112228,1.74595179,0.103197553
3.50566125e-06,0.00276116023,0.000123274847,1.43568539,0.00353523703,0.0246389329,11.3254538,1.27093308,0.411757629,1.03141451
7.04670411e-06,0.000271560346,0.0128347836,1.99015718,0.031546228,0.188044386,0.0689506428,0.492401481,16.5837922,0.789566388
3.97682388e-13,2.93353908e-12,1.59403424e-12,2.45334638e-07,0.000294816689,6.2665847,0.230575895,17.5889832,0.841248133,0.00683417476
0.00748043621,0.0311766155,0.297352611,0.000531876424,0.443238814,7.92556242,0.0911403815,1.67926446,0.012361934,0.0270799406
0.000245991856,0.000221248458,0.37894986,0.119836997,0.0106825515,0.0145779867,8.8635841,0.381280756,1.69111356,3.77715899
0.0286101199,0.0283167426,0.00122704136,0.83466449,3.15061817,0.000825100494,0.0444872429,0.65738215,2.28183377,0.334318378
0.000253896046,0.193041429,0.115911866,1.02028241,1.65456019,0.100121124,1.57275887,0.146555978,0.00626552189,0.47111412
4.0261584e-05,0.00138481212,0.860945088,0.0209461808,1.57898005,0.0141763669,5.56707503,0.90778149,0.0823508689,0.352010878
0.0191758666,0.0170480528,0.0585174223,0.0817978684,0.01558999,0.0674015567,0.220991381,0.562803425,22.52497,0.901170046
8.10567803e-08,4.47986148e-06,4.95935805e-05,2.75993496e-06,2.25002454,0.677880185,7.79387696e-05,13.7230085,4.06987891,0.0767415243
3.20844592e-08,6.38251817e-09,2.65203267e-06,5.89899041e-06,5.37866138,0.00289383675,0.0086347911,1.08699767,0.94031235,17.3891841
0.0305991452,0.00113601401,0.0012926422,0.00951999229,0.518283503,0.390741379,5.62966798,5.16731319,0.615431333,0.0702490749
0.0114119214,1.51949187e-07,0.0211282596,0.0362402098,0.0879104776,0.0347018874,2.06544509,0.138696958,0.633107639,31.3718394
4.43905101e-08,3.7786167e-06,2.80272459e-05,0.00114584919,1.56128534,0.47760087,13.3819737,1.18265662,0.291165924,0.437350776
0.0156619892,0.00988603871,0.626960253,0.0690971258,0.0205356509,0.242222454,0.267146955,1.66829327,1.33743257,6.57350467
7.58186943e-05,0.080163406,0.00156216554,0.000198324864,3.30524711,0.308563873,2.16794831,0.414212032,0.855281969,3.53666123
4.55629876e-05,1.87760988e-06,0.0152733589,0.000220460189,0.00185379868,0.0753597397,0.00241534701,0.528563487,60.3316518,0.00536568675
6.49518805e-06,2.54548219e-06,7.33523501e-05,1.15110287e-06,0.00142525682,0.0569756833,0.106238785,45.1844898,1.21893959,0.00395083343
0.0164732713,0.198785383,0.154674925,0.0028388881,0.117808922,2.87514219,1.18519128e-05,3.19752324,0.225637488,0.951328809
0.00173788899,0.000403987772,0.0202176245,1.01847805,3.45548264e-08,8.63135281,1.22132534,0.55093766,0.00518090994,0.578051995
0.00221110531,0.203418999,0.000322908022,0.262490963,0.00242414962,1.74403708,0.342911089,0.0308040589,0.0426029406,18.7058663
0.0301367798,0.00249509166,0.0274739677,1.27612674,0.076035554,0.981068057,0.530398926,1.23908802,0.591262766,2.19526474
0.000281698718,0.000198505729,1.13402575,0.0591526624,0.169437505,7.38566572,0.00960637533,0.135155133,0.0365579196,1.23309781
0.000906818552,0.000876148248,1.03534231,0.345293262,0.445513066,0.0674272801,6.73034654e-06,0.000247696293,8.99224394,2.27633932
0.000978736928,0.0577763825,0.310456086,0.23738598,0.394763917,0.128407732,0.0904428392,1.74505742,10.3537479,0.0450921244
0.000525076044,0.609019217,0.00622342622,0.0472196081,0.270134265,0.308010529,0.0293347205,7.26640723,0.268374129,0.624136204
9.55200427e-07,2.4016273e-05,0.00147597049,1.97439131,1.60122106,0.0937281321,4.72920129,0.49827829,0.306298952,0.243646901
0.0228618938,0.0244248452,4.92419609e-05,3.84601798,1.23927389,0.00148974961,1.46277193,0.028162113,0.000123686719,0.0559703007
4.33961378e-06,3.24169204e-05,0.00131499197,0.00119711255,1.60502805,0.0961993633,0.0314576406,0.000480619836,16.2850801,12.3933906
5.08680909e-12,4.27388025e-12,2.28541027e-09,0.0001179874,0.00100375786,0.00119651134,9.1632067e-05,16.2014335,6.39615726,10.8791872
1.53792877e-05,8.48486876e-05,0.0020271611,0.0016049227,3.46219067e-05,0.0237765787,30.8195318,0.418628224,0.916293235,0.204324013
0.00421102498,0.00328165167,0.313984939,0.0109844289,0.00706789119,0.0197048095,1.5830989,1.96714464,0.302783501,20.0552054
1.63761085e-06,7.36813984e-05,0.000256637294,1.74943476,1.35732245,0.0921665444,0.0220836391,12.5420436,0.316441394,0.0117546294
1.21240179e-07,6.04979637e-09,0.00513877117,0.0117119136,1.74429856,0.0652290466,0.437758064,0.00216983488,34.1577303,0.0722030066
0.0579330627,0.00732343221,0.188099355,0.374390521,1.40269042e-05,0.353064508,1.16562344,2.23840363,2.76054299,0.0591946506
1.46535989e-06,2.86657851e-05,0.000108039945,0.000129461581,0.0138970204,0.0882280952,18.3138019,0.0411417357,12.0909807,0.00405476393
2.20444528e-09,5.16596818e-06,0.000415447018,0.000245795698,0.000812899168,0.00143311464,8.3030609,7.83198545,9.96693602,0.00180684915
6.56835996e-05,9.50116672e-06,0.00144990572,1.02156488,0.00598996477,0.0136500149,2.66946181e-06,1.01215407,33.172736,0.336971911
0.0264718747,7.8207555e-05,0.322746203,0.262150287,0.0146743309,1.76921503,0.671541072,0.484582156,0.171777798,6.24402467
0.0250425954,6.31301124e-06,0.000182755895,0.00428749232,0.0466065506,0.709198797,0.570326962,0.284988605,7.63185274,13.4538917
0.0168923228,0.0856410754,0.00709850665,0.0267918044,0.0165873185,0.311514417,14.2966235,0.165790131,0.073894436,1.0434455
2.78034001e-07,5.27747989e-08,5.24080506e-08,4.66894674e-06,0.00161042597,5.97143304e-07,0.000225073965,10.0628413,35.2412694,0.0305825139
1.00253889e-11,1.47145026e-10,9.3186302e-09,1.64449285e-09,4.00742232e-06,1.50721421e-05,4.37417047e-08,1.16993411,0.0348277722,78.7250897
0.0022446659,0.000795311651,0.0492584567,1.54956656,0.00992306391,0.0905321009,0.434837922,0.933040966,1.4977292,12.1403873
5.72988206e-07,3.07099709e-05,0.00925688801,0.0320062964,0.269130581,11.4869124,0.00320694127,8.32367585,6.10939975e-05,0.0408926129
5.04295991e-06,3.70296928e-07,2.06887522e-06,0.000320527769,1.39599742,5.70422797,0.0929479889,0.444594097,11.480722,0.0225730913
1.46182195e-06,8.13935702e-05,0.00141176084,0.00229125529,0.0141990143,0.000219985495,19.5372182,0.00552931116,0.047553997,14.7779176
0.0188111534,0.000408570776,0.0327907658,5.89870994e-05,0.526875822,0.287631432,0.240489837,21.4412207,0.35323421,0.0428010628
1.10885857e-05,1.4765411e-06,1.4905238e-11,0.000122145212,5.05223284e-05,3.95888326,7.56056079,0.0153135159,0.00384387425,14.8022648
3.70953365e-11,1.48202551e-09,6.65170352e-07,2.91524067e-05,5.14489178,4.47173859,0.114863715,3.62842396,0.0832904905,0.0290767669
8.89360113e-08,1.27682784e-05,0.00667117663,0.000344800978,7.84161876,0.0257560495,0.00313518972,0.219339256,0.148651089,15.5248501
0.0164769905,0.00679764956,0.164154619,1.29743115,1.66459334,0.00172666746,0.0343798994,1.8971982,1.04743501,0.321424757
5.43569494e-09,6.23882865e-06,0.000225526099,0.000305110749,0.0201780272,2.08628578,0.00405613484,7.72054462,17.3101466,0.325432522
2.16814204e-05,9.50326027e-06,3.77437614e-08,0.0088012355,1.90988872,0.00341095738,5.71534578,1.07123752,0.00115890939,14.2684818
0.00108489542,0.161869836,0.00659529006,0.0550098478,0.0618193214,1.21864596,0.00167184788,14.3802488,0.0375424946,1.9547003
1.90296257e-08,2.61639893e-06,0.00146253736,0.00126881185,7.22764021,0.0290165483,0.0474420231,9.54718666,0.123362861,0.715870002
0.000127919822,0.000646527884,0.672025739,0.052709871,0.932004852,0.0631924595,0.569959531,0.000215396149,11.0934144,1.75822525
8.37733525e-15,3.38429618e-09,1.54544059e-07,2.38482362e-08,1.63843079e-06,2.25583205e-05,5.69968525e-06,29.3214714,12.7759422,0.000218415033
1.36506903e-07,1.38586671e-06,0.308852262,0.0069769939,0.386594338,0.0426089525,0.00318354402,20.4436917,0.0442953815,3.85868087
3.87762313e-05,0.00075984178,0.000823550381,0.00634182167,0.0166281943,10.2531385,6.09155876,0.00443349959,1.66335139,0.0869147017
0.00499723652,0.153990432,2.2466928e-05,0.873995096,0.000238128363,0.00739785314,7.66599401,0.0422148267,0.370573676,3.46060478
3.77014973e-05,6.55463391e-05,0.00123425597,0.756702653,0.547683611,0.017826349,3.3772181,0.302455633,15.8348299,0.00110966124
0.0146712277,0.00735709732,0.19290603,7.02867302e-05,2.90684667,0.017598618,0.667685251,0.486230889,4.88065971,0.885854375
9.4727953e-07,1.93428627e-05,4.6149471e-05,1.97053679e-05,2.6543457e-05,0.00137784907,7.15468889,0.00246814337,0.0670992929,43.8049767
1.07375772e-05,9.58321122e-05,0.55089871,0.317743783,0.32520236,0.000474064759,0.331175977,9.3018715,1.59049192,0.74986072
1.01055448e-06,1.03323927e-06,1.81731466e-07,0.000778719346,0.0019941105,0.207857286,5.00696141,0.144517785,34.0849662,0.0104401225
0.000839369037,1.40425956e-06,0.00101573538,0.792201805,0.00864068388,0.031070997,0.0249848899,22.7764138,3.53936172,0.00233951456
2.64449523e-06,3.31825648e-07,1.93370023e-05,9.65703801e-06,8.67814162e-05,1.49908172e-06,14.9162589,8.89914016,0.486326556,1.27448749
1.05712903e-07,1.46154868e-05,4.49714813e-07,2.04067788e-05,6.12477956e-06,0.000134939659,0.00124213144,2.26760914,26.3747157,12.2189961
6.36543218e-06,0.000108661869,0.00041328871,0.000212356746,0.00413904698,3.40023817,0.130797871,0.00940855205,0.195230051,44.534187
1.28457622e-10,1.78705521e-11,5.08215114e-08,2.04365604e-07,3.71262573e-05,0.00136467733,2.42127581e-05,6.77087765,8.23038271,23.1540702
1.56963976e-07,7.48687823e-09,8.60291866e-07,0.982832655,3.02381428,0.624387704,3.01146175e-05,0.385973313,0.0887181385,11.3316007
0.0146869508,0.00451824098,0.175492455,0.0779000007,0.00107929361,0.00153582809,6.32815684,1.32694512,0.0496192052,9.28809439
8.50084879e-06,0.00021921849,0.000224134302,6.70258165e-05,0.000393098005,8.36488934,0.0379791755,0.105591039,4.91663306,10.8451121
0.0138363475,0.0273724412,0.0123389389,8.0414982e-06,0.108770389,5.00450367,5.32206724,0.00233874913,1.28201689,0.41840535
0.000168641693,2.24881613e-05,0.00157500699,2.87511564,2.14579924,0.000643400274,0.00576734088,0.460644284,0.603993816,5.61041714
4.94456507e-05,2.64154135e-05,0.00160707191,2.32903427,0.327151387,2.08458916,0.213931424,4.48974737,0.069327306,0.447865431
0.0127272406,0.0350032087,0.112713317,0.00928172563,0.10397888,0.000207937352,0.0200598944,9.44126802,0.0062402613,14.2204374
0.00130721566,0.00538650182,0.00389958149,0.142843876,5.67131529,0.00125159924,5.32611419,0.104893382,0.485313568,0.335782004
3.117717e-05,4.99088331e-06,0.31271576,0.072864989,0.0174668424,0.0406363948,0.051490295,0.0475367903,0.165148292,50.197987
4.66404926e-08,5.2997866e-06,2.82098231e-05,0.000339545646,0.000308871763,23.0030359,0.27606005,0.32332646,0.136338663,0.634588723
1.1011562e-05,7.3204991e-05,4.34008449e-06,1.37507037e-05,0.000937326231,6.15248573e-05,5.51323586,0.0336310188,13.567598,12.92107
0.000905323554,0.167874587,0.0097137981,0.536590084,0.000659407767,0.710185449,0.663268282,1.81894463,7.18374373,0.227758967
0.033497237,0.000716196005,7.35111067e-05,0.613025163,0.0562205417,0.0180607166,0.188489705,0.171677147,0.788244727,26.2439689
3.51622389e-05,6.6576408e-06,0.567876548,0.0170039742,0.000260947527,10.9899013,0.0180440973,0.199781095,2.95470607,0.104920063
2.9044421e-09,1.27553211e-07,4.08667525e-09,3.74429701e-08,1.27851843e-06,1.44955981e-05,5.56755844,28.7539497,0.0606873961,0.314661149
0.0167833179,0.0029536043,7.07671938e-05,0.195796685,1.73018026,0.701339747,0.752213784,0.303585288,0.0314759679,11.3661257
4.84168124e-05,1.11550061e-06,0.00183006748,0.503771615,0.953385993,2.08945403,0.0719846979,0.013992532,0.10061607,21.307005
9.44389584e-06,0.000736164821,2.50496032e-06,0.00406203532,1.64554148,0.00126099403,0.013671196,0.0173074113,0.877052024,47.341892
4.19697043e-12,3.04106232e-11,1.89670489e-09,5.36062623e-08,0.0061007283,0.0243287933,5.45158364,10.0057278,0.00414286462,13.5787586
0.00486747323,0.117180253,0.0952767397,1.54169815,0.00601850506,0.00730227197,1.73659804,4.80110149,0.157050122,0.060121268
0.0010437882,0.000870180063,0.218828287,0.0143213061,2.42324605,0.0357423479,0.00120903225,0.250500816,16.3710268,0.892326815
0.0140010368,0.00118797712,0.00732974847,0.0188638259,2.07106776,0.00353053314,7.14775754,0.0766114863,3.40464698,0.664533289
1.43755393e-09,2.74319581e-09,6.79540642e-07,0.000587141325,0.0048930015,0.069092528,12.2593361,0.0012816336,6.37938348,8.59786571
2.58409686e-05,3.65751411e-05,0.123874344,0.136463638,9.11454643,1.2782424e-06,3.32738533,0.0676141849,0.0158363299,0.00918405844
1.79264741e-05,4.2021923e-05,0.20557213,0.0272318425,1.33416011,0.0449140502,1.56191673,0.566745756,2.94466856,8.63161217
2.9604297e-05,3.75814682e-06,1.4128695,0.0150491696,0.696282754,2.90343654,0.181600614,0.0590686022,0.0196834245,3.55864131
0.0155174789,0.00300366627,0.00252085694,0.00849511457,0.0289881349,0.708070078,0.792080905,10.2738807,7.60133476,0.00685465545
3.13021618e-06,1.15383569e-05,4.75065451e-05,2.74099328e-05,4.04049217,0.0344392703,0.0165911845,10.255883,1.67931044,2.33782335
0.0828993694,0.00589721404,0.0322973381,0.00706195703,0.688608706,3.38815415,0.157733572,2.51989707,0.28764048,0.0161088714
0.000170766855,0.00166735943,0.214571708,0.00186954457,1.5403928,0.694658489,8.56351948,0.500588969,0.288612379,0.233963541
0.0439575342,0.000643392371,0.000116614788,0.0246209317,0.228253461,0.894219009,0.323882914,2.60075167,1.54936731,8.43117921
1.9885707e-07,1.18960534e-07,9.02777725e-05,0.000682332145,0.00325055694,4.96775978,0.0103572281,8.36505761,0.00716633935,13.452086
0.000109481615,8.61980827e-07,0.000844775562,0.0152090006,2.92318928,4.05265878,0.0221724988,0.0131034864,0.0922099236,13.3867586
3.39864486e-11,6.83906975e-10,2.94263696e-07,0.0104519052,5.16682346,0.0516070158,0.218812209,2.4784533,10.7687131,0.00541351744
4.63040164e-05,0.0001312322,0.000699853431,0.000518808877,1.77146891,0.153227684,0.00189293071,10.0905404,0.00101205685,15.5946851
8.58584799e-07,1.87876571e-05,0.234338027,0.0055883042,0.622270102,0.0263567409,0.486407295,11.5176226,6.44371683,0.0350406283
2.6302341e-07,2.79903714e-08,1.59207445e-05,0.733726993,2.3875187,0.512948768,0.0153180412,0.0621134031,16.6591956,0.0396780299
8.47125042e-05,0.0163734972,0.162680978,2.20918379,0.133129572,0.0113766256,4.33921364,0.133504054,2.69326993,0.000255032852
7.39116551e-09,6.90403729e-11,6.99454933e-07,8.14237171e-06,4.72703336e-07,0.000859809182,0.00337381187,8.50707443,0.00112796926,48.6732422
7.64720557e-05,0.00779859728,0.0288777161,0.828473702,0.920430394,0.0581994606,6.36722135,0.00512755784,0.570144983,3.63083653
6.55992989e-06,1.1169392e-05,0.00260337511,0.000882021063,2.27039484,0.00519236165,6.37545416,7.88089656,0.00136464063,1.12436439
0.0375536653,0.0923689004,0.160188056,0.0449519095,0.0188798833,0.796068954,2.18822987,2.00665306,0.803430709,0.183387904
3.0474638e-07,8.24432943e-06,2.07619336e-07,0.000441089521,1.41682156,0.0634958992,2.40706003,5.39304765,11.0586561,0.0154917911
0.107090832,0.0126398794,0.0477891706,0.525903794,0.817699775,0.483197852,0.00127944735,0.108880942,0.681801446,2.07427586
1.78106457e-06,0.0010796399,0.804955586,0.520383794,0.0870652832,1.91594668,0.373458567,0.996760147,0.415286291,2.07802644
0.00348957176,0.000400608937,0.0308218778,0.869042456,1.6693688,2.65792493,0.404033958,0.0683776535,3.02445168,0.0098496754
4.25862415e-08,2.1277273e-06,8.14127218e-09,1.37371471e-06,0.78055007,0.00340694857,3.8374957,17.79832,1.35148161,0.0681765649
0.00123424805,9.32925971e-05,0.177288783,0.000645253998,0.12852163,0.149567369,3.92171407,0.305410595,19.9215961,0.0373545692
0.00011140559,7.57826037e-05,0.000214990263,0.000105045142,0.00529839602,3.58891862,0.00516891725,0.0235891245,13.8262128,12.7881517
2.04824336e-05,9.09257961e-07,0.000807305763,0.186008792,1.28974211,6.70921334,0.0306647853,5.98457015,0.00930047423,0.257499654
7.20647611e-05,0.00161399496,0.249964772,0.0183816578,0.000722573377,4.28459423,6.18563059e-05,1.24605699,2.14645731,9.96075793
7.4008088e-05,2.54599026e-06,0.0190788301,1.29368235,0.0635653472,3.52083283,0.157864224,0.166258068,6.68727774,0.991915732
2.44799424e-08,6.44021648e-07,0.00200266853,4.28266685,1.05169155,0.0147285281,0.758685859,0.00466992857,0.0494313962,5.53023909
5.21694897e-09,1.09360667e-07,8.910089e-06,7.07209276e-05,0.000287560149,3.50063416,4.30096772,10.2969795,0.605205183,0.329694213
0.0115862073,0.00337337705,0.455922113,0.0129286796,0.00147144152,0.00557462378,0.0977730042,0.233661333,15.2795943,6.09035544
2.41920225e-09,1.70449805e-05,6.44191115e-05,0.000889692604,2.62038587,0.00693678092,0.789474434,23.3278195,0.00750416918,0.134987985
0.077014161,0.00154028548,0.194630494,0.801289044,0.188341975,0.120807856,0.0872984211,2.70926468,0.759134821,0.398135441
7.47353067e-05,0.000811885983,0.146173941,0.0620001923,0.140550125,0.248035997,17.4036057,1.19250942,0.000653195411,0.437303606
3.87270385e-07,3.93578541e-05,0.526235737,0.000465932977,0.610349768,0.0635115408,3.75894198,0.560587029,1.45860929,6.53027048
1.12260404e-05,0.000421561739,1.17870938,0.41991256,0.0135530387,1.34792475,2.81834485,0.0745080971,0.0319667881,2.11218257
0.0294091391,0.0980256967,0.0280644488,0.311714359,1.68069299,0.00150358661,0.157791403,1.89979736,0.208160419,2.71305574
0.000156053311,0.0014868398,0.0466389396,1.13748805,0.0087063343,0.311592292,2.10319729,11.448063,0.0745537632,0.313183266
2.27995369e-05,0.000119692022,2.17649426e-05,0.196199233,0.0253739538,2.97426683,9.72871122,4.33424211,0.00509253757,0.0213317662
0.00176573761,0.00231822614,0.34522274,0.00179312742,0.00223947785,0.883494637,4.54557741,8.1154389,0.145274457,0.39310955
0.0180585498,0.00143297377,0.275620086,1.24301704,0.0660518446,1.32151676,0.127123902,0.601540844,0.0498820042,4.14659163
0.000564909635,0.061836854,0.00327004762,0.000587295898,1.67366826,2.3076449,3.7995824,0.0807626755,2.66325878,0.0873184726
1.3389468e-06,9.26209328e-06,1.585605e-06,7.94700591e-06,3.16273833e-05,0.00048821769,0.0110746263,0.219870528,10.8855251,42.940516
3.43662945e-11,9.67812077e-12,2.01109977e-12,5.50974776e-08,2.06834007e-08,3.27326009e-06,0.000119739765,23.2135121,0.0369077112,21.3068884
1.67391322e-09,5.52396936e-08,4.25360432e-08,2.5250572e-06,9.58464796e-05,11.3244049,0.335461691,0.190892369,12.4063054,0.0771659005
0.000235287742,0.0201221935,0.184438945,0.000147274905,0.0597132376,5.58210914,0.0529701203,8.549626,0.966544101,0.00331323162
0.000163024102,0.149793076,0.00103158873,0.11262063,2.96760416,0.00504656306,0.00761742071,0.538446935,0.0015883483,17.2150387
0.000247661647,0.106414541,0.247326695,0.0584122425,0.32652384,0.0243924328,4.31273911,0.751367938,0.0657902869,6.1597175
8.36416981e-05,0.00151501754,0.168152769,0.00137907666,0.0046076199,11.5398394,0.179929838,0.193746111,0.249538434,5.31180192
5.79120566e-05,0.117774248,0.0078308187,0.0467393383,0.00301971503,2.11235178,5.33921768,0.910222639,2.28007681,0.680726943
0.000674554853,0.00394609776,0.0349451087,0.00816779837,1.08517196,0.00808750616,0.44563196,27.8097922,0.000222390522,0.0936109024
2.40388624e-05,0.00168185833,0.000184800033,6.9899311e-06,1.99960193,12.3124206,0.046844544,0.197988636,1.70492878,0.000970162604
0.0151543747,5.26080219e-10,0.0260675142,0.516634996,1.04658445,0.0333553304,3.19868951,0.302023612,7.1405114,0.00663660111
7.5510079e-06,1.26093135e-05,0.000334813264,0.00318026909,0.243547181,3.62028223,0.00134007162,0.0215929898,32.7532144,0.0612820008
0.0290027937,0.00291100914,0.000773317345,0.000141551918,0.0107742669,2.83486257,0.833214469,13.3289638,0.213108592,0.12453711
7.82729341e-07,1.19729897e-06,0.00147643642,0.00233799067,0.000499506051,0.000101091782,6.36210898,0.0193587503,4.52934571,24.6693009
0.00586218534,0.000325443805,0.00210318102,0.00738686819,0.0135104537,3.202361,4.69347539,0.0456004352,12.2178848,0.0258644594
8.94053442e-05,0.00110603849,0.00232086053,0.762054189,0.10681465,0.0610043829,1.01853503e-07,6.60657642e-05,1.92045843,39.7428091
0.000898730768,2.81536518e-06,0.164771413,0.166410314,0.00604831434,0.103470232,0.146612973,0.294595873,9.95062047,15.707492
3.57671463e-05,3.50294163e-05,0.204819827,0.0366887885,0.123139519,0.181855558,0.0100482343,2.86747955,0.038883459,33.618619
6.75798921e-13,1.51505644e-09,1.98924096e-12,7.36248757e-09,8.41812495e-08,5.98132628e-06,5.83413942e-06,5.37467951,47.5379834,0.010188214
0.00886683971,0.088347898,0.138098082,0.386346304,0.623539885,0.0519113796,0.123338311,0.595538248,0.0406431035,12.1576129
0.0203049424,0.00141533918,0.000184326668,3.79808387,0.030824391,3.38618757,0.078663609,0.546196872,0.0349277331,0.0161029522
5.89702804e-11,4.91751205e-10,3.55966649e-10,6.05195224e-07,1.44625587e-05,6.94260694e-07,24.5630205,0.00346734051,8.43547386,0.181812811
1.48833971e-06,0.00211171077,0.0408501342,0.00325083755,1.01830441,0.110935933,8.17999208,0.253155949,8.95123541,0.0529805001
0.037719322,1.98252525e-05,0.0204883136,0.0378709327,0.00107542249,0.304922057,1.04943892,0.00236777863,19.2430811,2.61122417
0.013592384,0.0443535393,0.0112059535,0.0735099085,0.000152813633,3.40344652,0.0374651819,0.554958752,0.492654732,14.4813697
0.0219713816,0.094474362,0.0114513648,0.0281387045,0.242524836,0.407276246,0.330270279,3.4535098,1.7880681,4.01481255
0.0057418858,0.00579212091,0.0103284932,2.80403598,0.519495383,0.0655660771,0.0160588056,0.000760260906,7.38041507,1.31077005
0.019184764,0.00357494494,0.104793654,0.0102377912,1.15887996,0.190085829,1.0435596,7.01380598,1.77637534,0.0245585772
2.98457997e-07,0.00352712252,0.000277589597,0.013101628,2.82516728,2.23218517,0.0302835201,0.913172565,8.81918864,0.428886208
2.10701868e-08,1.51677941e-06,0.00276825633,0.701029306,0.0723476231,0.00203148581,0.00143970402,0.154398947,16.7184934,13.3613443
0.000811276956,0.0986138529,0.0361058611,0.00123788955,0.0127289755,0.091338377,0.00471885994,0.707074985,36.3590026,0.135297932
0.00015459748,0.0830325919,0.985737498,0.0552275879,0.705301402,0.171685516,2.50304021,0.0169337389,0.886380932,0.683930453
1.56230252e-05,0.000385156478,0.371983347,0.715083196,0.328116814,0.0500731757,0.541144976,0.203555607,2.69582659,8.88016465
0.000722069586,0.000781721823,0.0672800952,0.728738725,0.0784657717,0.0583549582,3.80900098,0.061949787,0.18713966,16.9385002
4.33313874e-07,2.74736206e-07,0.00285889544,1.41802896e-07,1.31069125,6.59579724,0.00967454631,0.0916995546,0.0774222169,15.4198995
0.0152942854,0.00572531393,0.0471027874,0.729295402,0.0522821428,5.59801239,0.168931411,0.58151689,1.89299816,0.0517204977
2.89821653e-07,7.54225557e-08,1.40330571e-05,0.00392697669,1.36135962,0.000636632837,0.211882537,4.88586378,23.9473003,0.00899421731
0.000315109271,0.00151890764,0.00336815927,0.000395801981,6.397242,0.133503483,0.146046749,0.663851055,3.02228297,3.79002393
2.14386429e-05,0.000449821761,8.74274857e-05,0.00125009069,0.970941386,0.000370347417,0.00436543305,0.0294072543,10.5093069,27.7347647
0.000834621195,7.47589574e-05,0.19272933,0.0534318634,2.96642963,0.265037455,0.0947817606,5.4113059,0.0413141111,3.34207063
3.07684123e-05,2.3946801e-06,0.1749388,0.0137876382,0.00113816659,0.00589228498,12.6691652,0.0544862932,11.1569144,0.198543535
0.0297137775,0.00670251883,0.106828271,0.00237365836,0.123810354,0.640772344,3.00405905,4.0534694e-05,8.46174413,1.36258374
2.20859887e-05,7.90481955e-05,4.39311814e-05,0.00283274938,0.0429569122,4.28578829,18.9502757,0.0530823894,0.0166646236,0.188469576
4.0285275e-05,0.0195598792,2.73318241e-05,0.0209020656,2.8988174,0.134949444,9.00019252,0.134354669,0.0660915867,2.56583558
5.03657717e-11,1.448982e-08,3.50863422e-07,2.58508499e-06,0.000131032936,0.00213769281,3.39412949,13.5285294,10.6693556,0.180148364
0.000218272184,5.98253191e-05,0.00902092343,5.60340888,0.0614071447,1.39491513,0.277587373,0.0331875003,0.229506536,1.13564001
4.02638669e-05,0.0108874055,0.462964778,0.0957048861,1.54478804,0.2198645,0.260156583,5.04024204,0.652401667,0.836713313
3.62972693e-05,0.00286045566,6.26554744e-07,0.483413908,1.35421777,0.641916611,1.74180019,8.91001031,0.348739694,0.00196401925
0.0364073543,2.32448044e-06,0.0616396479,0.272389406,1.01932839,0.104799564,0.0204362974,7.50331908,0.502394513,1.42282171
8.32184403e-09,4.28424582e-10,1.43646213e-07,5.09410187e-05,0.00165296613,0.0230544107,0.0830343841,36.0960834,4.48606607,0.0675219369
5.32289674e-06,0.000997609805,0.00373081483,0.00278070365,0.828425867,0.0789358543,0.0239661455,5.11998268,0.0243591477,31.4798438
0.000456625376,0.000112960553,0.0406415192,0.0198496486,3.71927615,0.0267939713,0.022045219,0.199356159,2.63510463,14.90631
1.6335238e-06,4.63195082e-07,5.08414339e-06,4.41018211e-06,2.72278027e-07,6.30234091,1.91564071,4.81479247,5.46943474,0.00309902412
1.2013351e-06,8.38093381e-05,7.71703806e-05,0.00024997569,1.504855,8.88242864,3.88363486,0.0946659346,0.021161624,0.322855179
3.37216201e-05,0.0906986264,0.13664362,0.00234557417,0.00113641059,0.860182318,0.277831927,6.34503654,1.58514187,5.8004131
2.99770527e-05,0.00011140029,0.0808162758,1.56398464,2.10905342,0.0472798031,0.0857744816,2.16730455,2.27063721,0.409096637
2.8487815e-05,2.4967245e-05,0.000119260855,0.0288237409,0.00358559876,3.30467901,0.0158720648,0.00166519718,3.52657089,30.2463926
0.0234536495,0.000163812896,0.0146795887,0.0428510265,0.00165926951,0.063789187,4.63674432,0.43974124,0.055774975,22.1796754
7.59417324e-05,0.0889255075,0.17363291,0.00244726071,0.38912403,1.40526685,0.0645520131,0.0979630965,6.18683015e-06,23.9281553
1.51172507e-11,1.30578716e-10,1.77778288e-07,1.58906443,1.68182662,0.336618296,0.000113840825,0.00286040306,15.2151398,0.226582374
0.00040208219,2.1317989e-05,7.07733193e-05,0.018419981,0.787859395,0.238558977,9.35289598,10.0024349,0.000277965797,0.0275145697
0.0277768469,0.00123437048,0.0329958419,0.453238654,1.80024595,0.00690853767,0.213149965,0.715283041,9.02753905,0.0278015059
0.0103532462,0.0108013235,0.000897554894,0.00440672806,0.0632162966,0.00201967836,0.188213599,0.755403697,0.0507786594,51.0020659
8.02823287e-07,3.22655014e-08,0.000345294109,0.215843289,2.24969057,0.0852183092,0.36065347,0.405365112,1.33662919,18.2196954
6.41166237e-08,3.60857585e-05,0.000375285792,0.000118252369,0.00966636436,2.95288862,0.00432781502,23.7725388,0.110711867,2.2936129
3.99201756e-05,9.1808757e-06,0.148352883,0.0378730194,0.0339817052,3.44663659,6.38599247,0.512527692,1.88711653,0.466717435
0.00262363831,0.0499141558,0.0773061989,0.000687812038,0.00241671502,0.286789322,1.27353184,2.55303805,12.0247551,1.4788283
0.0139380551,0.0181224906,0.0001677187,0.702076916,0.0729236828,0.115441481,5.41139403,0.21569524,0.00813768441,9.22519106
0.00043169332,0.14964046,0.000975009916,0.1282604,1.04834567,0.0658863115,2.14385322,2.42999107,0.68138307,3.08378433
0.000293893567,0.00026958551,0.257212128,0.089493376,0.111744538,0.00974576811,0.193516165,10.1329375,0.291879316,10.8356758
0.00151392758,0.000138395465,0.00284385991,0.653533302,0.153746244,0.0141717799,0.146068441,9.76922955,9.45183646,0.208659542
0.00606398797,0.24661567,0.000144377112,0.049159121,0.0562335687,0.159125986,0.61326698,2.81386321,2.36487533,5.71924172
3.21188056e-07,1.57716585e-07,6.70322542e-05,0.00036409091,0.000480098524,0.0217183923,3.22383886,4.63092204,24.3866352,0.107652796
2.75369271e-05,0.000599921084,0.0641099036,0.549163483,0.409666635,0.0356388284,0.0160096668,0.0113747747,23.9387165,2.47522828
5.19360889e-05,3.92881604e-05,1.76107426e-05,0.0439366765,0.00708852876,0.978526056,0.0195408677,12.2705041,6.19530013e-06,20.3532642
0.00884119018,0.00101121031,0.106662879,6.92512972e-05,1.43291451,0.0169886076,0.759902059,0.116777638,10.9676591,3.95535663
2.57371788e-07,3.89306624e-07,0.0570178152,0.00295002986,0.453803109,0.0225239613,6.0674789,2.49268353,0.920839627,8.67687426
0.000834056729,0.000281935767,0.344613538,0.0559036691,1.10527718,0.232985095,0.0121299222,0.376951115,18.6265666,0.173544715
0.000125306717,2.0336448e-08,0.00319723999,0.00118031176,9.42591003,0.0884706572,0.0250453981,0.0316531542,6.33542159,1.01834122
0.000114098553,5.50636008e-05,0.250160314,0.568205172,0.87019596,2.29723637,1.75554962,0.227286281,0.0490380292,2.00280628
5.8499832e-06,0.000441840772,0.137662598,0.00413923673,0.021420301,0.0134840596,0.0870069147,0.000426553919,0.112748134,66.246522
2.7138425e-06,5.33159833e-07,0.000983007341,0.426421015,0.224667442,3.8950109,0.0135263384,0.289062129,14.7531003,0.543857608
5.82701774e-09,5.76405637e-09,1.2434539e-08,3.99522002e-05,0.00306001225,0.0352901314,25.8299316,0.00479488268,0.000436376841,9.1234821
4.12459862e-07,7.38127407e-06,6.92528921e-06,0.57557774,0.363253732,4.74794734,0.000861074837,0.0407190372,1.61083137,11.4795563
1.28425587e-05,0.00114643699,0.746469286,0.000473439646,0.000136772202,0.18784123,0.278030525,1.09966524,6.85577016,9.75905543
3.22132687e-11,2.41340243e-09,2.27447731e-05,1.15350108e-05,0.914949566,2.7605579,0.0228896764,13.0335745,3.86352883,4.46515154e-06
2.52535612e-05,1.37038333e-07,0.59221513,0.76114657,0.406232944,0.00220710756,1.86129328,0.263532997,0.00186131158,10.2836612
3.32492703e-08,4.27269685e-06,5.5423485e-06,0.000125918585,5.00278046e-06,0.000496952252,1.32878896,21.3388322,8.21585046,0.306766296
0.00135866972,0.0115822904,0.917246855,0.0501114108,0.676233876,0.12111031,0.457122664,0.000670809752,0.80118241,10.554125
0.0147658441,0.000297910949,0.103565685,0.144631942,0.00714658361,0.529108177,0.285121655,2.64176073,6.19245216,4.64032081
0.00637656417,3.13987018e-05,0.123369931,0.624776276,0.0103912356,0.509105588,4.70514546,2.84126032,0.469538003,0.91190389
1.60194632e-10,5.18605489e-11,5.18994392e-06,1.36772445e-06,0.000469678418,0.000704748019,0.142937753,5.98952902,15.0224412,12.1153312
1.46248307e-06,0.000110770442,0.00492275653,0.832141072,0.0128222383,0.0191432747,8.94679016,0.0826289827,0.197851971,12.413592
9.40720598e-07,9.98893738e-05,0.121139618,0.312991256,0.785143018,6.23355371,0.451711607,0.0575216602,2.2805457,0.310328973
0.00782117776,0.00810787015,0.12342685,0.320532986,0.723411654,0.44126249,0.00162802507,13.5992905,0.0404236585,0.280100715
9.71435643e-08,2.1477699e-05,4.8661393e-05,0.0019050871,4.1853591,1.27765365,3.43283569,4.30737855,0.00303994464,0.0525852905
0.00418723726,0.115677514,0.00114304847,0.199854103,0.901056345,0.0529145476,0.106411708,0.196148674,0.118362893,23.0200774
0.0254720688,0.00657142825,0.00132558325,0.892861676,0.196529352,0.00062218791,0.561558227,0.15095088,1.98882365,13.3128464
2.59459461e-05,0.000145468467,5.88554658e-05,0.82651374,4.18859886,0.75934396,0.422137504,0.584213641,0.59956753,1.4370068
3.65880791e-07,0.000131044356,5.81415209e-05,0.0607403588,1.39440868,2.81733267,0.00101500123,1.56878508,2.01849785,8.81471184
1.61179366e-13,2.20706245e-14,8.31430707e-10,5.47563052e-06,0.000175504293,0.000571268925,10.3559926,5.49528999,0.00374410839,13.3539179
1.37288819e-06,2.62981292e-06,1.57762031e-08,0.270662678,0.355313164,0.102398828,21.0871871,0.179471867,0.0605483717,0.979800195
0.012537886,0.0109712924,0.0594813662,0.00345092428,0.000718994253,4.421628,0.721263888,10.2850315,0.0762700802,0.0712854732
2.8675587e-05,2.72683244e-05,0.000441473007,0.0113355041,5.84003198,0.0210793821,0.024235559,11.9411282,0.577625408,0.250886054
0.00272840913,0.000231900449,0.42262335,0.026346926,0.384942732,1.99774463,0.157808494,3.40173383,3.95702904,0.175615554
0.00300659351,0.00913163296,0.000881845308,0.000757843918,0.840029316,0.0192282779,1.25972891,0.343558411,5.42774698,15.797481
0.00248957739,0.00717273455,0.168785375,0.0101921206,1.35168846,0.0219367226,0.00665393239,8.56232792,0.0612369024,8.47205744
1.7348931e-07,6.0627789e-06,9.24320857e-05,0.000104002575,3.34162614,0.0356523383,5.02165856,0.245376049,0.0257485324,12.5671957
2.83887072e-05,0.120644628,0.00603805362,0.633589706,0.0956709744,0.0309304016,0.259948595,5.60202534,0.515623587,7.62758224
6.67992678e-05,0.0921366075,0.00724762942,0.051452682,0.35865837,5.84906713,2.16405085,0.763726991,0.289483109,0.414942884
0.00735684174,0.000567794688,0.00229325857,0.0940246326,4.37718684,0.00288285106,0.780142502,0.00133245341,4.15725982,4.84205654
0.000367410612,0.000150676017,0.000992685097,0.450082655,0.0114350511,1.63924564,0.158977339,10.1324238,0.521471873,5.25791716
5.2651762e-07,2.24161719e-06,0.218385041,1.77574072,0.213034226,0.00351836663,0.201613192,0.827311842,5.24221282,3.21448768
5.50071828e-06,0.0906467046,0.0457617165,0.0522320819,0.0297024946,0.0158023006,0.0196729968,6.03208634,0.0157740565,25.4219082
1.06783984e-05,4.81304162e-05,0.00105098898,0.881723974,0.0329250729,0.015376687,0.0627317381,1.65265838,2.26708176,25.8671357
2.41318541e-05,3.19700954e-05,0.000239010977,0.784468528,0.0128223429,0.0846445861,8.09431266,0.184994666,11.9331238,0.0340813484
0.0123786597,0.0218053717,0.276996215,0.21196115,0.165213966,0.000168017608,2.16775038,0.342339008,4.76630089,2.53692987
4.40618498e-07,8.3542043e-05,1.19506591,1.59814136e-06,0.0196386626,0.00159442489,0.160889898,3.44711267,4.63250156,6.17017387
0.0106463313,0.00712015455,0.00126481078,0.0347168256,0.0488900293,0.0465249397,7.59157878,0.12355588,0.422339081,16.1814857
0.00074173123,0.000857244937,0.0160997554,1.1215955,0.814713716,0.520130679,0.00501135692,4.5806121,0.103467082,6.42731503
0.000187372225,0.0396623828,0.159800555,0.00371292396,0.0148482994,0.165430511,4.62942358,7.50971048,3.37523892,0.000452405786
0.00638081142,0.005037082,0.00941547251,0.888021637,0.281599792,0.298016539,0.0235394917,0.0169992068,7.59705336,8.80005441
5.97685995e-09,7.41711067e-09,0.441285899,0.0168712143,2.21171896,3.20845072,0.105435225,0.343284034,3.25100445,0.059844167
0.00896284962,0.000358072557,0.0976686923,0.389869408,1.99425387,0.49062596,1.17043794,2.60083522,0.0480885586,0.842680134
2.68368573e-08,6.71665239e-07,0.000926647429,0.0344603155,0.0497944865,8.55258247e-07,6.94682633,1.83089073,17.4479814,0.251126551
2.50452892e-07,7.52643513e-05,0.182775545,1.42735041,1.18043123,2.17226128,0.00102885612,0.776041348,0.337150509,1.37915004
0.0104638534,0.0897024152,0.0900174542,0.773104002,0.124630394,0.380825966,0.0253530164,2.47656697,4.44846194,0.176176601
0.0191380305,0.0780656406,0.19384353,0.046798825,0.0185180925,1.56197616,0.853872407,1.11777305,0.0104719093,6.26667436
6.7509977e-08,2.72681499e-06,5.04437312e-05,0.0349043838,8.36677976,1.1956646,0.404315105,1.06391736,0.0290504665,0.915615759
1.11974244e-08,6.14996827e-11,6.11401438e-08,5.58534347e-07,2.35132275e-05,1.05440523,2.8186017,3.90600117,0.385506298,19.898334
2.67935735e-08,3.59391414e-06,0.00564787663,0.00146210114,2.45228673,3.38589919,0.023951554,8.37190407,0.0238341447,1.30281439
5.77129196e-06,0.00027518634,0.384184067,0.321697822,0.173460409,6.16827359,2.42591453,0.111801557,0.205732632,0.0575587586
0.015985076,0.000671566714,0.00477324471,0.0223958912,0.476330659,0.378982274,3.66899098,12.8064225,0.000269667682,0.159290669
1.50559424e-05,0.000189532917,3.11736474e-06,5.07229118e-05,2.32588743,0.104081392,4.50158185,0.241642022,9.92952055,0.845489605
0.000351215376,0.0197289884,0.337558345,0.00363208712,1.34294187,0.336889369,4.47779405,1.08807576,1.21324639,0.189101314
4.49134007e-06,2.97183544e-05,0.00239095703,0.0590114477,0.827006116,0.0556797663,0.000419130786,21.1918929,0.000124876402,7.13051166
9.84203721e-07,1.40111621e-06,0.00136320107,0.00261959154,1.70879752,1.93187973,0.436844281,0.12750668,16.2038482,0.549734027
7.53086123e-07,7.47087566e-06,0.000654706553,0.0144502199,0.612178895,0.00583021198,0.797923823,0.188667015,41.1117834,0.0636202588
5.26000862e-05,0.0755093574,0.000269325832,0.0194084143,0.0283165873,1.40572473,10.2160635,0.0135414153,6.60546267,0.00846992946
0.0108970969,0.00352776538,0.31250478,0.158305792,0.123025625,0.0711462211,0.792832953,7.76247377,3.39382537,0.0243626096
2.70034553e-06,0.00705988216,0.00222725491,0.471407921,0.0341633064,0.00789781057,14.7285916,0.846016146,0.846102805,1.52029097
4.62369358e-05,0.00201720881,0.11811777,0.0594171794,0.0219682233,7.43318175e-05,0.0611993165,0.00527240287,32.717847,5.36807471
0.000101796627,6.19322793e-05,0.00167677038,2.78152756,0.0923817249,0.000211137483,0.531696086,1.33424444,1.11666463,9.53791783
0.0186066184,0.0200403517,0.0782433321,0.414988323,0.460279198,0.185725802,7.60723909,0.258744868,0.00849705351,0.835414709
0.000183731826,0.000779886002,0.451845287,0.143548096,0.000877761454,0.187256532,2.26416917,0.000223277409,9.30407689,5.20805097
0.000256998695,2.6152869e-05,0.179740306,0.0360944438,1.16544855,0.0049290464,0.145369041,2.25789967,0.313300807,21.3187669
3.65702623e-07,1.28060407e-06,0.00290309915,0.000109700148,0.0356740878,0.0252048422,2.30204705,2.40605237,0.033630544,39.7557079
0.000362291984,5.17289088e-05,2.88502127e-06,0.0260262016,1.40591154,1.41239861,8.73401149,0.0158538125,0.0226062038,5.3267122
0.00504361928,0.000925756261,0.110669157,0.0378981047,0.0898807635,3.66112513,1.78046721,3.11661343,0.270255904,1.91088008
6.74633677e-05,0.000392143142,3.4586697e-05,6.57070952e-06,0.0025766954,5.41128345,1.550121,0.000478394634,0.955272122,20.1455106
1.07591641e-06,0.00011802528,0.146700901,3.05930299e-06,0.00170058267,0.193491158,3.17947747,14.6733173,2.08464836,0.491393018
0.100205996,0.00316575559,0.00122448384,0.0112304759,1.14476559,0.00462694831,1.2747483,0.306054286,0.388091466,8.61967732
3.55124922e-05,0.00073315191,0.0058866395,0.50116957,4.08636556,0.0929491487,0.0182427801,0.089443256,10.6352271,0.68093423
0.000772253935,0.000614576317,0.169922842,0.000607508801,0.0900003808,0.0424626025,0.125163135,0.0668508974,22.4503538,8.50449568
0.00177311214,0.00138497231,0.67668248,2.49527432e-06,0.621621132,2.18967612,0.227783309,0.656837539,2.61165251,1.74048068
1.50031135e-05,9.15114321e-06,4.15929788e-05,0.14449793,2.67294404,0.000268190617,0.0275745305,5.03048438,3.75238294,5.60468713
0.00183756827,0.00213810675,0.298616273,0.598477846,0.0413671986,0.288359668,0.0210365575,0.146899793,0.0370876474,27.9705161
1.25717617e-05,1.2207997e-07,8.72038511e-05,0.451008647,0.35791992,11.3558232,0.294164019,1.62741845,0.0372472567,0.196003078
3.61028891e-09,2.93337489e-09,6.66606617e-07,6.56494356e-06,0.000130607172,2.46551478e-06,0.0122904089,52.9083785,0.163793072,0.395599202
3.15367022e-08,7.03797864e-07,1.03814505e-06,1.49999322e-06,1.16464925e-07,1.07869441e-06,0.00123153655,0.00175640074,70.5707917,0.663235678
1.03299519e-07,7.41616783e-06,8.4233591e-05,1.69678602e-05,2.70392989e-05,0.00812892046,0.00855108161,11.7464177,24.909937,0.932775657
0.00058352765,0.00569049725,0.118549687,1.60652847,0.000559931666,0.152534589,0.666081255,0.00043436097,0.0106768409,23.6680186
2.38027086e-10,2.86429841e-08,1.41092534e-07,3.21930226e-07,1.06049451e-06,4.45093793e-07,1.67298264,0.0764034972,18.5511831,18.796699
1.10356776e-05,2.07534979e-05,0.0182161736,0.0703695558,1.16601669,0.00153786187,3.31889168,0.0251546112,0.0491849149,27.815137
2.31367496e-05,5.6510976e-05,0.000566500682,0.00149730372,0.00877779836,3.05887602,13.5215266,0.205787076,0.00201693207,5.00646345
0.00565804349,0.000731065648,0.410608788,0.799886452,0.0185439464,1.14105214,2.94545009,0.354601569,1.54083844,0.13994488
0.00994049835,0.00269372698,0.00404976603,0.0164462736,0.000301365516,0.492298482,0.0284542872,0.943910346,17.7054137,8.23099744
6.4056033e-09,2.3035447e-10,4.06265754e-07,1.12081176e-05,0.00405466458,7.13844056,0.0453953216,0.101733555,13.4143316,4.21455683
5.11250223e-05,0.000149752176,0.000104347478,0.00119437787,0.000657859993,0.000823241962,3.58303545,0.0152430244,0.0653916606,55.4371611
1.41004895e-05,0.00403800026,0.24036431,0.714826538,7.61812724e-06,0.061175847,2.37092171,1.47585518,7.58259997,0.787051358
0.000397694415,0.000280627636,0.000479151336,1.53616846,0.014313349,0.00150126835,0.801529167,3.85794128,9.45766419,1.03043316
4.91867728e-05,2.35505124e-06,0.0145144366,0.713643822,1.24457261,0.0106996364,0.697486039,2.64603031,8.50892461,0.428881275
4.59025063e-07,8.45690133e-08,6.96073442e-05,0.000964796037,0.934707817,0.206921143,25.8383098,0.0811100098,0.161348191,0.0385330651
6.05369355e-08,4.29486595e-07,1.37973807e-06,3.03814422e-06,1.47514761e-06,6.33242585,3.99540958,0.444594916,0.305570917,9.33946867
1.31729511e-05,3.25679639e-06,1.26520259e-05,0.00145313632,0.00287516822,12.0063296,0.0222000822,0.54226849,0.272214757,12.4136404
8.89671685e-12,9.53712859e-10,0.000440772369,0.000253971501,0.0131863776,0.00979595095,1.14868376,8.68550852,5.62171004,11.7073682
2.53726304e-05,0.00671745262,5.60366527e-06,0.000186491807,0.795986741,4.48379084,4.97297855,1.85505812,0.523814521,0.148956002
0.00047485271,0.000577781391,0.258789004,0.022491183,0.00406988015,0.408235596,12.5938878,0.0110603745,0.170356852,6.38456537
0.0370014153,0.00327918686,0.0194892706,0.464725557,0.00249681681,0.170277091,0.432608339,0.000901157937,10.935309,5.40036635
0.0146939556,8.23665276e-05,0.0600968355,0.216563358,0.0895136612,0.0126388011,2.47109309,0.11640928,2.40179246,14.7446554
7.95316525e-06,0.00191061785,0.0025233659,1.97046967,0.198901551,0.118986818,6.27571617,1.94333655,1.07055175,2.86808154e-05
3.59101775e-05,7.50030963e-06,0.0127122063,0.016827672,0.158874403,2.33863982,1.17561255,7.53148701,6.99252758,0.000145730144
5.71999266e-06,3.63897594e-05,0.138798122,0.0362134604,0.366952873,1.20891652,0.0533193464,3.96092502,0.898203008,12.5223717
1.31276178e-06,5.513249e-06,6.24408213e-06,0.00337584558,0.0460738427,5.9985246,8.46574366,0.333843883,0.00693481754,3.5167382
1.48613943e-06,7.59350304e-05,0.0111274004,0.0638119668,3.89035557,4.06800235,0.24586706,1.57688362,0.0143134655,1.12857355
4.6540928e-05,0.000718265972,0.000450479755,0.0213966473,0.00881779178,2.77927676,0.305585124,1.29000819,22.9140204,0.379547544
0.00600933664,0.000494904907,0.102895599,0.00399062896,8.37611043e-06,0.0896260337,0.370367978,0.0229940664,7.37007846,26.7657942
2.98661925e-06,3.79564045e-08,0.000199498141,0.592021362,0.00422803842,0.00433586619,0.000484628777,0.457496715,0.0235320085,59.231745
0.0192249187,0.000549785616,0.00388130867,0.122060885,1.17884883,2.06989858,1.08515919,1.22294228,2.22103303,0.475791355
0.0106569581,0.00703608691,0.0466109179,0.000586519307,0.532257697,0.899471882,3.82899132,4.00740788,0.622208715,0.886904895
0.000450159872,0.0642343066,0.0952120072,0.0227283842,1.50619247,0.00273795202,0.00515587358,0.00373393518,27.2219081,0.069365268
0.00051004854,0.000940053408,0.0126889268,0.435781525,1.10355338,0.00434754643,0.0271503582,5.1123496,0.723470397,12.2564622
0.00994947195,0.0283689464,0.00231643679,1.50342567,0.0703050891,1.75211947,0.318473326,0.266349854,1.65386816,2.57239709
4.50395621e-06,0.000907269127,0.0170554366,0.310507548,1.83042676,5.24276992,1.02671277,0.0967717207,0.86772862,0.40231743
3.6246052e-10,1.26673467e-09,7.78365244e-09,1.4231887e-07,7.62299469e-09,2.34757841e-06,2.88902541e-06,2.46995215e-07,28.4971971,23.8069525
3.16117912e-13,1.39230986e-12,1.05283927e-09,2.75850883e-10,6.16787967e-09,5.41176978e-08,2.32761346e-08,2.86156235e-08,51.7984117,6.72044239
2.15074655e-06,1.11751863e-06,0.000591194604,0.00245389476,0.000987156347,0.141239814,14.3607077,0.21081697,0.102066115,16.5707343
2.3514486e-05,0.000170196252,1.16119114e-05,0.630109533,0.172464542,3.26575227,2.79824701,4.67289918,0.574878539,0.0164499189
3.70396682e-07,4.07135208e-06,0.0262952444,1.88462322,0.00185393067,5.73602132,0.0965750718,0.0564151849,2.80108294,1.08581531
8.09847347e-06,0.000771873463,0.00332871874,7.77078774e-05,0.0480248364,13.6195025,2.90480925,0.108484461,0.124062909,1.32246836
0.0505337847,0.0448765457,0.00038174799,0.230996442,0.481459426,0.769331128,0.0575892498,4.90778444,2.33391451,0.00168717963
8.96319516e-07,6.72763533e-06,0.00310053779,0.0122570158,0.849254017,2.51881129,1.93971856,0.229109204,7.91639781,1.97183123
0.000229929915,0.000793485095,0.420418061,0.00262781294,0.276359153,2.79048205,0.251269254,0.482214871,12.8044848,0.000163750639
1.09882758e-06,2.79747315e-06,0.00145247642,0.00735977836,0.0172914414,0.0126673059,13.3572594,0.102896379,15.3439717,0.298854611
1.24054586e-05,6.16134818e-06,0.000108120409,0.54113311,0.000978813546,0.340775148,5.05967049,0.0276099924,6.79905776,7.0487023
1.5591404e-12,1.75268975e-09,1.21658308e-08,4.36363189e-05,8.99666231e-05,0.00291122217,35.7041147,1.38388041,0.0322043573,0.040897269
0.00186631566,0.0647422404,0.0727441983,0.0245789093,0.798101826,1.86544553,1.97669815,0.178459147,0.0771384666,6.2244796
0.0014728419,0.000174228402,0.139174155,0.000705968684,0.00117956616,0.0663365139,0.65000742,16.3506395,0.00807959326,10.1150914
0.000368251034,0.0128328974,0.106261962,0.00198421422,3.80369558e-05,0.437806319,5.60992265,1.14060326,9.93418806,0.663610844
0.0177171209,0.000348850885,0.0249483368,0.0911622585,0.0269849137,0.0572826648,0.218474477,3.69336888,0.481183359,23.283561
0.00223723657,0.0176367627,0.00284154347,0.46969773,1.64314721,0.0423615176,3.37929606,0.529612431,0.00738890742,7.10284266
0.0115052921,4.97899424e-05,0.0376601923,0.000972077583,0.0436314427,0.00359800606,16.9461558,0.735187622,0.143014739,3.53896791
0.000898467156,0.0297154435,0.142993317,0.00682326129,0.0494773436,3.9571045,10.9745897,0.0467010973,0.00149734569,0.167299684
5.16555515e-07,4.0477804e-05,1.18824784e-07,0.000255949381,0.00838407339,0.346421164,6.48894808,13.4789071,0.0602605444,3.3301127
0.00269347616,0.0671616486,0.066746135,0.596285996,2.99560753,0.408139613,0.00316501005,0.500730896,0.38428972,2.22650229
0.00033446891,0.0104452564,0.431979957,0.0147380995,0.107647642,0.965653489,1.0322448,0.65500945,0.637940471,12.0465618
0.00300846702,0.00440692343,0.114346647,0.845858222,0.306700839,1.80867371,1.38921277,0.0126280219,0.217286093,5.61338646
3.4663812e-06,0.0327960891,0.712037012,0.0231946226,0.00516491255,0.137971944,0.553431142,5.25624533,2.87401527,2.15089837
0.000101943274,9.81896317e-05,0.165315154,0.0297496259,0.0388759145,1.20796282,8.86445244,0.00524538748,0.0114321014,10.6080744
0.00177756371,0.000433062641,3.95667693e-07,0.62311521,0.0874692362,6.08776873,0.17779653,0.713119486,7.254027,0.00119335407
0.00102660759,2.87490871e-06,0.0149618961,0.143518758,0.0552949425,1.72435313,0.491638613,16.8798847,0.258915815,0.849998093
0.00167345313,3.74335238e-05,0.15172567,0.139748148,0.910257513,0.825429379,0.252528426,0.028067467,18.9957819,0.0321802171
5.34559103e-05,0.115457563,0.0346522143,0.0140241416,0.0796994927,0.35215212,0.0960054499,20.5927109,1.38090186,0.0198362234
4.40706803e-13,1.29656044e-13,2.01255556e-11,1.80633184e-09,3.81524365e-07,2.25527643e-05,8.09437332e-07,27.1055288,4.34682477,4.87660935
0.000671046074,5.90727658e-05,0.589541741,0.046827653,0.0952498205,7.10918489,0.100446011,0.297416423,2.6730426,0.215257183
4.48468588e-05,0.000130843287,0.160803525,0.365748336,0.000795705612,0.0223798316,0.0019413075,6.42076993,0.0305634043,25.0371846
4.57782631e-06,4.29954343e-06,8.75664363e-06,0.00109155355,0.939298934,0.018985997,15.5936287,0.000992334593,8.37673177,0.0131156412
0.000218534568,0.00204884314,0.554736607,0.00692636983,1.75117441,0.508507796,1.42737908,0.0749239525,4.66986276,0.635841915
1.2247342e-08,9.7319035e-09,1.23240323e-07,1.61350365e-07,3.88441465e-06,0.000242573478,0.000343623939,5.16032539,1.4292915e-06,60.1464774
0.000255120899,0.00136004275,0.191244251,0.000764728511,0.173817843,0.579987058,8.99511193,0.338269955,5.09501453,0.304528367
2.07305074e-05,0.0010521296,0.000195959841,1.12870324e-05,0.000868984079,0.0104715965,0.000640153353,3.27772811,6.62413162,33.3568071
1.06651368e-06,0.000199594941,0.00021728551,0.00516443645,1.07789614,0.177072569,0.00201024504,8.63826502,5.43501053,6.15086866
1.9521409e-06,0.00126409568,0.0052471053,0.0141074181,1.2272339,0.142763253,6.01566319,4.59482089,2.78344413,0.181176883
0.00606182377,5.84511471e-05,0.314862139,0.000769736324,0.0262900428,0.0333680127,1.58009705,0.0294907626,9.14530318,10.8667694
0.00489920315,0.105277347,0.048214702,0.268851275,0.0315784595,0.323454822,3.19337033,0.459269773,0.00221480564,10.3912602
1.78034126e-06,0.00115389362,1.25155631e-07,0.0107529324,0.478074903,0.236049942,0.0226145465,3.293968,30.9449553,0.0772481645
0.000136142495,0.0856493499,0.00217229975,0.102851263,0.00165543,0.368796157,0.00376702766,1.50095839,4.84396473,19.2664463
6.53554805e-09,9.12883439e-08,7.84478866e-07,6.3656833e-08,0.764140374,0.321046787,1.66941175,0.0459209807,18.1706689,5.05776533
0.000905153657,0.00017647975,0.230528525,0.229611276,3.12904802,0.02243951,0.68942797,0.100328609,5.0914162,1.18991541
0.0178381792,0.000788479877,0.0289199703,0.097204549,0.162522594,0.424573239,0.00167811303,0.00107761823,0.152748044,41.4704377
2.15805622e-07,1.23611233e-08,2.48083341e-07,2.61170601e-05,0.00439581243,0.00141644473,3.55987492,6.70452279,13.6414211,1.83590751
9.35754143e-06,0.000573208142,0.00701313411,0.0607870102,1.66243448,0.0439510965,0.280180068,0.275470109,0.0850204238,35.5126914
3.2619859e-05,0.0468013748,0.295271138,0.43336356,0.252403081,0.110340012,0.0419183985,15.8577477,0.0233205036,0.126864555
0.00392049617,0.0593695382,0.0199042636,8.58710197e-06,0.240358726,0.0508200542,0.716530595,10.443298,2.59882676,2.32585625
0.00862316005,7.6200455e-06,0.00925460555,0.0907276496,0.00397645067,0.870940139,12.6528996,3.54821037,0.00144757723,0.447844507
0.00964796404,0.0134293626,1.00004381e-05,0.824239607,0.000400102209,1.38092964,1.30085927,0.0307863908,0.396840771,14.0483631
0.0163059292,0.00026575336,0.0285839647,0.709086502,0.00319010302,0.0279608162,0.0511128277,8.55161441,6.05438809,0.888372891
3.84549469e-07,1.86285512e-05,0.000120639332,0.000134781998,0.839770889,9.45956696,0.243696793,1.04332922,4.79726397,0.00695810785
1.0391426e-05,8.10098484e-07,0.121144306,0.0256485511,0.0559074146,0.0110141122,0.00910878444,0.0708574838,1.24236638,54.2718212
7.44031944e-07,0.000244869908,9.22621515e-05,1.06486118,0.0501270449,0.390938783,0.186069449,5.37408835,0.0608489869,15.4298502
1.61351235e-07,5.21886117e-05,0.000224796335,0.00263097097,0.000101841245,1.89185073,0.0247410378,0.0291103234,11.3215348,22.9695244
0.00715112573,0.00161126442,0.0831465513,0.00209154243,0.00138572514,2.30283932,3.98949089,0.0151585235,1.50516423,9.2532443
3.62773365e-05,5.57185093e-05,0.622244566,0.000206690395,0.231138782,0.185358237,2.01450005,0.255792362,1.00959788,14.617517
0.0168187617,0.0121401121,5.00991376e-05,0.0267164722,0.00310462393,0.0360871343,0.00313195129,5.45440458,12.3490972,5.6022192
0.00058845044,6.9288791e-05,0.363257695,0.000276764611,0.0424173465,0.00308961866,2.46838027,7.18530522,8.08606853,0.120030812
3.53541114e-09,1.09021527e-08,4.30970823e-09,2.05549715e-06,3.40674526e-06,5.00957082e-07,0.00627003961,12.3454969,14.0233312,6.82009898
1.4236545e-05,0.00727511376,0.00362601302,1.93080514,0.623384779,0.984237269,1.13868535,0.0703614209,3.69138395,0.535895843
0.0118959816,0.00140755392,0.00164531928,0.0157078836,0.0026950427,0.204120442,0.162913251,18.1798278,5.77520823,0.39827056
0.00740204158,0.065817814,0.00455470804,0.00335215555,3.30721699,0.04419584,0.00352982708,9.73934844,0.581719009,0.316184589
0.00122995976,1.00095207e-06,0.105601654,0.186124,0.0318735767,1.79428278,0.575654714,0.0210941649,1.2010496,20.5808714
0.00109069753,0.000493995767,0.121467208,0.0970285007,0.518175337,0.222099166,0.694951431,5.51977542,4.20877706,2.02745911
2.05539223e-05,0.0102749159,0.638170226,0.0566367844,0.00425379752,0.0068962604,3.10238088,0.0665406141,8.72664748,3.27370621
6.05613545e-05,0.0824846678,0.042295983,0.0186630514,1.39270854,0.237630149,1.72176099,0.12794988,0.106182767,14.3698867
1.46515411e-05,8.16906571e-06,8.70536377e-06,0.000271617804,2.47558022,2.10054446,2.1051861,1.29735888,0.645804966,3.6458394
1.54988534e-05,0.00375317949,2.03105427e-05,1.48562936,0.0244157448,1.9231365,0.749618374,4.87155549,0.490331872,1.50567514
0.000101276305,0.00266167651,0.0243932773,0.0328300971,2.06919722,0.0602373215,0.791386896,0.0112769484,8.94635652,7.52870392
0.000135070172,0.0281479794,0.00335773522,0.229389345,0.0330521065,0.260536966,4.78424538,5.92658699,0.839332691,2.27784909
0.000437722368,0.180224068,0.00287458439,0.0178423201,0.104957356,0.108754716,3.02760422,5.82082033,0.159746909,4.76992443
0.0225157755,0.0101696701,0.000414083613,0.0975814943,0.00295230388,0.240313076,2.75138835,0.264953482,13.8539455,1.51269528
0.000859300616,0.064457362,0.234000266,0.235826202,0.743302676,0.0178032643,2.81564588,6.44026711,0.000787752566,0.102717306
0.000195961123,5.08351495e-06,0.150082452,0.181552355,0.00804869363,4.76360581,0.108181524,0.936787071,7.69786902,0.92229412
1.02666723e-05,1.28873127e-05,5.07398794e-06,1.43571311,2.78504009,0.101664754,2.78618683,0.0158009931,1.53266482,0.989097813
0.00252329933,0.0994817805,0.00337195524,0.0222617542,0.600490228,0.109550348,0.281128532,0.259909267,10.3559551,6.51120532
9.58843694e-05,0.000740712583,0.00184962182,0.5030211,0.0035207271,8.61617534e-06,0.0138947775,4.35632274,8.17912403,13.2486692
6.27130386e-08,5.63588612e-06,7.59006165e-06,0.000628663051,0.00337265091,1.87807176,8.55125937,0.189790816,3.24992005,6.29997254
0.000648859118,0.0231876688,0.0706480735,0.0246912465,0.0003034574,8.05151004,1.8957162,0.080068758,2.24651087,0.799815976
6.43234657e-07,2.01094813e-05,0.231070976,0.0312054509,0.0592854972,0.0206925075,0.09510328,7.06319923,11.4699018,2.72244937
2.72370269e-09,1.36404379e-07,2.30735754e-07,3.15972756e-05,0.000469233052,0.00442868103,2.35553403,8.11717873,0.00746268978,28.236726
3.26395524e-10,1.07329852e-08,1.06871452e-07,1.19419673e-05,2.86081815e-06,2.34293944,0.00169432914,0.0582142019,46.2673684,0.112128154
2.62479324e-05,0.0148414547,0.355797319,0.0988797582,0.00252317926,0.658359806,0.120154961,0.021366397,0.0145074662,35.8989874
0.0133537831,0.0102731626,0.193695467,0.0726813195,1.0007061,0.621033848,0.0978907631,0.893603854,4.24220175,2.17223872
0.00166309712,0.000155787445,0.471755318,0.60759024,0.885054546,0.966669064,1.0860793,0.0753954404,3.46111496,0.0130995705
0.0183282544,0.000701025957,0.0309783313,0.0632178605,0.00509381411,0.147163734,0.0648197596,11.602627,1.41750577,7.07222192
1.38479264e-06,5.42286693e-05,3.32931566e-06,0.000321811491,0.736315786,0.00670685725,0.31101399,0.00369809188,9.52731661e-08,64.3869678
0.00271645328,0.0222078792,0.00012364445,0.0185580554,0.730361073,4.2338882,0.0767070336,3.90945241,3.14903979,0.309614108
0.00776186857,0.0131422413,0.00311342795,0.00275460566,0.0511049303,0.000286690342,3.02116057,0.933968392,7.87495741,9.64670832
8.34374935e-07,1.08930814e-12,2.23995365e-07,3.29235214e-05,0.00375667531,8.34185481,4.57181942,5.53274068,0.0480520475,0.031372434
1.66431071e-05,0.0034252653,0.0153955431,0.0194433004,0.949903562,0.439007484,0.0198380831,14.2156285,0.0320209179,7.03041315
0.0308515482,0.00140791748,0.0170335788,0.53809764,0.0679921688,1.55617072,0.347219329,0.89622319,4.37742693,1.49785585
1.33629745e-06,5.8192719e-07,1.53491316e-05,1.98398176e-05,3.41575111e-05,0.00394265427,4.27834207,0.0042673455,21.837955,8.56491127
0.000696609039,0.00414895893,0.0862227428,0.00141702306,0.159474829,0.115203748,0.0667473423,15.7005039,7.70129129,0.217789756
9.99623543e-06,8.74969853e-06,0.0986271404,0.558291191,0.0161592732,1.70662703,0.792184101,0.95642751,10.3394904,0.5102546
0.0126133919,0.00103530451,0.00623540492,1.59270005,0.00450818509,0.00245964532,0.0304642626,0.138239956,2.95014961,18.7125936
3.53860947e-05,0.00401556775,0.120991657,0.0331191479,0.00433735191,0.0844048126,0.00316189237,0.129367437,3.12800632,42.4394813
0.00956696577,0.000561301804,0.000508303656,0.587967777,1.09066738,0.0193938004,0.0166037504,9.44118186,5.2391382,5.50827553e-05
4.64932363e-08,1.97891504e-07,6.75392317e-06,1.21214979e-05,0.0106131915,0.000603328012,17.8026372,3.74066989,3.21148235,0.291515298
9.35507293e-10,3.05179072e-09,3.92743624e-08,0.0400972212,3.7064667,0.274290516,0.08977201,3.54579305,5.52567242,1.5270509
7.85554796e-05,0.000210604389,7.72546938e-06,1.49452592,2.32472919e-05,0.00241124296,0.00888710031,0.288413985,0.17277923,43.6044302
0.00127628457,0.000146352271,0.00351472388,0.0062218022,0.657857923,0.00407237411,5.36148533,0.001041128,24.6052287,0.0250541552
0.0096594572,0.000804595379,0.00726810682,0.120534603,0.11907258,6.02077968,0.57279417,0.0135308186,3.94188271,2.69616329
1.00067048e-06,1.2227398e-05,0.00107310732,9.38916754e-05,0.000773430765,7.09612739,1.32989776,10.0159763,0.147303047,0.674080298
9.8862164e-06,1.18789819e-06,0.000648997859,0.000726224592,0.0330729121,0.000196337503,2.92035666,23.0407468,0.199314969,3.43379819
3.06108944e-08,1.34341974e-06,0.355558679,0.0281473224,0.301372123,0.0247463568,1.11118683,0.034817578,24.7561761,0.509498311
8.01819394e-08,5.17198218e-05,8.63218795e-06,0.0007079362,1.3648111,0.000613434883,0.055153124,0.0318026472,24.7999753,7.90045458
1.24131576e-07,2.64452173e-05,0.00208570498,0.00120562327,0.854025656,1.23061874,5.79002653,0.0231278832,0.00121156965,17.0163351
0.000342223889,0.000631000271,0.144893319,1.23570332,0.163846817,0.00574023519,0.133959534,0.0910870635,7.41211505,8.21168195
8.34761321e-05,2.69296864e-05,0.00140012743,0.432973575,3.24969808,0.0080710722,3.06695792,1.6239892,1.17330446,1.0802398
6.17362612e-06,0.000762930191,0.122929427,0.000252412014,0.000169548121,0.00840014558,3.83935988,0.828126927,6.17394251,13.5427987
0.0115846674,0.00203687367,0.00314571116,0.000888454432,0.000122162039,0.550395503,8.94475683,1.91318056,0.528890841,5.5457637
4.44281161e-05,0.072504069,0.015740375,0.428114605,0.0467693873,0.104409149,0.181441393,4.66427842,7.21771195,2.44994284
1.24843007e-06,8.44138635e-05,5.51261269e-06,0.011203029,0.927987164,0.000985898896,5.44614546,0.00012765195,7.69808488,9.12100945
0.000196177547,0.00189856167,0.160220999,0.000264444121,0.0315384664,0.0810426663,1.24313359,21.8146958,0.208781597,1.52996433
1.22328736e-06,8.38094489e-05,0.000259449249,0.00611016183,1.13564622,2.62443647,0.0391178539,20.4823359,0.089609149,0.00377983988
1.85511906e-07,4.19861209e-05,0.00214974684,0.000147381459,1.10080272,0.205533439,0.018145881,10.338617,13.9696993,0.0412634449
4.93165596e-06,9.53019936e-05,0.207729208,0.168745092,0.296355113,0.555583489,3.93029964,0.367063621,4.10516606,2.39458221
8.35261978e-05,0.00752585397,0.00747204284,0.000155241481,0.795679257,0.364685066,0.111671509,6.5191497,0.0164224561,20.1391257
0.0168726909,0.0447435558,0.00952869344,0.000527754222,0.55790798,0.00744437222,2.73900247,0.385637224,6.15492485,4.184684
5.03670867e-05,8.39641533e-05,3.10902865e-05,0.000169744703,0.00255293747,0.000666104909,3.48212545,16.0168206,0.0413279079,10.3044004
1.88639383e-06,2.00804368e-05,1.63071713e-06,4.32534013e-07,0.000148455715,2.67669503,0.00819092807,3.9439738,4.65942809,15.2670642
0.000208768758,0.00287618898,0.00476808809,0.785042411,0.00262777214,4.22508471e-05,4.23955031,4.11801997,0.186685806,9.31181833
1.73200146e-09,6.16033645e-06,6.17006169e-05,0.000262364582,2.59003834,0.0626486811,0.0700563969,0.823393104,19.2765583,2.29455033
0.00203141048,0.0461879535,0.000739153913,2.66392315e-07,0.539759185,0.174036253,2.62530377,4.05259876,0.0106666864,11.9219156
0.00110084126,0.000255329493,0.126164357,2.27911159,0.0136623472,0.0852617703,0.144844706,0.40665044,11.0381141,0.622367421
0.0253733154,0.00411020424,0.00113609746,0.00806300583,0.14004304,0.406371222,5.20036873,1.56497628,0.32983905,7.385937
6.41889477e-12,3.29233721e-12,7.3979234e-10,7.77403824e-09,6.05159687e-06,0.00398588895,7.042307,5.16192879,0.000934113447,20.8590145
7.85416607e-07,7.30804279e-05,1.91396211e-05,0.733722547,1.35799032,0.0125227234,0.000296111306,0.0253981282,11.0788714,9.72324103
0.00170243631,0.0120894009,0.0968875776,1.55720645,0.503611674,0.0727114424,4.48807648,0.100908646,0.225311554,1.61581828
6.19472728e-07,7.74500469e-07,3.37161259e-06,0.00026902864,4.68045559e-05,15.5526965,0.0590533536,0.101667379,0.0817242287,10.9415564
0.00759306758,0.016644565,0.232685452,0.321973359,0.114926317,0.00116823614,0.117659364,5.1666264,0.00989891271,12.3683137
1.17505507e-08,2.24468606e-07,3.51553039e-06,0.000135957135,0.000234478147,0.000381603574,0.00206891749,8.78779136,0.993935416,37.8208014
0.000575349045,0.165942267,0.000468010128,0.00327845185,0.00951798801,0.116456738,0.106116522,1.29058789,2.35872592,25.810741
1.01547353e-10,1.07164928e-09,4.5230073e-08,0.000497745723,2.02171935,3.33590904,0.033498111,0.00035861377,0.5865382,20.1172007
1.05185454e-06,5.40834134e-08,2.75466229e-10,3.46476202e-06,5.05528714,1.16760366,0.251413629,2.20474991,0.96136114,3.11846777
0.00100066787,5.14580021e-08,0.129872796,0.960078851,1.56069096,0.084892696,0.439848192,0.501367033,2.55717589,2.90244573
1.93845367e-08,1.26819783e-07,1.27058361e-06,0.00339206287,0.000455552024,7.00641955,5.62042323,0.337034108,5.57911525,0.0196729702
0.000933700984,3.91994024e-06,0.100435762,1.93031529,0.316624576,0.179259863,1.13035023,5.17966337,0.399443522,0.113160169
2.4687081e-09,6.84996704e-08,0.0475447933,0.088298846,0.526506199,0.349913226,0.0013726544,0.683008441,12.0265301,10.5180332
0.000308485598,0.0060820533,0.00317134533,0.664745607,0.0116297851,0.30104805,7.11155378,2.83983771,3.41660042,0.0335547505
9.73179587e-08,1.1021821e-07,3.3058026e-05,1.85309294e-07,0.00441741225,0.000410394052,9.75918928,0.116036749,3.96565558,16.997029
5.94447227e-07,9.59990093e-06,0.000652433372,0.00687029197,1.5506426,2.45993918,1.26226193,5.55832123,1.87147746,0.263657198
3.47811517e-09,4.22202014e-08,0.197184343,0.0556307256,0.0201187226,1.60192757,0.134040584,1.69275366,6.66311261,7.41860844
0.0332788081,0.00977187523,0.0010169666,0.377022423,0.142997789,0.350070016,6.98939435,0.631082394,0.437390249,1.05565719
2.15387879e-05,2.33364808e-06,0.000972621197,0.0492447648,7.39261798,0.0030362792,0.00061403851,1.53952683,6.26894127,0.737498865
5.36765981e-05,0.0009902414,0.00824403108,0.518610352,0.00273191586,1.08772396e-05,0.00519725391,0.0326160599,10.2113531,27.3803294
9.08036722e-06,6.74283333e-05,0.002903746,0.00140340387,0.643229498,0.68127735,10.4952156,2.51734655,2.82608631,0.00137791816
2.15789938e-13,2.17049224e-08,4.97555408e-09,0.000542436738,0.00377546248,3.96688247,0.110970281,2.9753724,9.8525487,4.59002879
7.75542965e-08,5.58277915e-07,3.94536312e-06,1.11601233e-05,0.00228822251,0.00730754027,26.7125204,3.73167958,0.00651879399,0.519408826
2.61643857e-06,1.44139182e-06,0.115714401,0.0028063717,0.00978688775,0.190587782,0.220726535,5.60901174,22.9136218,0.347702315
1.702387e-05,4.9973905e-05,3.78377962e-05,1.32308289,0.108411205,0.125132837,0.440780966,0.0144218471,18.768422,2.61545541
2.7508921e-10,2.84967555e-06,1.92793708e-05,5.80336932e-05,0.697655534,3.58552834,3.70822226,0.46447507,0.00350611763,10.6415859
4.19303818e-08,4.50194105e-08,4.41202691e-09,7.18164928e-07,0.000235597071,0.000198905606,3.2565333,0.0721154339,46.9518472,0.0452060893
0.000657553624,0.033010305,0.106968751,0.947278462,0.0163594678,0.0505332219,5.43584811,0.0186022143,0.500626615,6.56665373
8.57411277e-06,3.63619798e-05,2.10692115e-08,3.45134152e-05,1.46230929,0.0984640685,3.86643309,12.1102354,0.0549331211,1.65110266
1.7521304e-07,0.007402342,0.000401012715,0.229152189,0.00266860245,0.0218935662,1.61266243,30.8216902,0.215779539,8.61719888e-05
2.94636665e-05,4.09239385e-05,0.385007676,0.0187860894,0.0213629359,0.073984063,1.64705337,0.639939435,16.4985017,1.96840914
1.74490457e-06,0.000789821426,4.15017642e-06,0.0230696912,0.0218011712,0.100428818,8.82257889,0.0699062728,10.6817846,4.68007318
3.86604579e-11,9.33702224e-08,4.03295088e-07,4.49117123e-07,2.30253637e-06,2.71655859e-05,0.000122759547,0.00248117814,0.393341952,89.2810437
0.00519259514,0.000143688823,0.0929883371,0.0113317121,3.21514334,0.145912904,2.19747893,0.100380288,3.86815509,1.33945566
0.0115601424,0.00369312869,0.0018275732,0.00949227679,0.199475141,0.652080972,0.0025688404,4.98058906,3.77401186,10.3964721
4.67687782e-07,7.8190483e-07,6.27151686e-06,5.80536393e-05,2.91676153e-06,3.06359808,4.54186467,0.690914013,5.45146171,4.70521036
0.000537203614,0.000196593056,0.0255146533,0.699169286,0.0123072253,0.0282080192,2.58097261,16.3851792,0.250407603,0.24299173
1.13848057e-06,0.000198110547,0.00012835664,0.562261039,0.0163805673,0.0321580269,3.53061662,0.137179853,0.367185479,28.3546036
1.05521412e-05,0.0247544834,0.100128072,0.181918861,2.43468375,0.0606263826,0.256107995,1.45231384,5.54687175,0.9374946
0.0225009031,6.01670772e-05,0.0107794461,0.442442467,0.0568362622,0.102929326,1.81754479,3.40332408,0.151518525,9.35516546
9.3423529e-08,7.6838348e-07,2.92895661e-06,1.10621498e-05,9.92283613e-06,0.00117369453,2.88585232,0.00642376999,9.43363894,28.1168118
6.51498736e-08,4.10703178e-06,0.138632403,1.12023745e-06,0.054451977,0.0526840994,2.88685207,0.762813478,0.931570739,26.7382968
0.0126463577,0.00153328256,0.156356557,0.0341835561,2.70184815e-06,0.0880936308,0.146844191,3.24822233,18.5721943,0.741130456
7.40980222e-06,5.0243571e-06,4.23571665e-08,0.66323066,2.42434724,0.649837015,1.05501892,3.52047293,2.10871319,0.00233673699
0.0107602345,0.00010610662,0.00417751426,0.000108560844,1.70712239,0.446382672,0.155416963,4.60355705,1.49231983,6.35863409
0.00180744503,0.0991909288,0.0122274776,0.472365088,0.00164512038,0.0974089137,1.68370409,0.2365544,13.5334733,0.894768042
1.19163646e-08,1.39753938e-09,5.35221291e-08,6.13860966e-07,1.91823599e-06,5.62520321e-06,1.30217743e-05,0.135086604,34.0622742,15.4692852
2.44274444e-05,2.90303513e-05,1.40764474e-05,0.267453507,0.500599921,0.439681831,0.00657219687,0.0156359973,0.0436446594,48.3611319
0.00751229133,0.0343492544,0.0103106795,0.0244874733,0.00349427051,0.011589772,0.029149274,0.91609158,10.3121342,17.6871261
0.000320058818,0.00269118365,0.00207429885,0.00645440808,0.0287283502,9.21116953,0.135955659,0.0430565882,0.00474144361,19.3363376
1.72605521e-08,7.77917797e-07,0.000168694217,0.00109281378,0.000180343289,9.98077416,0.351727957,3.95281079,0.0776061016,5.68454069
4.47618893e-05,0.000121699508,6.88121348e-06,1.08765759,0.0181228946,0.270267711,0.00050844879,0.125945231,7.67760042,18.7352982
1.00529551e-06,0.00672596893,0.221070331,0.561754456,0.819723621,0.0262981444,0.0470434265,0.87755395,6.59396362,3.99948386
3.1957784e-09,5.07217836e-07,0.336038055,0.0224486138,0.21848784,0.588480793,1.17558309,4.55618085,1.02864855,5.84431377
1.43225115e-08,3.19015871e-06,1.92321368e-05,0.454516369,4.99672781e-05,0.230119501,8.29848855,8.79777539,0.0170079756,1.41958186
0.00906054779,0.00558496191,0.636822841,0.00700452506,0.790081309,0.40546182,2.11246611,0.0627539938,0.393650413,4.69329913
2.0193037e-07,0.00221822644,0.0596142047,3.36306493e-05,0.430400732,5.56105493,0.000862229953,4.36417249,0.0400660285,7.24890598
0.00776428168,0.0122004642,0.0649028814,0.377192046,0.00106190623,0.105430584,3.36267265,0.0236414297,10.7274867,1.89511484
1.12120075e-05,9.87532358e-07,0.00108061648,1.3217783,0.693010058,2.15092372,0.0401435582,0.224360196,0.266426515,11.2799279
7.41371289e-07,1.80999438e-06,5.80054888e-07,0.00139294258,4.226421e-06,4.07397323,9.79582239,0.136292543,6.63402291,0.0252105851
5.86775591e-05,3.43852451e-06,1.76804002e-08,2.93751119e-06,0.0048353926,4.3335361,0.00209733877,13.8456261,6.69441573,0.00775601047
4.46845139e-05,0.0300591503,0.137433028,0.0208178699,0.665226048,0.349823016,2.54988324,0.0893529617,0.227014881,15.3503104
2.49108551e-06,9.28650409e-05,1.68103803e-05,0.00103308925,0.00328444882,13.5906645,0.00911395333,3.83223169,3.78760635,0.00191378137
0.000125708443,2.67998058e-07,0.000609729896,0.395656067,0.0506289795,0.0729472857,11.7213711,0.489685849,6.91591737,0.146517401
1.95870622e-05,0.000105285567,0.000507197758,0.000122508435,0.839989039,0.00525343733,1.16773491e-05,0.0553989014,6.24340497,37.7427904
3.98785715e-05,2.12403293e-05,0.00504812308,0.0014324746,0.0035021816,0.00146854574,9.30319097,0.00603022862,0.0312073098,34.5109686
0.0155613758,0.0260606618,0.00357057297,0.0065793045,0.117160687,0.00558314568,0.189089904,26.7507315,0.0329770353,1.0924703
1.42436471e-05,0.00064756173,0.115777646,0.0153479945,0.0195635276,0.0522311797,12.6746513,0.715151074,3.41429297,1.84981734
0.000639162042,0.00205267585,0.244180616,0.0438810898,0.000233518037,0.132846016,0.0618071507,1.79819919,15.5138672,5.64875003
7.32620097e-05,0.00216121934,0.0935645884,0.0411208666,0.0098937649,0.00183713872,2.88246606,9.29993905,0.742834754,7.47090348
5.60669383e-05,0.0986032277,0.0263466633,0.0947159803,0.00802848555,0.0916510993,5.57859714,0.0490007261,9.09739977,2.12044966
0.00798933065,0.0013589725,0.152488347,0.0136470681,0.415949419,0.942491496,0.314713142,0.0543072566,12.3220113,2.95910583
1.37949365e-09,1.76713026e-08,4.509637e-10,2.49097941e-06,1.0254566,7.12791885,1.09824886,0.105048996,0.925383918,5.09476823
0.022123162,8.40205782e-05,0.188103671,0.128707231,0.188715632,3.09104917e-05,0.276162563,0.0606726136,26.6766056,0.0635724493
3.58548006e-05,0.000928099533,0.00182423386,0.736357412,0.218206384,0.0123282843,0.00452790619,3.18098994,15.2323164,2.75081502
2.04487596e-09,1.39586201e-08,1.42362112e-07,3.83337432e-08,4.05955692e-06,2.00638255,0.017455602,0.0198602773,0.121574155,59.642371
4.50693738e-05,9.90173535e-05,5.57919897e-06,1.14996697,0.814960229,0.0223707988,0.0166892387,0.0449177567,0.0517121663,34.7515171
0.000308804932,0.000385430087,0.333589474,3.14275436e-05,0.0158192361,1.11101074,3.7810083,1.2693567,7.65778334,0.39830311
9.29168547e-05,7.64596501e-05,0.0847931098,0.0575045198,0.618145637,0.70452381,0.0124845078,0.0395919517,1.24417933,31.1414768
1.34438479e-07,0.000135872855,0.000313020826,0.00792745765,0.82276736,2.86843443,15.478944,0.34618364,0.0101914588,0.000770790973
1.93403054e-05,0.000124866922,0.706296955,0.373638199,0.0280988903,0.507576987,0.0204254435,0.0329130719,11.6718674,3.16096043
1.66643347e-07,1.00445748e-07,0.00292198609,0.728957369,9.44615987e-06,7.79953995,0.0650364569,0.176038756,0.115685548,10.9713622
0.0140061245,0.0153626478,0.546143131,0.0977447102,0.000378403424,0.369817591,0.0161951344,6.91945865,0.000239221756,6.50654254
0.0109440948,0.0161629779,0.000103363868,0.160220224,0.0243417484,3.01659344,0.216160527,0.0345245616,14.9235892,0.903547861
0.0129678141,9.32025341e-05,0.202738206,0.166898653,0.0773184687,0.600456916,8.5300669,0.847058549,0.0468978337,1.14263327
0.000364093565,8.5907717e-05,0.00481362539,1.67877863,0.0127333784,0.0573560097,0.0387330435,0.165140505,11.5617802,8.45481275
0.00232164188,0.0514007013,0.238658313,0.0556218788,0.575189168,0.290031757,0.000510485904,2.95234239,3.96959966,3.27343502
9.04418771e-05,0.000103283681,0.0510526696,1.08494161,0.0114607793,1.03058031,2.88019608,2.88413673,3.21017571,0.0433832718
6.38753561e-06,0.000766180224,0.118065924,0.629703146,0.411673947,0.7087726,0.361168478,0.0875208718,1.23926327,14.4187447
7.01299521e-06,9.51993186e-07,0.0216747879,0.381864851,0.0657560135,1.13753652,0.0686520385,6.4025425,0.0480603033,15.0627728
2.34500617e-08,3.84267484e-05,1.47841558e-05,0.000627153255,0.000596000049,0.362897009,5.14055652,0.694145747,0.0687728058,32.7564309
3.86101008e-05,0.0173804603,0.025572558,0.00685329917,1.89021108,0.395022398,0.126210323,4.06992158,0.182069378,11.479053
0.00705545256,0.00594005252,0.0283568405,0.0114481457,3.76439662e-05,0.0182775479,2.81254805,1.22740826,18.6931914,1.3110481
0.00877618474,0.00136871792,0.00339328867,0.0228706165,0.499178157,0.399877773,0.412543891,2.1919325,10.3243861,3.49067056
9.42257208e-09,2.33404888e-06,6.24174695e-06,0.000235540274,0.000486414147,2.43590774,0.105758716,5.68700375,0.0661669436,25.8030658
0.000115023479,0.000272704381,0.00232439955,0.00217878832,1.00419837,0.806739531,4.86713832,0.0306712675,13.2434589,0.274787755
0.00674410832,0.00310185507,0.0220813663,0.0826032037,0.0998749248,0.0765407673,0.678613139,0.203217174,25.9785121,1.45362201
0.0037856217,0.00639819257,9.45372898e-05,0.470806981,0.965149325,3.36506404,1.42047918,1.19058549,0.368068583,0.579112781
0.000399433232,0.000138919043,0.103292216,0.0978727191,0.0615117126,3.80143147,1.40511254,0.00471224973,0.754013823,12.3687955
0.00726646513,0.00528045729,0.0053521985,0.00201882851,3.42390176,2.64133404,0.00409577577,0.0529065016,4.00130977,1.95507325
1.81902991e-10,1.21322227e-10,5.10729774e-07,2.73232035e-07,9.62159628e-05,0.000133527109,0.000238526571,39.5441028,0.0236013709,6.56975473
0.000378782391,0.00252781577,2.47449191e-06,0.00141542896,4.62388241,0.0458627787,2.99025617,0.45464346,7.01224766,0.0692689877
6.08699728e-05,0.000221360711,2.44795342e-05,0.0102753884,0.0516130705,0.0297873599,0.352618477,16.9037023,14.585386,0.0122373027
2.86953775e-05,0.00223161141,0.00537181938,0.00661093027,0.0117508596,3.3900664,2.1892511,4.99043623,0.00734910053,8.70311587
0.00011064802,0.00870835053,0.0910226977,0.0519831702,0.0268299791,0.0412608931,10.7099954,5.39796991,0.0186127509,1.87460748
0.00513202575,0.00633963521,0.00244320232,0.00806381042,2.66723201,0.236453948,0.730671056,0.539649451,1.22492503,10.4833116
7.32537783e-05,6.29918548e-05,0.000430332709,0.00390270015,0.655141068,0.0277079768,3.79573968,8.8254399,4.30036214,0.808168965
1.8218009e-05,4.1563787e-05,0.000410522544,0.00291625227,0.00848736379,3.39654356,0.0116818273,13.3139553,0.0248384756,9.65329371
0.000384936556,0.000797455683,0.00189495719,0.184995823,3.48012865,1.83798192,0.00139834723,6.6831329,0.225969026,0.28362685
0.00260976992,0.0695915962,0.0208961837,0.0842165481,2.50073886,0.0213090578,4.41246582,0.00918421993,0.025880645,5.68139013
7.07203685e-08,9.55880012e-06,1.86318865e-05,0.00856848732,0.058560605,0.0621648953,13.4045011,3.46619492,0.00875010703,7.38219735
5.13390593e-05,0.00483112279,0.777981085,0.131202009,0.00457002128,0.155555228,3.44234101,6.77863572e-05,5.13842272,3.30203408
9.02529813e-06,0.00132935368,3.58099278e-05,0.000146172535,2.59231757,6.89939053,3.4420971,0.073612657,0.00442106836,0.384028378
0.00794440391,0.00935257486,0.210656786,1.36431362,0.0298952233,0.0547314199,0.175976424,1.01264257,2.12956496,5.27614561
0.011488962,0.00281351511,8.79819489e-05,0.495174077,0.0638956098,0.446799296,3.18299131,1.99985627,2.1406408,2.90017555
4.11853663e-10,1.01146739e-09,1.5309932e-09,2.39327754e-09,4.33815533e-08,7.85961784e-06,1.6420326e-05,2.49222642,36.9183516,5.12032452
4.75136595e-06,0.000112207839,0.108107338,0.0210090948,0.993128094,0.360384247,0.230519751,3.72807362,13.2907529,0.191561405
0.00611197545,0.00089380609,0.111690609,0.000465307473,1.79895742,0.00336640677,6.63635547,0.862389579,1.07439349,1.49605592
7.15140946e-05,7.97411409e-05,0.00212726706,0.00113948488,0.00392808188,2.62301385,5.44358117,1.0648386e-05,0.0278498484,23.205154
9.38349896e-11,0.000837433134,0.00246528549,0.126060426,0.0140389284,0.000878825001,0.0145079638,17.7449509,0.164035801,16.5604962
3.133707e-09,1.9685805e-08,0.00085636973,0.0275586738,0.818049769,0.0174822845,17.8469873,0.00263717021,0.893188888,3.04936456
0.00029295189,0.0744351963,0.350142979,0.254218379,0.00724540415,0.107586589,0.00233255852,10.9465749,0.351387234,2.97867654
0.00104897955,0.0111826228,0.0200794301,0.00185136376,9.46962228,2.15181675,0.0117328015,0.0128535078,0.175204462,0.408999905
0.0125271445,0.102034789,0.0130566574,0.00410684203,0.0118306625,0.0251529105,0.605075855,5.85613049,5.43823041,3.23097481
1.51377761e-11,8.69437683e-11,6.10102674e-10,1.55648142e-07,3.37969712e-07,3.71126793e-06,2.79815778e-06,5.68158638e-07,3.72354836,69.9563814
1.65153384e-11,4.77701298e-07,1.41560816e-06,0.000125028959,4.83630863e-05,0.0249858003,2.62530651,0.000805806416,29.6664181,6.30156358
9.50238145e-08,0.00101108179,0.00113178843,3.77276385e-05,0.101065791,0.630022277,3.46032803,0.668024487,13.0341005,4.31988135
0.00898335019,0.00212872814,0.0133248669,0.101222846,0.524256944,0.0428015246,0.000219828521,17.5331257,0.0378359259,5.14172147
0.00127407956,0.0564393031,0.0672869628,0.0121207556,0.102436813,3.11449421,0.0440200713,1.32755471,5.25262612,3.19336664
1.84278042e-07,0.00279644231,0.23689814,0.132863449,0.887371033,4.38340717,0.723925542,1.20979684,1.41155564,0.0105088883
0.0139441594,0.00236385024,0.30587531,0.772499332,0.0531802889,0.034576054,1.00022172,2.69832832,0.853098172,2.69159057
5.77028736e-08,1.65039368e-07,1.35185565e-05,5.21920743e-07,0.541355372,0.179201316,0.340379966,2.02154501,3.86613717,24.1612088
6.4994456e-05,0.018175131,0.000584126382,0.73228002,0.450161426,2.76902508,0.0107382896,0.399092299,5.49841976,2.4436967
0.00514885053,0.0786713885,0.0672204091,0.158090223,0.0695827226,0.116124358,4.03191092,1.81933596,2.80878818,0.948925243
0.0110147334,0.0069527101,0.000443046809,2.3631639,0.603658785,1.21274816,0.198376303,2.76493674,0.00337674953,0.230748179
5.40223205e-07,9.87781907e-05,0.337751097,0.197229752,1.64991496,5.01627635e-05,0.347311601,4.78836353,0.0899499477,6.23098191
2.01663225e-10,7.85522623e-11,2.26328132e-09,2.87803404e-12,6.98787765e-05,8.40655581e-05,0.00731872168,6.61754635,22.0119561,7.23002273
0.000112947112,3.68131737e-06,0.0522704903,0.00059240141,0.66509326,1.66506861,6.11415312,7.94780345,0.00579810906,0.00109219756
0.00116132135,0.000404551006,0.000619281106,0.00156977993,1.8753978,0.125009123,0.0026354414,2.1774899,0.483064996,26.2879488
8.45758769e-07,8.76830444e-08,0.0006798098,0.0107626208,2.95165302,0.0269339416,0.613686087,4.77422105,11.3844574,0.0047550524
0.00016218439,9.303546e-05,0.00111394309,0.604177287,2.2346366e-05,0.00162540417,0.061135234,14.6956703,1.30565692,8.66173958
8.44260771e-05,2.37319049e-05,0.000968008368,0.000413583444,1.95088868,2.5159177,6.10767631,2.29878444,0.361756375,6.35243223e-05
2.39959847e-09,9.53382387e-08,7.31916382e-07,3.46872963e-05,0.00574160363,0.0137411043,16.1204099,0.00444473428,3.94234514,8.29683811
0.00435254613,0.000953249074,0.00116672831,0.726509918,0.0494319188,0.0061876349,0.270956426,5.89562857,3.22311542,7.63523975
4.76797544e-08,3.88460741e-08,8.16045236e-09,2.09773925e-06,5.91322929e-05,0.000204110627,6.47538415,19.7859923,2.75926788,0.00620213405
6.61257561e-05,5.13087876e-05,0.117281158,0.000374602114,0.00014585859,0.959886346,7.06013239,0.109858151,0.0287994728,18.9131688
0.00152271061,0.10992433,4.20462943e-06,0.000392544036,0.650723084,0.755122046,3.02472388,1.05501157,7.43041892,0.0641527274
2.97822326e-06,1.28174188e-06,1.61870662e-05,2.48391346e-05,3.57813017,0.000601566236,5.03698248,7.90170627,0.529587087,0.0109128693
0.000167341211,1.55215784e-06,1.15676129e-05,1.06990797,1.59896183,0.103048792,3.82185391,0.477322728,0.203117894,4.18135901
0.00520972303,0.0034498768,0.00432552828,0.0297583444,1.05495553,1.05474686,4.70717964,1.00551059,0.0105359592,5.66895309
3.02209788e-12,1.55307416e-08,4.19903259e-08,7.24593617e-08,2.36115139e-06,0.00053493143,8.26197955,0.340809219,29.3548312,0.0201064994
0.0128979978,0.00546948865,0.12943124,0.377416073,0.0437107859,0.0484642645,0.0101240391,10.4023729,1.18150322,3.26370397
0.0072682704,0.0063169977,0.052015364,0.0113307433,0.196579294,0.208029066,0.0762515617,8.57247207,11.9513713,0.103292298
2.7650963e-10,1.43618969e-10,2.10279095e-09,1.46040331e-11,1.0283542e-07,3.40404983e-06,2.5113327e-05,23.6419557,16.8732897,0.0410059987
1.24802573e-07,2.36282939e-09,1.34960881e-06,1.58742726e-05,0.000289568843,0.000783864773,2.40046046,2.44257874,7.92044664,18.2964858
2.9286616e-06,0.0674953584,0.000375399573,0.181908282,0.0507346617,0.0300932789,8.01270007,3.1177637,3.0730351,0.43137113
2.96200802e-13,2.45160501e-13,7.48349121e-13,5.63355909e-11,4.88116242e-06,7.5917746e-07,2.42340772,11.4824522,18.5638483,2.41745513e-05
8.5685104e-06,6.58875867e-05,0.000184480318,0.885303979,5.12573856e-05,0.0996343039,10.1696754,4.65974049,0.0123499732,1.62412827
7.53606917e-07,1.0616563e-05,5.06738589e-06,0.000345216052,6.88825729e-06,9.54210355,2.94006427,0.185101892,7.57301321,0.00811116481
0.000291384715,0.000465600055,0.0112407649,0.00740745596,1.81648474,0.00352117657,0.1752748,17.1149611,0.0170172808,4.51096838
5.3692562e-08,9.4654913e-06,0.000689900262,0.297342953,1.96995855,0.00122279279,4.01812417,3.32825557,3.56995072,0.146984341
0.00401175819,0.0687442339,0.0456699528,0.000762357322,1.06974278,0.000927707505,0.0244779878,0.107430668,16.4673715,4.13186409
1.80673317e-05,0.000685146664,5.55030675e-06,0.328206265,3.48201337,0.0272421782,0.054923934,3.77123149,0.266232124,8.43458008
4.8027351e-06,0.000412563044,0.000625507535,0.00145782983,0.0248281178,20.0942694,0.0025471802,7.05302758e-07,3.50679522,0.48405954
9.67974759e-05,0.00039677049,0.0141759478,0.757043578,0.728929394,7.16706204,0.0702296817,0.135721102,0.295083406,2.4003413
0.00137843423,0.00389849198,0.000369927966,0.00203355502,3.24347674,0.00680743937,2.46918045,0.0803300026,16.0595792,0.00037772176
0.00875120824,0.000451670004,0.0496242292,0.00240923881,0.00743781622,0.000204342903,0.159435783,10.0683679,0.00746437859,24.2751035
0.00408150063,0.0155458486,0.0012377064,0.360289156,0.112229162,0.135293962,0.0656598362,1.92792472,0.0205652575,30.8088498
0.000180101055,4.87160353e-06,1.96742154e-06,0.00225233123,0.000844583228,5.64812366,0.000167777075,0.143485321,0.0356278993,37.534471
6.76805954e-08,1.25607545e-07,3.93338851e-05,1.30271611e-05,0.00727965935,0.0174729052,4.3890865,5.13477188,6.15457623,7.7217597
0.000855383404,0.000576155027,0.408619336,0.000122813323,1.01212029,0.120226863,2.11793014,1.75320066,5.35577209,0.578291801
6.47231443e-06,3.70314858e-05,0.000129111142,0.000147424725,4.4884642,4.39680943,0.0538131301,0.0253225094,5.96287276,0.163137414
0.000295872015,0.00399584594,0.0658466935,1.17231491,0.732291152,1.65584081,0.558698329,0.62842355,2.48637617,0.366363149
4.33899373e-05,0.000111847751,0.0764559763,0.00159954206,0.102355784,2.4150534,0.880594686,0.191340905,14.3231879,2.51853098
0.00123378284,0.0941843348,0.071497788,0.0127525263,0.248078519,0.00370124188,9.88748728e-07,10.3691295,0.35664369,10.0744475
6.55612182e-07,6.93532085e-06,4.63634022e-05,3.59499522e-05,1.10925414,0.164122073,0.896611492,3.08330595,7.55648514,6.85021611
1.05067735e-05,6.70450149e-05,0.00178173983,0.956906895,0.652797572,0.467413182,3.18287851,0.234498025,0.412075367,8.11451338
0.00037114958,0.0472471873,0.516843408,0.00621254719,1.24471625,1.66865537,0.218095753,1.4395135,0.00166718344,3.12053258
9.22889442e-09,6.89351271e-06,4.238095e-07,0.287318935,0.00943016308,0.0542961403,5.6990594,0.991053926,1.66848801,14.9748725
0.00816466111,0.000117234333,0.0523840268,0.218035007,0.0240325577,0.00291996492,0.0205568418,0.0024593902,36.2691675,1.53264795
1.85627517e-08,0.000147442603,0.0171619865,0.000363533042,3.99090057,0.00934763945,0.305711412,0.5263742,0.0618633899,23.5957606
0.00601793159,0.000722243482,0.0386893732,0.0180832662,0.51134616,4.75440076,0.0134316155,0.711737977,11.1122956,0.0237790845
2.64159031e-05,3.55067228e-05,3.34592206e-05,2.54135553,0.0616598876,2.74734108,1.47879916,0.0149962886,2.69466685,0.531046522
0.00306709451,0.000131913062,0.00213488353,0.122022753,3.75553959,0.370697004,7.68149713,0.289771149,0.243975409,0.0154441577
0.00762371664,0.00786271397,0.317461631,0.00410752066,0.262886132,0.786078264,0.881427573,0.190851392,1.57017663,10.6758527
0.00873445934,0.000207521802,0.209446183,0.0216949872,0.119159254,0.42479999,0.307343326,15.2595656,0.163775867,1.6325815
0.000140846968,2.61918673e-06,0.00713459838,0.694840829,1.23883431,0.568301958,0.325366284,0.0119046482,1.78800887,13.64552
5.58240162e-06,1.57672414e-05,0.00136430677,0.445192787,0.699784847,0.0187168856,0.113931728,18.2853476,1.37138933,0.777516985
0.00937821284,0.00587439805,0.0111316514,0.194049635,0.351365032,3.94279198,1.12874995,0.12047751,0.0412468853,7.8981179
1.33743402e-05,4.22258695e-06,3.36282929e-05,1.29161541e-05,0.00332625009,1.27965039,0.136058019,12.0483138,5.68503387,4.61779927
0.000194893506,0.00505164379,0.00270999233,0.00332133223,0.121905835,4.18858365,0.339190995,8.00112532,1.18769419,2.37407788
0.00847588364,0.00559796279,0.18338409,0.00031057698,0.0863327411,7.1565147,0.143258911,5.53190599,0.175494741,0.0302175418
1.04350429e-09,1.11499774e-06,0.000901057261,0.0135707486,1.04052418,0.0484258745,9.28962306,0.0470844215,0.0898444183,14.9446564
0.000698359978,0.000306804863,0.00107284473,0.497417547,0.60762966,0.0334698174,0.185724331,0.039085591,33.3238025,0.0356241837
0.000110459236,3.78482501e-05,1.30926186e-05,8.09999728e-06,0.0144971162,2.26520965,3.92486057,0.0150802507,19.4109703,0.664837522
0.000178083039,1.64118366e-06,0.452793667,0.000231601956,0.0396351092,0.291320249,1.30480916,1.64363734,0.111621657,21.457194
7.65155423e-10,1.26468221e-08,3.72901695e-05,0.000272349153,1.10415149,0.246463135,3.01255604,7.60768179,0.0766309779,7.17923102
0.000254304036,0.0018477495,1.98743478e-05,0.883978269,0.659868475,0.934860474,0.392904361,9.02909314,1.48729852,0.00882168914
0.00441951672,3.36453528e-05,3.61039862e-05,0.0128525652,0.502055655,3.32956525,0.173733892,0.0335215338,6.60187443,8.5562299
8.71541995e-09,1.03699433e-07,3.24290588e-05,2.18373874e-05,4.79257389,0.0714841558,0.0120761911,6.16996397,5.43076101,0.726191002
0.000172696289,1.97006316e-06,1.87961105e-07,0.000320455722,2.10482821,0.238100973,7.83600207,0.257736987,3.94982378,1.12605977
4.93408148e-08,4.15404975e-10,1.11970665e-05,0.000176049434,7.26566734e-05,0.015194009,0.00374422084,22.8337932,1.69349755,11.6147314
5.39557204e-07,5.2664539e-06,9.80515239e-06,1.71947565e-05,0.00146824717,0.00402181284,10.646664,11.9216365,3.37832649,0.00142821219
0.00285715446,0.000353101889,0.129752127,0.000333617514,0.0179339521,5.657088,3.74720624,0.0436419321,1.12158825,2.76752873
2.58965001e-07,3.40960738e-06,2.13866834e-05,6.36161489e-06,0.0318943976,1.58615518,6.30687255,4.98709678,5.62561154,0.0734952756
2.26927313e-07,1.09424673e-07,1.34321647e-05,2.89648046e-05,5.37573539e-05,0.0333155571,14.7377616,14.6862953,3.6568051e-05,0.145874827
1.58011632e-05,1.7403316e-06,1.11128375e-05,0.000423852792,1.05814829,2.68358085,0.102790655,8.18949999,0.104228504,6.47354816
0.00889647645,0.0149831193,0.205212693,0.0124438765,0.028795245,0.431383702,0.00584199545,1.89966877,0.396756352,23.3734989
9.06885629e-07,6.86556383e-07,0.000233212066,0.913239588,0.061152003,2.42499876,0.0135396518,2.33979084,1.39818023,9.45847207
2.86711824e-08,2.10816041e-07,8.6447724e-05,4.40581745e-05,3.6234785e-05,1.12885727e-06,0.56128664,0.0331478561,5.67555909,49.9030271
8.78084026e-08,3.49459758e-07,2.35479767e-05,6.0884687e-07,0.01270238,2.20987585,0.00441731318,3.40509291,0.0523584153,35.7844448
8.88749321e-06,6.49620802e-07,4.8963218e-09,3.24960468e-05,0.00218395992,5.59425624,1.43417597,0.00187929463,18.8411155,0.541967039
0.000774727122,0.00214481853,0.0352831132,0.0156653751,2.88175065,0.085263126,5.74365026,1.16503633,2.7479847,0.00569256428
1.78854988e-06,1.70506413e-05,1.48232396e-05,0.000418177404,0.00197061906,2.11686452,2.50727897,0.0695145352,7.96183873,12.0256044
0.00310811004,0.00329358608,0.000322559463,0.0960807458,0.786151343,0.129350571,0.032902764,10.2273149,0.00299886223,13.0938062
5.96445512e-08,1.8433054e-05,0.000128417037,0.00323687579,0.881510523,2.92093303,0.43317226,0.0625224667,0.000913312482,28.7659249
0.00324711649,0.00671117803,0.00129769058,0.474569985,0.247326625,5.46155256,2.14788084,0.691876996,0.0931414599,0.973293744
2.23738361e-07,1.72807856e-05,0.00504439389,2.35126785,0.033182272,0.161723129,2.28285091,0.19650807,10.7295112,0.0717483797
0.000190555382,0.0330161308,4.7059141e-05,0.00170050651,0.36148627,6.00457906,0.029226364,0.00389278116,7.31803043,4.3386169
0.0114781555,0.0136451251,0.014321109,0.127163392,0.731106281,1.12717858,0.589563356,6.22429781,1.45473974,0.222024047
1.12938188e-07,1.17397154e-05,0.000107034967,4.56813761e-05,0.000229062816,0.170975685,0.164675435,0.00596875702,12.9609632,33.7706115
0.00065006216,0.000343563451,8.56831957e-05,0.0122267694,1.85829868,3.95011717,0.00950310538,1.60966087,6.0321941,0.637981881
0.000147631099,2.18824398e-06,9.46976181e-07,0.000102166605,1.07974006,0.0487823084,1.19742897,14.4026841,5.93600054,0.0069608857
1.01398984e-10,8.05194579e-08,4.36511001e-08,5.73855207e-06,2.12405241,0.83766957,0.00199041679,0.124488147,25.6500967,0.735561512
0.000261026721,0.000179042567,0.00116370681,0.162350403,1.77033787,1.02904555,0.102979063,2.9252766,6.59561979,1.07635632
0.00147889994,6.59218088e-05,0.286320862,0.0400848263,1.61612908,0.115452831,0.726251096,0.110543229,12.9425217,0.417777251
9.07386161e-08,3.01339279e-05,1.89550266e-05,1.33567474,1.55398029,3.55695841,1.16506962,0.000474578339,0.114233029,1.79798918
8.80008355e-05,5.92081295e-05,0.00402211604,0.501094114,0.00259465001,0.327579241,1.22205104,0.0487946002,4.89148699,20.3722356
0.00784250034,0.00546185584,0.0286209183,0.0114815242,0.952641876,0.0671399554,1.00260387,0.519510741,0.481255207,21.5269999
0.00156162469,0.000760502506,0.605473588,0.0582515942,0.440689968,0.0238546688,0.343303704,0.192056698,6.63270343,6.96277138
0.000497250582,0.00213028154,0.00449160587,0.00181529651,0.00355005587,0.0801042271,8.05034451,5.65615778,1.0465484,5.59508789
1.20437246e-05,0.00120338318,1.51383607e-05,0.000298208382,1.62481101,0.83240305,2.90819307,0.511897496,3.86767737,5.06278173
2.08804251e-09,2.27554363e-06,1.59788856e-05,0.000594627329,2.12380444,7.28276219,0.820313148,3.23505219,0.044892454,0.0936190473
3.86438988e-05,4.05874427e-06,0.244375174,0.113021537,0.00719920575,1.21868428,2.9987018,0.423564822,0.0891103272,15.1913342
1.31824614e-06,9.40220537e-06,9.55849858e-06,0.372075553,5.67177815,0.00104244867,0.00902654476,1.86755854,0.00192526774,10.549467
0.000124297708,0.0745714886,0.00236297737,0.0127727684,0.0966885924,0.120203445,0.527232684,0.0287793903,0.00223998706,49.4937431
0.000920326433,6.03971202e-06,0.0807162902,0.0106644586,0.831517587,0.284577893,1.1191601,0.0285297457,25.4872421,0.0816966556
1.6642476e-05,7.6648285e-07,0.00077273137,0.015456276,4.23688917,1.15553957,0.0750736394,0.114642971,14.3634266,0.0437165496
0.00182999898,0.00350676789,0.0012188271,0.00254572131,0.485430762,0.166916894,0.0884958872,4.52514743,15.7141772,2.40726027
6.51311043e-08,6.32087407e-09,1.37826299e-05,2.66299613e-07,0.00041017761,4.86680652,4.71758422,5.05634321,0.0210426927,3.26818325
0.0167681402,0.00100128088,0.00181684987,0.00669338888,0.00026213931,0.300341942,0.00844419202,0.485909877,28.6899036,3.85773865
9.10811222e-09,4.17993316e-08,3.08581124e-06,0.000758187433,0.00824166584,2.70939279,0.000455360655,0.00395299551,20.7941702,10.146338
2.435126e-07,2.64188709e-06,3.14084977e-05,2.3946632e-07,0.228699617,0.177099237,9.39775685,0.0537601651,0.00489616032,24.6609602
0.0283896742,0.0101112285,0.00108318605,0.0805869152,0.120290639,0.109267539,0.485724823,0.642591508,0.215961538,27.9902877
1.28063954e-06,2.79225323e-08,2.35313915e-05,0.395335947,0.0272888516,0.0433281636,0.179305621,0.00724444832,47.5871811,0.161806384
0.000529458487,0.00217393539,0.00635079103,0.0556063328,0.708220212,0.42613694,3.57580288,3.24101908,7.35245709,0.0520630162
1.08232145e-06,4.85751991e-05,2.32789737e-05,0.995939594,0.00422834551,0.0173108105,0.685902215,0.346546454,25.8016526,1.25743483
0.00363368769,0.00618819804,0.00100361296,0.0137875151,0.064701142,1.11484265,2.82171084,12.3014524,0.215244049,1.32551851
1.26610952e-06,0.000874854111,0.201598545,0.043701335,0.688420439,0.240254735,3.27356703,3.1408116,0.0237688272,6.8933553
0.000630227929,0.000141939249,0.393950568,9.33153981e-06,0.0832364539,3.0887725,0.0911870334,3.34539132,0.210533196,8.45334641
0.00167530087,0.00103638151,0.146497833,5.40882616e-06,0.0651875247,3.05831717,2.97470679,0.631582115,7.244555,0.1773215
1.7431897e-11,2.58941704e-10,0.000713579977,0.00290420839,1.07653594,0.0159478417,2.66023865,0.0402566076,30.7960808,0.0182786552
2.42648293e-05,4.19789439e-06,0.294790228,0.0921567352,0.06750414,0.0102322762,8.45057692,0.359511915,0.02417463,11.890987
4.1015899e-05,0.146621215,0.0181786099,0.233973392,0.0260778715,0.00289273063,1.19726567,6.11789091,4.73065109,1.20866298
1.7970984e-05,0.00109547055,0.00232095976,3.96291543,0.287852107,0.617022603,0.0334252852,5.27239201e-06,0.673438744,7.52414475
0.00646946358,0.0384756825,0.00954981886,1.69031693,3.1815759e-05,1.24063545,0.248085861,0.0745861541,8.0349162,0.474102676
3.79230126e-07,2.34256302e-05,0.00449827161,3.48505725,0.135731207,0.0167111682,1.51300534,0.0460174821,4.75060256,1.93127487
1.56439557e-10,2.42371377e-09,1.30741538e-08,4.18717694e-05,1.83510143e-05,5.61945149,0.0734075944,0.211442055,6.32986938,14.4971978
5.68355135e-09,5.4302517e-07,5.15970555e-06,0.50390179,1.90800875,0.000241776289,0.724860355,13.1407355,0.284017223,0.700348073
0.00640769311,0.03558663,0.00970623999,0.000142427881,0.000134402837,7.54291976,0.000906514716,0.572591684,0.0376517443,14.3601425
7.50158432e-05,0.000359996751,0.00272911266,3.75632868e-05,0.00594286597,0.016182174,20.8316193,0.513226721,6.17150242,0.0957472853
0.0127890939,0.00338104854,0.00742149936,0.0145523264,0.0391699242,0.0169227865,3.21658942,7.45446001,1.96589993,4.18701209
0.000296672661,0.00162957642,1.57570997e-06,0.160628491,0.228416068,0.0637780513,0.353172636,5.59852014,8.75254475,5.51290071
0.00181751924,0.0017918886,0.102249578,0.00922317674,2.12190714,0.290925779,1.51237212,4.78961675,0.0650168036,2.96050303
0.00655725734,0.00821696106,0.288663049,0.00973272196,1.07330307,0.0220973518,0.0579794434,1.22932919,6.94500618,4.19008693
2.73706865e-05,0.00126527766,0.156256365,0.00665226789,0.0399193238,2.06852674,4.21096814,5.44870048,0.000829308162,2.76508824
0.0222514959,0.007953969,0.00120228507,0.112705301,0.000803318795,0.514509437,0.824197106,3.63201411,7.27313198,2.33613767
4.33481956e-06,2.19280663e-06,0.000108509529,0.00187923659,9.80501103e-05,0.0749526613,13.7362537,4.13743921,4.72002312,0.315552295
0.0188380796,0.00640818901,0.00175567184,0.431509507,0.165245873,0.00191943833,0.204568203,0.277356604,0.758132703,28.0231996
8.30684752e-05,0.0319006927,0.197959664,0.346928611,0.00290629777,0.598833806,1.64927108,4.60093359,3.65658766,0.144463671
0.00309088389,0.0621541595,0.000240180034,0.00921023807,0.131193333,0.00295045123,0.337917252,26.7534042,0.00113077153,1.75234795
0.00849629944,0.0163200138,0.100688643,0.00242560989,0.261973475,0.137523984,0.222760884,1.944249,2.80803213,14.0443076
4.27996518e-06,5.27411218e-06,0.000833536634,1.93850929,0.0267123866,0.049977098,0.361651952,0.131091712,2.98985662,17.8667302
4.70816927e-05,0.00668249717,0.108954263,0.0193008648,1.05944929,0.0206095672,0.0372385492,0.00479525277,6.01025588,21.5113132
0.00542911388,5.42193978e-05,0.10261176,0.0563789398,0.503147392,1.26173083,1.42219399,0.0545972575,3.54245099,6.8600388
2.88611822e-14,1.02547427e-12,1.67174652e-11,8.95342615e-11,3.9127103e-07,0.0080021425,18.6123024,9.66799076,0.20480524,0.0864922194
5.4668473e-10,1.18849446e-06,2.63278527e-11,0.597567221,0.737701576,0.760260584,2.75248869,0.682470615,5.20087243,1.31069648
0.000104657894,0.000201323415,7.59388901e-05,7.4281734e-06,2.85365851,5.34874497,0.212989278,0.458191977,0.546189962,3.87428336
3.46155234e-05,3.29758049e-05,0.000114823002,0.00129047718,0.00284924599,1.71736599,13.391084,0.00776500283,8.99699114,0.0523740986
0.00523450233,0.0149075667,0.0769091919,0.00116870242,0.802525565,0.0174493315,12.1472365,0.713849305,0.265101763,1.0733162
0.000487787361,0.0171921768,0.0111590687,0.367414654,1.13027744,1.24589212,0.112549052,0.452556027,12.4526284,0.0648523646
0.00801301435,9.03255018e-05,0.00748145806,0.0512132798,0.209980273,2.14106128,5.58405028e-05,4.79050891,0.00767848416,16.4163035
0.0133833687,0.00616866697,0.0476374161,4.40822365e-05,0.16493273,1.77441468,2.43185625,1.0727966,4.71975159,1.31823032
1.88313568e-06,2.45735958e-05,0.0477032928,1.57127196,0.013834162,1.64986827,0.124257657,9.94880995,0.0174964645,0.942300026
5.56773145e-10,9.61041671e-07,0.0959999244,0.0125762061,0.0439501274,0.0788223642,0.0235985652,11.6107993,2.38949747,11.9981504
0.000111105561,0.00024282737,0.00295669969,0.436974957,2.97961914,0.0391941921,0.100408482,0.807251427,5.69974128,4.05456364
0.000996891833,0.00175212321,0.000162136702,0.000183308567,3.15069883,0.00100981822,0.391666711,2.52893449,0.00136676691,20.6139954
0.000162882671,0.00159596512,0.000986621793,0.0749239741,1.69217432,9.68540396,0.487164803,0.00733857418,0.0124305942,2.41042954
0.00835631017,0.00203890505,0.000284107493,0.030863193,1.9356672,0.829587598,0.811060718,0.0496088064,10.4440809,1.12905279
1.1367267e-07,0.011105283,0.00106515732,1.06767836,0.00819859953,0.565602363,0.000532444827,3.22267696,6.7596607,5.06301184
0.000241099383,0.00593082128,0.0718760047,3.27253245,0.195116272,0.128331893,0.0352030543,0.0234216796,0.530786882,9.81852037
0.000312048917,0.00232340532,0.0282377641,0.00614120131,3.35160296,2.28420908,1.49388106,2.54119164e-05,0.164073742,5.87244484
7.01903133e-08,3.20926466e-08,6.03736293e-07,8.918328e-05,0.00105302751,0.000122840592,0.0162818394,18.3201342,0.069126373,25.7091555
1.05687104e-06,4.18661099e-06,0.530081565,0.138863496,0.11799054,0.893698838,0.00472418611,3.72632732,3.91758459,3.38342547
0.00106355039,0.000684289428,0.134142734,0.43114375,0.0152120166,0.127028272,0.280290037,3.78208753,4.43071535,7.08298606
0.000114975111,1.29912174e-05,0.0975142091,0.743407791,0.187893669,4.00603931,1.09402747,2.17294052,0.0350528966,1.18815287
0.0105577566,0.0158655672,0.018895813,0.216839537,1.22296893,0.0403261024,0.994367644,0.726043802,2.58017614,5.75046381
1.19391317e-08,1.25765245e-07,1.1992297e-08,4.68633497e-05,0.751175024,0.0302260588,0.250008993,23.2177539,4.89705875,0.0207980506
1.02884806e-07,0.000325457954,0.0205696331,1.44779789,0.00033913257,1.60019962,1.97297677,0.258725313,1.83732057,4.84469076
0.00483978812,0.017396534,0.0017453445,1.14515909,0.0307631707,0.38449675,1.01761728,2.88242099,0.273424761,6.83226557
0.00729193769,0.00425617979,0.0042180073,0.00519495849,0.00214586941,0.0448514338,0.0180674207,0.0279547955,0.436186475,63.8047618
9.33209222e-08,9.75074064e-07,6.75280407e-05,1.31231237e-05,0.000286197149,0.00251877856,9.99014141,3.8471779,13.8801017,0.00513009837
0.000250698792,0.000458664328,0.000337248771,0.410052751,0.00250459009,1.60702504,0.00521235027,1.85752291,10.5384835,6.18356325
0.000207287712,0.0549877657,0.0621919774,0.0504122952,0.103634623,2.66479481,3.42322464,1.9241285,0.208844204,1.941903
0.000100418379,1.75070073e-05,0.00795874601,0.309935889,8.17271562e-05,0.0104675533,0.162462493,0.885007451,21.1309985,8.52706259
0.00770037114,0.0579999194,0.0034166763,0.452224204,0.0693489688,0.130746945,0.928887076,4.30949831,0.0874369465,8.87178585
5.2077512e-05,0.00115221769,0.117404689,0.0273519208,0.0198826014,13.7852317,0.0211657754,1.85995249,0.0535978149,1.12859055
6.65883666e-07,7.51581145e-06,7.27326688e-05,0.268572128,0.00619667868,0.93714945,11.3112125,0.888044793,0.638170095,3.3734571
2.52611932e-07,0.000169804012,0.00127179152,0.00515878668,0.00065800855,2.23142226,0.00879496176,17.9441615,6.98881058,0.0256335246
5.98359707e-05,0.103199679,0.0584222791,1.04368747,0.0629134125,0.0271972752,7.15681397,0.106109055,2.51250325,0.0560205207
1.27001093e-07,1.17827469e-08,2.25143704e-05,6.92525734e-08,1.99200523,0.662467266,0.586092512,8.17159422,0.233592684,6.14044582
0.00589248811,4.51076058e-05,0.0173284778,0.0475463296,0.00111406388,0.00028360627,0.303157194,0.00535394505,5.59894126,38.6094342
0.00760191405,0.0529192213,0.00242141043,0.0175281566,0.182961076,0.151661818,0.0244831106,0.00849582488,5.68858441,24.9530385
3.17522846e-06,0.00420019185,0.00655981494,1.01541723,3.19113066,0.0775524864,1.09859727,1.77676163,1.61448143,0.0767133775
0.035056015,0.00782743212,0.00402698387,0.149772608,0.749177099,0.00404320191,0.163167371,4.090614,1.55907004,6.25086525
3.9316966e-08,2.13384973e-07,4.91304451e-07,2.59848176e-07,0.913783763,0.00640602596,1.62841835,0.584570315,0.0198605654,41.0237919
3.16468062e-06,0.115844746,0.0635591199,0.59594903,0.287936691,0.246193164,0.377442076,0.776094544,1.30832725,7.65644445
1.40503693e-08,5.71040849e-07,0.0968317719,0.00110341644,0.0420320208,0.0225394201,0.010939422,5.24318685,9.84252366,12.7146781
4.39590379e-09,2.39482474e-06,0.000169008172,0.0701672241,2.99288945,0.16766038,0.0126230487,9.6270234,2.36951387,1.37931316
0.000624740016,0.000466386901,2.18743273e-05,0.0383123745,0.961764636,3.21828797,0.000215120815,0.000387250264,14.0295354,3.31437998
1.38262247e-06,4.50198857e-05,0.000665779835,0.000193089156,1.68453004,0.0142382696,2.74034178,0.0235965681,2.24270208,20.774744
4.58375506e-06,1.28723012e-06,3.03993051e-06,0.000144348131,0.000328417509,0.00896970415,6.88516759,1.45403649,6.58720833,10.9131501
1.33574499e-14,4.11171952e-13,1.54143181e-11,5.47612413e-12,1.66540617e-11,9.92914658e-09,1.57315141e-05,3.58199322,14.2757411,22.0894098
1.71869622e-06,3.96627741e-05,0.00356354816,0.00160591147,0.913429515,3.18868322,0.365566279,1.43774588,0.0814825609,16.0387752
0.00396123003,0.000380512931,0.0190490562,2.7478832e-07,0.723394635,1.37807197,0.194527303,4.2844466,1.33268537,8.61614465
4.48558046e-13,1.08777274e-13,1.00912434e-09,1.67129344e-09,2.83914291e-06,0.0270776546,0.878541956,3.33718144,0.000187213657,51.2625157
0.0001278218,0.056406844,0.0279661222,0.00100663513,0.00864986106,1.23673121,0.16672984,0.313587773,13.7109942,7.38032531
4.0569809e-06,0.000139637859,0.0883308324,0.0210458623,0.301417691,1.73204679,1.14356884,8.76556623,0.428589811,2.34974686
5.1404318e-09,9.00841376e-08,1.32777013e-07,4.67505447e-08,2.14093094e-07,1.17547513,1.91301424,1.61525374,0.750593043,28.5638838
0.000132262182,1.80888505e-05,0.230112724,0.000884531944,0.738515737,0.0279304912,0.624038301,0.00186495884,0.159510509,38.0030168
7.12378014e-05,1.30788135e-08,0.000184781903,0.00396180691,1.95504516,0.144438412,0.0932482201,4.36191957,14.5734127,0.650852667
0.00981770222,0.000939434573,0.00164951433,0.826329878,0.712524261,0.00271147678,2.19053249,0.00232804518,5.14966415,4.72504008
0.000527200163,0.00193518165,0.000174912755,0.374764766,0.995826113,0.00705918354,14.9656761,0.28611263,0.356945301,0.481184281
0.0159071944,0.0471743902,0.00164454289,0.00301485129,0.0134474048,0.00100085075,0.0259802455,3.63488248,4.26237425,17.7977596
0.0172058253,2.26522104e-09,0.0160582219,0.310614802,0.623216308,0.107549307,0.883983881,0.178998805,19.0423904,0.00849281568
6.474133e-06,1.21774577e-08,0.000179812711,0.491464475,0.709450878,0.000504280536,2.83252079,1.60397283,0.127623757,16.2578045
0.00149773681,0.00128650046,0.570569431,0.206867807,0.388919011,0.343186881,3.16277457,3.10596423,0.030317067,0.802009118
6.71572736e-08,2.43137949e-06,5.13411952e-08,0.000241342268,2.11819418,1.67746722,0.271557851,0.000173606925,4.44841375,12.8374103
1.98641753e-06,1.36874456e-05,0.00563259229,0.000106523867,4.14638298,0.026689706,0.112326825,0.18720117,8.38951335,7.72195804
0.00020027495,0.00026655465,0.000393416486,1.12863039,0.337548867,0.0212106142,1.14292063,0.639098138,0.810499674,17.2524387
1.07974593e-09,1.87583779e-06,1.16860017e-06,0.000133971059,0.000227783429,2.40861692,0.00174680776,0.334219581,39.0456639,0.474457385
0.000207487728,0.0687798034,0.0830392167,0.130970197,0.124475939,0.176517774,1.45033194,1.05728141,0.0244972065,18.9952813
1.88525043e-05,1.37555038e-09,0.00162977368,0.430715945,2.22348762,1.41971968,0.234645303,0.104028234,3.29204766,4.81042462
0.0102987745,0.000952346496,0.00813887295,0.382238813,0.0277712451,0.051749656,0.231133437,0.932523385,6.4048967,14.5020559
0.0103741412,0.000116860965,0.170902101,0.31529391,0.0358745899,0.760087637,0.474220891,1.23611277,1.25243396,9.81065485
4.77641106e-06,0.000513336056,0.118065635,0.0483448612,0.00241002012,0.0434274558,2.13036604,0.553260205,14.1632632,6.65150005
0.00989154507,0.00838477213,0.0430267814,0.0229911414,0.054433058,0.105675287,2.33214765,0.0383432596,1.90715601,22.0518154
7.72708739e-09,1.13346308e-05,5.49809599e-06,0.408191207,0.009276411,0.0976483582,0.125765154,6.8576896,0.211162243,25.7093698
4.87917287e-07,1.83390835e-07,4.32048175e-09,3.6023973e-05,0.00525036878,0.0492057803,0.000320280368,6.16295613,40.262938,0.0568101108
8.83263381e-09,2.62958994e-06,0.000546570789,1.91969318e-05,0.809425862,0.000534473529,0.0105949692,0.709296876,0.218554518,55.5046598
0.00103988107,0.00549077229,2.40326652e-07,0.0349239875,0.0160597464,2.98306841,0.000660133553,0.151431928,4.74372142,21.4300323
0.00022759548,0.00056589081,0.343605067,0.0250780031,0.212452298,1.27395372,0.412620846,0.0800109777,0.0393299949,25.4095353
1.34538952e-06,9.92806742e-09,1.09718532e-07,0.000545739005,0.113096416,3.86634651e-05,2.88425714,35.9676572,0.022397369,0.00377861764
4.96455788e-07,5.85006329e-06,5.31713197e-07,0.0426348615,0.116213177,11.3300211,0.0298882573,0.0270351078,3.42221426,4.65981926
2.99237636e-09,1.26198904e-09,1.04464849e-08,0.567898622,0.165373345,1.80695606,3.71458093,0.951475851,1.15035472,4.22714244
0.00011305367,0.0509749986,4.80495951e-05,0.000578901854,0.00760999389,0.0812462304,2.90708238,0.424469618,26.0565135,0.660627518
2.9303368e-12,8.0439081e-09,2.40943814e-07,2.52170578e-09,2.0620273e-06,4.94044549e-07,3.11622652,16.6334035,4.24647458,2.262266
1.09697383e-05,0.000107119739,1.06010582e-05,0.0602815988,2.81741047,0.0208594999,0.0366653291,17.1050662,1.0336752,0.420104799
8.68717603e-05,0.00163140872,0.210902035,0.196167535,0.479657587,0.396649516,0.525185042,8.51771523,0.827215822,1.59754366
4.05254003e-08,3.11714444e-07,1.38556363e-07,7.0022771e-06,0.00174944159,1.15924944,23.4439224,0.199039338,1.98988533,0.0157898193
0.0152207508,0.0119074506,0.00383051641,0.0521940847,0.012503377,1.07711986,0.0254914397,0.190457334,11.7885791,9.34100315
2.31503036e-06,1.25374919e-06,0.174359668,0.0362628569,0.828438262,2.59363344,2.40248432,0.0197242768,2.75683059,2.51176347
0.000113556738,0.000290614664,0.0236252461,0.0129520093,4.17200996,0.859400002,0.979955319,0.217057873,0.283466174,7.57745521
5.98961463e-12,1.18936131e-11,3.1815987e-08,2.45494189e-07,4.12187106e-07,1.65108838e-05,0.000538552687,3.27623149,54.2252927,0.0084129581
0.00691851824,0.00304930181,0.0209562788,0.00329307972,0.380192239,0.0367322467,6.96359056,4.00065904,3.44277545,0.295096576
0.000106409438,0.0712408237,0.000121907628,0.191792979,0.206657189,0.00951615546,16.0543072,1.85865825,0.0714684663,0.104856206
0.00251536474,0.00392532157,0.00558001337,1.32976305,0.0430398046,0.0350594717,0.754324617,8.36081355,3.82484988,0.141468459
3.92531103e-05,0.0432042797,0.0830966432,0.000181809446,0.0221053167,0.419990836,9.65273312,0.0107350174,2.75785838,4.47823033
0.00421276707,0.126247197,0.0439058701,0.00935657461,0.317878612,1.41087637,0.00976700567,9.68133655,0.606630174,0.714805036
1.43522038e-13,7.14666646e-10,3.64641044e-09,1.2807251e-05,2.00108125e-06,0.000134691021,21.8963859,0.419000264,0.345680416,8.15140724
0.010917093,0.0117259465,0.0446068875,0.111698683,0.000343838046,0.120744969,0.839025025,14.4001231,1.09620481,1.45129796
4.85414942e-07,0.00116531472,0.00224068521,0.0402050404,0.0995936004,4.6843329,2.37192942,0.00215275569,11.1973529,0.689683057
0.00381775257,0.00531656011,0.09395348,0.523773166,0.193205129,0.00143050435,0.37039731,0.598262203,16.3336232,1.29295906
0.00575835304,0.0305748246,0.013388479,0.251537174,0.0115802294,0.0471741014,0.0846987511,0.0562848579,0.246248123,43.4811518
1.12589169e-06,9.4348928e-07,0.00126280214,0.000383995772,0.006108302,2.62442664,3.4640244,18.7610618,0.030917958,0.0183568874
0.00297635212,0.00611987749,7.79973001e-05,0.343328438,3.03426784,2.32590749,1.71460299,0.0380040394,1.06634527,0.145423884
0.00237174916,0.0602235307,0.0323234466,0.0987773771,0.104186158,0.000473234741,1.5809384,16.485223,1.43368846,0.00142498063
5.13502875e-10,6.40444149e-09,7.55868531e-06,0.00039765088,1.80210143e-05,9.71407693,3.3500329,0.653915645,0.0751760023,5.0153085
7.05110163e-05,0.0002009159,0.00276245474,0.00370580886,1.04646228,0.0216688124,0.0622691921,0.199720802,11.2924454,19.0255129
1.11416684e-10,1.9712738e-08,8.36772315e-08,4.78769713e-06,0.00253427707,0.000509083076,2.37846465,8.82700143,0.945551636,19.3592227
6.20534021e-07,9.58847532e-11,0.000128682299,0.00143162485,0.000572864557,0.0044874105,8.05603713,24.1744522,0.177663114,0.00308477427
1.61663483e-06,0.000126869305,0.0771214273,0.398950341,0.309009709,0.250944792,7.03323686,0.0538773749,2.8047801,2.93159743
0.00578584395,1.00221654e-05,0.00149602961,0.00110136842,0.0152488173,0.968648474,0.0025599426,15.53023,0.191772036,11.0609713
7.08389419e-05,0.000222618139,2.30128494e-05,0.247011583,0.123656743,3.74037071,0.480887794,12.5297633,0.322162152,0.226360885
4.35872713e-07,4.36395347e-05,0.0090801599,0.9584114,0.000595997431,6.04981018,1.69025528,0.423112534,0.0469435987,3.781925
3.60476281e-05,0.0333196402,0.00876574147,0.000985302664,0.00391851697,0.233539357,0.711648224,3.13099991,20.5965682,1.50637952
2.06951358e-05,1.84317494e-05,0.455061972,0.0189561267,0.259348189,0.0273446069,0.789527003,7.91214526,4.63868907,0.928550309
1.55110351e-07,2.77039086e-05,6.75856741e-05,4.48052391e-05,0.000327754588,2.03875051,0.00683700742,5.18063522,27.682269,9.0128407e-06
0.000206441894,0.000123114019,0.0800748877,2.15633233,0.000425782996,0.741940251,0.00950412278,2.32981673,2.17309084,4.16031559
4.26094404e-10,4.54031048e-11,1.17741546e-06,0.000189256285,0.4202099,1.12110154,0.0960013328,0.00627611005,24.5915097,5.8333321
2.71358584e-06,9.08870136e-05,0.000167803902,0.0316979086,1.01118397,0.149772841,0.176329121,32.8870562,0.00118290871,0.0427855138
0.00101276559,0.0951950153,0.0290609316,0.00872985845,0.371615016,0.217305957,0.0170760393,0.148749535,1.52993771,28.3423193
6.77053748e-06,1.071683e-06,3.49181217e-06,0.604901018,0.00359484046,0.00126778526,0.222445487,27.5595593,1.61016521,0.219545254
1.07829246e-06,1.439536e-05,0.000131290849,0.580130119,0.626791707,0.79022767,8.98261903,1.94849544,0.28111526,0.0807638819
3.1809469e-05,6.99062506e-05,4.90538853e-05,0.549129296,0.481702148,0.764536444,0.513966604,0.0532753109,5.16143251,12.1633748
0.000147976104,0.000652242448,0.00123486435,0.051519354,0.00288591423,1.59370241,15.7514406,0.0325995953,2.29013009,0.805727182
6.24938305e-05,7.35172039e-05,0.300567869,0.0207009478,0.0287891154,2.04437493,0.0905858622,9.79745695,0.0473183383,5.56092839
1.0787554e-05,6.11955759e-06,0.00302821965,0.0359291285,4.55968613,1.11137689,0.141588555,0.0040833583,0.0130013153,16.9434556
6.82373907e-05,0.0346268255,0.0275998019,0.11560357,5.24924987,0.0366890385,2.52437021,1.45258986,0.475847696,0.00672286149
0.00115863093,0.0193562326,0.0618785114,0.353200866,0.000958420979,0.745955461,3.2325031,1.12715481,0.0249392321,11.4919397
0.000502473402,0.00106347355,0.0145379946,0.0682603036,2.33226313,0.627929367,11.6045593,0.514233303,0.00410513612,0.0306704521
1.0282353e-05,3.43805262e-05,2.30443797e-07,1.51297166,0.0882992469,0.00341893915,0.00424684446,0.7772329,2.53144989,23.8934067
3.78546488e-05,0.00289072127,0.00422347351,0.0178481588,0.87519504,2.01556567,0.0139716332,0.869790465,21.5494896,0.0583343141
0.00556010217,0.0266101594,0.218704355,0.595035837,0.169799506,1.56714649,1.18727552,0.257892419,0.16025698,3.56613344
0.00036668972,0.014052228,0.102112432,0.171863036,0.98049789,1.20287201,0.177713801,1.6312474,3.95288254,1.96612056
0.0115994104,0.00034614708,9.80247266e-06,0.0175229419,0.000386924934,0.15876025,0.0733296847,7.3112682,2.49759627,17.6327129
0.000130784916,0.00423771091,0.000120989842,1.73637649,0.472597086,0.00120978317,0.119408731,5.82652485,3.25961617,1.59272117
3.72079586e-06,4.29459216e-06,0.104538073,1.03301278e-06,0.000272556853,0.00638883212,0.00155533187,6.08272602,1.43370267,32.709299
0.0058556293,0.00127676362,0.0183926716,0.239258335,0.149479096,0.00252725596,0.279649211,2.67218794,1.92931706,19.6201358
4.49651548e-06,7.31003128e-07,0.000149434613,0.00363953458,1.23317083,4.14526488,2.72470875,0.0278020877,1.52488682,4.56980518
0.00714985495,0.0165880946,0.173303364,5.22795842e-05,0.111477951,0.000210270099,1.20121346,0.0503131567,0.118492317,35.8562897
2.20152249e-08,0.000120012735,7.04898313e-05,0.000149369222,0.0701186432,9.03257838,9.15465255,0.0185932518,0.0817881338,0.698112426
0.00329085463,0.000151607601,0.000156611967,0.000174015051,0.654945158,2.67508962,2.71231851,4.14674447,1.44922907,0.72268567
4.87419029e-08,3.21611832e-06,6.0834837e-06,0.000227494546,0.745440612,3.18293763,7.6926452,0.202449471,0.0241016239,5.18914638
0.00152309595,0.00188463717,0.105417364,0.297954363,1.19812529,0.0755713391,2.72150729,0.259934092,0.606264492,7.89474637
0.0206081721,0.00464758468,0.18179046,0.0849163453,0.653261928,0.00952793863,0.779698933,6.65471133,0.000584898463,4.38141148
0.0162952572,0.0674031929,0.000372456346,0.0164001486,0.120349931,0.489052484,0.284568311,0.367537834,18.3781182,1.08896773
0.0135281597,0.0402974122,0.101732139,0.0107343435,0.0109888787,2.9891137e-05,0.0120163946,0.843177711,28.4171882,0.723202477
2.14786071e-06,8.68217944e-05,0.136872538,0.00362137256,0.573069678,0.0895798056,0.290328107,8.02409574,0.0228574616,16.099647
8.49678182e-05,1.58431359e-05,0.0129074209,0.546178125,1.61075292,0.163568595,1.90286656,4.11211175,0.179439799,2.79143972
0.000121045356,0.00368282297,0.0497228961,0.000248543593,3.83636092,0.38701552,4.70291225,0.219003909,0.96099507,1.05029308
0.000188544,0.000143729501,0.0209320206,1.03691135,0.0111435552,1.52085902,0.139238737,2.17874194,11.8697431,0.108886482
4.46426597e-05,0.00325400564,0.0023149709,0.439980994,0.0119660205,0.0117099676,0.00631262315,1.74664886,28.596436,1.87389489
2.74415019e-05,0.00748421538,0.279786026,0.377890573,0.110487852,0.230380067,1.38817101,0.599931612,2.74927876,7.12430417
0.00376616142,0.0022345364,0.000147896744,0.0280829128,0.232965017,0.0527777699,11.3269183,0.011164761,0.507822521,11.7898633
3.77262832e-11,5.78700201e-13,2.97493086e-07,0.000207060479,0.0172872487,3.91795154,7.63578519,7.69589548,0.139344928,0.00346236464
0.000932126564,0.0532738893,0.0194086118,0.0402976092,2.8247412e-05,3.80717326,0.0737856055,0.391997957,1.84753019,13.9058924
0.00359980722,0.00183290725,9.91768953e-06,0.579473232,0.162824723,0.0200588621,1.14687565,5.04493728,7.73970487,1.05461756
1.09067644e-10,2.76116756e-10,7.47944911e-09,2.68555138e-06,1.32359636e-06,1.46148197e-06,1.76534449e-05,3.48267494,3.68030468,44.0945514
5.45834952e-07,0.00430725346,3.77240109e-05,0.0415706708,9.44357321e-05,2.88615854,2.70899013,0.0899015217,1.20286494,17.7490891
7.65210339e-06,0.00019632862,0.09295748,0.968306043,0.0239230978,0.26848655,0.0443059302,3.14612737,3.07241327,8.7612426
0.00718921402,0.00867082513,0.000850570923,0.0344132839,1.67729152,0.0308273095,2.06422022,1.54252468,0.348961954,10.45388
6.56435385e-07,1.65089371e-05,0.219526234,0.00961642706,0.00902630567,0.413900844,3.66971929,0.359599847,13.6548721,1.74610571
1.37572557e-07,3.88279465e-06,8.45659483e-09,1.529085e-06,0.00031189363,5.02322213,0.00764795704,7.66886569,8.46187731,0.832168977
0.00915675247,0.000499208987,0.0177265198,0.0480957452,0.379379234,0.00719030833,4.66710096,2.0919754,0.740521835,8.93761188
0.000116104709,1.83377591e-05,0.000187282581,0.0028822797,0.00307750183,8.63001326,0.0190942922,2.34317861,8.28984007,0.849095239
0.00145795004,5.812746e-06,0.652116419,0.134574413,9.62333893e-05,2.75429574,0.179619794,3.17621864,0.257333821,3.6182969
1.99124787e-06,1.97478963e-05,2.67122795e-05,2.21997729e-05,9.09017269e-05,0.032411168,9.80045255,4.09203086,6.35762096,1.96070364
2.85634117e-06,3.36355638e-06,3.67938769e-05,0.857072839,0.00589621801,0.00418018668,2.46633289,0.250862922,8.68796265,9.67484189
0.014881584,0.0026371948,0.00765924928,0.0131121612,0.000758678115,0.227901558,15.5753839,4.50351153,0.00811206877,0.118077185
6.0420308e-05,0.000532259796,0.151918185,0.00189154374,0.000351279364,5.86593952,0.0667178296,0.0675860935,1.68145059,15.3857607
1.03368357e-06,5.18476583e-07,0.000639932182,0.00126946815,0.00550949561,0.11395026,0.831743246,18.7195977,1.64667223,6.71761673
7.05287558e-05,0.000122657531,0.0246122096,0.238756098,0.134888097,5.11276187,0.048108958,1.80453543,3.32151428,3.02217252
1.78542083e-05,0.000371765225,0.0225128474,8.50272434e-05,1.54497736,0.0155894862,1.45452613,0.0391075773,21.5729012,1.542164
4.4183727e-09,6.33107989e-07,6.45304354e-07,9.70576758e-06,1.82444749,0.927043966,0.111372849,9.29803072,5.54097075,0.335915583
2.85342799e-05,1.35095021e-06,7.05541086e-05,0.339974207,0.022108496,4.37525175,2.91220628,0.00655907362,0.349698022,11.0482462
0.000716520831,0.00306757931,0.330373305,0.560954574,0.183010109,0.290341719,8.3374393,0.165278119,0.316422029,0.630412224
2.04144021e-07,2.54820388e-07,1.06024021e-05,0.000172236145,0.00371976369,0.00435403275,2.47181637,0.00153462917,0.00265401448,65.1568751
7.4529206e-05,0.00191634386,0.0422487368,0.310984754,0.340004132,0.277034809,1.87222451,0.270999749,8.74904291,4.22506659
4.1153787e-06,0.0012210832,0.0322688623,0.0672288343,0.480932894,0.00431168453,0.925246106,9.85495892,8.36621092,0.390849367
2.29216452e-06,1.27551184e-07,0.0185930208,0.638800735,0.49686045,0.589951216,1.4193534,5.07469771,0.282594293,3.98316395
1.48687913e-05,0.0738118602,0.0659799997,0.25331933,0.539795636,0.857109766,0.383403666,3.27486938,0.151987149,5.50275013
6.31563327e-07,7.01952015e-05,0.00456390754,0.249320083,0.807736133,0.447064732,1.75406637,12.3745983,0.346019799,0.459455697
1.35609253e-07,7.50543039e-06,0.000116424922,0.000208555166,0.0011593329,0.212957231,3.42064492,0.139518559,0.0946837561,46.8646981
3.06475996e-06,2.04138842e-06,0.00898570063,0.0196900578,0.00115768611,0.00171976474,2.0021206,3.0758459,10.9304872,10.1907521
5.25203506e-07,9.11920872e-07,8.05362703e-05,7.89418737e-05,0.297176342,0.000605675368,0.0175513919,31.0380244,5.09973488,0.0321278591
5.44912842e-06,5.27297136e-10,0.00105756473,0.215072188,1.19849349,0.0763862984,0.519016766,3.35126449,17.259413,0.00106686832
0.00383772517,0.00656628264,0.223950332,0.0597687221,0.0756094542,2.42226279,2.94590748,2.11444517,0.287526023,1.37759608
3.00568969e-07,5.30991081e-05,3.9058435e-05,0.00130364834,5.99682063,0.0120905906,0.353536612,2.34308645,8.12179045,0.132709485
0.00315099568,0.0360863587,0.0163122722,0.570669248,0.0283715002,0.590591282,0.81187319,12.4858741,0.068383803,0.580080827
1.7446605e-06,1.06650517e-06,4.81899833e-07,1.4804447,0.00417133113,0.333120139,0.0963788824,7.37460641,1.24637356,6.94501032
6.15130254e-05,4.98062788e-05,3.68327347e-05,0.229619545,0.017440286,0.7144852,3.5320582,6.85979176,6.94275157,0.0145090472
4.22005408e-07,9.41713891e-06,2.42924983e-05,0.000149504184,2.76538793,0.00269907056,3.80248477,0.255776557,5.08078347,5.65427532
4.24298924e-15,5.66677635e-11,1.281204e-10,8.56595372e-07,9.92868935e-07,2.0441763,0.280541722,28.58295,0.0552206492,1.13982018
1.67560351e-05,0.000740574792,1.12039621e-05,0.340131565,0.0969021233,1.00617649,1.39155207,3.35544728,13.2322822,0.0177099591
0.000280978052,1.72562521e-06,0.0256993262,0.12988833,9.79492793,0.230288511,0.0101815276,0.0138410167,0.0198936478,5.16836064
0.00105627947,0.0227472128,0.0055805521,0.286682308,2.26928432,0.0250417019,0.366111716,0.171589664,13.4958278,0.471462689
0.000631087088,0.0004060654,0.020986797,1.22353012,0.835434812,0.150441237,0.0921903585,1.00070209,7.34893804,2.05767054
0.00014907321,0.000219060969,0.00191630848,0.188924875,0.0120648485,0.0224657142,1.69670488,12.3800348,0.88426669,7.57050488
1.00705819e-10,5.55593012e-05,0.00414927023,0.187289273,0.0184206157,1.93341002,5.53811258,0.44410093,0.660191217,9.1355917
3.07263574e-05,0.000870062487,3.2974602e-05,0.0459124279,1.98825282,4.45010125,0.775722199,0.100248025,0.0216835829,8.74514298
0.00111266616,0.00445185382,0.0120495054,0.00891862746,7.18502668,0.0506467773,0.930802193,0.241706519,0.339685505,4.392545
0.000518228267,0.00113477785,0.0180472562,0.0734825876,0.118553951,1.46584674,6.67532796,0.0951462545,6.68353441,1.00376886
6.00009156e-08,0.00474413924,0.176019329,0.0391737348,0.196419088,0.335216988,0.000400691519,13.4082709,1.90574576,3.28275841
0.00656028599,9.80168739e-05,0.00033243255,0.0173631408,0.0325747951,0.127937566,0.0674120444,0.00582030545,11.9439863,26.7412665
3.97252011e-06,8.546891e-05,3.61510777e-08,0.01316344,1.82209124,0.285467884,2.7963387,7.1622739,2.62460722,0.239175844
0.0058781708,0.000521713195,0.0303509097,0.00678743993,0.0551479439,6.75174761,0.603765087,4.18341148,0.935673,0.670901353
1.03637268e-07,7.31186013e-07,0.000117080865,0.00262600317,0.000103626284,1.29051841,11.5609775,8.3578055,0.107569992,0.280109945
1.63693133e-10,6.86261138e-06,3.28011727e-05,1.81461843e-05,2.99474474e-06,0.00070020282,9.83174383,0.000512305003,18.3825856,3.40341552
1.63718828e-10,9.46803719e-08,5.33099591e-07,0.0201711123,1.57990254,0.145933562,0.00758382181,20.5548857,2.96771458,0.060815277
3.03782176e-05,6.29584716e-05,0.000395414069,0.246128377,0.0197291204,0.0429471006,4.06896494,5.12448819,0.719778768,11.0825829
0.000194352433,0.000726616206,0.000761467862,0.00885426744,2.62169871,0.0292149556,0.0229724021,0.0250384695,3.37158284,25.6546065
5.66768851e-05,2.58966038e-05,9.74565097e-05,3.22574065e-05,5.13997493e-05,0.00053550207,6.58424124,11.3146746,6.33051945,0.355336757
1.11573345e-09,2.55356456e-09,3.47154579e-08,8.52500537e-07,6.9957401e-05,0.0271475634,2.57618454,0.112036829,5.14902086,34.6200555
0.00348881959,0.000147339927,0.000811513678,0.0308876302,0.39679463,0.0344283531,1.87374305,0.000760364054,34.2212654,0.100451705
0.00671849291,3.28753362e-07,0.54735638,0.0650279629,0.350014252,0.00133847919,1.66726878,2.28344795,0.606564936,6.22143575
5.37529382e-05,1.28473478e-07,3.68306375e-05,0.0129732049,2.56111856,0.0383255332,3.60119779,0.0677499048,0.539212442,15.9478503
0.000341784533,0.00112225567,0.138054619,0.256410286,0.526493009,3.50176018,0.457331874,5.1257222,0.600516205,0.0275314107
0.000934805676,0.000707866143,0.00291621799,0.725677348,0.0222616619,0.545361631,1.9995486,0.0955762593,20.3535035,0.0448505971
