0.0881131204,0.394703494,1.5777831,2.316892,5.45110221,7.72418825,9.02724567,15.0726164,23.9122737,69.1643169
0.807250717,3.57865455,7.04264231,12.1420454,20.0046001,28.2944973,36.1176979,41.6207677,38.6431169,3.2949141
0.579480075,2.51780487,6.20653946,9.31552191,13.1569867,17.4134705,18.0691819,19.890944,0.424139026,99.778646
0.436183537,1.62986462,4.83524052,5.96882441,8.86521182,8.36219177,17.9451416,40.6555938,78.5667009,0.348935059
0.391034578,1.74057972,2.95899,7.63286999,12.8326553,24.900652,40.7051549,32.7923726,29.4385407,32.0156776
0.528754692,1.80693759,3.4333946,5.30685082,13.380653,11.7281375,10.9394511,7.6198168,48.8860318,55.1434289
0.377117486,1.77963711,3.25668357,4.22556694,7.07081384,8.18714123,24.2833446,41.4233231,0.916636105,76.204499
0.604644366,2.84215969,5.03182147,8.29141268,11.811264,13.7547371,29.704161,60.1552523,38.2418409,4.87626395
0.536861847,2.09173155,6.1440831,11.9291609,14.929437,19.3292514,23.2383702,19.3203949,55.0279592,22.3560108
0.338806924,1.60936999,2.96061323,7.56254386,6.2502799,9.1693751,25.2187764,1.92514492,23.6885652,99.9394512
0.151862047,0.655008429,1.98498458,4.63038809,8.08667461,10.6623405,22.0552562,40.2936741,48.802587,26.7504732
0.587578584,2.10435143,4.37030203,7.15337829,15.9593015,15.7149433,14.8249684,41.5509364,14.4216893,41.0827951
0.444999247,1.53106095,3.0073519,3.97556417,3.3273504,11.5468667,0.405696745,19.9123248,37.2231122,96.3337407
0.36229907,1.87737256,2.75019501,6.61922354,13.2385279,22.7823977,17.0630879,48.5885389,47.9246316,0.980427586
0.341360579,1.18491904,2.97024862,6.38037392,12.6481172,22.8932946,20.1108237,17.014955,11.6782981,66.1965596
0.271716417,1.40731246,3.44973673,4.79630341,11.7857037,18.6005152,34.7177341,18.7332862,72.6937039,12.3915564
0.659983998,2.94730513,6.91986256,11.0990343,16.4157189,22.2190278,25.9940128,24.5755822,13.6466734,44.5387694
0.395391743,1.5868717,2.83916997,7.93437868,6.50948614,7.62974737,9.666826,31.8898377,28.4623956,40.8189582
0.620862684,2.11708712,5.05187504,8.77416404,19.6906559,19.7665904,45.8508108,39.9282553,38.1799228,4.65522656
0.576771601,2.3317623,4.47549295,7.15240645,9.72230401,12.0719486,30.5958902,15.5284276,19.1694904,49.792393
0.234944,0.831410867,2.69400479,6.05736602,4.17756749,12.3433077,23.2017797,7.66422857,47.3675974,51.4759344
0.348667766,1.37173966,4.1954894,5.80411364,13.74581,10.0325671,7.02376531,23.1062794,5.98925998,97.7675735
0.370383475,1.18377297,3.93039436,4.88912696,11.0779207,13.3681938,30.5387875,55.5031174,26.4290187,34.8234824
0.465488065,2.29452118,4.88105178,8.76129896,10.9417629,11.8600235,8.10450872,1.30550216,38.3152673,99.0665262
0.337432808,1.14401294,3.87846614,4.53301662,9.54887842,19.7772287,9.77670407,27.2982792,61.7006842,33.4121135
0.508412547,2.22857492,5.55739291,11.5743881,15.3766047,32.9414376,32.8148677,38.1195809,33.4088871,19.3610869
0.633602172,2.97508516,5.42746413,9.00543442,12.3545344,14.3228541,13.2446278,33.1408303,75.8630223,1.51910579
0.144787493,0.738582712,1.59490575,4.3134475,6.77676809,13.5305067,22.1773773,23.6560907,1.63434998,99.7380688
0.516842269,1.7215381,4.79619361,6.36490795,8.97900103,16.1241304,34.1512562,35.3256236,45.6614864,1.09392632
0.502985105,2.29252052,3.97502206,7.52227494,9.202666,10.6114088,26.9338955,16.2239449,66.5262408,31.8736678
0.267559998,0.690112648,2.67184891,5.57817042,10.5013369,13.2525969,8.4568382,1.45783874,38.5957098,93.8706372
0.314772326,1.43693727,1.95062575,3.22932724,6.74242123,1.35614708,13.1716562,24.4653875,47.4894487,67.506145
0.422333642,1.8746897,3.86585049,5.42281291,10.7454865,16.1865941,34.4753615,21.011149,0.0116797013,99.0337771
0.405644131,2.00369798,5.15124195,10.269141,18.8898538,19.5488151,26.3461983,23.9053005,8.07081453,66.1515887
0.513234248,1.70710651,3.61226677,7.49359718,8.22537011,20.2597937,11.9609662,38.9955884,0.268798032,89.8171465
0.40037349,1.21134694,3.10680214,7.50931076,13.866809,12.3679412,25.818993,22.7765888,38.0351084,34.4297498
0.431924013,1.84807463,5.21031338,10.6417537,11.3289336,13.4096777,12.2600021,13.185344,31.5721511,44.0759505
0.421871924,1.96418486,3.7477371,9.47082668,11.2941888,25.4451171,20.3785888,22.3721651,69.5116469,2.61051291
0.217125528,1.23275201,1.91475043,4.59931867,9.53382763,15.976656,17.9620734,39.9945107,13.4799914,46.2908759
0.265791045,0.828158374,2.92145735,5.96988906,4.2252444,2.54911768,9.91963044,21.1817054,16.4348061,99.6855667
0.382357468,1.87977831,3.04083462,3.86233124,3.52733375,11.2348119,21.4853454,37.3439878,59.1374819,27.743195
0.472041078,2.25694112,3.72840285,5.7960007,8.12023963,7.56881362,8.63654582,12.0873473,16.2109477,68.8965719
0.409148686,1.23876581,2.07861604,2.03838703,7.8614636,13.4550388,17.9562651,7.50200578,14.963553,79.8340591
0.611616056,2.01591173,4.69156891,6.99253716,8.9598572,12.8552116,13.5929788,39.0154268,45.7529506,25.4384466
0.783156476,2.722521,6.14506163,10.1558386,14.5269893,18.8450731,25.5700222,36.7364637,39.5625394,7.74389662
0.281117503,0.894519534,1.84343764,4.69653652,9.93469933,16.4810378,15.1406628,37.7052072,76.2037442,0.590796164
0.508444409,1.62682243,3.32667944,7.98709662,8.12088623,20.7494069,36.025777,62.6085244,40.0958994,0.636112363
0.441904511,2.04588435,5.36124406,10.7574498,12.7029185,20.8746917,20.8216961,52.6137889,31.3014641,26.4821827
0.321983105,1.65792866,2.44985879,2.86478319,8.8327561,14.4338748,16.0058134,15.9100588,31.2486272,38.3166705
0.425943556,2.06926087,5.34914192,7.96932329,11.2180954,25.7472248,22.3417251,24.6443412,33.0366714,34.7749935
0.406181574,1.42745566,4.5963822,8.62476699,16.6649051,14.9658917,13.4163002,33.2940559,60.5783901,8.29466279
0.16029132,0.700482177,1.49745888,3.98710091,6.75056596,12.7988061,6.32323488,20.5153766,52.5127783,44.5603797
0.489778298,1.83803925,3.73179327,5.18897131,9.24075029,21.219692,11.923765,10.4421436,8.23090201,99.6227693
0.544037112,2.04137629,5.10743643,11.6778642,13.5530401,18.4847277,39.6949923,34.2130735,25.9383184,35.0177142
0.2022118,1.24908176,1.23680857,3.21315843,3.12867516,10.9824943,17.338241,2.62557687,36.8332792,98.3355993
0.316705581,1.14063815,3.76776592,3.33398191,5.14636795,11.2700622,5.11446484,25.8381963,13.4259866,68.5937388
0.372016991,1.19143037,3.86307172,8.13896564,6.79717329,13.9657125,29.9107293,30.0162525,10.4455357,57.7757647
0.442711133,1.41925509,2.47347092,6.99806629,12.5053531,9.23021173,26.7659868,45.5382754,45.9359033,8.73445276
0.293707997,0.896916453,3.12538977,6.34101021,10.8213778,6.44948999,22.8830116,12.2190367,19.6644918,68.3455613
0.373041339,1.7819488,4.66916521,6.75002263,7.71702865,20.4080066,14.467055,4.85603472,35.266829,67.7530738
0.482689752,1.94899472,5.55842928,7.40666053,17.2465846,25.8142455,28.9427426,30.1540249,47.1866267,0.94556693
0.557237058,2.17079647,5.01156886,7.81335241,11.3841317,26.5289643,20.9366683,20.9422076,8.72473864,66.9849235
0.650746467,2.26498441,4.7639164,11.2108984,21.5522341,23.2008245,28.4376454,31.8453102,28.0891176,34.1349338
0.442729704,1.57965718,4.97479389,7.48232581,16.2111716,15.5732198,15.1541402,6.21910578,14.293402,73.1706073
0.288189965,1.35209943,3.85111098,7.80790315,12.610872,11.4238362,13.9205723,42.7973979,7.9303236,67.2798469
0.286838535,1.57130626,3.85926228,6.55774036,6.87630217,7.60379829,5.06541626,12.4506328,44.4397089,68.3454382
0.36368091,1.88797718,3.64422816,9.03125811,16.4894575,18.7937672,19.6363623,13.5402585,65.5880144,35.0649919
0.406272189,1.27935173,4.26432808,4.47764051,3.97790045,9.59213564,21.7739521,18.9661166,4.0759551,99.9399678
0.422425638,1.42628394,2.97318407,7.45772967,12.9734587,23.7366764,18.5656558,46.8761899,25.9923649,35.0829699
0.319811221,1.28135795,2.1880454,6.6171148,8.00622438,7.32783924,16.5282816,21.8439459,64.9463799,35.0851496
0.494886288,2.36032591,3.90525244,7.14083564,8.68820583,9.10645148,25.6470064,42.5831722,16.0696773,35.8626289
0.289981499,0.814844869,1.02652272,0.897992549,2.33287878,6.5193628,13.1733563,22.7124893,22.2543039,98.1965244
0.514432744,2.07111051,4.20330029,9.58887767,19.0680793,19.8192854,23.9369545,60.968945,39.801961,1.11985868
0.463877455,1.99116732,4.05145339,9.76166523,10.2846282,12.232562,21.4468172,18.0348055,1.87628739,79.2876232
0.405459011,1.18293572,1.93160491,6.14764185,10.9799749,6.50600459,2.19667909,16.9445938,24.2336154,85.7072458
0.555413227,2.61356977,4.53584535,7.01485094,15.2283521,15.3719546,33.6983361,24.2369805,39.7598912,27.3579373
0.332928878,1.56032579,2.45916611,2.75852686,8.01875277,15.2554889,9.23690746,33.4900903,2.77263969,99.4965312
0.533773433,1.78819151,4.45584199,10.4885729,11.7170886,13.3564854,33.8067522,21.6270277,70.5213351,1.62117949
0.331303673,1.17209918,3.16148914,7.41571041,5.62281798,14.3201049,28.0554622,30.7479807,60.8625479,2.58729288
0.567677465,1.98804793,3.95334711,8.26745707,17.319401,18.2737035,20.2296747,13.8967316,26.3777636,38.8164367
0.368474929,1.50823474,4.05794673,9.0974843,16.1563351,16.3019801,38.6428752,44.8759933,40.1669159,0.876115675
0.555795727,1.77997743,3.57465469,5.08623318,6.33827043,16.7973868,5.88162792,21.4008657,42.0468701,40.1610795
0.423659329,1.98534225,3.85731147,6.17114607,7.00749195,6.84569735,22.8376811,4.4603093,46.6042367,67.7937972
0.62175294,2.10571314,4.21341123,6.30662111,7.85945983,17.7960773,24.612002,22.4516393,79.8702114,1.08408092
0.172451724,0.989871571,2.73277872,4.30307496,2.12359147,8.1206931,15.8249182,27.1548999,31.775145,50.659454
0.414219547,1.33155581,4.40549093,4.90841225,6.18794888,16.902755,28.0740006,10.2036065,33.313261,42.2998671
0.51181203,2.38246462,4.26480754,10.609091,12.2526176,16.8178611,20.0877917,35.9130653,49.4731667,0.81300789
0.356697266,1.64713293,4.45285925,4.91722783,13.052938,8.5171181,19.8259112,25.9752977,17.1158316,46.7725563
0.455039242,1.65538688,4.9193991,6.02016823,7.5319865,18.9828622,16.3086251,43.9864671,10.8511057,55.0911511
0.334696311,1.76661293,2.4475092,5.56473922,7.48252081,16.1383734,31.0010066,37.3296556,33.6064809,28.8717615
0.296835343,1.09438219,3.50862102,2.96414389,8.58262488,2.24484596,15.7087605,6.06487257,37.6454547,95.2926939
0.433077293,1.32482491,2.77043698,7.44501532,10.6034601,21.4920182,14.8769545,9.52356454,42.9254463,36.9024845
0.242166723,1.38020289,1.71705185,4.76544327,8.40722476,4.70134186,12.9057517,28.9120575,7.32310299,72.7207034
0.365696027,1.80775702,2.79237786,5.71796587,13.0485554,21.4536661,37.2888038,25.33276,8.59191134,64.3317992
0.331042717,1.73793456,2.92584036,5.55146651,13.070708,13.9023821,11.9684225,40.462148,42.9788152,31.9694912
0.358506109,1.10592055,2.29803544,2.27225881,5.23844436,12.6074098,6.07195647,6.88477077,40.0817305,68.7692196
0.238053523,1.30350226,3.3907124,3.6488365,9.12228962,15.4446012,25.5523694,47.3637752,47.5967057,1.61706134
0.586561408,2.72728274,4.84013684,7.7444143,15.9789668,28.5125226,27.5277174,27.4509273,15.4820987,36.3675976
0.581544539,2.76772459,4.86081426,8.55056912,11.9077673,27.001542,38.2029779,42.1473699,38.9545942,2.64536443
0.307614002,1.66127318,2.63800016,5.69575658,5.69126754,16.3410267,28.2527404,12.0293758,6.22558094,73.4266358
0.133591367,0.942889018,2.06079234,3.74385588,8.27770726,11.320223,0.896668849,19.8323071,26.7721766,97.8337454
0.493888911,1.56607884,4.94862323,7.26577836,16.1634619,22.7645769,22.5941297,18.4988338,0.38258781,97.9623898
0.370717991,1.50704557,2.62114337,7.32402979,13.4559086,9.44451855,20.6016639,28.8905956,79.4322366,2.09431166
0.578449227,1.92765165,4.86295893,8.17265813,10.3232119,24.1067319,20.5493721,14.9960739,61.840889,33.4508518
0.288484675,1.03916637,3.55317369,6.41790771,12.8964838,12.5181929,7.90673687,18.2067883,34.3524925,43.780829
0.423469808,1.28401775,3.0439262,7.5278336,12.6029545,24.435523,28.0366006,30.0970448,47.4808526,2.14566335
0.55479798,2.23721021,5.26213494,9.0248272,19.6078149,21.2315143,24.0133841,21.5904206,72.6494427,0.504442607
0.591857231,2.40716218,5.02640754,8.25592086,11.1582557,13.3920781,12.3396307,34.649574,1.5377129,70.632138
0.530091754,1.71223985,3.22215169,7.20706392,8.03577045,17.974545,17.9827651,22.9196022,16.4407491,45.698157
0.256986617,1.44318922,3.68925861,7.21386018,5.67258782,15.8715808,4.92209157,21.665691,9.9258217,98.5564949
0.497337938,1.80497821,5.55047004,7.06139714,15.5230066,15.9390287,35.8282392,27.0604312,12.7774886,45.9807874
0.65202289,2.29186095,6.61787643,10.3494431,22.3937478,24.9403469,31.3921138,35.1433287,40.1032543,4.24346451
0.450797525,1.44033995,4.63602996,5.36826726,5.87167501,4.50870804,12.5542024,21.2284137,44.9712087,37.3723512
0.393954045,1.25817579,2.2385461,6.72847391,10.0602361,6.74993264,22.8536246,21.6603484,2.13068217,99.6782741
0.616612092,2.70151871,5.09759898,12.4818576,14.8565495,18.8203776,20.6900828,15.3211202,11.6825984,67.717747
0.344206793,1.76345561,4.43455634,8.91636478,8.78032144,8.22971818,22.407024,42.0351508,42.6657615,24.9407355
0.389515272,1.95362284,3.08417625,4.80461421,12.6456631,11.7704181,12.1787282,1.954548,24.8735395,98.4263449
0.67277138,2.3519794,5.23064019,8.58964115,11.5811197,12.9072922,10.2136368,7.27733359,45.2545737,59.6081957
0.352126872,1.44846067,2.38110682,4.29622875,7.00984999,16.8761266,29.0485322,17.1653598,56.0094645,33.2609968
0.238935414,1.39943234,2.02321334,5.24172532,7.27340007,16.8186196,6.52820203,11.4871801,17.3194098,70.8395485
0.289848925,0.86378526,3.00102302,3.14743801,9.07211544,14.921033,27.1153654,27.6067687,1.28680243,71.8681429
0.372058983,1.85870591,4.85747145,7.05183945,7.97886899,7.58290569,0.835096531,20.5782446,26.6902858,94.58098
0.36813758,1.87104365,4.68318438,9.73758442,17.8968036,18.6928967,21.3595427,33.1768641,33.5493147,29.0975788
0.334824958,0.963149072,3.53846398,4.14227802,4.34732018,13.6052605,23.2818215,0.569914577,34.8818042,81.8730751
0.3829217,1.86731274,3.02105234,8.23158864,7.19733095,12.5658453,13.0608513,37.7821772,63.6807324,12.1623847
0.313699948,1.62124416,4.0749973,4.20899466,8.28761107,18.1540384,18.7451426,25.9208048,74.6091718,3.92941501
0.485454836,1.50623297,2.73157677,3.26845614,4.99619011,2.25090077,12.7966748,15.9584907,19.5035651,83.7471594
0.262336344,0.99715111,3.15091902,6.77531085,11.5299947,21.1430973,14.5396007,26.5752554,0.185211771,97.5221615
0.48656097,1.66403754,5.18034545,6.40665938,7.72775322,19.3785662,23.2515171,52.4990012,35.3261587,17.6740943
0.48886267,2.31066284,5.56687908,7.77153609,11.1657177,13.9329488,11.1027285,23.4042714,63.0194245,33.2226408
0.526346543,1.79986055,3.43466122,6.78216818,7.21414331,7.23602607,11.5094331,30.7958803,2.67778486,98.1894232
0.340156331,1.69947134,3.95893565,4.54431272,12.0157816,20.6409347,28.2750372,31.58659,15.4886896,35.9777515
0.528684637,1.72216248,3.3698709,4.61951112,11.6082255,8.40864024,14.510518,30.5058439,68.9818663,22.641051
0.117953333,0.906866018,1.68653518,3.55464295,6.61604689,0.338843616,10.3979853,17.5205066,40.5157573,96.7007663
0.288477889,1.25436996,3.76438723,3.22685494,9.8301041,14.3109723,27.6875343,7.40616653,9.82640308,99.3691027
0.354204634,1.51461338,4.06470009,8.81668898,8.61115285,20.4884663,13.5348859,34.0504541,43.7469202,28.2836321
0.323280004,1.37931408,3.69730967,4.77859126,4.67046348,9.63851858,22.6443025,39.0434455,18.957661,38.1070676
0.506978796,1.6223902,5.08645118,6.36861804,8.3235839,8.90618789,15.8658513,3.36666476,19.8883126,96.5797646
0.50401715,1.59469173,3.61511846,7.83637294,14.813292,14.6032485,33.3327423,41.5111881,28.7384677,32.1901745
0.305720517,1.46541092,4.06585627,8.30459026,10.0447129,9.9971382,16.7930889,8.85839748,51.8178459,37.5338566
0.581678027,1.94100781,6.00414566,7.94185512,15.4756691,17.2482729,31.1712912,47.2368339,37.4561202,6.27572272
0.324467498,1.65460769,4.28520022,4.61590736,7.42565736,18.654728,16.0128408,22.2721735,1.94279738,75.910344
0.299253211,0.794291788,1.33404788,4.59126837,2.41385061,6.5201074,3.15696087,21.4874681,39.5873386,75.6787569
0.228981046,0.894222991,3.07505122,5.55625754,10.4927576,17.0472868,29.208885,16.026851,21.5690215,41.9893162
0.184967102,1.00537735,2.57601968,5.63379739,3.00128657,8.39592239,16.7191698,8.34165622,19.9566729,71.9491783
0.453454437,2.1120062,3.63907656,5.11073495,12.524649,19.6192279,18.6265566,28.3440375,51.9372005,10.1304844
0.411721549,1.46462174,4.48342811,9.37760722,13.9423341,26.7666949,27.3497567,27.4296125,12.3905659,47.5667731
0.295842861,1.4573698,3.88092354,4.629045,6.38437726,16.8937367,7.4852137,33.784957,27.805882,40.5640528
0.699561088,2.52525631,5.31254117,8.60289319,11.6738044,23.8302113,21.2155224,38.593959,29.3267717,32.8550466
0.321947455,1.69629331,3.83129531,8.5273959,13.5961242,12.7441017,27.6491614,26.524382,53.7824544,5.59841253
0.310441858,0.922205151,1.52320273,5.10689924,8.40315032,4.77666934,18.957407,22.0047458,32.8698374,41.3618778
0.540814744,1.77327718,3.42486484,5.19567904,13.1676856,9.25689779,7.89701785,28.5574571,6.04349219,70.5224558
0.446517646,2.17243269,5.46312194,10.9286513,12.4637993,16.736853,24.9212931,25.2892785,16.154891,37.0406276
0.460839994,1.4948285,2.70794615,5.3470265,4.79972016,8.84419215,22.3482727,15.4448596,22.7447289,59.5345184
0.582263883,1.92760433,3.78033766,7.59904512,9.19228452,8.68947422,3.27185167,25.0773614,39.2724588,62.0134873
0.483180498,1.52058683,2.93129186,8.02543152,10.4193849,11.7510016,13.2793898,1.8635365,29.4449822,70.3107357
0.349839509,0.962295343,3.54998909,2.83285679,9.1573085,6.79229037,6.43189529,28.4468824,37.7134204,51.6883233
0.273126221,0.946143634,2.68529854,6.46167921,4.42825953,11.1451197,17.5255028,38.2200115,0.822517777,86.5170465
0.397229259,2.00764149,2.91831219,5.37818052,12.8317883,10.4803926,23.6740678,11.8177728,6.60165807,71.7855892
0.421615582,1.24957215,2.28140393,3.01256424,2.66717182,9.37430383,18.6379294,15.4571461,54.0757867,41.1149029
0.589721239,1.97701628,3.98638316,10.1477345,14.1619018,20.072707,35.3815146,32.5658322,42.9511308,2.72307376
0.256307741,0.996947538,3.09270469,6.74979584,7.62997432,18.0428191,20.5564034,48.2719432,34.5015114,27.5250176
0.59447668,2.01239886,4.32299402,6.83035366,16.2674608,28.5252719,31.220155,39.2762571,32.4454647,22.4685133
0.25471659,0.755114379,2.69829591,2.4453061,5.5911964,12.0064762,21.1806936,33.8741647,71.6524246,21.5298151
0.610287477,2.1336241,5.39421199,9.22800165,12.2535708,14.0313309,33.9958009,20.4490167,0.0653739744,97.4069933
0.347314457,1.11044707,3.66950126,4.00756109,4.14315575,11.7825835,8.72409816,8.29985592,18.8341326,96.7523165
0.595614055,2.71794346,5.29340856,9.28970919,12.5171939,15.8194354,19.1281803,20.7165589,41.0416841,34.683443
0.510944486,2.47822921,4.09119386,6.89304061,16.3689604,17.9967567,20.1101748,18.1304293,1.74925474,75.2855843
0.296268277,1.48875106,2.03829213,5.09227392,10.0607726,8.50464608,14.9535143,6.41581332,48.7117529,61.8944971
0.467849606,1.46772787,4.14831926,8.64162025,13.8046404,26.9597891,25.5293506,51.0607766,37.7339934,5.5051739
0.417510123,1.94186981,5.21984639,8.63450551,11.0058586,12.1268008,30.2205179,17.4506379,43.030722,35.0803389
0.46323695,2.21441857,3.57308029,5.54465088,8.05086955,7.89896703,25.0565848,29.0012082,42.8244592,33.6621758
0.190075966,0.630528375,1.62899764,3.07011731,7.4761676,13.4362281,22.7301362,2.46059995,28.7246759,69.2783846
0.352488999,1.80845557,2.46894152,2.91121628,2.20787209,9.57608937,8.25919067,25.8800002,32.8872784,65.5737553
0.527781549,1.75105597,5.11444878,7.75664121,12.4188274,25.041372,46.2624464,38.9879807,34.27336,16.3216217
0.56527027,1.82065153,4.32663602,9.40218044,10.8982204,12.9798002,14.7431258,26.9678022,77.1988781,8.39945596
0.381549105,1.61895084,4.68126396,5.35691456,12.4706521,12.5078771,16.7560118,46.9623412,53.3133725,2.19317943
0.283604199,0.82493947,2.56637022,5.9900461,11.0355409,19.5233312,20.5715744,23.4904123,58.599437,15.0234626
0.21136409,1.04363487,2.47350935,1.87165713,3.30939523,10.5482081,18.4105041,23.197973,8.90082884,72.3834801
0.461478882,1.52026716,2.93321433,6.18632163,6.42394957,15.7196478,6.55969748,2.54099457,38.6812574,95.8795745
0.275869135,1.36022171,3.48334285,3.2490869,2.09013059,1.06829179,11.8317687,21.4413281,38.4376004,89.595835
0.416012853,1.29197891,4.30026063,8.81710517,7.98522356,19.2933041,33.7130647,36.8937538,32.683149,26.0918971
0.405654812,1.27309531,2.18012941,3.41410857,9.27895065,7.87217083,23.6054996,40.7259478,43.0516359,32.8720255
0.415473204,2.0513289,3.30567681,4.48636523,11.8939035,17.8195412,30.443977,51.1830447,37.1228597,8.550984
0.158603768,1.02876507,2.63406118,2.45454717,7.76405358,3.9883794,17.2625776,20.4195218,51.9833291,41.0327123
0.688022099,2.3712739,6.66342092,10.0086545,15.2331881,20.0986459,22.1158285,56.6867299,32.7752289,21.3714102
0.556130382,1.80517293,3.8105482,5.48491223,14.101001,10.1207969,20.1684511,24.9225703,0.25397176,96.1693695
0.444135614,1.3928486,2.47908672,4.770133,11.2913152,9.14355018,23.866482,46.3386476,11.6803972,51.9792573
0.302981123,0.953194564,3.34637024,6.55548097,4.5626782,14.485236,4.39259859,23.3142172,49.3997299,48.0450472
0.164282287,0.920983913,0.72889511,0.889538201,4.93302141,7.52589507,13.7531309,23.3948286,45.1123376,67.2058215
0.309224366,1.26995488,3.61234364,7.65406558,9.08750284,17.785268,12.2906268,3.62187001,19.0612793,92.8031052
0.394115709,1.19219275,3.07646162,7.67090638,6.40038366,17.8013251,10.675533,34.3149522,11.8193839,64.8654203
0.486375141,1.70544334,4.26819795,10.1924088,10.3784714,12.7136903,10.6363894,32.6335058,17.7797926,46.8066856
0.344307624,1.29903076,3.57305572,7.68213066,14.7918442,11.8563656,21.6733609,9.42073439,6.9208315,99.1928648
0.561217554,1.82494158,4.19245265,6.84702251,8.20839119,19.7098225,32.7097082,25.3074826,6.88984416,68.0556954
0.311604947,1.33562782,3.90502302,3.93494687,11.3057195,10.6733947,5.90624182,9.74353906,21.3053827,71.4322343
0.371668998,1.12090706,2.71911467,5.19238357,12.1579033,20.1216742,12.2382212,4.69072332,36.8994648,68.2041893
0.539715223,1.79342514,5.49519283,7.3250316,9.25387897,22.9165377,18.630879,33.4443771,49.6826451,4.98662855
0.464745976,1.64657866,3.53232617,4.68646496,12.6110621,21.8133081,35.0023515,22.1098763,46.4046717,23.0964119
0.634795441,2.80536247,6.76989894,10.499217,15.9020035,20.748913,41.9114878,38.7048274,37.0562705,7.90197991
0.47300074,2.13795849,3.80424414,9.40839101,12.661141,14.5494023,12.6985294,6.36357455,12.8100868,99.040024
0.489993185,2.33600648,3.87577151,5.97776588,6.7921235,14.510214,21.3714648,41.1043773,51.0275252,2.09882177
0.68881069,2.45462085,7.04307776,14.4363083,18.8147422,27.9850322,35.0366139,39.9345358,35.3140904,12.787781
0.31971505,1.6652848,2.44712893,6.88408961,13.0028317,8.64182627,6.04440107,29.7977513,22.8267512,63.8493879
0.541046453,2.51359099,4.44799243,6.92596127,9.98458279,18.2316777,38.0063705,37.3269975,26.4668871,34.8001589
0.594817076,1.96091162,3.84952202,9.59957957,11.2948292,14.1831784,12.0717305,10.1539193,56.2299801,35.1276901
0.332854823,1.62254584,4.28213042,7.94676897,7.84156393,7.54956108,11.1427139,26.2787305,14.4412103,67.7122315
0.562658576,1.90397238,3.85071484,10.0577879,10.3481824,15.8446325,24.7684155,54.9476494,37.5871048,7.88058445
0.495787801,1.55326909,3.22965995,4.93454492,12.1330667,9.97731376,27.6747214,7.65029519,47.5419016,40.9333604
0.442123965,1.42963493,2.90561876,7.92482656,13.575444,11.3221068,25.5556216,30.4782178,6.78316415,68.1543733
0.258458512,1.0274994,1.39822148,2.91485597,7.13204213,13.7174008,8.18087244,29.5949264,24.6621863,57.5614361
0.223291297,1.29988355,2.04455179,3.74483624,9.70636449,5.63154805,20.2705148,10.1529704,12.236298,93.8921666
0.180432268,0.48333727,1.73874069,4.23652093,3.90820735,10.8353714,7.88713451,27.4123777,10.5678825,87.2971676
0.405565919,1.41881109,4.5752915,5.31497648,12.9953232,9.95969051,26.7919334,19.9622138,65.0607533,22.0734122
0.390705698,1.31399218,4.1840293,8.4530072,8.03614746,20.9861795,30.9566928,18.8616269,61.5961941,18.0172765
0.236858975,0.806315392,2.79444768,5.37619572,3.25585205,7.07287119,6.88133686,6.64954557,40.4688884,98.1722159
0.460805225,2.28425935,3.6105508,5.15847338,13.4989906,10.2867593,28.9022458,24.3169191,77.3428373,2.04398279
0.536541559,1.71771714,3.30731014,4.62863343,11.8897932,18.8850312,20.4372536,14.9918259,62.3312427,34.048437
0.397809031,1.9271589,4.88518412,6.20761348,7.73185797,10.193309,27.7048386,6.58950076,14.4332113,68.8486592
0.52990848,2.2003069,6.16933941,8.37217689,11.7581496,13.8627945,24.6010854,22.3112792,8.53903052,66.6723231
0.33673767,1.1517982,3.46202061,3.26887235,9.3021426,4.72809681,14.0448418,32.9480535,4.45164992,96.1391502
0.595245349,2.74696687,4.96833212,8.27140118,11.3058006,17.4374921,17.3185567,9.88098992,20.5547464,66.6446128
0.187248918,1.1038809,1.69033393,4.71297004,8.89417842,1.89354074,12.6812686,13.1918636,26.9084009,69.0184241
0.352178664,1.05801706,1.67653913,5.08699576,10.0665257,17.3312837,12.0178149,25.3008294,2.98715033,73.4668501
0.382009785,1.41223443,3.50277045,7.7899478,14.7981057,12.3900553,19.475404,41.9518167,15.2524717,36.8329074
0.380950003,1.64519264,2.70034271,7.59333075,7.162143,18.5021069,32.5122833,20.3291887,19.6306956,36.6505682
0.320760349,1.69768443,4.28133508,8.05302719,8.57838894,21.2419019,24.5426103,41.5886966,44.1623929,0.939392511
0.671566909,2.69053013,5.52843332,13.3668852,16.8058406,22.1850508,26.5043033,48.9891522,40.149634,0.590944513
0.43424411,2.16048791,3.38145646,6.64261714,12.9238033,13.8255642,11.4561185,16.9437107,27.3418581,43.837199
0.486568364,1.98594584,5.72413796,7.27361331,11.0210732,11.3012251,9.4529027,17.8295591,5.40692064,99.2605752
0.463869883,2.27384516,3.98737582,5.99281434,13.8433631,15.6807931,22.1222414,53.890501,27.771181,33.7089525
0.236524332,1.03893749,2.62634548,6.131519,10.7519359,7.02994888,21.4612909,40.6947086,65.877311,8.81326875
0.307520167,1.42038511,3.83079611,8.23996347,15.0087544,12.0120098,12.3040785,0.293465668,37.3381909,86.7886886
0.336225795,1.6583607,2.38408786,2.71272994,8.60750419,4.79729017,3.44744519,11.5375415,38.4229837,90.3177597
0.258343308,1.26649678,3.19968911,6.56678377,5.29022943,10.5949059,23.0575526,29.8594964,46.3489504,30.9018489
0.486530751,2.3215606,4.51048698,6.61293831,13.9866575,14.4499388,12.2627018,42.1500516,0.0296822181,97.3653759
0.326848233,1.74883906,4.40459833,4.5171386,9.60131911,19.5336407,17.029576,17.5210073,20.0268957,47.6880438
0.342983985,1.77123387,2.97222137,7.65131458,8.55973422,21.0108791,17.178006,18.6057117,68.186712,26.7436553
0.3651133,1.10749847,1.99152814,5.74757184,3.85898594,2.31902192,13.9026172,8.34493414,39.9043262,74.9847095
0.374079998,1.56804421,4.1929495,9.00964799,9.33915918,9.79335219,23.949129,15.1934353,23.0802544,45.892119
0.612346598,2.34657982,6.21303881,9.10662552,12.5495875,15.5164595,30.7070415,25.168298,50.5913836,7.45168493
0.357809891,1.86114181,2.51280131,4.8415601,11.716801,16.7442114,33.2390158,33.3969333,49.537544,0.0578588237
0.654115491,3.01472998,5.95122456,9.77576299,14.7264978,19.1843678,21.2097609,15.5575349,64.7223247,31.2100361
0.198589369,1.11269306,2.83640062,5.28497122,10.357404,16.3909037,17.595605,8.26633998,53.7717549,36.794022
0.362788975,1.76980986,4.25889923,9.30856738,10.1070462,24.2841481,25.1831434,21.2451238,0.00200739688,99.6273656
0.474867347,1.47855668,4.36840994,6.74424837,15.7772102,26.2636214,22.4533453,18.1672412,68.3234205,17.2042238
0.392532869,1.73623072,2.81616512,4.97212022,10.4101114,8.74484582,5.98739316,22.6921756,47.0215714,37.00457
0.339603074,1.21621737,3.0258759,7.60987149,6.16835427,3.91101457,1.49688225,19.5039047,37.4942121,98.7461844
0.419756762,2.02102837,3.39120767,4.97040457,5.53759421,15.8658035,4.16545717,16.0549606,32.0645812,68.4165798
0.217836885,0.908989543,1.73952399,5.08293752,7.23476113,15.6242192,14.737171,6.9647422,13.1480588,98.8661885
0.16723523,1.10897258,1.53280854,4.85067012,7.56310129,10.5373828,23.1647383,22.1512801,16.1990949,59.4392551
0.319820347,1.04270255,1.88125398,5.77584516,10.7711258,17.1130226,17.071313,27.8600447,36.1104069,35.0852502
0.44621847,2.09280138,5.54770402,6.82750755,16.305835,16.2883976,16.0959629,22.2200323,16.2989267,47.9398683
0.481260698,2.24167521,4.00107519,7.28268788,16.810065,23.9849037,24.2527646,22.7207356,44.0035968,25.014774
0.297999748,1.22539021,3.46161253,3.17423998,8.68855309,8.76613684,13.0014711,36.2892052,56.5376098,33.5268108
0.416631703,1.29554813,4.34471576,4.59879406,12.2372132,10.1559662,23.8300509,34.1326389,42.85475,22.305286
0.484624402,2.18155654,5.58208108,7.62424359,9.79926786,10.5212273,6.46847066,30.2070599,32.0226672,40.1008542
0.544836561,2.19385349,4.33692601,7.55435151,17.0369227,16.7171533,16.8744544,46.4145397,40.3518664,14.2594815
0.274562543,1.51911652,3.6035117,6.19926499,13.1605447,12.0058701,10.6603631,36.2700263,69.7367961,18.8558967
0.491216511,2.28757201,6.04392967,7.76606494,13.4921072,28.4299804,26.5361173,51.6649976,40.1670508,0.466203824
0.469143598,2.20691673,5.65371846,7.47348827,12.6733099,18.4322812,21.1721801,20.5294733,77.9328294,5.50514472
0.423119506,1.45074365,3.03794171,4.55495586,11.9023523,17.1030722,10.3586878,30.5708668,16.3131263,53.7145141
0.228816909,0.728843097,2.51249937,4.0893176,9.69069478,11.3658434,26.1691117,18.5328185,68.4759691,32.6186006
0.598596917,1.97062069,4.16253313,6.65269888,8.04181783,9.88036026,15.8504445,12.0784417,38.6836952,37.5252022
0.281803447,0.685901554,1.58020766,1.45102085,6.18837486,9.51573204,15.1286983,30.5993646,37.2136743,35.8742411
0.401373979,1.23726651,2.08256772,4.90202806,3.08493341,9.96045622,16.2322603,33.2442974,16.2701826,63.6933604
0.344317132,1.57710113,4.35812363,8.78929258,8.78576548,8.33619465,23.4102276,31.7354015,0.0962652376,94.4913752
0.41989487,2.03506025,5.30886069,9.26046084,10.8825695,11.7115484,30.3646492,52.306254,30.034388,30.18527
0.0998299289,0.39721944,0.808277244,1.45950532,2.65313517,6.81409658,7.5767679,21.2041855,39.9784806,94.3244937
0.524025613,2.49081268,4.21199733,6.46488494,7.60986179,7.93949954,5.11339361,25.9994847,52.823012,38.6351011
0.397713826,1.99857879,4.85889177,5.96850054,6.85809806,18.9027954,20.161422,20.5062117,54.8099019,28.2253915
0.582445339,2.42701044,6.41450337,9.25363222,13.5116507,17.0093296,17.527681,45.3999311,45.2764857,3.7796963
0.326284288,1.71083656,2.86291394,3.85724114,6.29313893,10.491605,19.652112,41.4042346,79.8465557,0.374281914
0.359232702,1.8597291,4.71331534,5.52919932,14.0003235,12.058089,32.2101305,15.0564791,23.4051087,40.7375206
0.224074453,0.91304711,1.12753966,2.64269882,6.51954303,12.424459,19.8510227,12.1993227,46.9797056,41.2244998
0.403848324,1.42478482,2.37199376,4.35077686,11.2124836,7.57664053,22.3490969,1.22128698,29.464829,82.3349966
0.478194964,1.80530554,5.06172986,6.63219084,8.16144195,17.2274503,10.6816177,10.4736485,11.3665424,73.378832
0.190256512,1.04595493,2.876336,2.56110886,7.71179674,11.3998679,23.4495314,39.8113272,0.137867814,94.8592266
0.532624978,1.86127727,5.67868431,7.67649068,10.4069696,13.3381812,26.3938998,32.9751725,28.643879,34.8999093
0.511286932,1.61280988,3.22827291,6.29783462,7.16795568,18.3318414,15.1029282,44.711491,34.7852851,33.4677001
0.724293837,3.17099745,6.22894925,11.8362146,17.004594,23.6582488,29.6951432,36.957397,29.7197279,30.2154516
0.34459274,0.962180527,3.17737286,6.91370954,9.98629156,20.9462943,30.8400919,20.7654997,0.525972013,83.5408857
0.452432893,1.37418034,4.47205782,6.93662666,12.798303,12.3850177,8.79548687,31.6919393,53.0274002,35.0181078
0.399169638,1.49544775,2.90234761,7.93307323,12.7120161,12.151192,12.1388761,36.5969471,0.185106017,95.4686219
0.38267285,1.44871917,2.33809077,2.57592732,1.85785244,9.56589351,12.7730607,26.975219,9.75589692,98.1858101
0.375647052,1.7047469,4.1017354,8.67214328,15.4946633,15.308733,15.1129961,5.58515594,47.0998372,56.9472611
0.383977427,1.53849566,4.61253332,5.71693635,12.8179725,16.4245702,28.0926135,20.3792331,9.37959217,65.7431118
0.435026934,1.33524178,2.2746311,6.62183417,6.69615742,12.5148488,15.7153413,12.3455185,7.32521953,80.5182213
0.432187002,1.34819578,4.28281252,8.68327364,16.5111379,15.8459883,15.8408189,24.8858819,1.66968291,69.9602479
0.346570963,1.02468208,3.39640618,6.52853878,11.7815337,18.7536429,30.7033374,55.9030128,39.5308063,1.68938389
0.388598565,1.29058177,3.70703765,8.53046116,15.2309567,16.615568,20.5657209,55.1630601,34.6766681,18.7269468
0.110927695,0.782712554,2.14385699,1.10638884,5.43275793,7.8746263,15.6167588,10.9703942,20.1782042,99.7033493
0.154080804,0.68672368,2.3785537,4.74257046,8.45745979,6.90651475,19.8688341,37.248768,23.6191225,37.495872
0.305394323,0.965313218,3.23082459,6.84948162,5.22396617,15.4759841,18.0517593,25.544563,22.4390359,35.6352629
0.602650899,2.1498238,4.49105522,6.87288019,11.885127,11.7823438,14.5235465,41.7415421,65.4549195,0.0878957728
0.428073994,1.6358036,2.96815054,4.43176659,12.0332199,19.0662199,11.2781012,40.189661,77.6141713,6.89269258
0.542353417,1.82732394,5.7150691,7.20218635,14.4931243,15.2842912,13.7494647,7.94306843,50.7550349,41.1172648
0.383928012,1.5226637,2.68802125,6.92351142,5.76973781,12.2451311,20.9252408,11.9830264,38.2020169,35.1594401
0.433677988,2.08804245,3.36204583,4.76131275,6.08987983,16.5569227,24.2113554,32.9925624,9.66923587,60.9608295
0.340317915,1.79717739,4.507908,6.83502911,13.5305826,23.7038764,37.173414,34.2608954,40.6160731,4.40421594
0.412140303,1.21788308,2.63619781,6.06214795,4.87338251,13.8737556,10.8323414,35.2205718,59.9562499,33.5888149
0.257450602,0.765943283,2.62962079,2.16146135,5.24759092,6.15604065,17.7770596,9.693911,39.9619749,67.9051547
0.413340739,1.22657556,3.57133147,6.41724502,14.0561464,23.6080504,19.7271767,16.9104376,23.7161759,35.9891581
0.491279835,2.26634425,4.03978374,5.88477953,14.8714727,11.9891368,21.4434072,30.0360322,33.4249603,34.5399688
0.433384326,1.3623505,4.42513753,5.30407568,13.220805,12.1597621,19.5224843,7.29924458,32.4082807,59.9939853
0.460431487,1.40752009,2.45764849,5.0689345,11.373674,19.5410431,26.8586139,23.7722056,66.6460663,0.288029062
0.127675306,0.615329468,1.59827936,3.93842054,7.40206179,9.65749549,19.1425944,35.6401884,2.86430282,72.9467322
0.517132352,1.84345508,5.20451862,7.00914464,8.70329791,8.59487704,25.9125887,45.3714343,9.55556435,60.8927063
0.523117159,2.43470329,4.19960338,6.38763802,9.65131506,22.2456643,18.4628739,11.9925923,27.3318125,44.6966218
0.535776303,1.72933654,3.56536538,6.40081694,7.78609713,7.43815863,23.6961329,26.124453,2.61311161,68.6888692
0.313562778,0.819437444,3.08881474,6.13841134,5.3737859,15.1122651,24.8643309,45.623867,8.94128486,63.1409051
0.734366626,2.50695722,6.37159417,10.2172777,16.0928046,32.1940901,35.6358494,40.7846151,37.1898129,6.98081892
0.235829967,1.21729984,3.40979756,6.81492138,4.8869669,2.52741149,14.2549539,23.4271054,51.1734167,48.2835094
0.289097887,1.51407563,3.34939789,7.53294334,13.3707796,14.2782161,11.102817,13.6348494,8.59249007,70.199747
0.219499589,1.28408111,3.17816989,3.72931223,10.113108,16.493108,29.6705287,28.1578554,46.2610899,19.0796264
0.16186393,0.861464218,2.65038318,5.34939161,7.19976964,14.2495698,4.08661068,14.796567,40.4369057,67.7312931
0.279171206,1.39932737,3.15675228,3.22580019,8.74614107,12.1739516,24.7805133,7.71966782,30.7854738,61.2808637
0.50744765,2.46981668,4.34542755,7.35134068,9.65244441,23.0524607,21.4909809,32.0498066,14.3008979,39.8194164
0.511135541,2.37459557,4.06857169,7.0326203,9.55788871,18.0168442,21.3544603,21.1004494,0.0982518124,99.2678542
0.561317893,1.81480279,3.72343563,6.69915122,9.12070341,17.5924946,25.1986517,23.2848212,39.7850682,31.5314253
0.338675143,1.79492761,4.37829763,8.96376819,9.30170784,11.0666308,23.5876369,24.866262,75.7695393,2.04393839
0.563708302,2.1651609,6.18072685,12.8683066,15.5188523,19.7561306,25.1590038,41.0094387,27.5744258,33.8530141
0.426430849,1.34556161,4.49497561,4.77041168,5.53382631,7.11359111,15.2555651,11.7228675,12.5380319,72.4275305
0.448319541,2.09273561,3.51977857,8.77749584,15.8840392,15.0884032,15.2216916,40.0801013,7.94734596,66.1694631
0.211231889,1.00319162,3.02291188,1.82761883,2.88704076,8.57997308,3.40009317,21.0109255,29.170777,86.3330955
0.46228923,1.46496069,2.76197484,4.21987601,9.86352206,11.3938049,20.941994,37.752733,59.3028756,0.389896385
0.318410518,0.830582244,3.12947894,3.12662997,9.3859314,8.16707259,16.9044361,25.6003977,15.0092698,63.5538221
0.371921731,1.91468115,2.70070586,7.3359434,13.869336,13.1625236,27.5325069,24.3304198,16.1957819,39.2778151
0.598667634,2.04977918,4.49242762,6.93786852,8.88552847,8.57123968,3.79509604,6.87620188,40.0361261,77.9803181
0.572355885,1.98048691,3.92991259,5.77036966,9.62321362,10.0451974,12.711688,33.9255707,21.2310262,36.5348557
0.291506489,1.54651366,2.40118417,5.42219341,11.6182044,18.5792152,20.1056877,11.7824276,4.56569208,93.7307314
0.24289761,1.40857454,1.37876009,2.95615382,5.71943909,12.666733,14.7473933,33.1420476,60.0153028,34.0103389
0.453693254,1.47857211,2.6384712,3.61671138,8.81680182,14.269489,23.8501705,29.9300373,16.1314919,39.122464
0.639208528,2.74936981,5.31831505,9.21704105,12.5469258,16.1672821,33.8617492,25.7388689,12.214753,49.1506204
0.576203357,2.64850933,5.35730855,8.80104563,19.8174406,22.2942856,26.4818016,45.9735922,36.1977088,9.99350874
0.331300125,1.59092466,2.57115087,7.05813547,5.10668496,15.8265849,19.84433,24.4541838,0.594604362,98.7392052
0.58507283,2.17354165,6.09450163,8.65165848,11.8312997,13.5083611,25.6425919,15.8250265,64.4331634,30.4524297
0.583328581,2.00453374,4.08846685,6.06282024,14.8995989,12.3566733,9.94581512,2.41887153,29.1427826,73.1787349
0.590964214,2.60224125,4.80593734,12.0122897,13.7307236,22.4986027,28.3722244,27.4624765,40.2830944,18.1832804
0.389251614,1.5968293,4.66609856,7.54942562,9.90952103,20.4712662,39.5413363,27.9032536,13.8676905,41.2799571
0.421306502,2.1177342,3.22435856,4.28628509,3.7454742,5.39921194,16.3047396,21.5961295,34.7244892,46.1937676
0.485715631,2.26461132,4.98766222,7.52214375,9.72178671,11.1321366,21.5596261,27.3846825,54.974453,12.4298709
0.398870183,1.96583626,3.1954898,7.42840441,7.60814884,5.95201394,8.51523544,5.93994471,25.5111376,96.5207467
0.438847006,1.92557412,3.34079533,8.89666739,9.78379173,9.66411939,5.99353106,18.9525581,9.9719379,87.088244
0.361344718,1.4906108,4.50724721,5.18781249,9.17066338,13.0717213,11.6979848,39.7228025,0.653245826,85.3754855
0.59652481,2.69536923,4.96340901,11.183127,14.0314462,17.7903217,23.2459736,23.1795724,66.3230914,0.334085982
0.312349692,1.68054602,2.21768601,4.6518377,10.2448648,6.38543032,15.3013706,33.0931754,20.6166223,45.7041199
0.439591741,2.12357723,5.47591425,7.45854153,10.5874558,10.9262306,13.7872104,4.77447681,35.9995125,68.2520036
0.349490631,1.83420098,4.62947555,6.37973716,8.2733605,19.1211733,35.5599469,23.0116012,37.3864782,32.9071876
0.60232368,2.81887117,7.09023074,10.5310198,16.5615027,22.6771353,26.1802474,26.5933687,47.3904514,7.72310694
0.632808884,2.12048135,6.42441852,8.81877544,11.9706661,26.9950384,26.7956898,26.3908886,14.6494486,39.3879819
0.232682987,1.33303287,3.25887927,6.28287628,10.1505033,8.96468967,21.6629418,25.4392788,1.69770783,72.5997286
0.418441409,1.97003126,5.02826543,9.55059889,11.0518041,14.0389093,35.452585,20.4157537,1.38155811,71.6463995
0.378606299,1.47394781,4.51300565,5.5840302,7.02071925,18.1746415,13.2465227,42.7014403,66.3817051,2.89415645
0.439629722,2.15388358,5.52720182,11.241315,12.8405967,19.5469712,32.4424322,42.7165059,40.6736033,0.339813359
0.346001929,1.80243289,4.44747897,9.36319965,9.42204013,21.7731676,20.0447143,22.1837846,8.04544915,67.7893068
0.566837572,1.86651327,4.02220505,9.74073326,13.9644732,16.8461511,25.5407555,20.9957368,50.6780247,21.2383453
0.328022236,0.949222003,1.34543609,1.60858271,6.50385388,2.82402307,7.99268364,21.0089866,27.6317232,72.7773607
0.54395649,1.77051921,3.94905481,9.72351243,10.5764958,23.9047985,20.5157079,37.3962766,37.3153703,18.4801208
0.56226161,1.96294974,5.7425211,10.5741023,13.2469146,26.8274212,26.1371427,24.4870671,57.3765234,1.48210772
0.478832261,2.11028405,4.27352637,8.16567752,17.528458,19.6505946,43.3022013,36.6284178,28.9749369,31.703486
0.26494369,1.06604709,3.3427689,3.3188677,9.87683695,12.9128177,10.7254527,15.9596225,6.69542935,92.690448
0.410304124,1.79005381,2.97898573,5.99468631,6.19540161,3.72345966,7.15203746,25.531256,29.6321577,68.3720695
0.525281004,2.35429696,6.32272365,9.48411789,18.0755681,20.9709964,24.9036987,28.1479899,28.2650617,35.058728
0.494854381,2.3335969,4.43096064,10.0594845,12.4547157,14.8381456,13.1767724,38.282309,37.8245966,33.1679697
0.643763174,2.32457422,5.09199939,7.98908723,11.0920926,22.9713392,21.7083111,58.4455494,36.7284371,9.55349662
0.492942764,1.59288262,2.95078978,4.41264809,5.55277429,16.0630832,16.7560714,25.6482341,71.8994489,21.0470497
0.367629272,1.05803942,1.61415948,4.92159816,2.03836708,6.52573021,13.9185625,10.6831015,20.856214,96.2024818
0.462047986,2.13149179,3.59900723,5.79148975,6.23415801,10.635912,25.5143054,8.88518066,8.25833741,99.5622398
0.387046831,1.2337624,4.16700414,6.8217298,14.195474,17.124828,23.2223292,21.1491394,74.5802164,3.12185969
0.231930541,0.743537897,0.834419808,3.01634707,6.65137113,8.07722516,5.09745232,8.77674282,39.935481,98.735479
0.27419505,1.07990073,3.07939136,6.25498457,12.1006809,8.86692022,26.1459959,40.86871,32.680898,34.128956
0.329493355,1.72078894,2.74178039,7.52362307,7.34724262,17.6497445,18.4938208,9.29613162,22.7482094,65.9556185
0.275506902,1.45810672,3.08305364,3.3961652,6.74788609,15.4170238,14.0774521,40.2083324,7.58782184,68.4145262
0.343147806,1.64589156,4.49768618,5.92297437,13.539936,24.3759119,21.3245051,16.0138851,46.5434062,35.0865311
0.421166568,1.31575064,2.2798902,3.0389727,3.19571386,11.6114297,16.6453325,26.2206211,30.0218801,38.2365774
0.382035171,1.14280436,2.24226581,5.12648358,10.5620515,19.2078869,12.6796839,38.6624713,55.1660293,14.9397142
0.22525886,1.26054627,3.01197386,6.60378236,5.56407984,14.7541723,13.3493536,0.670812708,40.8269666,76.9345358
0.296857152,1.62044011,2.87631317,7.37502877,7.02819595,18.6655318,8.69891851,9.63544685,45.7737262,55.259106
0.590774273,1.92412476,3.86329418,5.62853161,13.53177,10.8116151,30.0749705,27.1344381,10.3145978,59.6376547
0.296946312,1.61970688,2.9513609,4.39349461,7.40767422,7.77151343,3.05592094,23.3843807,16.011609,92.0721288
0.683952358,2.40323034,4.9653252,7.98221476,11.1088994,13.2533568,13.6869092,13.0281077,5.68358672,86.4603378
0.456162709,2.08838843,3.60776156,5.53436353,7.39307035,16.4269388,30.8957091,54.6475954,27.0841697,34.3641745
0.557227086,2.05585339,4.00007105,10.0266662,11.8048507,13.4695583,10.9274091,15.8397116,19.7221448,64.5031287
0.487602908,2.19505776,3.98409726,9.88564993,14.4928055,22.8123755,29.2580497,30.8294107,26.1389207,35.0873476
0.436280737,2.17035784,4.73569928,6.37675386,10.209782,15.9874567,36.1691934,21.604171,69.4628396,1.44617792
0.386139822,1.57537949,3.05300488,8.27276424,7.75018415,12.6299297,22.2188185,48.6960291,14.9545302,37.4378101
0.302412514,1.61677001,3.97803062,4.22338458,6.30133434,10.0493129,22.6632161,7.74911481,49.2362374,44.5794562
0.51360687,1.68227207,3.20346311,4.79198419,4.73801647,15.1614867,21.8497912,4.60454904,37.4016616,67.7611913
0.24604997,1.05812687,1.64257265,4.97803379,9.27874459,7.17835824,3.57600475,25.4864889,44.3255923,63.7752596
0.395012385,2.02277576,4.05576108,9.73940441,16.5121402,27.542745,29.7751219,36.7611593,36.0824751,12.6669773
0.34163078,1.80464762,2.43694491,5.67691118,10.0186785,11.6993708,24.3155078,24.2083783,58.30639,14.5813609
0.225780885,1.23883297,2.90249212,2.76198136,8.44712715,15.2376668,16.3479647,0.560136939,32.1888551,94.9346823
0.373612722,1.86979219,2.74807629,6.18391321,13.5614936,23.393737,22.1979789,30.0722295,34.7684172,30.1391333
0.392873194,1.26507534,2.13310846,5.96251614,11.7001103,12.108994,20.7371304,10.6160349,28.3817481,51.0112109
0.326418258,1.33993843,4.13755683,5.48459429,6.46667023,3.98376695,18.9515292,15.8469713,33.6574152,57.4156259
0.54789931,2.58627538,4.74107739,7.3948681,12.4143142,22.0690276,27.8326627,24.2941063,57.0087967,2.1678229
0.300327825,1.64567673,2.20357196,6.60211207,11.1620833,10.3681236,5.59523907,4.5056431,35.4736755,79.08805
0.382409093,1.40223974,4.0144694,8.90165535,8.77557519,12.9125289,30.5521949,15.391848,1.65687778,99.2593267
0.207380536,0.887489155,2.77791344,5.7480826,10.3217714,13.6988347,8.85547449,35.946981,2.4901104,85.6391306
0.291107392,1.35200269,3.52346984,7.66773858,11.9869857,19.5268899,16.699141,29.7302376,14.9298879,42.2985888
0.414469553,1.98221874,5.14701272,8.12535024,12.7428308,18.9576589,20.7785185,56.3443178,41.1629649,1.90957636
0.248648095,1.42109767,1.8300587,5.76784433,8.59853053,4.26762877,16.8552665,2.30048833,35.8644121,99.5464746
0.513121749,1.61467408,2.99627362,3.87756804,9.26141902,13.6512425,6.78559535,20.0791858,7.83721929,88.9970883
0.297660431,1.613179,2.14051731,3.63409216,5.30174406,13.4054327,7.28317469,16.6447966,53.1735392,43.9602147
0.518329416,1.83918498,3.5029717,4.88294657,5.17315811,4.97041702,10.9833557,5.05953153,34.5239175,73.6133083
0.529174292,1.69615387,3.42996013,7.41747985,15.9636038,13.5927233,32.7169254,21.0406605,63.4684045,7.14961113
0.427597766,1.48677392,3.43147552,8.62106875,10.3945737,24.103547,17.3573568,9.73247902,7.18273517,85.7548509
0.442773185,1.5295775,4.0929735,7.99683076,8.54741131,11.1621904,13.2918328,22.1665485,67.9394648,32.6243545
0.599212757,2.13779262,6.38991347,9.00563936,12.2332156,27.4993144,31.6922107,32.5938716,36.6916748,15.6201373
0.64838617,2.2102224,5.51750567,8.79023967,15.5258676,19.4366195,21.4687707,30.1046769,12.2441538,48.3095116
0.560231469,1.87953653,4.81671225,6.95614518,10.2430572,10.1254755,25.36481,49.499244,46.0820847,3.86346769
0.396870289,1.59937162,4.79494943,8.99512474,10.6670917,13.6186811,33.2178441,59.8033176,37.9086169,5.56567041
0.482461258,1.51521563,4.61704639,5.64074624,6.25345728,6.78201594,15.707058,36.549123,60.6608109,30.8496292
0.365170756,1.82648308,3.91930115,5.05178322,6.77192209,8.25163991,24.6483317,28.3075907,74.0089349,13.2864841
0.346913414,1.78556071,2.6039209,4.31965123,10.5658384,19.4192625,26.9163632,16.5021073,16.9543224,52.946318
0.233570072,1.14515815,2.77922087,2.08803938,7.44624978,1.67436661,11.8041676,19.2388194,20.1567418,92.9205895
0.519828777,2.49242893,4.20179714,10.696489,13.3959646,21.5728546,21.8977098,19.7967303,0.291734885,92.6227024
0.465370929,1.77467634,5.34786092,6.42342562,15.1129143,13.0986952,27.8422015,31.7797854,45.4692632,7.56818042
0.350541599,1.69069393,4.4533455,5.18097944,9.65777096,7.95888055,10.0058705,1.73312791,37.1785056,86.2783316
0.340656512,1.79496358,4.51478059,4.98583256,5.32683309,10.255992,4.32629121,26.5975722,52.716775,45.854307
0.298549179,1.39168742,2.85601617,7.43701913,5.500203,13.8811151,5.61860706,22.5048202,28.0598695,61.7259784
0.189816665,0.526474031,2.03003267,3.19247818,1.88358203,9.33142429,15.7722151,23.7428272,53.0250928,43.7897568
0.373045529,1.15533684,3.88872205,4.33212361,6.13616597,15.5691125,11.9324097,12.3720558,39.2826359,42.4223348
0.398129336,1.21172105,2.62239284,3.33478279,9.68493386,16.9068377,6.37520567,5.88442951,24.5414793,87.1229962
0.368466078,1.66739578,4.50626221,5.23806363,6.50079999,10.0816922,20.4527566,21.2607347,24.7404069,35.9695701
0.446635999,1.56018504,4.82522558,6.59385672,13.4683167,17.6123067,17.9503846,37.286842,34.7277544,28.885373
0.265125299,1.44104517,2.0462793,6.06809657,4.77223168,14.1567376,1.8136432,11.0317579,33.8381176,99.0799604
0.562647112,2.17792482,4.90697717,11.5985195,19.7544708,24.1382619,35.9062016,41.7623082,40.2933267,0.342382164
0.156944437,1.04337211,1.98384077,5.00010819,7.19588988,15.3148469,25.591124,30.8361307,64.048358,5.33671784
0.545557669,2.45264691,4.35393535,6.87036983,14.94034,14.5326053,18.6140343,17.0906281,69.7150632,28.7078939
0.274072425,1.40096924,1.85626293,5.33561546,10.0318074,7.24315658,23.06812,11.1090954,48.8978889,35.2802013
0.512756969,1.75200773,4.20198783,10.3068218,10.6668865,14.3509235,33.9148662,25.2215656,13.247104,46.0119104
0.349370041,1.77756289,2.80025633,3.83551407,3.69412806,10.7456531,16.186376,3.20819462,26.4690454,80.2506524
0.18538523,0.522305771,2.10747535,4.25301905,8.4260589,13.0920237,19.9978192,18.2518144,28.1948518,38.2818738
0.225117328,1.14037418,3.09209876,6.45140747,5.29695665,9.45480892,21.6099333,11.1803532,7.85377589,94.6340899
0.33924149,1.09428373,1.97310481,6.03730495,8.95640071,16.9248337,28.5677394,32.454945,10.7429967,55.4024204
0.373035871,1.91393131,2.66604751,3.53348958,7.31773021,8.73462834,19.9275899,18.6490703,3.41735087,92.4385541
0.458946755,2.15708545,3.58588937,6.08339721,7.94129317,20.4441439,11.0934007,29.6590566,11.9011435,64.4740105
0.251164436,1.21904323,1.51044546,1.38608169,1.90964698,5.19343119,11.3081904,12.2839718,39.3612062,82.9634301
0.332846621,0.918519106,1.50313068,2.83006768,7.06193812,5.70789843,15.9591125,24.0633877,6.00998798,96.1230959
0.19458527,0.775208626,2.7603812,4.66426318,9.0436876,14.220848,6.00859229,30.6843971,35.6195006,39.2171083
0.39496981,1.94028017,3.1632109,7.72779481,15.4266949,12.6869505,17.3517163,23.6305811,50.1631734,28.3704477
0.359096458,1.86516511,4.49793595,9.36763573,10.6095747,12.5672526,32.6284469,39.4860794,41.716904,5.84902049
0.347013404,1.81266388,4.53723403,4.97152465,8.225641,16.4088026,13.7710982,42.8026854,46.2343484,22.1787726
0.352721823,1.51477954,4.10141995,5.4299348,6.83374412,11.8034659,27.7426616,46.3264403,38.9188028,19.6473667
0.2508506,0.817548559,3.02459514,4.45088153,7.96268234,4.89719128,2.00613203,15.4103906,36.0445749,80.2487177
0.380946007,1.94372409,3.76086172,9.05111097,14.0652437,16.335408,15.2781611,21.7867847,0.577560419,99.3750986
0.276897534,1.30683696,3.45299083,7.44462133,13.3748892,17.9373319,36.5278623,23.8942514,32.7209996,34.7880328
0.332229849,1.6987391,2.44798898,6.96637384,5.82585149,11.1065452,8.64758496,31.5394748,4.13442494,84.0045854
0.433169822,1.45823827,4.34490756,9.33977823,9.24656219,9.12654503,4.32491351,8.99552298,27.9020167,71.6144979
0.197140996,1.06654613,2.6385832,3.77111158,7.94678043,16.0466792,19.3923183,9.29667345,10.917534,69.2107724
0.477081753,1.51331696,2.83157558,7.79986911,10.8064858,15.9736808,34.9424827,20.276712,78.6803876,3.63851954
0.559082811,1.89133243,3.69292951,9.22396314,14.687649,20.7894127,22.9456705,26.7422414,8.8054692,63.6017491
0.490468053,1.86056793,3.62630631,5.7174649,6.47656465,17.5990335,27.8722983,25.0239256,59.3066656,6.72700453
0.471136367,1.51788104,4.94768349,5.76788763,6.84854678,5.96301235,16.3839529,32.7137609,18.652446,51.8509876
0.191605619,0.75023569,2.24353102,5.31549838,6.10572355,5.60476126,11.1933672,13.4000013,50.0292525,58.3298307
0.399374142,1.17882808,1.95402715,1.91266355,7.29304948,9.14591014,17.3576253,35.7134646,4.09576828,69.5495375
0.32915766,1.06887341,3.74245843,3.34669374,8.94604774,17.254828,23.0132704,38.5122705,33.1467244,32.8593891
0.46747182,1.60389005,2.94188581,3.76116796,8.68087813,9.98944325,2.4410332,23.1673871,42.6844221,67.2113433
0.284661357,1.42688239,3.8045562,6.65421553,12.3820574,23.3960661,17.0941226,31.048105,49.888038,10.8753192
0.241102876,1.17848963,1.29437487,2.50621967,4.36457577,9.74809982,10.4279714,12.0895969,17.9619114,79.085117
0.161028938,1.03510076,2.50810591,4.48245354,2.97756069,3.17370688,12.5357117,24.725398,17.4332248,72.9738536
0.632667855,2.20863944,5.79802365,8.67743788,18.4550218,20.9719042,23.7450433,22.3562248,47.2047599,21.4717862
0.218973868,1.3111185,3.16147418,5.99892822,7.5579941,4.33122432,18.8141888,2.86905342,36.6971445,73.4451219
0.519511101,1.66583086,3.3952935,9.06317006,9.23670033,8.60488033,22.0070322,37.1227997,63.6221956,0.778230578
0.499145926,1.57174793,3.11155732,7.71537477,10.0578196,13.7052997,33.2221333,19.6097182,53.8883604,23.3419279
0.715597611,2.49000758,5.23192127,9.45956289,15.2063224,18.6897366,32.5571411,33.4419031,27.5437236,34.2306157
0.547740503,1.83435961,3.564564,6.92424059,12.2600714,18.976517,39.8495303,42.9559604,36.1328076,10.2328524
0.417648198,1.72287214,4.9808438,5.94235115,14.6629314,21.7092327,21.8549988,40.7426574,44.5418494,0.642179046
0.457211456,1.97666322,3.34624347,4.9124552,6.14815298,6.19037671,21.5328993,0.721071115,35.4808227,95.3577299
0.304570436,1.62504998,3.98372756,4.73659928,11.7734844,13.2057384,22.0846613,18.6999102,44.6075944,34.9997706
0.442411871,2.15980825,5.33564997,7.49522368,14.8218535,24.7369711,24.0422592,42.2205643,29.4584835,30.8216101
0.224655921,0.472595616,0.579659583,2.9328557,2.61056447,7.50611925,14.3640852,25.1197618,18.788369,70.6038055
0.331718873,1.17247461,3.59006632,3.52710009,2.37499141,5.66061649,15.1371767,28.4264982,52.6597097,37.9214023
0.43268531,1.4810915,4.74489907,6.20990561,7.02250106,10.4398249,26.6563098,22.7217875,51.9564003,28.7163485
0.471158607,1.47504263,3.60890431,5.2878686,11.6326111,20.063584,14.9479737,5.32610411,15.9647696,74.5872713
0.283658727,1.36753043,2.3780096,5.23743018,8.88019976,18.8913038,32.2706532,56.2418753,31.3717959,26.4149786
0.459205628,1.49011649,3.5384533,8.21178301,7.91176159,9.67677621,7.33334268,13.7519346,47.3065112,48.9973584
0.46672188,1.46081161,4.19775964,9.53757876,16.8597768,16.7938829,39.8377561,28.2648936,39.8121584,17.1465458
0.463728273,1.55112076,4.97898223,5.9618537,13.2263545,14.8321218,13.1834893,36.5624972,9.17476376,64.715626
0.434027563,1.45778212,2.63237107,7.1325507,13.309753,11.4451772,24.1566117,16.1312649,65.0925191,31.9798445
0.330004415,1.1148643,2.17963787,5.84841371,5.00412826,12.167469,22.725833,43.5535732,53.793354,11.4391905
0.193774484,1.08678907,1.11809313,3.92114108,2.78995766,10.1613514,16.5967033,10.15539,47.7183016,66.9419239
0.414375734,1.83692688,4.70025451,10.2058869,11.0409167,13.1027303,10.7379264,38.9875967,0.495846439,92.5415673
0.457454663,1.50431443,2.77850844,3.6959136,10.6751735,16.9900478,20.6713221,19.1135924,2.71122818,69.8899976
0.347453226,1.00639164,1.70143137,3.20094786,7.20579571,4.25116658,11.0704643,27.8060865,54.3959472,36.5757744
0.312081297,1.69013728,4.02668422,8.51257077,8.25151855,7.80223731,25.1929222,41.0992963,9.7694236,61.9523951
0.58315263,2.63505133,4.84282279,7.90346997,11.4256484,15.0833286,23.9248785,40.9183969,33.4231159,24.3807897
0.124092315,0.771304357,1.51977161,4.01736766,0.863537016,8.04534279,11.8453608,15.768363,23.9569855,99.8328065
0.431580058,1.39020461,2.75244663,5.0174369,11.9905829,15.4158029,20.6725605,49.6888722,34.5248481,24.3194435
0.284168541,1.16710944,3.64441646,7.07729787,7.7477225,5.43148001,7.70354235,11.4075076,20.6421854,74.272299
0.28382636,1.57008534,1.84311763,5.1497295,3.74073216,12.9585702,8.72673441,16.6794341,10.6473381,96.5701503
0.485347241,1.50588347,2.77440176,7.66948093,7.28296682,8.45760696,20.1789574,37.8361356,49.3563169,21.639095
0.233792792,0.700880835,2.63880382,2.78007878,4.71414928,12.8542695,20.3596953,34.5491911,18.249737,48.4801374
0.351894749,1.07557238,2.13183407,5.17791738,5.93957692,15.8827333,26.7272173,44.6839165,15.8447866,35.976078
0.493214993,2.18943974,3.7817136,5.58841049,10.6070857,21.4925318,27.440751,40.8319616,31.4885571,26.6776038
0.25642861,1.43252528,2.95973787,7.14189609,5.12230086,12.7020539,24.7859655,21.5210181,69.3757285,25.4341554
0.328551046,1.22239714,3.72890696,4.43212131,4.19685585,5.6135279,17.1839016,27.9738547,5.62906288,77.8349812
0.290853979,1.57256387,2.42905481,6.96867486,12.5906085,12.6978596,31.1741879,13.0043654,17.1522623,63.5576767
0.432775677,1.93074942,3.22710404,8.61812795,8.54699389,7.528545,16.9524816,38.5783298,1.05771959,78.3921418
0.39741521,1.82358921,3.59143717,5.53217032,13.9368815,23.3679713,18.3736115,32.8497995,9.96593106,58.9708433
0.192868582,1.19562712,2.92592342,5.53421651,10.5167444,16.8622392,10.7971666,23.7571099,17.7797451,57.0279132
0.44192285,1.94434387,5.37876088,6.95386624,9.79749747,10.2918904,6.00112481,19.4556346,25.614783,65.907261
0.22479105,1.12297668,2.83076079,5.79841825,5.15286369,6.76283955,19.6545861,36.3421434,67.1245434,29.5436687
0.379997793,1.94034963,4.82567501,5.71062094,14.0509988,11.5166537,7.6297813,19.1523715,8.46270554,73.2141359
0.444490427,2.19954357,3.43908781,8.12857939,16.03435,24.4494152,44.3727425,39.8058562,38.5846944,3.75122913
0.407752702,1.2632885,2.98135847,6.13988914,13.5465399,22.8596699,31.626861,44.6347781,33.4188952,19.2257861
0.34979712,1.57001731,3.75917094,4.49647105,10.8750971,20.8491764,15.3330609,45.9808109,14.5362908,40.2073401
0.563666028,2.67737041,4.72395281,7.94394439,11.4727779,14.4007933,17.4316967,22.7583633,18.5327325,39.9429872
0.471424687,1.44714123,2.91596917,7.24288044,8.43007401,19.6363393,16.8082501,29.4135478,60.4191217,4.87773153
0.460892522,1.65407433,2.94758868,3.90348017,10.9634736,10.3372962,14.5808975,15.736635,19.0433001,64.6667804
0.136192327,0.789599477,1.36622862,2.25944653,6.30036082,9.66850103,1.4143483,21.6907146,39.6611526,76.3642621
0.519094138,2.01922506,5.28995099,11.1321221,13.2074643,16.3321708,17.4901772,29.8540691,8.55098353,64.9641719
0.64820717,2.15292405,4.63324593,8.22962278,13.4984315,25.3365679,25.2396079,42.6754604,41.3967534,0.619308987
0.414248396,1.27563661,4.16428286,4.23754146,11.5921749,6.20114548,21.2555571,6.31505179,15.6296072,87.6096284
0.535320072,2.36499198,6.25132358,8.73948463,12.2535739,17.9105514,36.3353677,33.2319472,33.9157773,22.4396346
0.489989341,1.60400798,3.12637629,8.22600988,10.5765814,15.5701987,13.2509719,25.8887332,1.88947879,72.2283951
0.437890774,2.14535003,3.42562942,8.95740545,8.52846338,13.5548545,19.5823361,18.677948,49.6665282,34.2664576
0.449874374,1.53658053,4.67506088,9.45612865,17.8605667,17.167439,24.8318552,21.4003573,62.6994203,6.33292712
0.221152083,0.478055319,1.41440204,3.86702518,7.12213256,6.98917353,8.29476721,13.5819536,17.0342607,97.4634332
0.541704174,1.87922862,3.96007436,10.1402077,10.8201919,11.7962932,24.5048888,36.4284176,35.386013,27.1736818
0.621203575,2.84779093,5.77492096,9.37913127,13.1147471,21.4891401,24.561763,24.3865056,6.5019091,68.3511797
0.323976005,1.71678757,4.35238604,6.23830514,14.2414789,10.9480082,6.62070288,8.53761124,40.1381121,68.3611503
0.512920711,2.43030833,4.087838,7.33507269,8.93847357,9.060846,17.64187,2.57192802,23.4654809,79.497552
0.257155796,1.03951563,3.3174908,6.85577437,11.3058319,9.14520571,8.93499523,8.45067591,15.3540278,99.7257787
0.410895242,2.04507854,3.11452683,8.36387619,8.57181065,10.139527,21.3574711,26.6050165,13.4121003,53.4881148
0.305491269,1.26617607,1.7758801,5.73255757,4.87547317,13.4497915,24.0690062,3.33771655,20.6489959,82.2904869
0.436962424,2.10895717,3.43122975,9.12267705,10.6022594,18.3784527,35.8577587,28.9915132,36.0914602,24.1653702
0.310007167,0.994079554,3.42979543,6.29555982,10.2861182,9.07781595,20.1385123,36.6288135,13.515097,48.2409348
0.428178726,1.27880496,2.24232039,5.84004851,7.91960066,18.3396195,12.1039562,16.3782056,26.9127347,46.024416
0.551605889,1.81125457,5.61156912,7.6021254,10.9026654,15.0488759,15.7552813,47.6690865,16.0341279,35.4296947
0.193859038,0.929912003,2.69161173,5.20623196,10.3323328,13.0869384,9.7963433,26.9765456,64.6592384,34.806639
0.249324378,1.38005205,3.28976513,2.80706332,3.09790268,5.75371523,9.66976282,10.5821663,28.6069077,69.4272181
0.630824481,2.7610875,5.30911082,8.68670013,15.8977678,18.1631458,20.3524699,31.5257922,50.3496133,2.6021848
0.146149498,0.949126018,2.5455568,5.00330334,6.0434043,11.8546409,22.7576258,42.1109779,80.8271074,0.119355905
0.284158096,0.741043073,2.625543,4.85252957,9.83131197,8.63980554,12.5920712,3.45784521,28.5814243,68.5901563
0.250427536,1.20344678,3.47122543,3.07902278,6.91277063,6.58806739,18.7776776,23.535394,31.1533983,35.7305405
0.260989814,1.34996876,3.67733523,7.27364788,7.40438642,18.8723055,11.9398661,32.0151609,75.1626509,12.8362739
0.423220355,1.69497011,2.97291494,4.14535853,4.59050533,13.1038342,19.4384143,36.8830011,0.0861813081,97.96634
0.494759086,1.53464279,2.90374005,7.79872189,13.2701774,12.1391353,12.0975757,36.0887952,68.5988531,9.12352305
0.417537392,2.00018384,3.35319048,5.42786102,8.732736,16.181387,14.9048564,7.59146346,49.2657975,43.1837407
0.453336213,1.91708213,5.23385271,8.83161831,16.1252496,31.1488738,38.3043943,41.8564576,39.3077688,1.92332466
0.414610436,1.90836816,4.98112966,6.04244935,12.502852,15.2864858,12.9104131,30.4189783,68.1724259,9.43085827
0.30330689,1.54873374,4.08616007,8.0006268,15.2179991,25.0067811,28.948725,34.2642857,27.3262433,34.3987268
0.534696209,1.70807385,3.34784804,5.03717038,10.6663988,18.9837522,35.8157138,27.0259812,15.6154395,36.6368141
0.521974738,1.66950174,5.20293564,7.70998853,9.70488757,10.1172781,13.7332846,21.2114135,4.00777566,70.4052304
0.532790646,2.26178603,4.18833857,6.59230337,14.2601257,16.0858127,37.0670531,29.4947926,49.4450365,0.292826106
0.56976329,1.92393992,4.02266921,9.54363543,10.7196519,12.6369977,17.9260458,6.5313063,38.4300764,56.8539742
0.479772616,1.49972625,2.68472992,5.07755442,9.81633809,16.6587537,22.8163866,33.5054144,42.2804967,16.2358077
0.312408502,0.98979824,2.70392884,6.21423929,4.86662609,13.711323,22.0385163,23.0761742,9.23935351,68.3868841
0.470143145,2.2921618,4.27146827,10.4156744,11.2899975,19.4900918,19.334499,12.611771,22.4670646,52.5617198
0.272469838,0.802771343,1.87309236,5.05677298,9.10444445,16.8992285,27.8060391,11.6603438,5.35018835,84.5765067
0.45886279,1.39335077,2.98966009,5.81263037,5.9090556,12.2476261,10.573208,5.23745195,46.4909957,68.4189613
0.474323646,2.07377019,5.58533023,10.7318786,19.5080424,21.7404619,29.2903868,29.8541375,39.0132394,15.3102232
0.255599008,0.960679643,3.2955183,6.49373988,8.72255252,15.19722,28.9573647,17.3201938,45.2918925,35.0066852
0.381413134,1.80548715,4.86940858,9.51864694,11.602658,13.2146332,14.798593,43.8526849,52.0764945,6.61654995
0.363438669,1.02373565,3.69432061,7.53449141,7.71557463,7.71691914,2.91963659,25.242329,15.3000251,96.1557025
0.174170532,1.12942404,2.87466262,1.92247879,6.11490724,10.5408302,10.7465071,18.5736195,35.371969,51.757185
0.379112341,1.10398074,3.64723816,6.17676375,5.34129415,16.0268554,7.37843457,11.9240395,15.1503353,74.13479
0.445853531,1.72464289,5.23036272,9.45388746,10.682523,19.8599151,39.189289,29.1088932,48.5147439,1.00023778
0.458358464,1.55901337,4.85545812,6.13085416,11.1597348,11.4864778,8.07355457,17.9593135,38.0783082,38.8460328
0.22366919,0.812402159,2.22239806,5.39422421,7.33669911,10.2402447,2.54034463,22.6174857,19.5853788,72.6822016
0.432521198,1.47582443,2.79524919,7.32718946,7.54969291,16.7140489,19.0154886,47.7751784,43.540397,9.86540887
0.166834043,0.586274342,2.18851202,4.03656967,7.94313544,10.0742323,22.3858818,0.76676447,31.0994806,97.2698254
0.387230021,1.80237713,4.57323638,6.92545636,8.04913908,21.0055821,12.4477369,30.7439324,19.3742386,38.0153892
0.468226855,1.98394496,3.66951729,7.51718101,14.6650236,14.8644533,26.930417,44.9352028,41.6991849,1.36834578
0.450281987,2.18001426,5.24459859,6.88180189,10.0696575,10.0009964,25.8012679,18.9258197,0.914457683,99.5303394
0.396143721,1.61109583,4.7963132,7.96651324,16.8151903,16.0485754,24.9364543,29.5507338,15.1811404,37.237591
0.323222568,1.7085146,4.34392471,5.69815356,6.74871137,17.7229573,26.9170053,12.920559,3.33819502,98.8775573
0.387597879,1.43125829,3.70767253,8.41144761,8.43189292,17.1838012,25.7050344,57.2986943,31.0453397,27.0527964
0.62792662,2.25521394,4.97839295,8.83339062,13.8275476,17.3682364,20.0527146,54.7847593,26.8418461,34.5840449
0.423336729,1.39767395,4.61270728,6.65050438,8.03758524,20.9213218,26.7134949,17.4817303,16.166287,51.8364111
0.315747979,1.69868886,2.3799367,4.24568619,9.67982991,17.6670894,12.1375059,27.0859314,72.1208816,23.8596154
0.579396703,1.99344534,3.92544092,6.07799183,11.1489179,16.8553932,23.3472685,15.4447702,10.4879235,68.3697165
0.589113789,1.97901199,5.66785042,11.7010143,14.6228568,19.6850079,43.0356735,39.3058793,39.1284852,2.93227413
0.269157706,1.32657145,2.66031537,6.6876235,12.0604628,20.6546649,36.7747719,24.8092632,50.1617886,8.81247813
0.435305713,1.32425025,2.93428339,3.60117462,8.97686587,6.79389966,21.6490373,26.4414855,60.3732146,31.9862006
0.380988296,1.96538083,4.38758,9.52471754,11.7927131,16.1624668,15.3497458,46.5675822,13.8590198,41.878128
0.314682292,1.64351504,4.2548396,4.31934117,5.31569671,3.17304889,3.61164319,14.1579474,38.7971102,95.5294231
0.357917337,1.06722507,1.70614362,5.6283607,5.63541662,12.3433853,17.7602677,29.3780746,72.4166266,18.5193897
0.404033703,1.35348501,3.72518521,5.33410855,9.90185016,16.0462038,19.4495688,22.0758721,0.198351259,99.9489643
0.31387148,1.09087863,3.01214534,3.47781521,3.19255206,7.33123048,5.72476416,23.7167247,48.02332,63.6296024
0.43586042,1.45495786,2.96765041,3.60143915,7.27574978,7.38198735,12.955869,12.6435208,38.4032323,52.3452643
0.466919578,1.46031755,2.90904048,4.32551356,10.7210549,19.0255772,10.1536548,36.9882446,1.78824309,75.1287513
0.268557072,1.35344728,3.76750192,7.65610555,7.34847396,11.8576731,18.3242774,11.1859725,8.5259046,70.1418516
0.343347891,1.74037711,4.14399282,5.40595056,12.9565965,21.6911549,21.5695411,56.7839762,32.8481893,22.2216681
0.472174719,2.23607495,3.96607012,5.76072737,6.38579533,12.3866559,26.1122011,7.36519926,45.5031589,44.1799855
0.516690333,2.47226243,6.21952396,8.34794775,11.3038979,12.9655274,11.7533142,21.6462689,16.3922247,60.1590327
0.320167122,1.0742114,3.1155284,3.11624619,9.78313074,15.9174869,6.15411732,20.8087466,31.4240718,54.7742887
0.390761292,1.92469661,2.93329527,4.00454232,5.20254071,13.2211328,19.5361582,40.4625952,34.0555325,35.0830996
0.354129764,0.977359415,1.44168928,4.88870506,5.74360715,1.99919815,4.8710382,16.3324782,39.470335,99.1559857
0.30787512,1.0159968,3.55927342,5.64349759,12.4492321,13.3947335,31.2972515,34.2202401,48.6053022,2.05558695
0.568780396,1.83381498,4.46043225,7.09786316,11.8323971,25.8281832,31.7037641,29.4388846,41.2798465,11.3553148
0.412164799,1.24687043,3.35242129,5.73503501,7.87307563,19.2853805,33.6898757,40.5025935,41.4546605,4.97208483
0.273443047,0.718685469,2.28415312,4.18917204,9.56435303,16.1896504,21.3521084,5.16553586,50.2866806,59.6543213
0.220918589,1.23988216,1.10592922,3.65274648,3.45539849,11.2505256,18.9096281,33.5014546,27.9414726,41.3465499
0.246461074,1.13067313,3.328022,6.03889041,11.2896166,14.8579094,32.5897834,33.4065616,14.775231,37.9892731
0.40274217,1.17305634,4.0823426,4.86593316,4.6379819,14.6387195,23.7125805,34.9694588,51.6572312,16.72147
0.582831983,1.99239007,3.944168,9.798005,17.3982912,18.347122,25.3104108,36.6177815,36.1246963,16.5709219
0.486857211,1.62341608,3.00073788,7.52550449,14.307554,16.1891119,27.3100315,18.8936698,0.286854137,98.0077594
0.292277226,1.52887961,3.06305911,3.47297736,8.9410086,3.45999197,16.9711116,12.3296399,17.9223798,69.6553811
0.662405583,2.25021024,4.76040082,7.50579574,10.5619716,12.2217898,32.4013832,16.8521122,2.7966382,69.6383491
0.382229856,1.87535,3.15448586,5.19664972,6.02658061,12.1223495,7.63073069,32.9362317,20.747001,58.7550045
0.392252578,1.93929672,2.94770178,8.01958313,12.5032081,24.5405089,23.6514661,20.4484962,13.6779096,52.0599962
0.531937497,1.96796435,4.38599752,7.25432436,10.8933098,25.0753486,18.9905601,52.3211517,26.8083229,34.736554
0.159678476,0.525161036,0.810247883,2.20311424,4.77475647,6.95292053,15.4100858,6.02272828,38.9668875,83.7828244
0.278073702,0.77905791,3.02868121,6.1926406,11.0909775,12.0950024,14.0564991,36.7480328,50.14322,24.5297204
0.404117077,1.30164415,3.73511812,8.20328885,8.4755302,9.39116477,16.6034969,10.1620237,8.15614025,96.9338415
0.448246429,2.18195419,3.94775316,7.37818134,16.7247596,17.110167,17.608024,23.4748667,77.0207195,3.45805701
0.417575227,1.6708419,4.24227626,6.15845947,11.3615856,24.3748639,25.4519002,20.4366928,0.767233045,79.489209
0.357726594,1.34615952,3.99263397,8.32720874,14.9459188,17.086216,19.9893275,16.5351611,17.0424853,53.2249064
0.442224959,1.99038442,3.27554529,4.91363466,5.63806603,3.28783983,14.9900195,25.0220049,10.672645,69.7434995
0.37192406,1.92244098,2.77961633,4.52382049,11.4981707,9.49864555,16.9769932,36.6823818,0.00599178584,99.5271384
0.286351229,1.51155705,3.62708757,7.84916379,9.77226288,12.8130631,17.6885117,31.7075376,33.4646275,35.0029558
0.511988267,2.41819977,4.13394068,7.26552412,9.03987967,20.8065921,14.0106063,21.7951936,67.4514231,25.065107
0.483683578,1.56594295,4.76320408,5.68547446,14.0806693,10.9520379,9.54936727,6.30843042,16.5696014,99.9741812
0.327195563,1.26585132,2.25121637,4.02543299,10.1123954,10.6979796,26.6966939,28.8493541,72.5517292,1.65508791
0.261944837,0.912580425,2.51358352,2.75930867,6.27999669,14.2561385,23.6421533,28.8962118,46.5768362,32.9371203
0.323476207,1.42484276,4.16480642,4.11565605,7.42593317,13.3275974,28.1133369,16.8509625,14.8266272,61.9592874
0.487446112,1.60974093,4.42415829,10.0470561,11.6441488,23.0983471,21.4835219,17.3498727,42.8728604,35.0780644
0.441734233,1.35206309,4.52524218,6.47619642,7.85376468,13.6914657,13.3214329,13.2233064,24.9043359,56.8931745
0.24339652,0.880248968,2.33828019,5.08852269,10.0495727,5.00425392,7.52583018,26.3365877,9.87625883,95.0861155
0.477242979,2.28412351,3.69692584,9.74115175,10.8064738,24.8624275,20.40886,51.6767118,38.7065673,7.24240401
0.18169174,1.15293875,2.69947427,5.21161184,10.5301122,11.2189414,20.6990988,43.5385277,7.11537422,67.800346
0.472432168,2.31061301,3.65886873,5.43563593,6.63728298,16.240687,8.03232097,32.5085559,2.7589113,96.1921423
0.443104299,2.12081753,5.23954661,6.81002563,9.41306407,19.9911483,14.5563637,6.47519901,50.6872677,49.311943
0.327722997,0.928707499,1.76286167,5.03645692,3.92477378,11.6152881,15.6556375,15.8145993,30.6741896,50.9017529
0.354464136,1.38075687,4.2926659,6.08173538,13.2216341,17.3392212,18.1696135,16.0561276,65.1243912,32.2600006
0.556935801,1.80873163,5.33188052,7.23385056,9.56037774,23.5585769,34.0261693,43.4265448,33.6144154,18.550411
0.419031852,2.10709319,4.26680043,6.28245342,13.9082099,18.5594459,16.8005946,8.96254726,25.9950956,61.872271
0.467342621,2.19544282,5.80539797,7.29961449,12.1064823,14.9234936,19.2434636,14.1307401,28.5538932,35.9022199
0.608841051,2.03148651,4.83997281,10.7813244,14.1010609,17.1727977,17.5567991,9.37158267,7.86004908,82.6828217
0.51847733,1.82754447,3.84865699,5.59965487,6.07337832,10.1342492,16.250878,40.2769271,8.15686987,67.9553341
0.342874374,0.930059178,3.18852444,6.17633984,6.95400715,4.58976501,17.8748354,4.14243357,24.7269192,95.885784
0.330041651,1.74523452,2.46977577,5.80222858,7.32111623,18.4277919,19.0058502,25.5714531,48.2502627,27.0114529
0.430443716,1.63030489,3.59656339,5.09905743,13.2398976,22.8649227,15.7622732,23.5408703,76.3734473,9.77269248
0.454711565,1.42898264,2.60810753,7.15011934,5.42388957,10.0404943,0.972666934,15.3069757,39.4538621,73.1885659
0.309630661,0.812808279,2.29385978,5.9199773,8.43951763,17.0828242,28.2099716,35.3736694,39.964109,19.619884
0.545674055,1.87896899,5.59677584,10.290828,12.9174703,19.3473579,22.7674255,31.638775,41.4656649,12.8859404
0.303611621,1.36070423,3.56786521,7.33756048,13.6344502,14.389199,34.718761,49.6411397,33.2456118,19.869788
0.556800891,1.8413278,3.5415692,5.17842791,6.55867981,6.2740175,0.455606617,18.6314363,40.8411267,85.9728183
0.370312541,1.23017324,4.15567132,7.90227278,7.74180294,19.9272249,20.9615276,15.990148,48.9658434,35.0860239
0.330510467,0.935393628,1.60764946,4.68031806,8.69479536,12.0306408,21.4221881,32.0414824,0.384760742,86.2119309
0.276227725,1.50960097,3.57318615,3.37912087,9.57325376,17.6513921,18.1691637,33.6557994,52.756981,12.1648111
0.322855834,1.61733573,3.0280363,3.42859771,3.27848359,10.1028505,7.19364387,5.16252159,38.6414765,97.463951
0.309155774,0.896512388,2.67707008,6.55033015,8.56406674,6.03839238,8.76006499,26.1316563,38.2470688,38.6855305
0.352848215,1.01128821,3.52048743,7.33173175,9.0056533,10.0366134,16.4131841,27.8079805,73.2879678,14.2706681
0.384265653,1.91034203,2.82796423,4.26688314,5.74008452,13.2580288,8.38436995,18.0144411,10.0010608,70.2123618
0.285054146,1.56946003,2.12921829,6.20456816,11.2159044,16.2837504,26.8364911,44.5353222,39.1665261,9.75339807
0.32633648,1.59481311,3.00465085,7.32536921,14.3122077,21.5504218,21.6534908,19.7652744,61.7784081,15.5040084
0.419240273,1.23584103,2.66177401,7.16124961,13.0494141,10.6245897,16.1719997,24.031138,17.0492319,49.1773368
0.518344244,2.47686846,4.50050722,6.87417625,8.37318867,12.8629929,8.23729445,11.226607,47.1777543,49.944102
0.658427251,2.26638048,4.823647,8.0206354,10.7876884,24.8323242,22.5766668,17.724122,0.679252988,95.0489245
0.34441002,1.05852273,3.53504732,3.38797193,7.41338926,15.5289275,20.0181743,20.1378086,68.6074478,28.7374664
0.630643503,2.18842912,5.98098263,12.9698633,16.212705,22.9851519,29.5766538,33.9407815,44.3549449,0.0124568273
0.106792013,0.810920894,1.90845066,2.85420318,0.608957077,6.53665417,9.64946719,22.2744299,33.632941,73.9870546
0.572438762,2.31581027,4.82104834,11.7170497,13.6153771,20.491408,23.1516382,60.2607674,38.494383,3.86270539
0.317908847,1.40792963,4.13608804,8.29853863,9.55502558,22.394633,15.5977177,11.8379984,29.6282873,43.8508418
0.363917389,1.40003487,4.3293765,6.337987,13.7277793,13.7660172,34.8360557,19.0494206,48.4706933,30.0274623
0.356924694,1.13186898,3.01132536,3.86191189,10.6455365,9.45969857,14.2263965,9.92617981,53.8221246,40.8792216
0.356261566,1.42122794,2.78941874,4.97908146,12.3722586,8.00007341,11.8319673,35.6827063,2.63146863,75.7421095
0.266900062,1.44074995,2.07545287,5.10175528,10.6694081,6.42831229,17.5663199,31.1038314,48.8803512,34.8322079
0.320541634,1.04543733,3.59281903,7.11111818,6.1874492,3.94213954,16.7488673,30.7441389,23.9350696,55.3186108
0.317688222,1.55070874,3.69241645,4.32590637,4.93835779,1.58225885,14.5291296,13.6034853,22.6510192,99.8893096
0.394730569,2.00694979,4.91556323,7.40523692,11.3054554,20.7595762,25.1615061,25.0691296,47.2246491,13.7989794
0.47372699,2.29204834,4.52012239,10.2317143,12.01341,17.5823032,22.5906601,17.8952449,67.9887596,19.2715911
0.495525372,1.56943443,3.09746241,8.52944578,11.7593811,12.7981876,23.2607885,11.6956503,20.0429807,61.9744814
0.412400586,2.01709546,3.52564714,5.95944554,10.8798731,16.8069438,25.3863493,17.6861883,72.2249536,19.2379716
0.317410335,1.56491596,3.52170946,4.10907305,11.1806882,19.7091195,14.8908693,29.1206441,39.4260391,34.2622292
0.319037897,1.6160399,2.15027786,2.88189493,8.69551976,7.19169308,5.0387528,16.332869,20.2700697,69.9427201
0.459260284,1.42151171,4.67551395,8.00604014,10.5568783,10.8502144,10.5855589,37.7081237,71.4470801,20.8963504
0.494846861,1.60552543,3.77140686,7.78265314,15.6734613,14.4807188,35.6946107,22.7779803,6.91972738,68.2091137
0.356488441,1.55374994,4.54729018,5.75744153,7.33127706,16.4307327,29.1324765,15.2563223,67.5321031,32.1065903
0.3821684,1.15029954,4.0165003,4.07518594,6.18713467,14.2568702,3.42412716,7.53125086,35.5756536,82.5049419
0.708258407,2.43936442,5.20320231,8.65734425,12.4937007,14.5823738,15.1764998,46.9030435,12.130063,49.3006242
0.32824701,1.66749042,4.27642137,4.71322696,8.95823467,14.3268228,16.5546176,6.68441372,11.5157426,95.968995
0.476343774,1.46318077,4.74362256,6.20026837,10.0605039,12.5033137,22.2051574,38.5518176,13.9156918,41.1299379
0.289773787,0.733959406,1.50779488,4.59597826,4.96679191,3.00595085,15.585147,24.4411468,31.240783,65.0283891
0.491540937,1.53506892,2.94246542,7.77591011,7.31870722,10.9871952,28.2091811,7.4218696,36.1264838,53.9467684
0.561582795,2.66579219,4.82207354,7.75324136,11.2447985,22.4870352,27.8362257,24.3064691,40.7030606,25.6260883
0.374126892,1.90038999,2.97728211,4.18129317,11.4498115,6.64396921,19.434191,17.64434,32.9378097,36.0594697
0.482539834,1.56934044,2.94250671,7.6229355,11.9561995,23.5833522,17.9283143,9.86591437,27.0854171,55.3710374
0.361588853,1.78874146,2.76054994,5.94237942,12.1935559,13.4079206,9.50194026,13.190662,8.26672882,95.2642675
0.214008774,1.1925036,3.16278781,6.46556763,7.79659999,14.1741181,16.4121736,44.6679704,61.1561998,0.897927321
0.338071213,0.948446381,1.60982987,3.43189783,4.43121773,11.6301417,1.35241692,19.8429207,26.3420862,99.9256405
0.38029032,1.91804032,2.93490109,7.28964614,9.24572033,21.3445875,21.2273379,37.5361166,15.7979632,35.1293161
0.424769757,1.35170056,2.30923797,3.56341256,9.03431882,9.26887834,10.8045599,1.27470572,40.3542596,92.4479892
0.367679211,1.29382005,3.13301657,6.96494281,14.0175331,16.0872919,17.4201863,39.368139,49.533558,3.39685154
0.340131889,0.918638159,2.8838872,5.87261238,11.567032,6.69812758,6.13481578,17.1503871,50.6188591,53.9952398
0.64873375,2.24257856,4.73136438,7.59982391,9.6693474,15.0717468,12.44358,1.0970103,27.8106819,98.799468
0.376625878,1.18396597,3.96386411,3.93044933,4.71570516,13.3615567,5.26767517,25.4801477,9.40460969,97.0370322
0.291332283,1.47384778,3.87237175,6.31762764,6.39237738,16.9836833,30.2225044,21.9653073,76.5780979,5.2610017
0.499998503,2.34807369,3.92637102,6.21701364,10.3170781,15.1104298,12.5475252,24.4095166,46.3422171,34.8948034
0.309806166,1.21394297,3.16985178,7.11196559,5.91687693,16.0620691,28.7990533,9.23093078,27.6061362,57.6786505
0.348181532,1.74989182,4.00848484,5.60435927,9.53887233,9.00400784,17.7902699,34.0176064,55.9365903,15.6433444
0.660901365,2.97805283,7.53117702,11.2543478,17.0002617,22.9201283,28.3157792,42.3666831,38.9217992,3.32587175
0.331757569,1.16760981,3.7919634,5.75277573,10.9486702,9.17255661,3.61338513,27.0376414,14.3025255,72.1586665
0.541955116,2.47540418,4.52054709,7.28600872,9.70990385,9.89348006,12.4782968,31.3299309,72.2901119,20.3269532
0.385251789,1.97982173,3.83272523,9.0788112,15.2687228,22.4945284,23.2080415,27.4647908,53.028434,1.59873734
0.431462955,2.12531447,3.41702359,9.12185779,15.6777054,17.9995403,17.5508648,33.5058575,14.3293319,40.9115869
0.376099763,1.13321439,3.2375174,7.4212331,12.4394344,9.78004904,22.0345049,6.01176378,45.8667784,54.1326655
0.518022347,2.48636915,4.17881853,9.79678823,12.2779455,27.9593219,24.1821119,21.3888883,14.6734825,46.2374765
0.669825257,2.3790709,6.03811898,10.3044461,17.4246678,28.1583431,32.794096,36.13913,28.528275,32.5077625
0.443352506,1.50333528,2.65830289,5.56654863,5.09630768,3.49544977,11.1563927,28.1083643,49.6427946,40.7190647
0.389608978,1.95379642,4.79570618,5.70993639,13.8315387,18.2817413,15.2572476,23.22967,0.840380081,84.726873
0.435304584,1.83498751,5.046814,9.98945643,11.7102653,13.0795832,11.5551949,4.80446668,18.777971,76.4661855
0.324576708,1.0472188,2.18563984,3.26268276,6.09481977,12.109324,23.7311397,10.4945969,7.76237193,99.1409083
0.427664263,1.27105069,4.05882398,6.21056547,12.4738116,10.5859699,18.9590979,16.411471,4.28989203,70.4676699
0.306204803,1.19973,2.93907645,5.76179979,10.5786697,21.0311371,13.3612069,41.953174,9.72854605,61.8626188
0.389141724,1.85427979,2.88617365,8.10196526,6.73518851,16.8470029,17.934848,8.44492174,8.68417566,96.5716304
0.331856317,0.898916996,2.60730134,1.99838518,7.52831059,7.68993478,7.64852951,7.94581204,26.0763816,92.8934406
0.573128383,1.93557683,3.96398214,7.62072265,14.2162765,15.1904764,28.6862648,25.9699718,16.6376159,35.2119889
0.390064566,1.98558647,2.8489176,4.14975149,10.206954,9.67140522,12.381837,1.68398121,35.6763242,69.1617627
0.357725865,1.59227406,2.48812276,7.14091329,5.75307431,16.2140978,6.52624142,24.0151908,38.5171683,37.3235317
0.25605526,1.35795624,3.65574461,4.69333778,10.1859203,8.27474374,25.1406082,22.4020791,0.974181477,99.478858
0.0926073742,0.763429663,1.26011604,3.55558592,5.9448272,7.07343301,17.4933983,24.5640211,32.9109821,46.055684
0.503913444,2.02465144,3.73415408,9.46214673,9.77278864,23.0516692,32.4368667,44.0248724,36.9711734,8.00456396
0.619615737,2.17770449,4.66018915,7.3191629,9.65409404,17.8391782,32.1901287,51.2200727,38.5340028,3.70645943
0.37076394,1.20807453,1.89661169,5.75378337,3.31758282,3.95441494,5.5372096,22.1538034,23.2221955,84.2986172
0.522662369,1.74826412,5.43292453,10.7735181,14.3844561,20.3384069,24.1844048,20.5116719,0.887800765,77.4206245
0.233476339,1.34573339,3.08968034,6.29576042,5.91085703,8.93160893,23.3060354,18.3142981,24.775818,43.3452094
0.447441986,1.38024978,2.4436138,3.56489326,7.13273021,16.4643623,17.3028853,1.37803884,26.218117,98.5814467
0.235379404,1.38321655,1.39839448,4.4793964,7.84931909,15.2974211,15.592758,8.9301137,31.5014613,62.3404646
0.391853906,1.95301588,4.43864652,5.6553894,7.11323178,9.07804132,9.72823247,17.4562325,6.96693362,99.9685021
0.379045664,1.6847751,2.7339727,7.70834052,8.25442792,19.3356895,25.8453369,26.258509,7.59215705,67.1151665
0.355894635,1.80983737,4.61736471,9.11222378,15.0287343,15.0364946,35.5629141,29.3051402,30.2390469,33.6683093
0.466536394,2.29748175,3.72537738,5.97342933,9.96426621,10.3839889,15.4140444,23.9968437,1.46246567,84.559848
0.338114863,0.918819885,1.88939326,4.47237388,6.49606513,15.6906216,26.94591,14.9375156,22.7651877,49.8821812
0.242253632,1.2356957,3.44216953,2.59050413,8.60139886,15.1330757,23.2851489,26.1244316,16.1098268,48.4741808
0.49961254,2.41376051,4.3569649,7.05370425,15.5103424,21.350457,31.7560622,37.4707678,37.3872159,8.96464082
0.28049064,1.54490043,3.75326283,7.90268226,6.90853246,16.4790046,8.07582691,30.581602,63.1055847,35.0652376
0.320845296,1.63948902,2.16304291,6.28982149,8.90350997,13.2670522,29.7784493,23.5277756,0.398761673,86.1820915
0.458173978,1.42382004,4.55318697,5.17124988,12.5058574,19.1304799,28.1808919,22.9239633,58.0787086,5.5889185
0.498189408,1.9057393,5.57422639,7.74630182,16.1229478,20.1444417,21.9930504,59.2682501,32.6877174,21.6641615
0.426671131,1.30500802,3.7982509,4.51033244,4.97595332,15.5365097,24.8322811,6.61976133,12.7563352,81.1636786
0.401066855,2.00567333,2.96619442,4.71549593,12.404532,10.6528914,16.2154927,18.6409982,67.1028168,34.2908649
0.512824038,1.75488751,3.55292488,5.359844,6.03336929,6.21645529,18.3716417,12.6768474,55.5535894,36.1016538
0.265595042,1.49435388,1.70918065,2.48575327,8.10750505,13.8411279,23.4711149,21.5681184,68.6964371,32.9295451
0.364906802,1.64844268,4.47680576,8.92418904,11.1915997,13.6918779,27.1954964,17.1581888,62.4403069,25.8535772
0.398307814,1.82236132,4.40826291,5.49238599,13.1874908,12.8187301,8.95126477,34.3749617,25.0672707,36.5124135
0.202903255,1.15431288,1.87237577,4.39615449,9.48248357,16.4688218,13.2262835,40.4295921,43.5554998,33.2570137
0.379304951,1.09430281,3.86893393,7.060783,9.4849255,15.6144084,11.6495776,39.6593946,19.5868613,36.0588853
0.355203215,1.6576886,2.44753025,4.56619449,11.0832104,8.56866845,25.9270961,23.5823001,15.7085443,52.8066177
0.547701785,1.80639127,3.73089573,5.54673169,7.15855657,15.6590001,15.4654028,3.23549467,19.832186,88.6683649
0.434435087,2.04692105,5.33812984,6.57152054,8.43208032,8.85182808,18.2798836,28.2196263,42.8339344,34.3615611
0.300327299,0.940121653,2.8490222,6.65193191,11.6186393,12.4364897,30.0482493,15.0032525,1.99601466,98.9677884
0.296777763,1.41849895,3.83864379,5.68706257,9.2335932,9.92473694,10.7305405,26.6092132,21.6698591,47.367958
0.495794607,2.40974931,4.11204471,10.3897061,11.6551282,12.8971015,33.6263376,22.0042204,48.0908587,22.7363528
0.381248037,1.73698709,3.43743175,8.44357931,8.89082208,20.2051904,37.3528184,25.120703,56.7869116,0.893320493
0.504334461,2.44583965,4.2140194,7.76577447,9.74575604,11.2020343,15.3256236,40.6193505,12.3391169,52.0597724
0.605810407,2.0149823,4.57360823,7.26210898,15.4227147,15.8109926,17.4463214,14.2550367,2.75272745,97.8520349
0.399478692,1.24609278,2.05149268,2.05404178,6.3188904,6.65074777,19.1666789,4.49363499,24.6799819,96.7662248
0.485993488,1.56828632,3.14117501,8.15568111,14.9927774,13.8576794,11.9257331,37.5263292,36.1933604,35.0829346
0.500709824,2.39387748,4.82116678,7.85979022,15.1782809,16.6300869,16.5540689,26.3106584,50.9496194,19.6114496
0.314909647,1.701657,2.11425887,5.36844613,11.1056486,13.3526285,27.673975,24.1011747,35.7591827,34.9676494
0.381778323,1.37839313,2.396372,2.76094504,6.57859275,14.472247,22.0592315,4.43290256,47.8421903,66.2101465
0.496496121,1.56361955,3.54807032,7.13882374,15.1042477,12.9516117,18.9604709,8.28497082,49.8515747,36.4400343
0.332465059,1.56250297,2.61669707,6.65076095,7.71106257,8.8985794,15.5925929,38.916153,10.4539713,64.4467564
0.4254637,1.29439179,4.179949,6.26530538,12.2982721,15.4902734,26.5623848,21.8181179,18.8597572,35.448407
0.427628222,2.11777055,3.77179995,5.35106868,11.6208983,12.3358454,24.3490633,12.4901304,22.1124648,54.3108301
0.41868952,2.08146228,3.41179828,6.22489329,7.14857026,9.95350285,8.85316818,31.9626352,65.8444511,35.0855042
0.427640183,1.35388771,3.80562684,4.66106728,12.4782928,11.8344267,15.8717008,32.3616322,79.6446718,0.764019443
0.316947466,0.877317173,1.48404989,5.08794594,9.04363287,7.92682447,22.9298181,5.26258053,36.1344919,68.3469176
0.506496059,1.72646158,5.31140715,6.51545098,7.7676936,19.2321571,12.0935831,30.3122457,0.337670923,99.5251634
0.313437997,0.858936379,1.27052788,4.72750342,7.39700046,7.67206666,5.60634686,7.42000942,38.8188177,71.9622131
0.437039808,1.31502175,4.43003492,5.8346501,11.6693044,22.6453671,21.7698914,56.9231812,42.2065733,0.270303229
0.547524474,1.76163138,4.43099767,9.74343495,11.4356511,13.6762939,12.8346562,28.7383173,53.6001357,25.8160341
0.236422563,1.37620297,2.26335007,5.7740077,11.2335283,18.9784751,19.4772226,25.3960664,78.9914509,1.1761399
0.257102819,1.22466776,3.57049875,6.75683327,12.9965584,18.3607865,23.9734784,46.7303996,25.3834288,35.0875094
0.629436667,2.29566633,5.14036327,8.22508779,18.5947877,18.6725,21.9445099,16.8040524,13.3201067,62.1159452
0.230625486,0.601634906,1.79268153,4.25533281,8.74071863,7.30144621,19.681133,12.9672817,10.3659986,74.3778357
0.276263765,1.03377813,2.75685985,6.69735297,9.65912999,14.2425173,30.8380383,19.9845724,62.3659114,16.4017988
0.374733864,1.06098975,2.03790547,3.73115813,9.72411756,12.647507,3.29981196,24.7589651,14.0305068,84.4237099
0.361729108,1.18581463,1.85222967,5.99569424,9.71910806,17.1380496,12.3398705,21.2969991,55.9125767,34.9920912
0.427042146,1.6336274,3.43908505,4.55500866,11.8108038,12.6667005,30.2234059,37.5193362,29.748322,33.8054315
0.373592935,1.38217557,4.26758668,5.31290735,5.27638134,11.1027674,3.20013198,23.8783514,35.1762721,66.8199669
0.411646089,1.87324056,5.18456625,7.11424616,10.8916304,24.8465377,32.6841121,34.2396924,26.7974049,34.6986672
0.406697868,1.35580137,4.30588193,6.6024278,7.08146574,9.50756814,20.6246986,44.7955229,58.8491901,2.67933469
0.481747304,1.52851133,2.95535622,7.92853702,7.53065021,9.24906537,10.2007047,19.5589443,22.1763762,61.0589651
0.497566623,1.58725553,3.36606005,4.41633052,9.1717947,19.460257,19.4424603,10.4598332,28.1614244,50.7487164
0.333708867,1.43443861,3.78530957,6.42081029,6.24849127,3.91507942,13.3625535,26.3087301,6.78863105,99.7392292
0.278777127,0.933531234,1.69554766,5.45494189,3.13609741,8.73931466,17.5491892,19.9859894,7.19593253,84.3094519
0.456661686,1.70019114,5.21213023,6.1250242,8.16358569,15.3307995,23.0326742,24.4095728,1.11800127,73.3664434
0.392230031,1.27951887,4.27307739,4.56211033,10.5402609,17.8167965,11.6293662,0.844690168,30.7514161,91.1093193
0.465328327,1.57215265,4.70112483,5.98082984,7.69644032,19.8906726,10.7213182,28.0053043,71.3186457,26.8506419
0.188277941,1.01791613,2.93079501,5.89693563,5.4592919,10.2023263,11.3891412,22.9336455,4.48271747,96.8355517
0.490741433,1.7371699,3.25729883,8.37667453,11.3369218,11.8075398,13.501258,0.508956745,31.7913934,98.2213417
0.442465026,1.3488061,3.79947014,6.1731952,7.91884395,14.7680775,14.366355,28.0348239,43.994029,33.4235413
0.575457606,1.90127395,3.80122178,5.76093013,10.6118772,20.7904902,15.3885092,40.4067836,42.8691633,17.8641995
0.110956691,0.518362925,1.02048074,2.47813488,4.77843229,6.23578848,14.9419831,23.6731868,11.7132809,96.8570598
0.856417054,3.04666985,6.69399423,11.3968532,16.9833641,23.973819,29.9274266,31.0694018,44.7227504,2.35670237
0.467899677,1.58029909,2.98190361,6.0262967,11.9608663,13.2737956,15.3850567,45.5046643,7.78942558,66.5939256
0.383435782,1.52951722,2.91294062,7.82462052,14.3231575,16.4944876,27.4705013,34.5339497,36.8562513,18.3656
0.266194808,1.39584278,2.70042013,5.3021365,10.9839481,20.1412977,11.9527452,0.0356036556,39.1519216,97.5923754
0.21635644,0.568729552,2.37959795,3.13585241,1.89262573,1.84794522,10.6147185,21.485664,34.7050176,95.3149158
0.354613693,1.84723848,2.49957981,2.94696998,7.53270039,13.4762429,10.2714166,7.80503311,15.4521004,97.1701755
0.412416254,2.08896917,3.46138509,4.77814344,12.3520547,8.80659263,3.25639962,22.9267714,13.9733433,94.0962955
0.298564446,1.4790619,1.89610255,5.50971501,5.40864303,5.67855548,19.2522386,29.5064642,2.9839021,98.7298024
0.528927259,1.71828369,5.46690393,7.18132266,11.6030201,20.799295,21.1479766,19.3238883,17.5352,43.2299676
0.452355464,2.22240207,5.67036666,7.62143469,11.1003656,15.60521,19.8121534,37.9519486,41.6718306,12.5195376
0.397650119,1.3698314,3.42930588,4.36861966,9.66958432,8.85981782,2.80518782,9.94326286,28.717834,99.9798471
0.330548059,1.25142999,3.92101711,4.30012022,4.34184522,10.8860883,17.3330219,36.1986628,73.4622369,18.5689019
0.393966559,1.33585297,4.40918406,4.73253974,5.52836845,15.6601838,14.8320785,31.3893134,13.7926724,56.0037198
0.453792634,2.19372782,5.65599181,7.08841697,15.5220315,23.677055,25.5502748,25.2261653,16.4105948,35.7750081
0.558182257,1.82097661,3.49419791,7.31096014,7.76489048,19.8701839,14.3470006,5.41805069,41.7461956,62.0114499
0.292838023,1.46031153,1.90990168,3.05973905,4.81313678,13.3306118,21.3407635,15.1341117,20.2761126,65.2354945
0.576055704,1.88875097,5.09511343,7.25994099,9.8042057,20.3533914,30.0847997,30.1298597,15.1907613,36.7131765
0.561721302,1.82863961,3.83254271,9.38889636,9.90096177,21.2090633,26.7306046,20.388114,0.714259274,80.4738114
0.626813757,2.06848405,4.17946817,6.52276596,7.82483973,10.686607,23.172284,7.32665634,32.8683157,59.3766629
0.241770506,1.39248101,1.89473866,4.58230257,3.39541839,5.04017977,14.6524365,18.8392878,51.7642685,45.5240038
0.451263556,2.17800987,3.65133052,5.45290125,13.415164,13.7500222,20.9855585,28.1859013,7.01376758,68.0377628
0.730734771,2.48868623,5.26036498,8.87210948,18.4619504,20.4711426,33.8891785,37.7798834,37.413378,7.96145927
0.29455871,1.60273947,1.87209431,6.05012357,3.21903897,9.28811887,14.6098019,26.7889934,26.1530542,47.619768
0.433027787,1.29511334,3.07708412,8.01000377,8.78063951,14.1947192,32.2214079,14.9342394,11.7980938,67.941895
0.467873454,2.29855188,3.64099339,5.11708112,8.77725474,20.4984525,31.1919676,19.555013,15.024349,49.5494407
0.571826844,1.84911777,4.14490667,5.98758657,8.26357432,20.2599362,12.617834,35.602887,65.1263527,6.21747125
0.507351468,1.59715496,5.02566953,6.28717619,15.1334664,24.7029896,24.2159628,30.4052587,36.4607535,23.4728116
0.496959494,1.56931191,3.50239193,4.76590324,10.6726378,8.1399342,15.6096193,36.8300278,41.4061018,34.6572971
0.455320726,2.26174592,3.68339331,5.33958394,11.3762429,9.47423042,26.2519478,27.8492869,15.6772157,42.6744857
0.33326692,1.49206709,2.32601489,6.9327529,9.74376699,9.51130491,25.113985,7.55365426,10.8094276,82.5411039
0.516365828,2.19723173,3.96864056,5.93119229,12.8946179,12.0056117,14.0728332,7.47365463,11.9070517,83.0274765
0.280320899,1.45964626,3.39184524,4.18610462,9.25198891,18.8863987,15.1341658,5.15602413,49.3462158,60.7991823
0.368485503,1.7715035,3.01541318,8.11789066,7.41293056,19.860998,26.6965188,27.8744345,48.1248084,11.2906954
0.265201905,0.904227112,3.17432285,2.10727254,5.31224384,11.9878275,14.5507772,30.1382774,3.06390379,91.4980048
0.691301483,2.51276147,5.24880673,8.52374472,11.9595172,14.5962032,24.1640047,20.3012296,74.3198474,6.54104342
0.432263807,1.31701461,3.00163858,6.0578872,6.22049005,13.9181287,14.2356578,35.9662226,77.2471376,5.18990905
0.281452202,1.35042107,2.29830044,6.58194983,6.52859755,5.46052448,14.8318165,13.8049052,36.6613627,53.7975311
0.418093278,1.23105798,2.60059409,2.97031536,3.82078559,3.34217891,6.25129813,12.7686344,39.4635756,78.4567048
0.431216593,2.10609557,3.76276122,8.46089987,15.2409643,15.3296539,37.7207234,26.2517487,13.3372747,44.1614454
0.445108781,2.18617419,3.59969882,9.46851916,12.12165,26.4878481,25.1287014,21.7987809,49.7217265,19.3198087
0.343150668,1.44362824,4.32439246,8.77656547,8.82107097,16.5570888,11.2201818,33.1931248,1.3820421,76.3346389
0.349841375,1.69184709,3.86548472,5.2272426,13.1668863,13.4202645,10.1362764,12.0838306,51.0202635,35.8605402
0.29066369,1.0894827,1.70471109,4.87937035,8.90639615,15.0208761,8.70347029,13.6910638,41.1206886,45.9857758
0.350465269,1.38235743,4.25290039,7.87038292,14.7310108,13.9135693,28.1331542,21.4678883,0.508874378,83.3988521
0.293566295,1.24632976,3.83158075,6.36915743,10.1657729,9.60828048,13.1358483,23.550188,55.379245,34.8148211
0.355648396,1.02980364,1.64285308,1.35163767,3.09106635,7.40054685,12.0193344,23.2379181,40.5368779,61.0213894
0.444013286,2.06745639,5.17070365,7.98165945,11.3624861,13.0893059,21.5612181,11.0752842,20.2960868,63.6249771
0.420825237,1.41910029,4.36813077,8.33489515,15.5354414,18.0036842,18.6191694,22.3121575,38.8476676,34.6182341
0.590092002,1.9984804,4.18583738,6.28971296,14.4299384,13.7937517,11.5382926,27.262006,60.809573,27.2721569
0.600354706,2.80988646,5.57926722,9.44635899,15.4536402,25.7759054,31.1956151,32.516012,42.832485,2.91883001
0.374972481,1.11236316,2.35213173,6.0342102,4.56231316,10.2281724,12.2095372,3.96561063,28.0561804,70.7001605
0.449630778,1.82999263,3.17429088,5.35829546,6.99091319,14.4010149,16.4208644,39.5235489,15.3495758,40.7270203
0.366268146,1.6924328,4.3578509,5.5013794,7.70705003,19.1242329,31.7698166,39.2187736,27.0580431,34.7313571
0.349337916,1.7790958,4.57842923,9.38744826,10.5455331,14.4959274,23.9833339,39.7531395,27.3480468,34.77243
0.675448969,2.27160278,4.74733101,7.88341899,10.997594,16.7010851,15.6925507,32.3213365,53.2145979,9.02187187
0.344338087,1.7668955,2.44361542,6.22841148,4.67343115,3.92023428,15.6876738,13.097788,16.9931538,71.470059
0.455252818,2.23227372,4.27810853,6.61551041,14.9362173,13.8333416,29.7980959,19.1207915,0.650768982,85.9959995
0.523165943,2.11752615,6.08865744,8.38224402,11.1714895,12.2978777,18.5006631,9.43237093,7.91171598,83.821046
0.35149077,1.52126624,2.41091112,5.89719569,4.34093623,10.407108,23.1502666,0.79624519,40.7177729,71.8132138
0.266436053,0.840361969,2.71035247,5.94535991,9.55684418,16.9272449,14.888859,11.0724489,27.4964975,55.5384512
0.3032104,1.53200147,4.13393276,8.2817609,7.84228648,19.7728683,11.2077449,18.7032068,18.3797204,61.4792036
0.39784192,1.87212316,5.07235202,7.55619311,9.08824435,8.60389431,22.4737689,28.027213,11.9778905,59.0605729
0.525442822,1.72590884,3.55403588,7.32515145,8.14331635,15.0213844,31.6898014,34.7279639,27.7021701,34.9191695
0.362366678,1.04368562,3.65277728,3.53237679,5.43298884,4.18384438,11.6576064,24.8085679,24.8321478,66.6650033
0.411012689,1.56886954,4.3912724,9.66737491,9.92384419,22.472289,16.8931899,8.40174032,24.1422783,66.3122164
0.434005518,2.12558024,3.49544193,4.82781707,12.5858914,9.82860593,16.6000677,37.1244839,67.0326037,2.30378852
0.639325307,2.20312307,5.30354912,12.4414882,15.1796187,19.6228186,22.7355462,23.5539743,34.3284216,34.6217903
0.239844185,1.33630356,1.38804085,4.82281021,7.0026789,13.4838983,16.7616,33.4322772,8.54766356,68.1422053
0.49573393,1.62534038,5.21567076,10.5463262,13.6566122,28.3719632,26.5887252,29.3536968,27.6885983,34.9852159
0.411379271,1.45013329,4.29199408,5.21287185,12.2854198,9.14483839,22.3227229,34.2171492,7.82391925,66.99696
0.486758127,1.58633259,3.3195695,4.83475705,4.58107438,14.7570242,16.3551369,21.7428655,2.98925496,82.2848124
0.305987957,1.38090681,3.90720553,6.483634,14.0411611,23.3127844,17.336322,12.6125943,3.92306579,94.5207245
0.432951004,1.36865613,3.69027281,5.00750304,11.2741559,14.7097007,18.0058515,25.1713579,60.9841109,12.054185
0.18827198,0.886227278,2.68380383,2.53246078,4.54277279,10.7463075,10.0967967,4.11830278,34.2318056,82.2003989
0.595019944,2.29930115,4.61992958,7.12038736,17.0867117,15.5737391,27.3857563,55.5285459,35.9218636,10.8297614
0.335016759,1.64791669,2.37911543,6.95664647,12.1928436,9.20243497,7.42153498,15.0770064,38.3880963,52.4711254
0.448983548,1.55550848,3.45828972,8.65971869,9.5148465,9.36179598,13.28458,18.5194542,31.7242254,35.6219095
0.394772708,1.66777806,2.76889411,7.53732267,6.66982781,12.0726829,28.4810916,8.18199901,55.9266895,35.8712527
0.442968298,2.1690541,3.6257725,5.83766123,10.6150553,10.7725716,24.5451208,42.7381121,37.3580884,21.9592564
0.493211745,1.7601906,3.53068127,8.42115129,9.05051079,21.777393,14.8153407,38.2145584,11.8259345,52.0424305
0.581742054,1.89367482,3.77734854,5.74872005,12.9103695,18.743712,23.1630471,54.9940966,40.7707645,1.46977593
0.50739248,2.38019748,4.21518973,6.53173267,8.90879542,11.1422258,16.6253274,22.8375329,13.2248106,61.5970642
0.35821562,1.11247456,2.27662847,6.06576712,6.78703161,8.29145478,6.2702647,11.2514363,17.4736643,99.3223563
0.161520514,1.02773546,2.42150176,3.11475789,8.57936941,6.31866132,7.87521379,27.32761,26.5760979,65.3653772
0.33627894,1.63624171,2.40532734,2.92449401,2.15806527,10.4982927,16.8276595,11.6867931,47.6306076,62.8752757
0.43604287,1.91348614,5.17751407,9.89930903,17.065621,19.8747808,24.2594522,42.8958639,39.4607245,4.41980257
0.286178641,0.900314821,1.07822762,4.27300458,7.69305881,10.5548293,21.9645789,26.398591,56.3868111,33.5096874
0.359390166,1.86636026,4.73041171,9.59948885,10.4885622,24.5000278,21.078861,15.5840487,66.152657,30.8648796
0.205147616,0.94981185,1.41874901,2.94995761,7.80479957,12.5239657,8.8791416,31.2342195,5.06415473,99.8162412
0.555841927,2.0024756,3.98413382,6.04784531,12.9506358,15.4632043,17.5109188,27.4665094,14.1982429,46.5171149
0.373397471,1.13196749,3.86830425,7.55037299,7.26186751,7.5181307,23.3989925,0.0296116234,39.7766404,96.4128721
0.391723213,1.30601605,4.09342885,4.37329362,5.03231961,7.4825647,14.7263496,1.12137179,40.3054372,96.1515547
0.490271367,1.6520814,5.24539611,7.38446117,9.91094763,9.85278592,26.8458941,21.6514167,73.704903,13.048856
0.277952331,1.45974906,3.82744423,7.59744893,14.2129128,11.1765857,23.3758786,44.849833,38.5300496,17.4757873
0.503082242,1.5833009,3.41230765,6.50052395,14.9597227,19.1409523,18.7985682,16.3932976,2.68504952,74.3312809
0.353986534,1.08555602,2.77918551,6.71720696,4.82685449,14.5304334,17.2161306,3.88171486,18.3016679,99.9402836
0.346058363,1.01761668,2.16342221,3.4948341,7.24556988,12.6745669,11.0755697,34.3631431,26.0791978,35.4638744
0.529280762,1.76763522,3.41604005,4.83321291,7.65394232,14.1628861,27.903945,17.0765556,57.9739042,31.3850231
0.594157098,2.262612,4.63881993,7.26851609,9.29685063,12.4737648,31.6820541,49.3346626,27.2518441,34.2909079
0.348536675,1.47313805,3.47220199,3.94916529,7.47495341,16.4051428,14.1107144,9.41759753,23.0513206,68.1098302
0.439978009,1.92847705,4.10752048,9.22739527,18.0147175,30.5427134,31.337527,33.6342159,26.6073383,34.7811567
0.373244013,1.34288403,3.9592752,7.96032734,8.26129391,10.0739383,16.9953105,3.42136637,43.7827296,68.419223
0.198165334,1.10833421,3.00709073,2.94391495,7.30476221,14.0229885,22.313404,10.3372026,41.3799185,38.3257412
0.271847737,1.51317859,2.81995545,6.08033977,12.852194,18.8539847,12.7352967,10.1664328,36.1008887,46.1600181
0.409932366,1.36140978,4.17979685,4.96591998,8.35889302,18.8542102,26.1599137,23.2775585,46.2393689,24.7041481
0.301318533,1.36373718,3.54648076,4.78458113,12.0252071,11.8900175,18.5628753,5.33909942,16.4396363,71.9437147
0.24652318,1.33290424,1.85033149,4.98209007,4.3518506,13.8467973,2.40462871,24.4372241,42.3972983,68.2745422
0.579197674,1.9011711,4.21024827,9.20575192,10.6919317,14.0199958,20.6903873,39.1912811,14.4143224,39.1721647
0.43371252,1.36421784,2.64036963,3.72575014,10.7827217,4.78597428,12.6522683,9.59135668,17.2573962,86.8654668
0.365859528,1.62408578,4.55909061,9.48582742,11.2167458,25.7958455,24.2475481,44.5160122,32.5557979,22.6443255
0.511707341,1.62302238,3.87575514,6.73250265,11.5205661,15.1615892,23.3841944,33.4227946,50.1198959,1.11275033
0.554866579,1.80058378,4.17005426,9.79472156,12.3152652,14.6541134,36.6907049,21.9856928,34.1032476,35.0414726
0.293375927,1.55451949,1.97890619,5.17623131,10.806818,11.7079317,12.8976565,13.5512401,8.69696676,70.7338985
0.535596066,1.72741031,3.25500849,8.79372852,8.44327441,16.4121783,23.3146105,21.9638462,72.7432426,4.14996979
0.302685123,1.1650507,3.76333909,3.43621925,2.2389795,9.89096369,17.924914,18.6279456,29.488566,59.7306488
0.266194443,1.04535087,2.53504826,2.38750296,8.45541378,6.78735155,7.88965261,13.6078338,48.3339216,65.6299997
0.48291463,1.62625902,4.27460792,9.99717733,14.0565077,16.9449481,17.0394814,23.0120393,19.6220934,36.5688012
0.31640492,1.57400585,3.39649367,8.20627781,7.63320335,17.849417,15.9286444,46.8812629,10.4439257,57.0322623
0.505806977,2.41035866,4.10830234,6.70921517,14.6083332,25.805897,27.9268272,26.0827706,9.25506862,61.898818
0.450944776,1.43916445,4.66142646,7.97498732,11.2413625,16.6419318,18.1056121,11.4109074,4.83996902,95.9948285
0.311051772,1.29742401,3.88782958,4.98789023,12.2428147,15.7427626,16.7142546,26.5923308,8.52351985,67.1620056
0.264075485,1.13903638,2.19386548,3.24272673,8.82762196,13.242454,17.2364399,42.5262475,54.0749732,15.001546
0.366103514,1.8804263,4.68052562,9.77217584,10.3049231,17.4877217,14.6586929,21.3478984,56.5222997,29.7429013
0.537024288,1.74259141,3.65116649,6.77912965,15.187526,15.7861991,31.3889768,25.0223498,40.160793,25.254259
0.537762972,2.44243628,4.36627356,7.15981693,8.9151615,18.4429095,13.2608736,38.2434994,33.8062581,35.0099729
0.240698385,0.662893163,2.61643479,1.68310196,2.07637217,7.21295323,13.7121428,14.3138976,21.6242712,80.7005974
0.537641447,1.86494381,3.59674916,5.11517334,6.16550363,11.1282406,20.2140097,31.6980501,79.9019938,1.74065299
0.449456315,2.2032491,3.43527903,4.74274206,6.80332561,5.52356057,20.3124393,30.660279,1.86591791,97.042608
0.223318827,1.25943096,1.31939699,4.18149454,5.58561011,1.84591007,14.644881,11.5948275,26.0326872,98.3341045
0.394314223,1.35467307,3.6051098,8.3315173,7.38306746,6.29800663,20.4005822,26.1490549,51.6005441,34.8940791
0.234770453,0.49980906,1.83618043,4.56281215,2.39006824,10.249923,17.9014565,3.94732625,35.0522381,85.011689
0.304718837,1.35674581,3.34388409,7.76057453,8.03657224,12.0035354,27.0733789,43.3572876,48.6277427,0.629580323
0.155480495,0.523516639,2.17812144,3.37254746,7.80814026,13.6224953,12.7356891,11.4594404,36.080883,59.3963399
0.597298936,2.16191339,4.73004214,7.18856391,17.1845686,21.3312236,26.0464754,26.7094562,29.8005351,34.8991787
0.265239626,0.720607332,2.41316502,5.53856956,6.89326298,16.0316078,12.8901403,33.2811059,14.3771262,56.6046047
0.258949019,1.25649439,3.51173725,5.34452263,5.04864338,15.4774117,14.8873272,39.1920315,55.8972668,21.2236215
0.370145781,1.06968371,3.72854494,5.61667058,5.33302962,15.0102448,25.9670439,26.3658346,0.341916868,88.7888005
0.329596836,0.882667665,3.3135889,3.54258845,6.63307478,8.98235857,18.8114101,5.34352352,18.0244108,78.9497612
0.31248874,1.26866899,1.89478859,4.40834143,6.41489884,14.7969323,21.9369065,45.5853597,38.5847741,28.5137862
0.195852923,1.21503682,1.30251483,4.46047525,7.30946659,9.89377912,8.74966214,30.1447954,36.4559194,36.1137538
0.381772289,1.09835617,2.37259684,6.30861445,4.84154413,8.92954152,8.381427,20.7029363,11.0447268,69.1230024
0.286917947,1.5070984,3.57990322,5.43376392,10.4738067,9.85951495,26.4141096,47.0454819,14.4527413,39.2201918
0.443073557,1.97655189,4.0244805,9.15528258,17.6876413,17.0104814,18.1159578,11.1743862,5.39402848,87.8254127
0.276206512,1.39792727,3.83123085,3.44235622,10.1192721,8.24861453,18.3065605,40.280917,37.7184089,35.0817382
0.348940433,1.78122225,2.77916331,6.89381935,13.4222534,19.2362261,16.587108,26.4195874,0.459537872,84.2923363
0.307743154,1.60979579,2.43018678,3.01080304,9.27632261,15.6439928,5.22682636,12.7231719,45.4859849,65.1456502
0.42429845,1.6800956,2.91450162,7.56445469,8.01359911,19.2081148,34.2438738,50.7542307,34.0324902,17.4159472
0.312198859,1.52806295,3.6001107,7.64817374,10.3796223,22.1560948,25.5875741,22.9369837,32.5993404,35.0874247
0.13514772,0.857946244,2.13501082,4.08410284,3.25378974,9.59798302,17.1425705,33.4144373,3.85026635,96.2674385
0.674930403,2.41508473,5.02168445,8.13675246,11.7798422,21.3496986,36.7453669,32.0938812,45.6212315,0.18671302
0.313386188,1.5866205,3.89788068,5.34470644,5.15770563,5.82748913,13.8607099,33.050462,30.8772344,36.5750169
0.360192523,1.05199719,3.71138739,4.70320653,11.2750743,6.55523213,22.7997682,17.7152749,28.9322229,40.210873
0.328018071,1.05342589,2.12192766,3.28995568,8.31819193,13.8733088,24.8434113,43.640126,8.77999247,63.7055849
0.465921037,1.45450499,3.5776108,5.51349165,9.64945965,10.8011005,29.5557429,26.3335764,69.8079758,0.463229594
0.442627461,2.19729676,3.6594873,6.77698451,7.69772243,6.33857153,20.7782083,13.0191492,23.7465102,64.2060535
0.490859452,2.23147494,3.96688843,5.9065727,8.39131152,11.9188215,12.8469796,0.121248206,37.3112775,97.6189089
0.595156065,1.97030393,5.61360832,8.78659919,14.7133206,18.2049746,19.1280833,32.5229952,31.5622774,33.8340932
0.534348373,2.45576957,4.86549539,9.19880441,19.4183887,20.5292991,23.786108,42.7949973,28.3314595,32.8370231
0.293841707,1.22353965,3.21336724,7.53506834,6.77725443,17.4633113,13.2711561,21.6608314,3.02606498,75.0056661
0.390527777,1.91211453,3.63078137,8.74084651,8.64506171,8.51491435,12.5158848,37.0479378,47.231677,34.4356513
0.39790016,1.94172766,5.08540595,6.0200726,14.7078214,12.8074991,28.6915632,47.8228751,31.1489917,27.468077
0.401223692,1.96654975,4.05173445,8.24662,9.02301807,16.0468303,13.6731265,33.2096539,80.0647399,0.245361762
0.587881424,1.9911461,4.21063418,10.6793124,19.1441944,20.2009445,23.6737862,23.2491205,39.1118135,30.7749487
0.398446119,1.95326494,4.87627865,5.85924686,7.79530413,17.070583,26.5659923,36.6687444,38.6238394,16.7857923
0.467144415,2.17622985,4.9083433,9.56511138,19.2713578,21.1165922,27.7296824,28.0463288,14.1024148,40.3927684
0.301260401,0.827227804,2.38967525,5.78845989,11.1049262,14.3265808,24.2640476,19.307576,13.3912732,60.1658826
0.372348961,1.09463283,2.72601112,2.81295054,4.54495135,12.0508659,1.32634404,21.0413326,30.8478204,69.3129022
0.390133466,1.27450553,4.12252602,4.44000909,8.22996895,10.7385337,27.6031302,31.6087569,12.5765602,50.8512468
0.531308986,1.68089988,4.24875567,7.06697757,9.51936482,9.35094124,21.9847456,10.3146384,7.51213997,82.2479969
0.216352633,0.549926855,2.15872251,3.70738486,8.36144539,2.51840083,13.7399052,7.75426623,30.0019523,92.6637453
0.348877715,1.80264798,2.4915694,4.46975989,7.78653091,10.5699463,25.8520619,43.5480075,46.5281328,12.2155182
0.429444026,2.05391237,3.28164939,8.94293052,12.8950884,15.0662053,35.9688842,58.4419094,40.4945431,0.00726627531
0.316267144,1.64544049,2.27102189,2.50882867,7.22829334,9.52577568,9.2444792,26.3807596,29.8885397,46.9353579
0.514940467,1.95493058,5.76551995,7.74248885,12.5196825,14.2046137,12.8087354,32.2354651,0.250821102,91.6415109
0.272743933,1.47727764,3.22945164,7.10074138,7.76583239,17.6194036,11.7250751,37.3437595,0.263136646,93.486232
0.443791282,1.39132789,3.34652577,4.32010701,10.249561,11.392261,28.3852109,24.0055206,0.587322311,82.949613
0.497241607,1.61688442,4.89186948,6.1835407,7.17399774,9.01311743,18.2655897,36.7252903,0.112278828,94.3627674
0.246390002,1.39832844,3.32027169,6.31536675,12.5688859,11.6188187,17.1176498,4.97984905,36.1460195,67.0127742
0.413381205,2.07942836,3.71769602,9.49509509,9.43090314,20.0060584,16.2670168,23.3126588,20.7564102,35.3634357
0.354218947,1.02051565,2.63215212,5.21431599,11.6215453,9.61224164,27.3779938,21.0727502,54.0635104,30.3511134
0.440088287,1.32708125,2.38940159,5.48924454,5.39972224,14.2726802,24.4461976,35.9822771,6.93414252,68.0860389
0.368531313,1.17114144,3.59550962,6.34871354,7.80307527,7.52854464,24.3957585,36.5414369,76.8463688,1.44637191
0.404065572,1.72844472,4.69686997,9.74538423,10.5078521,12.4072691,18.8859268,24.8886,38.3377489,34.7602243
0.30646682,0.790232153,2.95003842,4.43555203,7.89722169,16.971984,24.7580043,35.6210822,53.1175402,2.68297887
0.303915509,1.54023523,2.04573335,2.50357945,2.81799396,4.21740655,14.1682028,22.2435192,15.2667953,80.1494091
0.449170623,1.64237039,3.09994716,8.35111688,15.3669786,20.303772,25.6905276,59.912397,38.9835914,2.56499346
0.458560608,1.58046396,4.97055873,6.18682427,10.8785409,19.3283891,32.2715325,50.2208837,38.247425,4.23863183
0.503552787,2.23283092,5.45610752,7.71705928,10.9491966,19.3160852,17.3225104,34.973591,9.6692606,60.2241567
0.463338779,2.25504751,4.24348071,6.35207937,13.5947489,25.6016629,20.8578941,51.4418351,37.2594595,9.88190674
0.792865763,2.758548,6.00391345,10.2772681,14.5295928,18.493231,23.3010691,43.2291694,29.7413874,30.4310218
0.445064331,1.47844711,4.45276854,5.49582491,9.64976475,8.21598281,17.4400588,7.80382203,50.3422538,47.4779909
0.390112319,1.16209886,3.77798503,7.84532796,11.2907436,15.0800738,21.0139712,11.0971169,32.7527843,39.0621581
0.272194966,0.955043588,1.78486828,1.47495177,6.21307769,3.69172164,3.90427098,20.8989107,39.0079127,95.9288633
0.46110668,2.17535484,5.44423708,7.71692243,10.5884587,20.3876843,17.4264114,15.738868,2.88943802,78.4058329
0.437445354,1.47322749,2.88447434,3.49516497,10.2782283,14.2668667,6.42212797,30.00603,32.2466534,40.3313909
0.305671982,1.63161739,3.84685599,5.17550476,11.5610561,18.0764019,33.75984,36.0456786,35.4167219,19.0478352
0.299011313,1.40577579,2.02724103,6.11999713,6.82781902,9.0893632,23.9609058,30.8845886,16.6020043,44.2001296
0.414440957,2.07686315,5.26118157,9.98089269,12.59835,23.1270362,32.477469,34.3373838,34.5637519,19.0446013
0.468549201,1.63621261,4.92091877,10.417461,12.468469,16.8852062,16.1691429,7.09895978,49.6446297,43.6305877
0.293095926,1.59289052,2.07881501,1.95659935,6.22932585,11.2706813,18.9987605,35.9770488,19.4316065,46.3847584
0.552225608,1.95521391,5.69380946,10.0351986,13.2965362,16.3801283,18.6053723,23.9016576,61.8230019,7.72385686
0.306520433,1.18769847,2.06258189,2.43237832,6.21628298,6.13799764,18.9713333,20.0014424,28.068183,54.4844784
0.249785736,1.30414743,3.09156001,3.97888912,9.91635046,9.57196352,18.9499308,27.0691596,68.5471174,17.6360248
0.332262222,1.7529649,3.28845916,8.06869193,13.9026524,11.6681848,7.9348973,27.779442,29.0634533,38.0329305
0.474718787,1.46378427,3.41024976,7.49808297,7.40174765,8.86019291,25.725471,4.43469152,19.5199138,69.3039899
0.306782996,1.64347728,1.99835313,6.31066428,3.59246627,9.89860654,8.3470702,14.2839555,48.2852771,58.686026
0.282938322,1.4710895,1.71886798,5.03635907,9.99493507,12.1103974,11.5027741,19.6219582,24.3525935,50.783115
0.336604892,1.20646031,3.81463249,7.59868263,8.23012467,9.89206954,3.82748361,7.12303387,31.6534816,91.0299474
0.235362402,1.23015808,1.25026353,3.47771259,7.11976995,13.0345183,9.61284792,3.4458794,29.9413033,89.2441105
