0.00630778677,0.0183835469,0.0301372859,0.0390367744,0.0444412497,0.0466273859,0.0462409726,0.0440051157,4.52135361,99.6841117
1,4,9,16,25,36,49,64,81,0.000256303248
0.618953738,2.4026849,5.24635861,9.0513651,13.7250124,19.1802328,25.3353023,32.1135725,13.7756617,61.7289448
0.326861908,1.21919191,2.55801072,4.24060287,6.17867566,8.29670522,10.5304519,12.825629,75.8461534,82.0449933
0.884728254,3.51192721,7.84158119,13.8342855,21.4512389,30.6542355,41.4056577,53.6684683,20.8128838,33.9516931
0.0977417571,0.338080516,0.657783036,1.0112072,1.36628149,1.70130699,2.00242508,2.26162282,53.8919993,94.9872751
0.480096591,1.83430543,3.94218689,6.69418517,9.99081198,13.7418852,17.8658192,22.2889632,45.32631,72.1043279
0.762201781,2.99750091,6.63088069,11.5898565,17.8044047,25.2068933,33.7320142,43.3167177,0.147069101,48.7645587
0.953315172,3.80188326,8.52871451,15.1169206,23.5497141,33.8104081,45.8824156,59.7492488,51.0717902,21.6066722
0.189676001,0.683830002,1.3867764,2.22208,3.12935973,4.06156826,4.9826813,5.86573958,77.1784113,90.0179981
0.0461464098,0.152302324,0.28274678,0.414747484,0.534702736,0.635306821,0.71348643,0.768914819,29.6283578,97.6654284
0.408976551,1.54699728,3.29157093,5.53365198,8.17641674,11.1341396,14.3311615,17.7009443,61.6413149,76.8780495
0.548296231,2.11233943,4.57756666,7.83791599,11.7953025,16.3591235,21.4457907,26.9782895,28.9100132,67.2089108
0.831488049,3.28781221,7.31274656,12.8513572,19.8499777,28.2561844,38.0187729,49.0877347,7.15564613,41.0502072
0.687121928,2.6847782,5.90072729,10.2470211,15.6398387,21.9993259,29.2494407,37.3178035,3.52076669,55.935505
0.980034317,3.91519913,8.7981012,15.621366,24.3776374,35.0595781,47.6598691,62.1712099,67.2096365,14.1299973
0.922220778,3.67026207,8.2164038,14.533206,22.5935064,32.3704182,43.8373276,56.9678916,35.4495721,27.8889265
0.261001104,0.959936449,1.98593554,3.24625601,4.66383244,6.17512251,7.72821692,9.28118318,80.8840899,85.965045
0.136910081,0.483640467,0.961019862,1.50881868,2.0820171,2.64773184,3.18269331,3.67118186,66.6943092,92.9026329
0.0699469308,0.236933623,0.451447503,0.679646007,0.899292222,1.09663315,1.26401722,1.39808935,41.9236681,96.4392591
0.0251911242,0.0800544562,0.143102098,0.20211635,0.250899297,0.287038339,0.310392672,0.322087095,17.1513992,98.7324099
0.370036636,1.3909772,2.9411544,4.91372211,7.21515912,9.76390849,12.4891412,15.3296332,69.2361921,79.3702315
0.445271463,1.69326101,3.62197526,6.12155854,9.09329095,12.4486608,16.1085061,20.0022207,53.5865895,74.4801005
0.582978368,2.25458031,4.90457641,8.43009086,12.7351938,17.7305141,23.3328713,29.4649261,21.0767133,64.5772121
0.514212782,1.97310087,4.25871165,7.26276744,10.8860066,15.0375649,19.634395,24.6007216,37.0500149,69.6984375
0.798691954,3.15019913,6.98906746,12.2516734,18.8761815,26.8025025,35.9722523,46.3287125,2.45413654,44.8673652
0.724242683,2.83914037,6.26054498,10.9076795,16.7030259,23.5722155,31.4439241,40.2497689,0.622716506,52.5126001
0.859937805,3.40746359,7.59482781,13.3751788,20.7025485,29.5318391,39.8188087,51.5200584,13.4699557,37.4248841
0.652084412,2.53955603,5.56332338,9.629545,14.6493981,20.5388566,27.2184776,34.6131969,8.1023779,58.9843698
0.991877201,3.96548689,8.91779851,15.8457846,24.7464208,35.6166858,48.4535613,63.2540324,75.2060497,9.01265728
0.967224539,3.86084844,8.66883484,15.3791969,23.9799979,34.4593507,46.8054178,61.006411,59.1493633,18.1039944
0.904428387,3.59507175,8.03828625,14.2008496,22.0499566,31.5532151,42.6786412,55.3946554,27.9533239,30.9146588
0.93842695,3.73882805,8.37901639,14.8369811,23.090886,33.119069,44.90004,58.4124808,43.180882,24.8139175
0.224288323,0.817131725,1.67455728,2.71145809,3.85876507,5.06099895,6.274155,7.46387837,80.3353911,88.0744956
0.295505499,1.09530711,2.28364595,3.76198096,5.44686946,7.26808181,9.16692619,11.0947616,79.1093534,83.9341707
0.16114991,0.575098106,1.15445321,1.83107312,2.5525696,3.27938166,3.98233162,4.64058995,72.4176721,91.5887597
0.116068639,0.405807028,0.798080616,1.24013486,1.69368883,2.13177221,2.53617406,2.89539374,60.4511223,94.0176239
0.08325394,0.285095319,0.549158746,0.835796749,1.11801081,1.37826839,1.60602638,1.79581613,47.9656919,95.7468569
0.0155248514,0.0478659472,0.0830134362,0.113753582,0.137001184,0.152063867,0.159536046,0.160613459,10.8539212,99.2207211
0.0576450169,0.192916499,0.36316125,0.540162693,0.706142291,0.850750719,0.968820935,1.05870514,35.8116571,97.0749702
0.0353672208,0.114801744,0.209613167,0.302401257,0.383434491,0.448065212,0.494905596,0.524558365,23.4084038,98.2157207
0.349102315,1.30751676,2.7546367,4.58539072,6.70858488,9.04540375,11.5280561,14.0985523,72.7151371,80.6782304
0.389918281,1.47051493,3.11952023,5.22878915,7.70294869,10.4581616,13.4209969,16.5273993,65.5210344,78.1077281
0.600762822,2.32772666,5.073217,8.73634655,13.2226597,18.4437935,24.3171555,30.7656154,17.3405196,63.185218
0.427363783,1.62099832,3.45851719,5.83031835,8.63847643,11.7957213,15.2244965,18.856092,57.6539345,75.6727307
0.46280094,1.76417378,3.78277945,6.40878399,9.54295332,13.095812,16.9868617,21.1438556,49.47266,73.2938647
0.565532944,2.18296373,4.73977425,8.1313705,12.2606189,17.0374073,22.3782285,28.2057868,24.9402351,65.914115
0.497177153,1.90372013,4.10031826,6.9779361,10.4370788,14.3871046,18.745582,23.4376881,41.1859228,70.9100026
0.531236425,2.04257648,4.41765031,7.54917162,11.3383489,15.6943306,20.5336837,25.7799014,32.9490481,68.4663111
0.780810158,3.07531451,6.81327857,11.926629,18.3493983,26.0176705,34.8695289,44.8450038,0.960590544,46.8177148
0.815622457,3.22119666,7.15595879,12.5606865,19.3776665,27.5506623,37.0248831,47.7469531,4.55196745,42.9392062
0.743253162,2.91838648,6.44571903,11.2485072,17.2528547,24.3876249,32.5843553,41.7771755,0.0438472427,50.6701922
0.705479658,2.76105316,6.07837608,10.5729291,16.1638804,22.773952,30.3292913,38.7593457,1.81220144,54.2697284
0.846204716,3.34967482,7.45851524,13.1219104,20.2901058,28.9143889,38.9470719,50.3414733,10.1501666,39.2167418
0.872733354,3.46135915,7.72207971,13.6118405,21.0883197,30.1099176,40.6357467,52.6256214,17.0377319,35.6744511
0.669353107,2.61107129,5.72934142,9.93311884,15.1359301,21.2556828,28.2144829,35.9384584,5.64203234,57.5019037
0.635305012,2.47018037,5.40253484,9.33601288,14.1797267,19.8479997,26.2601207,33.3401081,10.8311897,60.3899816
0.997082994,3.98760385,8.9704707,15.9445921,24.9088768,35.8622343,48.8035743,63.7318068,78.8900117,5.40093155
0.986146359,3.94114763,8.85985383,15.737124,24.567826,35.3468369,48.0690425,62.7293376,71.2703491,11.770149
0.960407196,3.8319414,8.60012652,15.2505595,23.76891,34.14092,46.3524039,60.3892477,55.1038043,19.8979407
0.973769627,3.88861305,8.73485624,15.5028573,24.1830063,34.7657254,47.2414684,61.6007212,63.192204,16.1957935
0.913543745,3.63358165,8.12948486,14.37097,22.3280962,31.9712613,43.2711995,56.1989773,31.6666577,29.4034445
0.894838186,3.55458195,7.94246083,14.0222139,21.7580838,31.1148111,42.0576284,54.5522547,24.3285184,32.4286624
0.946020452,3.77098061,8.45533074,14.9796566,23.3246785,33.4712507,45.4003606,59.093128,47.1094786,23.2334992
0.930504925,3.70530178,8.29948262,14.6883635,22.8474825,32.7525986,44.3796895,57.7049502,39.2917876,26.3619186
4.2809555e-11,3.85098653e-11,1.94861397e-11,7.79066589e-12,2.7375742e-12,8.86542758e-13,2.71371703e-13,7.97112738e-14,3.12081636e-08,100
0.242670459,0.888465278,1.829728,2.97733406,4.25805384,5.61225244,6.99188592,8.35875863,80.9472717,87.0246828
0.206469342,0.748331522,1.52565041,2.45759875,3.479441,4.53994344,5.59915507,6.62651007,79.0512364,89.0803378
0.278620527,1.0289314,2.13738254,3.50810877,5.06065109,6.7279415,8.45452291,10.1949786,80.2341847,84.9340611
0.311562124,1.15864713,2.42370773,4.00593835,5.8193011,7.79076065,9.85870751,11.9715509,77.6185969,82.9721565
0.174839377,0.627139556,1.2653529,2.01722384,2.82643545,3.64977856,4.45476756,5.21763741,74.9587857,90.8383522
0.148551329,0.527446988,1.05342499,1.66235347,2.30560914,2.94707007,3.56062572,4.12812179,69.6431942,92.2739763
0.126131612,0.443287447,0.876333568,1.36882654,1.87918674,2.37757337,2.84334137,3.26297987,63.6231119,93.4809279
0.106631064,0.37083991,0.725457072,1.12132609,1.52333242,1.90721613,2.25702425,2.56308408,57.2016978,94.5181959
0.0764657227,0.260461456,0.499048388,0.755504064,1.00524867,1.23268659,1.42877199,1.58914489,44.9563666,96.1006908
0.0518007453,0.17220351,0.32201086,0.475766646,0.617817234,0.739381384,0.836388574,0.907899937,32.7265158,97.3755233
0.0903294229,0.310905607,0.601936113,0.920804006,1.23801684,1.53401064,1.79664089,2.019224,50.9434631,95.3766521
0.0202977042,0.0636388528,0.112232928,0.156391519,0.191535225,0.21618551,0.230640512,0.236121166,14.0069425,98.9799119
0.0108666775,0.0327651996,0.055571406,0.0744706092,0.0877123974,0.0952093329,0.0976852855,0.0961765275,7.69391429,99.455182
0.0636834043,0.214455853,0.406230067,0.60799664,0.79978425,0.969587441,1.11104642,1.2217089,38.8758837,96.7634536
0.0406772732,0.133197573,0.245337153,0.357046914,0.456698725,0.538364954,0.599866832,0.641391548,26.5243398,97.9450217
0.0302072964,0.0970909697,0.175536869,0.250756854,0.314832696,0.36429173,0.398428028,0.418158344,20.2829789,98.4780536
0.359715616,1.34979165,2.84902797,4.75140052,6.96448685,9.40803817,12.0126855,14.7187678,71.0111659,80.017772
0.33816432,1.26403256,2.65773249,4.41528992,6.44688225,8.67526433,11.0343507,13.4679397,74.3328396,81.3532839
0.380094732,1.43118272,3.03124362,5.07272776,7.46113369,10.1137114,12.9582804,15.9321545,67.4027917,78.734063
0.609800199,2.36494898,5.15915429,8.89262978,13.4717638,18.8088038,24.8215545,31.4330913,15.5341452,62.4659749
0.39955267,1.50914999,3.20636753,5.38256338,7.94159171,10.7986241,13.8790705,17.1175913,63.595231,77.4885365
0.471467336,1.7992948,3.86256294,6.55154561,9.76685005,13.4186164,17.4257726,21.7153414,47.4033329,72.700252
0.522724162,2.0078192,4.33809598,7.4057435,11.1117056,15.3650952,20.0826431,25.1881807,34.9932364,69.0851531
0.591817876,2.29091948,4.98831762,8.58209517,12.977024,18.0842022,23.8207093,30.1092777,19.1914544,63.8891324
0.418244825,1.58427285,3.37560722,5.68288401,8.40868782,11.4664804,14.779615,18.2804309,59.6583159,76.2728769
0.43637911,1.65735461,3.54070265,5.97665829,8.86686199,12.1233861,15.6678359,19.4305192,55.6261394,75.0746888
0.505690507,1.93837407,4.17939011,7.1200523,10.6609525,14.7113085,19.1883522,24.0167576,39.1174457,70.3071471
0.454077441,1.72886283,3.70265865,6.26558707,9.31863746,12.7727828,16.5481606,20.5733134,51.5336705,73.8865725
0.556898687,2.14756935,4.65844238,7.98415966,12.0270814,16.6968196,21.9097966,27.5888281,26.9123517,66.5658556
0.574217504,2.2185984,4.82173669,8.2798647,12.496418,17.3816224,22.8521027,28.8305109,22.9949612,65.2520111
0.488650693,1.86904999,4.02129416,6.83605776,10.213819,14.064136,18.3049709,22.8620592,43.2559871,71.5086923
0.539765569,2.07743763,4.4975224,7.69331707,11.566354,16.0258767,20.9883453,26.3769707,30.9184609,67.8405801
0.807288876,3.18623842,7.07375638,12.4084314,19.1304955,27.1817881,36.5057194,47.0472362,3.4337967,43.8988751
0.771568366,3.03665396,6.7226225,11.7591816,18.0783182,25.6142367,34.3032998,44.0839695,0.465172358,47.7945221
0.823692255,3.25506965,7.23565939,12.7084007,19.6176163,27.9089849,37.5295132,48.4275097,5.79713857,41.9890158
0.789838134,3.11310824,6.90196686,12.0905616,18.6149825,26.4132143,35.4250902,45.5922463,1.6245799,45.8434146
0.733741069,2.87871881,6.35299028,11.0777635,16.9772969,23.9788009,32.0123435,41.0107573,0.251380637,51.600284
0.71481415,2.79988506,6.1689293,10.7392595,16.4316598,23.1702648,30.882443,39.4986829,1.14692296,53.4027949
0.752770128,2.95810623,6.53864386,11.4197489,17.5294375,24.7982977,33.1594141,42.5482929,0.00748629461,49.7222156
0.696257341,2.72271943,5.98905801,10.4090023,15.9001874,22.3840077,29.7854755,38.033084,2.60623212,55.1128532
0.853186433,3.37904658,7.52778043,13.2505731,20.4995787,29.2279041,39.3895935,50.9396128,11.7731897,38.3162585
0.838987047,3.31932633,7.38698424,12.9891086,20.0740073,28.591127,38.4910321,49.725385,8.61021205,40.1264194
0.878814539,3.4869908,7.7826392,13.7245447,21.272158,30.3855862,41.0255844,53.1535465,18.8987032,34.8117022
0.660661867,2.57506345,5.64571765,9.78014583,14.8906638,20.8941762,27.7119786,35.2695673,6.83373268,58.2527367
0.678167483,2.64761915,5.81428869,10.08864,15.3854857,21.6238123,28.7266116,36.6207182,4.53507146,56.7302844
0.866434312,3.43482102,7.6594063,13.4952539,20.8982328,29.8250055,40.2330159,52.0804779,15.2230827,36.5466398
0.643656244,2.50469502,5.482495,9.48192665,14.413103,20.1911408,26.735931,33.971919,9.43372,59.6945355
0.627061215,2.43613753,5.32373208,9.1923285,13.9501036,19.5106526,25.7927261,32.7199787,12.2826698,61.0687142
0.999111644,3.99622459,8.99100589,15.9831226,24.972242,35.958031,48.940157,63.9182871,80.3539216,2.98053039
0.994604911,3.97707474,8.94539317,15.8975452,24.8315173,35.7452972,48.636874,63.5042382,77.1233607,7.34512688
0.983131496,3.92834685,8.82938735,15.6800076,24.4739755,35.2050721,47.8670919,62.4538424,69.2497982,12.9878805
0.989068093,3.95355532,8.88939031,15.7925073,24.658846,35.4843519,48.264976,62.9966746,73.2612677,10.4555758
0.956897535,3.81706466,8.56477828,15.1844018,23.6603848,33.9772625,46.1196555,60.0722693,53.0861304,20.7611332
0.970536184,3.87489516,8.70223301,15.4417463,24.0826721,34.6142877,47.0259103,61.3068975,61.1753476,17.1650271
0.963856956,3.84656755,8.6348872,15.3156322,23.8756795,34.3019666,46.581491,60.7013103,57.1300164,19.011324
0.976939887,3.90206566,8.76685515,15.562811,24.2814608,34.9143565,47.4530752,61.8892181,65.2070436,15.1855567
0.949704482,3.78658543,8.49238272,15.0489539,23.4382735,33.6424326,45.6436378,59.4242111,49.0872965,22.4266622
0.899697317,3.57509382,7.99099737,14.1126798,21.9058717,31.3367576,42.3719708,54.9785884,26.1294012,31.6705989
0.917935149,3.65214272,8.17346127,14.4530409,22.4623406,32.1731253,43.5574633,56.5877236,33.5505935,28.6469634
0.926410884,3.68798264,8.25841331,14.6116518,22.7218961,32.5635909,44.111426,57.3403341,37.3645197,27.1273139
0.934508384,3.72224233,8.33966512,14.763439,22.970424,32.937676,44.6424461,58.0621785,41.230672,25.5913298
0.889849904,3.53353215,7.8926685,13.9294392,21.6065763,30.8873568,41.7355962,54.1156418,22.55517,33.188868
0.94226113,3.75506079,8.41754012,14.9089951,23.2088758,33.2967849,45.1524775,58.7558595,45.1397614,24.0289138
0.909051084,3.61459837,8.08452176,14.2870833,22.1909232,31.7650563,42.9788685,55.8021124,29.8034511,30.157738
0.00313125659,0.0087349629,0.013706482,0.0169936194,0.0185177549,0.0185965867,0.0176526225,0.0160796112,2.26366538,99.8433144
0.233443498,0.852615327,1.75164872,2.84338619,4.05664718,5.33385359,6.62896966,7.90571742,80.7276757,87.5532125
0.251874037,0.924309373,1.90798009,3.11189743,4.46086687,5.89326157,7.35907551,8.81822379,80.9965949,86.4942751
0.197926113,0.71547511,1.45481742,2.33731587,3.30041747,4.29499649,5.28308789,6.23595788,78.1812317,89.5585779
0.215283618,0.78231951,1.59911562,2.58267956,3.66609519,4.79600267,5.93042997,7.03693051,79.7742931,88.5842188
0.287163085,1.06248214,2.21124669,3.63619954,5.25533943,6.99997198,8.81298273,10.6473088,79.7240939,84.4296699
0.26989003,0.994708915,2.06218539,3.37795887,4.86321601,6.45260723,8.09241203,9.73892583,80.6256618,85.4464727
0.319304552,1.18926303,2.49157094,4.12442632,6.00062373,8.04584583,10.1971335,12.4015172,76.7627766,82.5042695
0.303623981,1.12730664,2.35434763,3.88502723,5.63456116,7.53127653,9.51498652,11.5355439,78.4048234,83.4491473
0.167848966,0.600531897,1.2085817,1.92181202,2.68589078,3.45945955,4.21171769,4.92040175,73.7216452,91.2223127
0.142627056,0.505125774,1.00628191,1.58392553,2.1912524,2.79378202,3.3668496,3.89354528,68.1895466,92.5944353
0.154712568,0.55072011,1.10270363,1.74454279,2.42575537,3.10852843,3.76524961,4.37646052,71.0532624,91.9395145
0.182136263,0.654984752,1.32491642,2.11758442,2.97464769,3.85099367,4.71238929,5.53349893,76.1184078,90.4358191
0.121017587,0.424215478,0.836463623,1.30317447,1.78443453,2.25185873,2.6860417,3.07450126,62.0483868,93.754062
0.131424089,0.46307587,0.917808035,1.43729699,1.97826163,2.50936251,3.00866733,3.46158699,65.1727405,93.1974201
0.111281427,0.388046789,0.761146106,1.17963302,1.6068242,2.01712251,2.39346605,2.72528913,58.8364928,94.2718714
0.102125398,0.354213097,0.691063561,1.06528626,1.443302,1.80214846,2.12693886,2.40885001,55.5546831,94.7562453
0.00857540492,0.0254766923,0.0425749332,0.05621599,0.0652391515,0.069774898,0.0705376854,0.0684279475,6.10933043,99.5703066
0.0939928644,0.324319683,0.629468866,0.965317453,1.30109382,1.61617929,1.89758635,2.13798114,52.4224137,95.1844071
0.0731777334,0.248577966,0.474972901,0.71708393,0.951510753,1.16358972,1.34498407,1.49184849,43.4443427,96.2716088
0.0798202304,0.272618315,0.52374466,0.795021993,1.06067231,1.30414471,1.51565872,1.69031396,46.4622895,95.9260011
0.0489562755,0.162174058,0.302187799,0.444905139,0.575705623,0.686556031,0.773895977,0.837104172,31.1819725,97.5214707
0.0867493058,0.29782944,0.575164097,0.877628802,1.17698931,1.45471071,1.6994635,1.90518591,49.4568482,95.5641509
0.0380016495,0.123908212,0.227258566,0.329333105,0.41946243,0.492371847,0.546291503,0.58162892,24.9669461,98.0815146
0.0433902335,0.14265565,0.263820474,0.385498745,0.495085256,0.585975536,0.655556402,0.703770334,28.0773594,97.8064296
0.0327679424,0.105858256,0.192363569,0.276195039,0.348539074,0.405349403,0.445593339,0.470043615,21.8460819,98.3479566
0.0131797185,0.0402216849,0.0690457435,0.0936501587,0.111640732,0.122653318,0.127369961,0.126924378,9.27329935,99.3388283
0.0547061313,0.18248335,0.342399414,0.507618845,0.661431712,0.794282063,0.901561972,0.981989239,34.2750269,97.2262243
0.0606347474,0.203564322,0.384418499,0.573590369,0.752214974,0.909127019,1.0385759,1.13852412,37.3443885,96.920857
0.0178929716,0.055658964,0.0973890863,0.134641958,0.163603692,0.183209608,0.193925304,0.196974963,12.4290126,99.1013132
0.0227331352,0.0717811704,0.12749239,0.17891755,0.220680611,0.250852179,0.269527241,0.277893103,15.5830311,98.8568088
0.0276775031,0.0884748494,0.159087216,0.226019384,0.282227055,0.324783583,0.353281243,0.368754565,18.7151879,98.6064144
0.0667746238,0.225532772,0.428479838,0.643200065,0.848602528,1.03182258,1.18586929,1.307853,40.3965641,96.6035908
0.394761854,1.48993087,3.16314854,5.30600932,7.82274157,10.6290004,13.6507638,16.8233234,64.5623562,77.797053
0.354449881,1.32880729,2.80215206,4.66891911,6.83728295,9.2276948,11.7715589,14.4100355,71.8725205,80.3461336
0.385031803,1.45094226,3.07557405,5.15106699,7.58247107,10.2864801,13.1902768,16.2304791,66.4678528,78.419908
0.375091937,1.41117647,2.9863964,4.99354003,7.3385823,9.93935653,12.7243456,15.6315829,68.3269904,79.0511267
0.596279172,2.30927276,5.03064132,8.65897388,13.0994197,18.2633378,24.067963,30.436088,18.2608115,63.5390296
0.509950687,1.95572904,4.21902126,7.19133794,10.7733368,14.8741871,19.4109741,24.3081403,38.08326,70.0035223
0.475784829,1.81680678,3.90237879,6.62285212,9.87877845,13.5801291,17.6455679,22.0017739,46.3658845,72.4027051
0.552593061,2.1299321,4.6179435,7.91090971,11.9109607,16.5275936,21.6772179,27.2827269,27.9084204,66.8884847
0.343664725,1.28588871,2.70641465,4.50070184,6.5782247,8.86093663,11.2818844,13.783959,73.5375254,81.0145219
0.404287583,1.528159,3.2491459,5.45839344,8.0594056,10.9668942,14.1057241,17.4099462,62.6217732,77.1824084
0.413624854,1.56568551,3.3336881,5.60841771,8.29274464,11.300527,14.5556027,17.9908631,60.6539972,76.5751361
0.535498313,2.05999175,4.45754135,7.62114518,11.4521662,15.8597931,20.760532,26.0777281,31.9318832,68.1543606
0.605260704,2.34624778,5.11596775,8.81407367,13.346522,18.6252454,24.5678407,31.0972716,16.4331339,62.8282815
0.467147135,1.78178188,3.82276772,6.48031683,9.65510767,13.2574644,17.2065937,21.4298758,48.437292,72.9967715
0.587384848,2.27269105,4.94630157,8.50581114,12.855632,17.9066191,23.5757136,29.785604,20.1302775,64.2351269
0.431897291,1.63927476,3.49981872,5.90383624,8.75317495,11.9602259,15.4470033,19.1442966,56.6396051,75.3725885
0.364887507,1.37042074,2.89515206,4.8326327,7.08987783,9.58597255,12.250807,15.0239292,70.135712,79.6939454
0.518458973,1.99041683,4.29829485,7.33404089,10.9984884,15.2007545,19.8576738,24.8932681,36.0226209,69.3931572
0.449678369,1.71107231,3.66232815,6.19357076,9.20592653,12.610618,16.3281253,20.2874094,52.56301,74.1836661
0.578593771,2.23656799,4.86309756,8.35485304,12.6155794,17.555696,23.0919172,29.1468915,22.0308857,64.9158093
0.614378988,2.38382087,5.20275539,8.97197703,13.5983261,18.9943841,25.078183,31.7729276,14.6452004,62.0983906
0.440845786,1.67538493,3.5815007,6.04937395,8.98045572,12.286517,15.8887702,19.7170572,54.6062102,74.7766149
0.501445576,1.92109032,4.13994231,7.04913373,10.5492058,14.5494388,18.9672256,23.7274842,40.148729,70.6083865
0.332591516,1.24191138,2.6085104,4.32901901,6.3143546,8.48810821,10.785094,13.1500461,75.0997882,81.6950723
0.526966866,2.02513863,4.37772758,7.47717701,11.2245553,15.5289858,20.3071104,25.482585,33.9724669,68.7774043
0.569860948,2.20071824,4.78060122,8.20532046,12.3780185,17.2087441,22.6140481,28.5166012,23.9656738,65.584987
0.544026608,2.09486669,4.53748465,7.76549065,11.6806009,16.1921283,21.2165016,26.676812,29.912133,67.5258018
0.484385718,1.85172197,3.98183037,6.76526303,10.1025072,13.9032432,18.0856515,22.5757668,44.2893369,71.8062868
0.561220509,2.16528153,4.69913297,8.05779202,12.1438649,16.8670939,22.1439294,27.8971237,25.9207854,66.2404326
0.458432901,1.7464876,3.74263746,6.33701842,9.43050027,12.9338244,16.7668035,20.8575794,50.5077256,73.5912426
0.422799348,1.60260943,3.41698921,5.75644652,8.52330235,11.6306445,15.0013642,18.5672696,58.6634542,75.9737226
0.492894408,1.88630103,4.06060399,6.9066147,10.3248172,14.2246629,18.5239108,23.1480117,42.2261938,71.2113468
0.776210503,3.0560695,6.76814203,11.8432434,18.2143804,25.8166932,34.5873997,44.4657402,0.691090983,47.3063946
0.794281926,3.13172118,6.94566807,12.1713826,18.745989,26.6084311,35.6994286,45.9614347,2.01851828,45.3561544
0.811489946,3.20385853,7.11518253,12.4851486,19.2550184,27.3675945,36.7671869,47.3995799,3.97645772,43.4177445
0.803027034,3.16836927,7.03175849,12.3306808,19.0043367,26.9936022,36.2409905,46.6906143,2.92637405,44.3816365
0.766903162,3.01714931,6.67691125,11.6747976,17.9417859,25.4111573,34.0184331,43.7013128,0.283975858,48.2801034
0.819694786,3.23828766,7.19616651,12.6351947,19.4986806,27.7313478,37.2793059,48.0900216,5.16009571,42.4623614
0.728985961,2.85890091,6.30669124,10.9925637,16.8398789,23.7750481,31.7274327,40.629247,0.417198985,52.0590088
0.748023336,2.9382912,6.49227712,11.3342874,17.3913759,24.5932617,32.8722481,42.1631449,0.00378779004,50.1972772
0.827615858,3.27154648,7.27444582,12.7803188,19.7344948,28.0836017,37.7755403,48.7594591,6.46152052,41.5191693
0.73849518,2.89854058,6.39931712,11.1630491,17.1149088,24.182924,32.2978876,41.3932706,0.126681254,51.137542
0.691665675,2.70364539,5.94464276,10.3275367,15.7692228,22.1904594,29.5157204,37.6730512,3.05034934,55.5278601
0.719512754,2.81944349,6.21456619,10.823138,16.5667809,23.3703667,31.161906,39.8724399,0.866722156,52.9610467
0.757497071,2.97784617,6.58485304,11.5049536,17.6671382,25.0028784,33.4460548,42.9328878,0.0551784157,49.2445864
0.881795256,3.49955831,7.81234182,13.7798407,21.3623835,30.5209244,41.217035,53.4128961,19.8505396,34.3809168
0.700852987,2.74181787,6.03354844,10.4906394,16.0314819,22.5781235,30.0561332,38.3944706,2.19394731,54.6943337
0.835269475,3.30370123,7.35017105,12.9207904,19.9628835,28.4249642,38.2567145,49.4089616,7.87079846,40.5870084
0.71014779,2.78046881,6.12364268,10.6560589,16.2976855,22.9719426,30.6055788,39.128553,1.46170109,53.8379244
0.785370043,3.09440012,6.85805767,12.0093846,18.4834452,26.2172757,35.1498346,45.2219542,1.27335798,46.3281725
0.8497248,3.36448176,7.49342889,13.1867556,20.3956653,29.0723582,39.1700147,50.6427781,10.9519045,38.7653453
0.856584888,3.39334917,7.56152197,13.3132731,20.6016981,29.380803,39.60549,51.2315429,12.611498,37.8701878
0.869607914,3.44819004,7.69097551,13.5539731,20.9939599,29.9684701,40.4357842,52.3549177,16.1230915,36.1098443
0.682628228,2.66612649,5.85733122,10.1674904,15.5120899,21.8106857,28.9867426,36.967478,4.01555136,56.3357588
0.656356148,2.55723577,5.60434048,9.70450096,14.7694545,20.7156312,27.4639482,34.9396128,7.4593863,58.621144
0.842625522,3.33462317,7.42303391,13.0560282,20.1828861,28.7539773,38.7207417,50.0356706,9.36916628,39.6704522
0.875797002,3.47427076,7.75258248,13.6686016,21.1808959,30.2487223,40.8320166,52.891385,17.9617661,35.2424458
0.664986534,2.59297689,5.68731086,9.85621669,15.0126055,21.0738734,27.9617115,35.6019222,6.22864099,57.8803478
0.86320948,3.42123932,7.62734228,13.435628,20.8010501,29.679393,40.0272595,51.802058,14.3379412,36.9852024
0.673750682,2.62930163,5.77170505,10.0106621,15.2603337,21.4391579,28.4696747,36.2783561,5.07663746,57.1182386
0.63948492,2.48745191,5.4425397,9.4090001,14.2964396,20.0195716,26.4979791,33.655887,10.1222811,60.042908
0.631152312,2.45302828,5.36282295,9.26358986,14.0639635,19.6778936,26.0243909,33.0272835,11.5536884,60.732832
0.647857811,2.52207021,5.52277272,9.55547159,14.5308036,20.3643056,26.9761934,34.2911494,8.75981675,59.3415696
0.622988141,2.41932803,5.28484509,9.12146763,13.8369297,19.3444868,25.5626443,32.4148979,13.0248678,61.4012914
0.999760536,3.99898229,8.99757547,15.9954503,24.992517,35.9886858,48.9838668,63.9779705,80.8255423,1.54746184
0.998187268,3.99229633,8.98164817,15.9655639,24.943365,35.9143727,48.8779087,63.8332948,79.6848987,4.25761899
0.995884534,3.98251152,8.95834163,15.9218363,24.8714579,35.8056694,48.7229346,63.6217182,78.0326603,6.41519006
0.993265271,3.97138344,8.93183963,15.8721211,24.7897172,35.6821195,48.5468215,63.3813189,76.1781602,8.20653916
0.990489826,3.95959381,8.90376688,15.8194682,24.7031612,35.5513135,48.3603968,63.1268874,74.2417903,9.7520122
0.987618581,3.94739941,8.87473549,15.765027,24.6136813,35.416113,48.1677435,62.8640018,72.2694998,11.1271826
0.981594863,3.92182342,8.81386351,15.6509088,24.4261688,35.1328688,47.7642498,62.3135684,68.2331031,13.5665533
0.984652302,3.93480372,8.84475429,15.7088151,24.5213081,35.2765665,47.9689341,62.592766,70.2647556,12.3885827
0.955115572,3.80951258,8.54683709,15.1508289,23.6053213,33.8942402,46.0016043,59.911524,52.0784671,21.1859453
0.975363679,3.89537687,8.75094413,15.5329983,24.2325006,34.8404404,47.3478351,61.7457303,64.2006504,15.6959616
0.968892729,3.86792389,8.68565687,15.4107002,24.0317075,34.5373771,46.9164522,61.1577203,60.1649239,17.6372533
0.96214604,3.83931327,8.61764562,15.2833538,23.822715,34.2220726,46.4678363,60.546481,56.1197665,19.4560943
0.95866023,3.82453594,8.58252959,15.2176232,23.7148782,34.0594346,46.2365113,60.2314053,54.0939975,20.3321838
0.972159799,3.88178299,8.71861247,15.4724273,24.1330427,34.6903097,47.1341153,61.4543822,62.183277,16.6853833
0.965552865,3.853759,8.65198132,15.3476381,23.9282027,34.3812035,46.6942235,60.8549003,58.1418245,18.5599395
0.97849257,3.90865527,8.78253184,15.5921876,24.3297095,34.987206,47.5568069,62.0306635,66.207425,14.6654118
0.906755935,3.60490271,8.06156234,14.2442583,22.1209114,31.6598359,42.8297352,55.5996981,28.8764228,30.5358912
0.902078431,3.58514775,8.01479365,14.1570442,21.978365,31.4456548,42.5262405,55.1878726,27.0386214,31.2924223
0.924326986,3.6791689,8.23751742,14.5726294,22.6580249,32.4674846,43.9750482,57.155012,36.4049028,27.5087285
0.897286671,3.56491688,7.96691397,14.0677876,21.8325282,31.2266016,42.2159437,54.7669553,25.2268548,32.0489203
0.947873192,3.77882798,8.47396235,15.0145007,23.3817929,33.557314,45.5226631,59.2595631,48.0982375,22.831296
0.944151515,3.76306562,8.43654088,14.9445208,23.267093,33.3844883,45.2770799,58.9253824,46.1241378,23.6322842
0.915750643,3.64290881,8.15158189,14.4122055,22.3955405,32.0726702,43.4149969,56.3942396,32.605636,29.0257398
0.928470866,3.69669644,8.27907516,14.6502426,22.7850696,32.6586606,44.2463516,57.5237086,38.3272751,26.7449311
0.892364516,3.54414251,7.91776465,13.9761951,21.6829253,31.0019677,41.8978495,54.3356065,23.4396328,32.8078473
0.887305412,3.52279761,7.86728316,13.882153,21.529375,30.7714871,41.5715899,53.89334,21.6797088,33.5700146
0.940354783,3.74698938,8.39838373,14.873183,23.1501964,33.2083966,45.0269178,58.5850557,44.159518,24.4223704
0.911309236,3.62413923,8.10711816,14.3292377,22.2598495,31.8686617,43.1257356,56.0014821,30.7318879,29.7809946
0.920086253,3.66123679,8.19501248,14.4932698,22.5281582,32.2721175,43.6978757,56.7784462,34.4962568,28.2690196
0.951524974,3.79429807,8.51069888,15.0832163,23.4944481,33.7271002,45.7639859,59.5880261,50.0821475,22.0170447
0.932512311,3.71379542,8.31962795,14.7259998,22.9091105,32.8453678,44.5113862,57.8839853,40.2572314,25.9783928
0.936484771,3.73060704,8.35950995,14.8005239,23.0311651,33.0291346,44.7723169,58.2387786,42.2077758,25.2022278
0.00471400612,0.0134907787,0.0217173294,0.0276229958,0.0308800281,0.0318146436,0.0309818628,0.0289519822,3.39344694,99.7640213
0.00155950915,0.00416494877,0.00625682383,0.00742665323,0.00774773784,0.00744902025,0.00676946706,0.00590337156,1.13215914,99.9219941
0.210848127,0.765205084,1.56209871,2.51961425,3.57192385,4.66673127,5.76307779,6.82946187,79.4322721,88.8342205
0.228853366,0.834813815,1.71294917,2.77711767,3.9571876,5.19662601,6.4504108,7.68322584,80.5530855,87.8149551
0.256449843,0.942160908,1.94701928,3.17914529,4.56239681,6.03417914,7.54352668,9.04942484,80.9599121,86.2293545
0.247273061,0.906380068,1.86881545,3.04451023,4.35924236,5.75237324,7.17487248,8.58759651,80.9927457,86.7598374
0.193766334,0.699508843,1.42046528,2.27909795,3.21394109,4.17691175,5.13102078,6.04842866,77.6958578,89.7905154
0.202169703,0.731784689,1.48995479,2.39694362,3.38910559,4.41626216,5.43945865,6.42905037,78.6345069,89.3213467
0.219771354,0.799657964,1.63666569,2.64673612,3.76187068,4.92764653,6.10107437,7.24875474,80.0760163,88.3305523
0.238028481,0.870418724,1.79039992,2.90982474,4.1564845,5.47177166,6.80864754,8.12987849,80.858472,87.29098
0.274285188,1.01192889,2.10000418,3.4433826,4.96241354,6.59087527,8.27416771,9.9677207,80.4453054,85.1888967
0.315460982,1.17405852,2.45785561,4.06553724,5.91047075,7.91896945,10.0287395,12.1874921,77.1983841,82.7368732
0.28290429,1.04574789,2.17438771,3.57225069,5.15809606,6.86403341,8.63376928,10.4210578,79.9937934,84.6815039
0.26545312,0.977343131,2.02408536,3.31211598,4.76348499,6.31373767,7.91005225,9.50960517,80.7726699,85.7057104
0.323109018,1.20432413,2.52499326,4.18284733,6.09012711,8.17190232,10.3645646,12.6144777,76.3111577,82.2733847
0.307626775,1.14310371,2.38929437,3.94592331,5.72756696,7.66185935,9.68789143,11.7547843,78.0201534,83.2089673
0.29134267,1.07892025,2.24748664,3.69913215,5.35112541,7.13399626,8.98983483,10.8707839,79.4302217,84.1817872
0.299601733,1.11144591,2.31928901,3.82398662,5.54141161,7.40059985,9.34210021,11.316508,78.766717,83.6898003
0.171307807,0.613688831,1.23663578,1.96893036,2.75525281,3.5533257,4.33151347,5.06681019,74.349389,91.0325323
0.178460269,0.640948125,1.29487172,2.06692903,2.89979261,3.74930505,4.58211202,5.37366939,75.5508574,90.6388289
0.139736643,0.494256273,0.983369201,1.54588068,2.13588512,2.71970798,3.27338998,3.78062443,67.445021,92.7503831
0.145560665,0.516171801,1.02959647,1.62268705,2.24773469,2.86944426,3.46243495,4.00918198,68.9214604,92.4358878
0.15791086,0.562824171,1.12838163,1.78745135,2.48859949,3.19314213,3.87268861,4.50710029,71.7449259,91.7654151
0.164474359,0.587711694,1.18128037,1.87601626,2.61856141,3.36845998,4.09572802,4.77882515,73.0794114,91.4070917
0.151605151,0.538974939,1.0778187,1.70301239,2.36500714,3.02684074,3.66165795,4.25065923,70.354949,92.1083519
0.108937679,0.379368916,0.743135305,1.15018844,1.56463362,1.96154729,2.32442745,2.64316042,58.0207882,94.3960974
0.185874866,0.669278621,1.35555069,2.16929956,3.05116606,3.95507414,4.84590059,5.69750462,76.6613688,90.228883
0.0999174712,0.346082002,0.674278206,1.03799243,1.40440317,1.75118441,2.06396844,2.33434228,54.7247044,94.8726794
0.134144442,0.473266721,0.939207989,1.47269409,2.02957854,2.57775506,3.09462849,3.56505066,65.9379461,93.0513599
0.123550565,0.433655665,0.856185439,1.33562828,1.8312428,2.31392201,2.76364714,3.16742823,62.8379172,93.6188782
0.118526547,0.41494363,0.817118602,1.27138197,1.73863954,2.19121766,2.61031294,2.98393905,61.2534889,93.8868176
0.128760286,0.453109632,0.896906524,1.40276857,1.92826813,2.44281898,2.92513717,3.36117791,64.40289,93.3402225
0.104352964,0.362427654,0.708044242,1.09293521,1.48276045,1.85391592,2.19098883,2.48473802,56.3767599,94.6386304
0.113644141,0.396806457,0.779350717,1.2094338,1.64958166,2.07351892,2.46361745,2.808852,59.6419927,94.1464741
0.0532450782,0.177309468,0.332129087,0.491560358,0.639424607,0.766556735,0.868621051,0.944510327,33.499981,97.301332
0.068355208,0.231209048,0.439906693,0.661319409,0.87378487,1.06399659,1.22463606,1.35258374,41.1616573,96.5217484
0.00743868554,0.0219040642,0.0362807064,0.0474812037,0.0546147888,0.0578950273,0.0580100654,0.0557770783,5.31576583,99.6273715
0.0715564116,0.242730349,0.463150495,0.698256746,0.925232119,1.12987065,1.30418092,1.4445656,42.6855656,96.3557776
0.0190917412,0.0596291167,0.104759578,0.145419973,0.177417695,0.19948593,0.212011147,0.216219787,13.2183205,99.0408127
0.0475485442,0.157223802,0.292429975,0.429754504,0.555087618,0.660762076,0.743463693,0.802721204,30.4070901,97.5936195
0.0958555432,0.3311527,0.643519773,0.988076217,1.33340337,1.65834589,1.94948445,2.19914946,53.1581141,95.086511
0.0340631408,0.110309388,0.200938329,0.289206502,0.365843945,0.426506993,0.469988822,0.496980348,22.6276335,98.2820868
0.0393352804,0.12853344,0.236250393,0.343102517,0.437943234,0.515174317,0.572824617,0.611194529,25.7464149,98.0135052
0.00971594614,0.0290912852,0.0489962955,0.0652016427,0.0762599264,0.0822009227,0.0837506315,0.0818822567,6.90060056,99.5130169
0.0748162125,0.254495696,0.486953726,0.736189974,0.978215764,1.19790363,1.38656487,1.54009964,44.2022861,96.1864745
0.0120197636,0.0364711462,0.0622480033,0.0839453016,0.0994969837,0.108684072,0.112215533,0.111180946,8.48379937,99.397195
0.0503719126,0.167161096,0.312035859,0.460223464,0.596589438,0.712729656,0.80483191,0.872119221,31.9541975,97.4488629
0.0591329516,0.198211522,0.373723805,0.556759431,0.728999038,0.879688257,1.00337141,1.09820891,36.5783,96.9983014
0.084990157,0.291416516,0.562059406,0.856535234,1.1472308,1.416116,1.65225832,1.84989629,48.7113067,95.6561468
0.0215159874,0.0677047052,0.119839213,0.167599996,0.206011569,0.233373576,0.249886527,0.256758195,14.7981128,98.9183508
0.0289350526,0.0927520004,0.167241795,0.238265581,0.298346092,0.344287982,0.375538494,0.393076763,19.4974604,98.5426277
0.092144121,0.317546149,0.615557454,0.94281242,1.26918388,1.57458557,1.84645647,2.0777926,51.6813862,95.2814714
0.0781295069,0.266486994,0.511280793,0.775064586,1.03266359,1.26800889,1.47169163,1.63908568,45.707895,96.0140871
0.0167070566,0.0517477154,0.0901581404,0.124111969,0.150163692,0.167439792,0.176475126,0.178483734,11.6428675,99.1611286
0.0314856641,0.101462347,0.183915984,0.263408025,0.331574468,0.38465876,0.421794838,0.443830566,21.0663228,98.4131259
0.0143533535,0.0440375306,0.0760002573,0.103633967,0.124202899,0.137184111,0.143221091,0.143483003,10.0669266,99.2797384
0.088521781,0.304299171,0.588401703,0.898963436,1.20712623,1.49384595,1.74739073,1.9613927,50.19798,95.4713684
0.0420315501,0.137914161,0.254545159,0.371206676,0.47578338,0.562011526,0.627497883,0.672310078,27.3028647,97.8758627
0.0621584441,0.209003657,0.395303046,0.59074682,0.775916839,0.939228858,1.07462952,1.17987614,38.1137742,96.8422199
0.0366760079,0.119320737,0.218359617,0.31573569,0.401252342,0.469952486,0.520261165,0.552686913,24.1858147,98.1490699
0.0815145844,0.278770952,0.536268445,0.815101934,1.08889037,1.34059889,1.560072,1.74213074,47.208934,95.8376448
0.0447567464,0.147433833,0.273185932,0.399958067,0.514651382,0.610315348,0.684110928,0.735849635,28.8497059,97.7365466
0.0239624896,0.0759123916,0.1352745,0.190464551,0.235697475,0.268805511,0.289769381,0.299748579,16.3702404,98.7946107
0.0264272444,0.084234522,0.151025707,0.213947193,0.266381991,0.305664917,0.331525866,0.345048032,17.931693,98.6697905
0.0561621625,0.187648048,0.352668612,0.523702348,0.683509863,0.822143291,0.934719569,1.0197776,35.0400553,97.1513169
0.0652284318,0.219988124,0.417334284,0.625552617,0.82411189,1.00057807,1.14827754,1.26454146,39.6399756,96.6835854
0.346394597,1.29674414,2.73061208,4.54318765,6.64360641,8.95343288,11.4052906,13.9416265,73.1290705,80.8458659
0.367479489,1.38076625,2.91829877,4.87342508,7.15288741,9.67544504,12.3706238,15.1775811,69.6863246,79.5311581
0.612089368,2.37438289,5.1809476,8.93228558,13.5350091,18.9015305,24.9497661,31.6028537,15.0874324,62.282472
0.429632272,1.63014203,3.47917695,5.86708726,8.69583177,11.8779687,15.335725,19.0001383,57.1477873,75.5226938
0.495038059,1.89501867,4.08047689,6.94229888,10.3809774,14.3059153,18.6347744,23.2928669,41.7055933,71.0606741
0.425082101,1.61180449,3.43775111,5.79337252,8.58086427,11.713133,15.1128442,18.7115451,58.160093,75.8233406
0.520592004,1.99911868,4.3181944,7.36988577,11.0550796,15.2828891,19.9700951,25.0406225,35.5074592,69.2392949
0.529099582,2.03384803,4.39766462,7.51312591,11.2813684,15.6115262,20.4202018,25.6309683,33.4607364,68.6221843
0.607524935,2.35557456,5.1375035,8.85324251,13.4089615,18.716748,24.6943005,31.2646362,15.9825781,62.6478304
0.351791333,1.31822016,2.77851846,4.62736312,6.77323943,9.13696036,11.6503277,14.2549224,72.295548,80.5114071
0.451879256,1.71997168,3.68249966,6.22958461,9.26228233,12.6916886,16.4381102,20.430297,52.0489293,74.0351771
0.38256738,1.44107696,3.05343682,5.11193894,7.52185453,10.2001526,13.0743315,16.0813548,66.9373256,78.5768808
0.438613995,1.66637458,3.56110931,6.01302394,8.92366204,12.2049432,15.7782741,19.5737278,55.1170121,74.9256969
0.340926183,1.27500421,2.6821645,4.45814464,6.51276568,8.76837707,11.1584551,13.6263404,73.9381746,81.1833614
0.464972978,1.77297225,3.802758,6.44451729,9.59897038,13.1765397,17.0965778,21.2866497,48.9558716,73.1455414
0.377609353,1.42124158,3.00895433,5.03336286,7.40019966,10.027002,12.8419168,15.7826134,67.8649094,78.8917389
0.477936412,1.82553743,3.92223755,6.65843245,9.93465195,13.6607889,17.7553809,22.1449406,45.8475322,72.2539679
0.512077366,1.96439602,4.23882061,7.22696554,10.8295269,14.9556554,19.5223683,24.4539979,37.5674832,69.8514591
0.55906131,2.15643139,4.67879888,8.02099167,12.0854912,16.7819728,22.026871,27.7429677,26.4151034,66.4032145
0.460612402,1.75531108,3.76266098,6.37281101,9.48657714,13.0145906,16.8765071,21.0002729,49.991994,73.4430118
0.499307049,1.9123865,4.12008494,7.01344868,10.492999,14.4680534,18.8560909,23.5821577,40.6683866,70.7596602
0.329762776,1.23069157,2.58356471,4.28533146,6.24729548,8.39348158,10.6591684,12.9895713,75.4737049,81.8680172
0.507816664,1.9470344,4.1991639,7.15561529,10.7170114,14.792544,19.2993701,24.1620463,38.6011696,70.1557792
0.397153353,1.49952294,3.18471462,5.34420224,7.88202485,10.7135939,13.7646017,16.9700231,64.0818772,77.6431998
0.537632076,2.06871415,4.47752817,7.65721998,11.5092354,15.9427886,20.874361,26.227229,31.424474,67.9976414
0.550447613,2.12114684,4.59777803,7.87444989,11.8531833,16.4434235,21.5615794,27.1305884,28.40762,67.0486679
0.533364036,2.05126941,4.43755965,7.58508864,11.3951401,15.7768808,20.6468454,25.9284517,32.440672,68.3107579
0.392331753,1.4801877,3.14125107,5.26724433,7.76259327,10.5432053,13.535353,16.6746536,65.0457961,77.9530787
0.411301684,1.55634369,3.31263098,5.57103084,8.23456418,11.217295,14.4433106,17.8457858,61.1493103,76.7266783
0.473620553,1.80802712,3.88241421,6.58709231,9.82263903,13.4991084,17.5352949,21.858048,46.8864152,72.5520122
0.589604371,2.28181657,4.96733318,8.5439915,12.9163819,17.9954791,23.6982914,29.9475275,19.658517,64.0621283
0.572032418,2.20962931,4.80109977,8.24246277,12.437005,17.2948617,22.7326184,28.6729347,23.4805056,65.4192313
0.401917124,1.51864069,3.22772171,5.42040938,8.00038056,10.882575,13.9921284,17.263395,63.1112568,77.3358181
0.482236588,1.84299395,3.96196092,6.72963361,10.0465097,13.8223364,17.9754097,22.4319202,44.8092449,71.9557789
0.44747428,1.70216272,3.64213968,6.15753765,9.14955783,12.5295538,16.2181827,20.1446203,53.0759389,74.3320738
0.576412119,2.22760874,4.84247348,8.31745659,12.5561469,17.4688654,22.9722798,28.9890384,22.5100732,65.0836293
0.56769603,2.19183617,4.76017423,8.16831661,12.3192659,17.1229884,22.4960042,28.3609986,24.4519282,65.7498266
0.598506192,2.3184377,5.05178359,8.69739114,13.1606039,18.352917,24.1916489,30.5996286,17.8017794,63.3635391
0.486517707,1.86038277,4.00155225,6.80063757,10.1581196,13.9836157,18.1951954,22.7187423,43.7730212,71.6576788
0.554734142,2.1387016,4.63807767,7.94732176,11.9686765,16.6116942,21.7927889,27.4348135,27.4121138,66.7282443
0.44306596,1.6843512,3.60179875,6.08556899,9.03702514,12.3677944,15.9988995,19.8599558,54.0957938,74.6280135
0.585171629,2.2635936,4.92533958,8.46776615,12.7951118,17.818116,23.4536567,29.6244068,20.6040312,64.4071713
0.406626061,1.53755232,3.27029643,5.49590598,8.11771913,11.0502274,14.2180322,17.554889,62.1347953,77.0307691
0.362319135,1.36017399,2.87223645,4.79226545,7.02755247,9.49751075,12.132396,14.8721472,70.574044,79.8549225
0.33538399,1.2529932,2.63316229,4.37221486,6.380694,8.5817687,10.9097998,13.3090504,74.7204476,81.5239848
0.541891366,2.08613177,4.51745432,7.72931056,11.6233228,16.1087672,21.1020865,26.5264301,30.415673,67.6837229
0.563370785,2.17409721,4.71939275,8.09446668,12.2020531,16.951965,22.2606721,28.0509007,25.4307157,66.0779248
0.387501897,1.46083424,3.09778,5.19033225,7.64332453,10.3731798,13.3067685,16.3803663,65.9918512,78.262258
0.456253337,1.73766648,3.72262526,6.30125669,9.3744884,12.8531758,16.6572922,20.7151783,51.0219366,73.7391797
0.616672877,2.39327865,5.22461403,9.0117703,13.6618203,19.0875192,25.2070194,31.9435969,14.2068196,61.9134172
0.503561065,1.92970265,4.15959618,7.08446246,10.6048661,14.6300543,19.0773381,23.8715122,39.6347196,70.4584228
0.546167113,2.10362529,4.55757421,7.80178663,11.7380767,16.2757976,21.3313679,26.8278239,29.4089187,67.3671201
0.434129477,1.64827803,3.52017451,5.9400879,8.80976051,12.0414226,15.5568829,19.2866892,56.1361308,75.2243659
0.603021633,2.33702678,5.09468121,8.77536709,13.2848338,18.5348648,24.4429606,30.932036,16.8828098,63.0062193
0.516348418,1.98180888,4.27861507,7.29860093,10.9425508,15.1195892,19.7466078,24.7477273,36.5329972,69.5450632
0.469323776,1.79060413,3.84281197,6.51618855,9.71137453,13.3385994,17.3169277,21.5735578,47.9169106,72.8475274
0.524856602,2.01652308,4.35801034,7.4416334,11.1683969,15.4474171,20.1953783,25.3360221,34.4797493,68.9306462
0.372598408,1.40121103,2.96407118,4.95414444,7.27765146,9.85272376,12.6081814,15.4824221,68.7786191,79.2086859
0.58079932,2.24562752,4.88395745,8.39268602,12.6757199,17.6435818,23.2130372,29.3067387,21.5494062,64.7457087
0.415913967,1.57489359,3.354451,5.64529504,8.35015216,11.3826819,14.6664802,18.1341629,60.1623991,76.4255215
0.49076755,1.87765402,4.04089745,6.8712388,10.2691573,14.1441561,18.4140941,23.0045633,42.7424654,71.3605248
0.357127677,1.3394761,2.82597917,4.71083507,6.90191164,9.31930137,11.8940129,14.5667869,71.4383442,80.1793192
0.420509699,1.59338971,3.39617866,5.71944651,8.46564455,11.5480465,14.8897739,18.4229001,59.1651935,76.1242604
0.594082693,2.30023562,5.00979867,8.62110982,13.0391306,18.1750895,23.9461428,30.2750517,18.7171858,63.71164
0.79649866,3.14100846,6.96747935,12.211731,18.8114088,26.7059406,35.8364947,46.1459385,2.23188046,45.1111228
0.77389208,3.04637189,6.74540394,11.8012486,18.1464013,25.7155329,34.4454318,44.2749472,0.572523519,47.5508065
0.778521217,3.06573666,6.79081296,11.885122,18.282184,25.9176112,34.7290539,44.6561471,0.820751259,47.0615324
0.769240796,3.02692175,6.69981185,11.7170686,18.0101734,25.5128679,34.1610928,43.892927,0.369073948,48.0374025
0.731360476,2.86879619,6.32980647,11.0350962,16.9084722,23.8767426,31.8696192,40.8196227,0.329310897,51.830447
0.764561745,3.00736292,6.65398234,11.6324824,17.8733399,25.3093791,33.875706,43.5096445,0.210108867,48.5219801
0.745646331,2.92837157,6.4690723,11.2915298,17.3223223,24.4907403,32.7287031,41.9706791,0.0183167654,50.4334878
0.693950585,2.71313605,5.96674013,10.3680631,15.8343664,22.2867231,29.6498725,37.8520808,2.82537256,55.3217331
0.792072819,3.12246746,6.9239394,12.1311941,18.6808398,26.5113417,35.5629768,45.7777897,1.817077,45.599033
0.805170831,3.17735709,7.05288084,12.3697813,19.0677764,27.0882248,36.374089,46.8698994,3.17623099,44.1394573
0.72660779,2.84899242,6.28354986,10.9499917,16.771236,23.6733008,31.5852013,40.4388499,0.515285062,52.2869209
0.800879103,3.15936562,7.01060247,12.2915245,18.9408171,26.8988763,36.1077688,46.5111933,2.68689598,44.6229646
0.721869506,2.82925672,6.23747105,10.865249,16.634639,23.470889,31.3023388,40.0603141,0.740318166,52.7380786
0.740870613,2.9084477,6.42247872,11.2057014,17.1837509,24.28507,32.440821,41.5848011,0.0800259057,50.9047529
0.825664753,3.26335237,7.25515546,12.7445478,19.6763569,27.9967369,37.6531427,48.5943031,6.1262679,41.7534725
0.637389884,2.47879425,5.42248453,9.37240653,14.2379173,19.9335331,26.3786876,33.4975004,10.4752641,60.2171168
0.6893925,2.69420542,5.92266793,10.2872434,15.704467,22.0947887,29.382422,37.4951975,3.28189206,55.732172
0.817678209,3.2298237,7.17625291,12.5982903,19.4387368,27.6418389,37.1532588,47.920044,4.85383639,42.6991559
0.813572993,3.21259736,7.13573311,12.5232155,19.3168213,27.4598359,36.8970207,47.5745815,4.26134642,43.1771939
0.707819832,2.77078538,6.10106394,10.6145899,16.2309304,22.8731553,30.4677111,38.9442992,1.63209092,54.0536926
0.703160858,2.75141181,6.05590471,10.5316744,16.0974976,22.6757561,30.1923053,38.5763459,1.99929811,54.4829462
0.883266983,3.50576449,7.82701211,13.8071559,21.4069603,30.5878003,41.3116533,53.5410913,20.3302224,34.1662139
0.698550834,2.73224967,6.01125674,10.4497314,15.9656839,22.4808328,29.9204659,38.2133068,2.39640214,54.9043865
0.858272088,3.40045117,7.57827956,13.3444186,20.6524341,29.4567819,39.7127937,51.3766634,13.0395624,37.6467677
0.633220671,2.46157044,5.3825984,9.29965086,14.1215986,19.7625758,26.1417297,33.1829816,11.1915964,60.5623092
0.717156089,2.80963262,6.19167156,10.7810544,16.4989809,23.269951,31.0216507,39.6848418,1.00260169,53.1830717
0.833385239,3.29578337,7.33152025,12.8861854,19.9066079,28.3408335,38.1381006,49.2488186,7.50981357,40.8184715
0.759846743,2.98766138,6.60783617,11.5473443,17.7356666,25.1047201,33.5887884,43.1244539,0.0954808439,49.005434
0.787611627,3.10378491,6.88008245,12.0500992,18.5494124,26.3155321,35.2878536,45.4076101,1.44398058,46.0856131
0.755144367,2.9680202,6.56184919,11.4625328,17.5985746,24.9010041,33.3033033,42.7413348,0.0258999497,49.4828892
0.750384751,2.94814773,6.51533888,11.3767898,17.4600309,24.6952115,33.0150212,42.3546136,0.000143962356,49.9615101
0.837142578,3.31157341,7.36871686,12.9552055,20.0188579,28.5086567,38.3747269,49.568315,8.23882424,40.3555972
0.871173773,3.45478745,7.7065571,13.5829601,21.041224,30.0393161,40.5359326,52.4904883,16.577806,35.8923707
0.829578651,3.2797909,7.29385747,12.81632,19.7930156,28.1710515,37.8987805,48.9257765,6.80856706,41.2821207
0.736103462,2.88856757,6.37600615,11.1201304,17.0456507,24.0801814,32.1541485,41.2006991,0.184228618,51.3708612
0.809416806,3.19516266,7.09473623,12.4472809,19.1935488,27.2758652,36.6380945,47.2256057,3.70335907,43.6558351
0.847968614,3.35709403,7.47600804,13.1543977,20.3429874,28.993521,39.0587441,50.4923873,10.5477228,38.9912023
0.851468216,3.37181672,7.51072751,13.2188905,20.447987,29.1506726,39.2805615,50.7922098,11.3614431,38.5398214
0.880317779,3.49332853,7.7976173,13.7524273,21.3176511,30.4538223,41.1221067,53.284294,19.3754506,34.5951184
0.844420302,3.34217029,7.44082361,13.0890582,20.236637,28.8343888,38.8341896,50.1889439,9.7565088,39.4435924
0.783068058,3.08476418,6.83544758,11.9675954,18.4157493,26.1164628,35.0082503,45.0315368,1.10974165,46.5759533
0.654219481,2.54839169,5.58382007,9.66699749,14.7093794,20.6271657,27.3410919,34.7762272,7.77826702,58.8031053
0.671543006,2.62014868,5.75043328,9.97172186,15.197855,21.3470026,28.3414847,36.1075985,5.35725306,57.3111677
0.658499042,2.56610744,5.62492907,9.74213673,14.8297539,20.8044449,27.5873134,35.1037084,7.1451513,58.4380833
0.840809737,3.32698875,7.40504084,13.0226251,20.1285353,28.6726791,38.6060583,49.8807488,8.98602384,39.8986545
0.675954184,2.63843914,5.79294529,10.0495526,15.3227453,21.5312332,28.5977795,36.4490351,4.80311864,56.9250223
0.66282291,2.58401391,5.6664976,9.81814693,14.9515734,20.9839254,27.8366941,35.435527,6.52840743,58.0669519
0.680385675,2.65682133,5.83568801,10.1278378,15.4484162,21.7166909,28.8558869,36.7930269,4.27324113,56.5344431
0.86157866,3.41437217,7.61113298,13.4054907,20.7519387,29.6058205,39.9233167,51.6614321,13.9015178,37.2050184
0.854901323,3.38626335,7.54480461,13.2822063,20.5510963,29.3050345,39.4984966,51.0868598,12.1922237,38.0918202
0.66715606,2.60196614,5.70818939,9.89441364,15.0738539,21.1641587,28.0872231,35.7690094,5.93408722,57.6926286
0.649965901,2.53079067,5.54299394,9.59240569,14.5899306,20.4513216,27.096963,34.4516616,8.42930378,59.1636797
0.864836748,3.42809232,7.64352009,13.4657103,20.8500777,29.7528486,40.1310493,51.9424933,14.7809009,36.7645553
0.620968222,2.41099441,5.26557202,9.08635846,13.7808729,19.2622075,25.4487509,32.2639251,13.3988567,61.5655568
0.877301128,3.48061087,7.76756298,13.6964826,21.2263767,30.3169253,40.9284715,53.0220131,18.4254537,35.0283988
0.625032376,2.42776369,5.30435812,9.15702117,13.8937075,19.4278414,25.6780498,32.5679061,12.65035,61.2346
0.64157486,2.49609027,5.46255427,9.44552705,14.3548673,20.1054886,26.6171265,33.8141147,9.77490001,59.8686178
0.645766576,2.51342122,5.5027213,9.51885504,14.4721969,20.2780727,26.8565349,34.132146,9.09273586,59.5175121
0.821735016,3.24685222,7.2163199,12.6725493,19.559365,27.8219765,37.4069498,48.2621792,5.48023522,42.2214381
0.868011362,3.44146407,7.6750921,13.524428,20.9457913,29.8962765,40.3337423,52.2167997,15.6667191,36.3302406
0.874256555,3.46777826,7.73724357,13.6400566,21.1343371,30.1789103,40.733297,52.7577043,17.493734,35.4603221
0.629118675,2.44463122,5.34338736,9.2281558,14.0073419,19.5947176,25.9091624,32.8744165,11.9139563,60.9000267
0.684843144,2.67531884,5.87871642,10.2066783,15.5750303,21.9036169,29.1161441,37.1400255,3.76804736,56.1388329
0.999938772,3.99973978,8.99938006,15.9988367,24.9980866,35.997107,48.9958748,63.9943671,80.9553717,0.782486342
0.712526404,2.79036499,6.1467223,10.6984565,16.3659497,23.072984,30.7466217,39.3170892,1.29675132,53.6165642
0.999480648,3.99779279,8.99474173,15.9901328,24.9837713,35.9754626,48.9650121,63.9522251,80.6219167,2.27892929
0.998677221,3.99437842,8.98660797,15.9748703,24.95867,35.9375116,48.9108999,63.8783396,80.0390928,3.63700259
0.997653153,3.99002663,8.97624166,15.9554197,24.9266826,35.8891522,48.8419508,63.7842009,79.2998386,4.84442692
0.996495219,3.98510632,8.96452188,15.9334311,24.8905236,35.8344899,48.7640207,63.6778076,78.4688382,5.92011877
0.993941592,3.97425665,8.93868189,15.8849557,24.8108183,35.7140116,48.592279,63.443366,76.6544856,7.78357754
0.99257799,3.96846379,8.92488708,15.8590801,24.7682778,35.6497174,48.5006391,63.3182852,75.6959125,8.61510881
0.995251646,3.97982249,8.9519372,15.9098215,24.8517021,35.7758069,48.6803648,63.5636056,77.5821422,6.8908302
0.983895439,3.93159024,8.83710622,15.6944774,24.4977497,35.2409814,47.9182427,62.5236158,69.7585518,12.6903746
0.988345944,3.95048837,8.88208893,15.7788156,24.6363428,35.4503513,48.2165279,62.9305662,72.7661702,10.7953952
0.980818484,3.91852772,8.80602129,15.63621,24.4020218,35.0964018,47.7123121,62.2427319,67.7227851,13.8497351
0.989780825,3.95658242,8.89659714,15.8060222,24.6810598,35.5179168,48.3128052,63.0619417,73.7518534,10.1089934
0.991186623,3.96255349,8.91081384,15.8326845,24.7248861,35.5841426,48.4071818,63.1907352,74.7251626,9.38795859
0.985403527,3.93799341,8.85234611,15.723048,24.5446955,35.3118949,48.0192623,62.661424,70.7693233,12.0815866
0.982368452,3.92510744,8.82167832,15.665557,24.4502338,35.1692138,47.8160161,62.3841747,68.7438318,13.2783841
0.986881476,3.94426922,8.86728427,15.7510557,24.5907206,35.3814241,48.1183195,62.7965678,71.7682243,11.4536124
0.961278455,3.83563502,8.60890408,15.2669899,23.7958663,34.1815763,46.4102323,60.4680149,55.6115032,19.6777908
0.968062369,3.86440191,8.67728307,15.3950179,24.0059657,34.4985334,46.8611746,61.0823902,59.6581514,17.8711026
0.974568597,3.89200313,8.74291939,15.5179634,24.2078113,34.8031692,47.2947733,61.6733896,63.6964848,15.9472265
0.959536525,3.82825049,8.59135588,15.234143,23.741978,34.1003027,46.2946343,60.3105649,54.5991634,20.115535
0.956009308,3.81330019,8.5558349,15.1676658,23.632935,33.9358737,46.0608021,59.9921287,52.582449,20.9739581
0.976153858,3.89872999,8.75892018,15.5479428,24.2570427,34.8774911,47.4005857,61.8176504,64.704022,15.4421961
0.957780737,3.82080805,8.5736721,15.201046,23.6876857,34.0184291,46.1781962,60.1519887,53.5897416,20.5473267
0.969716026,3.87141609,8.69396033,15.4262517,24.0572358,34.5759008,46.9712771,61.2324375,60.6698676,17.4022911
0.954219118,3.80571368,8.53781297,15.1339438,23.5776301,33.8524924,45.9422474,59.8307073,51.575792,21.3964675
0.964704402,3.85016102,8.64342867,15.3316242,23.9019225,34.3415559,46.6378142,60.7780445,57.6343179,18.7871228
0.979268128,3.911947,8.79036345,15.6068644,24.3538167,35.0236075,47.6086435,62.1013516,66.7104688,14.3985665
0.971349085,3.87834362,8.71043334,15.4571063,24.1078887,34.6523449,47.0800772,61.3807257,61.6787832,16.9265813
0.97297033,3.88522177,8.72679062,15.4877473,24.1581962,34.7282758,47.1881581,61.528049,62.6900694,16.4407026
0.966389465,3.85730686,8.66041532,15.3634307,23.9541212,34.4203075,46.7498624,60.9307105,58.6447871,18.3331763
0.9777169,3.90536324,8.77469989,15.577511,24.3056036,34.9508083,47.5049782,61.9599897,65.7065478,14.9275249
0.963009541,3.84297441,8.62634698,15.2996434,23.8494433,34.2623896,46.5251884,60.6246085,56.6283233,19.232904
0.905595521,3.60000123,8.04995697,14.222614,22.0855308,31.6066688,42.7543882,55.497444,28.4140704,30.7253118
0.891110012,3.53884892,7.90524343,13.9528662,21.6448292,30.9447774,41.8168822,54.2258353,22.9959831,32.998483
0.933511592,3.718024,8.32965835,14.7447409,22.9398013,32.8915717,44.5769847,57.9731721,40.7428796,25.7853463
0.923277057,3.67472875,8.22699169,14.552975,22.6258583,32.4190891,43.9063808,57.0617106,35.9268525,27.6989067
0.914650583,3.63825938,8.14056647,14.3916487,22.3619168,32.0221119,43.3433027,56.2968825,32.1356257,29.2146226
0.925370392,3.68358178,8.24797924,14.5921659,22.6900006,32.5155965,44.043318,57.2477798,36.8835865,27.3184202
0.946951006,3.7749219,8.46468806,14.9971557,23.3533612,33.5144701,45.4617769,59.1767036,47.6045998,23.0323672
0.907903709,3.60975119,8.07304314,14.265672,22.1559179,31.7124449,42.9042971,55.7008949,29.3379289,30.3473708
0.90325518,3.59011703,8.0265567,14.1789772,22.014209,31.4995051,42.6025372,55.2913905,27.4944977,31.1038293
0.900894742,3.58014958,8.00296317,14.1349872,21.9423215,31.3915091,42.4495315,55.0838039,26.5844247,31.4809876
0.943211554,3.75908523,8.42709249,14.9268546,23.2381419,33.3408725,45.2151118,58.8410715,45.6331344,23.8303265
0.950611369,3.7904274,8.50150646,15.0660204,23.4662538,33.6846038,45.703579,59.5057992,49.5814349,22.2235529
0.888584898,3.52819518,7.88004692,13.9059275,21.5681884,30.8297387,41.6540377,54.0050886,22.1174852,33.3789008
0.898493228,3.57001035,7.978967,14.0902539,21.8692314,31.2817245,42.2940176,54.8728492,25.6763395,31.8601274
0.93939145,3.74291106,8.3887053,14.8550912,23.1205554,33.1637526,44.9635051,58.4988011,43.6689089,24.6188039
0.91018518,3.61938983,8.09586932,14.3082517,22.2255342,31.8170793,43.0526115,55.9022134,30.2677007,29.9691207
0.896073039,3.55979398,7.95479233,14.0451953,21.7956222,31.1711788,42.1374518,54.6605033,24.7792718,32.2377048
0.929488452,3.70100132,8.28928378,14.6693115,22.8162889,32.7056473,44.3130434,57.6143573,38.8080682,26.5540106
0.948793891,3.78272799,8.48322281,15.0318208,23.4101857,33.6001018,45.5834734,59.3423241,48.5940335,22.6287669
0.91243351,3.62888993,8.11837092,14.3502326,22.294182,31.920274,43.1989078,56.1008237,31.200208,29.5916356
0.931510969,3.7095584,8.3095782,14.7072238,22.8783645,32.799084,44.4456788,57.7946563,39.7739501,26.1704091
0.952421497,3.79809659,8.5197205,15.1000938,23.5221219,33.7688143,45.8232845,59.6687492,50.5763469,21.812497
0.919015858,3.65671139,8.18428775,14.4732496,22.4954023,32.2228497,43.6279907,56.6835177,34.0238077,28.4577129
0.886025117,3.5173971,7.85451361,13.8583698,21.490551,30.7132249,41.4891346,53.7815911,21.2465905,33.7601664
0.945092022,3.76704857,8.44599594,14.9622006,23.2960682,33.4281431,45.3391071,59.009779,46.6184809,23.4324515
0.937457528,3.73472447,8.36927928,14.818782,23.061073,33.0741717,44.8362757,58.3257592,42.6935603,25.008493
0.916838959,3.64750896,8.16248134,14.4325473,22.4288152,32.1227074,43.4859575,56.4906077,33.0744784,28.8376561
0.921164164,3.66579429,8.20581408,14.513435,22.5611536,32.3217494,43.7682822,56.87409,34.9758052,28.07772
0.941314876,3.75105426,8.40803085,14.8912173,23.1797454,33.2529046,45.0901414,58.6710586,44.6516388,24.2250128
0.927434662,3.69231311,8.26868121,14.6308288,22.7532879,32.6108308,44.1784678,57.4314461,37.8412309,26.9379542
0.00234341475,0.00641984766,0.00989288164,0.0120452511,0.0128899567,0.0127124577,0.0118505545,0.0106007878,1.69769037,99.8827605
0.0039206858,0.011091931,0.0176512231,0.0221940931,0.0245268942,0.0249798702,0.0240474419,0.0222145697,2.82837532,99.8037732
0.00550931056,0.0159212009,0.0258807537,0.0332409152,0.0375242116,0.0390384573,0.0383888237,0.0362249068,3.95749885,99.724154
0.93548532,3.7263769,8.34947384,14.7817684,23.0004445,32.9828768,44.7066289,58.1494523,41.712005,25.3997401
0.00077905613,0.00199228648,0.00286587572,0.00325730085,0.0032538756,0.00299561836,0.00260677238,0.00217675751,0.566752663,99.9610396
0.893619703,3.54943946,7.93029489,13.9995429,21.7210557,31.0592144,41.9789036,54.4455052,23.8883298,32.6159925
0.240347367,0.879431103,1.81003428,2.94351826,4.20716186,5.54184243,6.90001783,8.24397313,80.90827,87.1580537
0.191712827,0.691634838,1.40354091,2.2504442,3.17142155,4.11890868,5.05640021,5.95649845,77.4410927,89.9047926
0.208648562,0.756726338,1.54377794,2.48843193,3.52540693,4.60293888,5.68057437,6.72728158,79.2462987,88.957936
0.195836618,0.707452461,1.43755063,2.3080435,3.25692221,4.23558349,5.20655181,6.14154244,77.9425396,89.6751572
0.226571696,0.825973282,1.6937483,2.74426911,3.90793271,5.12873102,6.36214928,7.5733513,80.4498175,87.9447727
0.254160815,0.933228241,1.9274791,3.14547645,4.51154976,5.96358661,7.45110009,8.93353984,80.9832657,86.3619815
0.244974881,0.897432191,1.84928675,3.01093812,4.3086573,5.68230501,7.08334212,8.47309761,80.9752908,86.8921814
0.231154323,0.843734654,1.7323366,2.81030613,4.00698331,5.26530946,6.53975317,7.79451554,80.6461105,87.6838456
0.21304984,0.773697653,1.58046133,2.55088818,3.61860787,4.73079459,5.84598567,6.93221009,79.6075331,88.7102114
0.217532325,0.791004638,1.61791904,2.61474593,3.71402446,4.86186045,6.01577115,7.14283204,79.9310096,88.4572029
0.200027634,0.723549276,1.47220659,2.36681522,3.34427902,4.35494948,5.36037071,6.33135762,78.4109537,89.4411743
0.235735179,0.861511172,1.77100569,2.87656343,4.1064875,5.40268345,6.71861301,8.01751987,80.7984506,87.4222409
0.249590336,0.915407555,1.88852938,3.07842058,4.41036685,5.82322999,7.2674869,8.70351911,80.9998368,86.6261891
0.25871398,0.951001346,1.96636843,3.2125035,4.6128027,6.10419804,7.6352531,9.16449577,80.9270502,86.0979686
0.204299864,0.739979731,1.50762766,2.42696395,3.43380087,4.47743565,5.51841919,6.52665019,78.8462791,89.2020255
0.293435066,1.08715509,2.26565366,3.73070145,5.39920755,7.20131843,9.07872989,10.9831898,79.2724205,84.0574169
0.305631725,1.13522861,2.37186926,3.91555314,5.68117347,7.59670819,9.60160699,11.6453547,78.2149055,83.328763
0.222044527,0.808448889,1.65572265,2.67927671,3.81057136,4.99465041,6.18801246,7.35677677,80.2120595,88.2017842
0.297560517,1.10340196,2.30151986,3.79306825,5.49425915,7.33449283,9.25469529,11.2058415,78.9407596,83.8116628
0.313517194,1.16637362,2.44082444,4.03580665,5.8649824,7.85498826,9.94387038,12.0796871,77.4106379,82.854258
0.272098757,1.00336041,2.08118117,3.4108119,4.91301631,6.52200471,8.18361325,9.85370147,80.5393054,85.3171286
0.321211222,1.19680975,2.5083149,4.15368875,6.04544669,8.10896278,10.2809514,12.5081079,76.5389557,82.3886387
0.324989568,1.21177294,2.54153214,4.21177264,6.13446628,8.23438397,10.4475999,12.720151,76.0805428,82.1590185
0.267690406,0.986097477,2.04328721,3.34529129,4.81372212,6.38367192,8.00186441,9.6250309,80.7029871,85.5750895
0.285055696,1.05419954,2.19299907,3.60453319,5.20717487,6.93262585,8.72417662,10.5351676,79.8613391,84.5543792
0.317382546,1.18165847,2.47470496,4.09496169,5.95550795,7.98234034,10.1128312,12.2943506,76.9832276,82.6206665
0.280778266,1.03739989,2.15601329,3.54039423,5.10968783,6.79641012,8.54468142,10.3086664,80.1170094,84.8069416
0.289266348,1.07075232,2.22947528,3.66784736,5.30349788,7.06734042,8.90185898,10.75959,79.5797889,84.3050207
0.263216597,0.968596378,2.00491026,3.27900433,4.71337068,6.24401112,7.81856095,9.39464339,80.8332046,85.8360882
0.309613763,1.15095015,2.4066631,3.97620748,5.77384779,7.7268786,9.774036,11.8640808,77.8202703,83.0894841
0.301633384,1.11945557,2.33698993,3.85479935,5.58842293,7.46653699,9.42931758,11.426984,78.5870427,83.5683323
0.276432778,1.02034931,2.11851108,3.4754221,5.01102917,6.65868959,8.3633774,10.0801022,80.3448066,85.0627546
0.156303816,0.556740317,1.11547101,1.76587054,2.45698207,3.15055871,3.81860077,4.44131165,71.4008034,91.8529359
0.173063808,0.620374783,1.25090563,1.9929202,2.79060152,3.60120803,4.39268114,5.14163762,74.6563622,90.936032
0.162810029,0.581394899,1.16784124,1.85349472,2.5854816,3.32379336,4.03884947,4.70946564,72.7517449,91.4980858
0.114852941,0.401292455,0.788682846,1.22472547,1.67154341,2.10251466,2.49972075,2.85189986,60.047607,94.0822544
0.169564458,0.607055284,1.22248683,1.94515892,2.72024826,3.50593984,4.27101862,4.99285307,74.0368313,91.1282361
0.180283599,0.647908195,1.30976462,2.0920304,2.93687378,3.79966263,4.64660634,5.45276822,75.836567,90.5381909
0.105486378,0.366611554,0.716701708,1.10704605,1.50291869,1.88038922,2.22377634,2.52362472,56.7891783,94.5787302
0.132778031,0.468146311,0.928452121,1.45489742,2.00376963,2.54334732,3.05136837,3.5129658,65.5562311,93.1247534
0.127441784,0.448181393,0.886580818,1.38572737,1.90361803,2.41004023,2.88403058,3.31181253,64.0142676,93.4108247
0.107780083,0.375087128,0.734257406,1.13568912,1.54387861,1.93423527,2.2905329,2.60287963,57.6117483,94.4573934
0.117294511,0.410362377,0.807569504,1.25570389,1.71607838,2.16137174,2.57307771,2.9394539,60.8535467,93.9524076
0.141183718,0.499696313,0.994833042,1.56490945,2.16356914,2.75673365,3.32009053,3.83703145,67.820679,92.6723412
0.166155993,0.594098222,1.1948765,1.8988154,2.65207024,3.41373469,4.15341756,4.84921835,73.4031446,91.3150594
0.184002282,0.662116865,1.34019693,2.14337195,3.01279109,3.9028599,4.77890053,5.61517552,76.3937046,90.332592
0.147053037,0.521796444,1.04147958,1.6424621,2.27657786,2.90811867,3.51133955,4.06840189,69.2846814,92.3551278
0.187769332,0.676528651,1.37110354,2.19558001,3.09008791,4.00806604,4.91394158,5.7811658,76.923445,90.1238408
0.144081538,0.510600634,1.01783385,1.60312499,2.21922037,2.83123516,3.41414957,3.95074918,68.5554062,92.5158614
0.0988276226,0.342072559,0.666009848,1.02456147,1.38528121,1.72615715,2.03307691,2.29782843,54.3094355,94.9300994
0.124831516,0.438434277,0.866178269,1.3520882,1.85500598,2.34546022,2.80312145,3.21474163,63.2300315,93.5504401
0.110099218,0.383668143,0.752055294,1.1647662,1.5855148,1.98904362,2.35857343,2.68376701,58.4271251,94.3345526
0.150059756,0.533139355,1.06546644,1.68241745,2.33491085,2.98640917,3.61043396,4.18851248,69.9979351,92.1922038
0.15951211,0.568889942,1.14126205,1.80899537,2.52018304,3.23570694,3.92678717,4.57294377,72.080975,91.6781266
0.176612567,0.633899553,1.27979914,2.04154114,2.86231228,3.69843811,4.51700722,5.29387313,75.2528488,90.7406983
0.103235667,0.358306032,0.699521389,1.07905314,1.46294237,1.8279069,2.15879802,2.44658476,55.9663383,94.6976416
0.1355277,0.478453584,0.950110428,1.49074483,2.05577269,2.61269876,3.13859062,3.61801464,66.3189572,92.9770026
0.15314139,0.544779632,1.09011337,1.72352436,2.39500122,3.06716061,3.71277288,4.31271306,70.7034348,92.0249211
0.119758479,0.419527473,0.826679305,1.2870893,1.76125747,2.22115816,2.64769042,3.02862317,61.648895,93.8211874
0.112463697,0.392428573,0.770249476,1.19453026,1.6281914,2.04529624,2.4284998,2.76700687,59.2416571,94.2091451
0.122294431,0.428972638,0.846398777,1.3195183,1.80799973,2.28309389,2.72508635,3.1212394,62.4487352,93.6859418
0.130071112,0.458012309,0.90718523,1.41974304,1.95283737,2.47551107,2.96616124,3.41047565,64.7842752,93.2699784
0.1010333,0.350189859,0.682755358,1.05177205,1.42403507,1.77689682,2.09572755,2.37190751,55.1460444,94.8138545
0.138289509,0.488819535,0.971919731,1.52688806,2.10827157,2.68280046,3.22686858,3.72447016,67.0634813,92.8283626
0.0613951642,0.206277824,0.389846326,0.582142496,0.764025256,0.924120475,1.0565269,1.15910515,37.7293483,96.8816203
0.0468467861,0.154759487,0.287579077,0.422233072,0.544866065,0.647992143,0.728418231,0.785746017,30.0182061,97.6295659
0.0454499392,0.149861174,0.277950512,0.407324735,0.524634253,0.622751763,0.698721933,0.752287944,29.2389667,97.7010778
0.0930669901,0.320926359,0.622497536,0.954036168,1.28509311,1.59531635,1.87193224,2.10777257,52.0526495,95.2330305
0.0137668557,0.042128105,0.0725156284,0.0986248283,0.117891762,0.129874271,0.135236485,0.135130985,9.67098014,99.3092717
0.0569009788,0.190271925,0.357892184,0.531893484,0.694767796,0.836367514,0.951668552,1.03911735,35.4254446,97.1132855
0.0539766789,0.179899119,0.337267458,0.49959122,0.650425723,0.780410467,0.885073932,0.963221856,33.8889992,97.2637302
0.0373377408,0.121609438,0.222796852,0.322511924,0.410322238,0.481112675,0.533211651,0.567077971,24.5765297,98.1153535
0.0102896419,0.0309196998,0.0522628157,0.069798372,0.0819295059,0.0886294071,0.0906246703,0.0889212072,7.2967365,99.4841876
0.0894269263,0.307606186,0.595174549,0.909889375,1.22257466,1.51392601,1.77200522,1.99028679,50.5725718,95.4239526
0.0739938328,0.251524466,0.480936207,0.726590419,0.964793599,1.18065123,1.36565162,1.51582316,43.8229734,96.2292142
0.0525229805,0.174755635,0.327066108,0.483654075,0.62860338,0.752941161,0.852464798,0.926151817,33.1141926,97.3384312
0.0691473501,0.23405693,0.44564598,0.670429997,0.886460596,1.08020927,1.24419213,1.37517293,41.5419432,96.4807053
0.0707462479,0.239811423,0.457255405,0.688878744,0.912156324,1.11311037,1.28392091,1.42111305,42.3031303,96.3978087
0.00687076352,0.0201315774,0.033179752,0.0432079261,0.049453412,0.0521640815,0.0520089345,0.049759346,4.9174358,99.6558697
0.0413546466,0.135555479,0.249938042,0.364118383,0.466224832,0.550162092,0.613644734,0.656800803,26.914555,97.9104363
0.0723677572,0.245655603,0.469062552,0.707668403,0.938364135,1.14671492,1.32455687,1.46816908,43.0663672,96.3136669
0.0114418306,0.0346107869,0.05889114,0.079174149,0.0935533621,0.101877402,0.104864239,0.103577941,8.08853608,99.4262626
0.0949188789,0.32771561,0.636449844,0.976621307,1.31713642,1.63710972,1.9233393,2.1683248,52.7895268,95.1357515
0.0482534527,0.159701469,0.297311668,0.437330685,0.565393097,0.673648765,0.758660761,0.8198833,30.7959755,97.5574983
0.0967991931,0.334617548,0.650651168,0.999637801,1.34983188,1.67980611,1.97592165,2.23033755,53.5266624,95.0368774
0.0270505193,0.086346865,0.155038682,0.219952305,0.274258135,0.315161374,0.342324152,0.356806215,18.322997,98.6382016
0.0510867332,0.169682628,0.317021822,0.467989263,0.607190788,0.726033942,0.820577797,0.889964972,32.341466,97.4121793
0.0184885437,0.0576294023,0.101043423,0.139980308,0.170438769,0.191254781,0.202855739,0.206467934,12.8218287,99.07126
0.0772950584,0.263463953,0.505141681,0.765244403,1.01889556,1.25026377,1.45012256,1.61397977,45.3321135,96.0575318
0.0876331242,0.301054453,0.581760648,0.888256886,1.19199759,1.474194,1.72331626,1.93315042,49.8276618,95.5178976
0.0149383094,0.0459468014,0.0794935042,0.108668321,0.130562008,0.144568327,0.151307542,0.151963158,10.4605382,99.2502741
0.0789672647,0.269524054,0.517452502,0.78494352,1.04652324,1.28588406,1.49343332,1.66440945,46.0828692,95.9704504
0.064457039,0.217224967,0.411786073,0.616777503,0.811947497,0.985076223,1.12964715,1.24310011,39.2594946,96.7234698
0.0233437466,0.0738314182,0.131351304,0.18463861,0.228114666,0.259732539,0.2795314,0.288685621,15.9747324,98.8259204
0.0400031216,0.130853319,0.240767646,0.350030967,0.447257222,0.526684723,0.586239623,0.626166645,26.1343536,97.9794304
0.0196906139,0.0616184047,0.108463639,0.150852617,0.184401342,0.207738874,0.22120888,0.226036021,13.6106235,99.0105745
0.0308483884,0.0992817677,0.179733507,0.257089034,0.323206889,0.374472673,0.410100916,0.430974588,20.6765653,98.4454982
0.0161175015,0.0498096875,0.0865869502,0.118928523,0.14356949,0.159727891,0.167969505,0.16950029,11.2500844,99.1908513
0.0221222325,0.069733386,0.123644579,0.173222525,0.213292802,0.242041871,0.259618652,0.26722162,15.1897583,98.8877023
0.00800973488,0.0236948665,0.0394287418,0.0518401829,0.0599049466,0.0637971549,0.0642201069,0.0620341809,5.71504373,99.5987081
0.020912057,0.0656873197,0.116061681,0.162028394,0.198808958,0.224813941,0.240293274,0.246462192,14.406603,98.9488728
0.0427108641,0.14028363,0.259178017,0.378341762,0.485414736,0.573963262,0.641484729,0.687984832,27.6909167,97.8411537
0.0858623368,0.294594995,0.568552471,0.866983223,1.16196591,1.43522024,1.67561715,1.87724675,49.0821892,95.6105467
0.0823680835,0.281873266,0.542589444,0.82524661,1.10316052,1.3590522,1.58257628,1.76841211,47.5815015,95.793106
0.059885577,0.20089303,0.379079263,0.565184366,0.740615516,0.894412661,1.02097277,1.11835759,36.9631903,96.9594979
0.0496661167,0.164673592,0.307121514,0.452575954,0.586158766,0.699651096,0.789366808,0.854607142,31.5700655,97.4850698
0.0440714201,0.145036346,0.268484479,0.392695996,0.504819723,0.598079094,0.669748911,0.719706998,28.4631903,97.7716002
0.038662607,0.126199264,0.231710138,0.336146199,0.428601737,0.503642203,0.559398619,0.596226095,25.3540542,98.0478145
0.0806639359,0.275681018,0.529976783,0.805010937,1.074705,1.3222672,1.53773064,1.71605667,46.835252,95.8820142
0.0258077237,0.0821379857,0.14704861,0.20800451,0.258599175,0.296294768,0.320886849,0.333480289,17.5413284,98.7011791
0.0125956657,0.0383305399,0.0656132084,0.0887426857,0.105491244,0.115569365,0.119674088,0.118918067,8.87641295,99.368221
0.0334187957,0.108093657,0.196667299,0.28272164,0.357214025,0.41594932,0.457808048,0.483522559,22.2395821,98.3148618
0.0245768086,0.0779818118,0.139182195,0.196276814,0.243274656,0.277886343,0.300032724,0.310856793,16.7615185,98.7635151
0.0912297492,0.314199148,0.608689837,0.931712783,1.25346038,1.55410956,1.82130945,2.04821794,51.3108773,95.329442
0.0675533331,0.228328276,0.434105351,0.652117021,0.860990751,1.04764441,1.20492608,1.32983336,40.7745538,96.5632781
0.0172963378,0.0536891198,0.093743451,0.1293274,0.156813232,0.17523358,0.185090039,0.187602696,12.0341628,99.1314109
0.0629153368,0.211708746,0.400722383,0.599298729,0.787745019,0.954268176,1.09266317,1.2005838,38.4930245,96.8031334
0.00914029762,0.027263421,0.0457428152,0.0606401662,0.0706545981,0.0758687526,0.0770045778,0.0749998611,6.50185507,99.541936
0.0554345296,0.185065997,0.347532498,0.515654923,0.672458469,0.808191414,0.918108661,1.00083907,34.6586583,97.1887581
0.0841108082,0.288213975,0.555521397,0.846021699,1.13241279,1.39691666,1.62879832,1.82244506,48.3348905,95.7020999
0.0282984348,0.0905852645,0.163107986,0.232053354,0.290163664,0.33438029,0.364224705,0.380704881,19.1021702,98.5749241
0.0295600045,0.0948819317,0.171310928,0.244388953,0.306422484,0.354080615,0.386736143,0.405338342,19.8840628,98.5109129
0.0347051363,0.112519645,0.20520384,0.295690632,0.374483081,0.437088422,0.48221142,0.510500292,23.0127738,98.2494205
0.0360281171,0.11708241,0.214024884,0.309123372,0.392411716,0.459086536,0.50766618,0.538706511,23.8017443,98.1820698
0.0321338637,0.103683136,0.188181023,0.269859979,0.340129024,0.395085753,0.433780608,0.457024215,21.4612435,98.3801879
0.0756263332,0.257424632,0.492889633,0.745665796,0.991473962,1.2149569,1.40725084,1.56412866,44.5737581,96.1443533
0.0660085998,0.222784794,0.42295396,0.634447369,0.836451298,1.01631465,1.16720408,1.28633984,40.0227388,96.6432305
0.0584036978,0.195615317,0.368542772,0.548615271,0.717778491,0.865476846,0.986396572,1.07879263,36.2035095,97.0358852
0.328317099,1.2249598,2.57082609,4.26303124,6.21307913,8.34521867,10.5949679,12.9077897,75.6607227,81.9562628
0.35578618,1.33413072,2.81403969,4.68982901,6.86951936,9.27338223,11.8326238,14.4881945,71.6568589,80.2629317
0.592942758,2.29554631,4.99898547,8.60146934,13.0078635,18.1293302,23.8829867,30.1915791,18.9554329,63.8010378
0.366185041,1.37559908,2.90673663,4.8530464,7.12140619,9.63073731,12.3107469,15.1007871,69.9116247,79.6124964
0.417083529,1.57959944,3.36506478,5.66415125,8.37951355,11.4247114,14.7232186,18.2075115,59.9099016,76.3489667
0.371322454,1.39611326,2.95265444,4.93400456,7.24651212,9.80846317,12.548852,15.4062642,69.0073456,79.2891888
0.398354786,1.50434314,3.19555506,5.36340577,7.91184114,10.7561519,13.8218885,17.0438678,63.8387628,77.5657923
0.386263066,1.4558726,3.08664078,5.17063358,7.61279241,10.3296755,13.2483092,16.3051407,66.2312557,78.3413642
0.610943512,2.36966042,5.17003757,8.91243218,13.503344,18.8551021,24.8855666,31.5178434,15.3104717,62.3743928
0.599632559,2.32307389,5.06248054,8.71683179,13.1915709,18.3982635,24.2542717,30.6824446,17.5710545,63.2745953
0.555815514,2.14313152,4.64825032,7.96572203,11.9978476,16.6542085,21.8512228,27.5117239,27.1621864,66.6471669
0.601891228,2.33237233,5.08393835,8.75583612,13.2537119,18.4892755,24.3799802,30.8487179,17.1113619,63.0958613
0.426222225,1.61639813,3.44812589,5.81182919,8.6096426,11.7543839,15.1686072,18.7837308,57.9075462,75.7481204
0.376356214,1.41623077,2.99772291,5.01353329,7.36951441,9.98335024,12.7833544,15.707377,68.0956894,78.9711204
0.407801733,1.54227609,3.28093563,5.51478074,8.14706803,11.0921798,14.2745869,17.6278972,61.8884605,76.9544194
0.468238638,1.78620558,3.8328177,6.49830124,9.6833152,13.2981358,17.261898,21.5018904,48.1764866,72.9219694
0.513143638,1.96874231,4.24875146,7.24483893,10.8577214,14.9965418,19.5782845,24.5272277,37.3090387,69.7750931
0.428499678,1.62557644,3.46886039,5.84872499,8.66718633,11.8368878,15.2801641,18.9281783,57.4008503,75.5976403
0.615524456,2.3885434,5.21366938,8.99184459,13.6300249,19.0408782,25.1424958,31.8581177,14.4257012,62.0060919
0.523790665,2.01217202,4.34805454,7.42368979,11.1400516,15.406254,20.1390042,25.2620881,34.7363195,69.0079224
0.500378656,1.91674766,4.13003406,7.03132674,10.5211565,14.5088217,18.9117578,23.6549462,40.4079866,70.683898
0.423942808,1.60721497,3.42738736,5.77493857,8.55212617,11.6719467,15.0571778,18.6394966,58.4116993,75.8984316
0.586278263,2.26814216,4.93581958,8.48678571,12.8253655,17.8623555,23.5146649,29.704974,20.3667382,64.3212047
0.452979282,1.7244207,3.69258619,6.24759704,9.29047529,12.7322548,16.4931571,20.501828,51.7913018,73.960849
0.345027605,1.29130758,2.71849215,4.52190487,6.61085015,8.9070865,11.3434488,13.8626058,73.3347281,80.9303648
0.515276985,1.97743985,4.26862838,7.28062005,10.9141757,15.0784249,19.6902896,24.6739423,36.7923135,69.6220522
0.528033974,2.02949612,4.38770185,7.4951607,11.2529747,15.570272,20.3636745,25.556796,33.7162977,68.6997835
0.361018102,1.35498514,2.86063607,4.7718375,6.99602307,9.45277425,12.0725337,14.7954399,70.7933986,79.9363433
0.519528143,1.99477831,4.30826811,7.35200448,11.0268472,15.2419108,19.9140027,24.9670956,35.7643127,69.3160773
0.350442661,1.31285125,2.76653774,4.60630439,6.74079656,9.09101287,11.5889586,14.1764297,72.5070432,80.5951202
0.496110904,1.89938252,4.09042683,6.96016884,10.409107,14.3466215,18.6903267,23.3654667,41.4449741,70.985146
0.530164582,2.038198,4.40762421,7.53108765,11.3097602,15.6527828,20.4767396,25.7051635,33.2055776,68.5445416
0.339548819,1.26953186,2.66997695,4.43676447,6.47989233,8.7219114,11.0965159,13.5472742,74.1361869,81.2681476
0.368765319,1.38590015,2.92978897,4.89368141,7.18418649,9.71990385,12.4301803,15.253981,69.460815,79.4502788
0.479010593,1.82989714,3.93215625,6.67620725,9.96257047,13.701101,17.8102747,22.2165225,45.5884417,72.1795959
0.459522939,1.75090018,3.75265038,6.35491547,9.4585378,12.9742032,16.8216454,20.928908,50.2499786,73.517145
0.504624665,1.93403351,4.16948142,7.10223513,10.6328724,14.6706252,19.1327648,23.9440249,39.3763345,70.3829052
0.534432567,2.055636,4.44756229,7.60313706,11.4236833,15.8183781,20.7037416,26.0031547,32.1857932,68.232502
0.557975655,2.1519823,4.66857851,8.00249834,12.0561619,16.7392123,21.9680774,27.6655556,26.6644627,66.4849114
0.342296863,1.28045138,2.69429902,4.47943717,6.54551252,8.81467557,11.220187,13.7051619,73.7387933,81.0988987
0.560141339,2.16085795,4.68896875,8.03939584,12.1146826,16.8245375,22.0854023,27.8200439,26.1675735,66.3218411
0.613227977,2.37907604,5.19179116,8.95202034,13.5664887,18.9476923,25.0136043,31.6873953,14.8669371,62.190998
0.412461812,1.56100833,3.32314448,5.58969589,8.26360767,11.2588405,14.4993566,17.9181888,60.9024237,76.6510397
0.521661828,2.00348394,4.32817887,7.38787417,11.0834849,15.3241234,20.0265452,25.1146278,35.249349,69.1619962
0.50675289,1.94270112,4.18926924,7.13781866,10.6889563,14.7518863,19.243803,24.0893211,38.8594469,70.2315535
0.395959648,1.49473466,3.17394798,5.32513303,7.85242271,10.6713495,13.7077479,16.8967503,64.3222843,77.720033
0.378855763,1.42622652,3.02013005,5.05309818,7.4307454,10.0704642,12.900237,15.8575541,67.6338862,78.8127044
0.383806845,1.44603815,3.06456837,5.13161225,7.55232905,10.2435488,13.1326105,16.1563035,66.7018933,78.4979716
0.461699087,1.75971139,3.772649,6.39066884,9.51456151,13.0549048,16.9312774,21.0715294,49.734305,73.368993
0.538699659,2.07307904,4.48753189,7.67527933,11.53781,15.9843524,20.9313767,26.3021262,31.1710978,67.9190946
0.463889794,1.76858418,3.79279334,6.42669336,9.57102677,13.1362665,17.0418389,21.2154025,49.2137568,73.219547
0.403111547,1.52343633,3.23851493,5.4395435,8.03011116,10.9250423,14.0493355,17.3371918,62.8651458,77.2585563
0.60638746,2.35088882,5.12668339,8.83356195,13.3775867,18.6707668,24.6307491,31.1805236,16.2083923,62.738548
0.564452197,2.17853156,4.72958541,8.11292094,12.231338,16.9946865,22.3194473,28.1283351,25.1851072,65.9960456
0.421660745,1.59802424,3.40663872,5.73804235,8.49462035,11.5895524,14.9458439,18.4954343,58.9133596,76.0486196
0.45078326,1.71553964,3.67245313,6.21164634,9.23420971,12.6513017,16.3833148,20.3591038,52.3051625,74.1091587
0.457344037,1.74208043,3.7326383,6.31914863,9.40250959,12.893519,16.7120695,20.7864017,50.7648114,73.665186
0.481166842,1.83865041,3.95207486,6.71190988,10.0186597,13.7821063,17.9206045,22.3604238,45.0678002,72.0300741
0.549377727,2.11676663,4.58772564,7.85627816,11.824392,16.401488,21.5039762,27.0548173,28.6572389,67.1284048
0.536568198,2.06436496,4.46756165,7.63922999,11.480774,15.9013948,20.8175855,26.1526564,31.6773026,68.0758255
0.588487555,2.27722454,4.95674929,8.5247766,12.8858067,17.9507536,23.6365912,29.8660177,19.8954729,64.1492357
0.43749331,1.66185114,3.55087474,5.99478399,8.89517053,12.16403,15.7228683,19.5018757,55.3726179,75.000446
0.472543071,1.80365711,3.87247911,6.56930075,9.79471397,13.4588154,17.4804659,21.7866013,47.1452074,72.62623
0.353116652,1.32349735,2.79029732,4.64807196,6.80515085,9.18216592,11.7107201,14.3321843,72.0856726,80.4290587
0.575322953,2.22313673,4.83218077,8.29879674,12.5264969,17.4255546,22.9126156,28.9103297,22.7503658,65.16725
0.579686157,2.24105481,4.87342801,8.37358795,12.6453592,17.5992119,23.1518851,29.2260289,21.7920371,64.831616
0.474711981,1.81245433,3.89248077,6.60512189,9.85094171,13.5399521,17.5908812,21.930492,46.6240307,72.4767562
0.430755841,1.63467197,3.48941466,5.88531216,8.72426759,11.9187557,15.3908975,19.071607,56.8960474,75.448271
0.410142802,1.55168488,3.30213246,5.55239568,8.20557231,11.1758307,14.387384,17.7735497,61.3950051,76.8021613
0.448581395,1.70663767,3.65227881,6.17563295,9.1778632,12.5702568,16.2733816,20.216305,52.8185373,74.2575656
0.391123801,1.47534598,3.13037261,5.24799181,7.73272944,10.5006201,13.4780842,16.6009026,65.2842711,78.0305196
0.59070803,2.28635504,4.97779484,8.56298674,12.9466111,18.0397036,23.7593077,30.0281434,19.4252064,63.9759306
0.441952076,1.67985238,3.59161341,6.0674053,9.0086348,12.3270007,15.9436206,19.7882229,54.352153,74.7026053
0.336771623,1.25850211,2.64542184,4.39370482,6.41371076,8.6284012,10.9719136,13.3882786,74.5282231,81.4388346
0.446371454,1.69770579,3.63204294,6.13952077,9.12137949,12.4890396,16.1632484,20.0732904,53.3318459,74.4062193
0.545091375,2.09922328,4.54747671,7.78354227,11.7091844,16.2337357,21.2736192,26.7518985,29.6616148,67.4469143
0.439738868,1.67091564,3.57138541,6.03134084,8.95227833,12.246042,15.8339403,19.6459293,54.8598482,74.8505933
0.573116258,2.21407787,4.81133481,8.26101143,12.4664678,17.3378836,22.7918633,28.7510624,23.2393279,65.3363407
0.444167808,1.68880211,3.61187717,6.10354483,9.06512626,12.4081788,16.0536324,19.9309913,53.8416642,74.5541543
0.577499725,2.23207488,4.85275386,8.33609631,12.5857684,17.5121398,23.0319007,29.0676994,22.2708281,65.0000211
0.476854452,1.82114677,3.91224984,6.64053653,9.90654715,13.6202136,17.7001364,22.0729115,46.1082984,72.3288012
0.532304897,2.04694174,4.4276474,7.56720554,11.3668619,15.7357739,20.5904915,25.8544699,32.6936029,68.3882375
0.487588148,1.86473213,4.0114584,6.8184096,10.1860648,14.0240111,18.2502639,22.7906317,43.513602,71.5829485
0.542963867,2.09051892,4.52751403,7.74747994,11.6520857,16.1506254,21.1595344,26.6019323,30.162562,67.6044476
0.617812893,2.39797979,5.23548112,9.03155709,13.6933976,19.1338458,25.2711154,32.0285195,13.9907232,61.8212833
0.568774545,2.19626076,4.77034929,8.18674781,12.3485282,17.1656973,22.55479,28.438484,24.2093736,65.6677589
0.483300892,1.84731598,3.9717994,6.7472745,10.0742333,13.8623895,18.0299813,22.5031217,44.551848,71.8817854
0.540830847,2.08179416,4.50750945,7.71135079,11.5948952,16.067402,21.0453222,26.4518356,30.6663247,67.7620213
0.435241616,1.65276481,3.53032124,5.95816258,8.83798024,12.0819259,15.6117073,19.357753,55.8843276,75.1504081
0.331169747,1.23627137,2.59596897,4.30705221,6.28063173,8.44051579,10.7217514,13.069314,75.2890377,81.7820428
0.388715264,1.46569485,3.10869456,5.20963746,7.67325272,10.4158321,13.364094,16.4541477,65.7560661,78.1847003
0.547228692,2.1079699,4.56754124,7.81979745,11.7666025,16.3173312,21.3883983,26.9028141,29.1599562,67.2882834
0.43301133,1.64376775,3.50997625,5.92192434,8.78140655,12.0007332,15.5018155,19.2153217,56.3886556,75.29865
0.381320578,1.43608741,3.04224392,5.09216123,7.49122449,10.1565438,13.0157789,16.0060695,67.1727363,78.6561773
0.347769995,1.30221549,2.74281257,4.56461719,6.67659671,9.00012193,11.4676051,14.0212709,72.9198959,80.7607581
0.584068852,2.25906143,4.91489859,8.44881961,12.7649779,17.7740567,23.3929043,29.5441868,20.8413037,64.4927242
0.517406328,1.98612332,4.28847825,7.31636172,10.9705823,15.1602601,19.8022581,24.8206468,36.2770972,69.4689623
0.489708731,1.87335013,4.03109086,6.85363823,10.2414705,14.1041178,18.3594903,22.9332513,42.9993657,71.4346743
0.511025826,1.96011033,4.2290295,7.20934594,10.8017363,14.91536,19.4672675,24.3818452,37.8224614,69.9266883
0.39352241,1.48496102,3.15197789,5.28623211,7.79205207,10.585221,13.5918665,16.747446,64.8095396,77.8766711
0.570936057,2.20512991,4.79074897,8.22370655,12.4072161,17.2513687,22.6727319,28.5939704,23.7251388,65.5029727
0.333979578,1.24741912,2.62076096,4.35048202,6.34731277,8.53463368,10.8470329,13.2290101,74.9124866,81.6100742
0.498255661,1.9081082,4.11032612,6.99591492,10.4653874,14.4280809,18.8015179,23.5108089,40.9238676,70.8339141
0.466042971,1.77730751,3.81260415,6.46213181,9.62658968,13.2163513,17.1506971,21.3571006,48.7008131,73.0723634
0.400749013,1.51395156,3.21717013,5.40170708,7.97132626,10.8410814,13.9362431,17.1913165,63.350894,77.4113033
0.597381054,2.31380711,5.04110084,8.67797857,13.1296852,18.3076467,24.1291385,30.5169711,18.0332227,63.4522613
0.41938004,1.58884208,3.38591643,5.70120547,8.43722643,11.5073463,14.8348017,18.3517982,59.4115519,76.1984226
0.485440851,1.85600795,3.99158948,6.78276644,10.1300225,13.9430062,18.1398429,22.6464918,44.0338737,71.7327784
0.608683066,2.36034596,5.1485227,8.87328756,13.4409212,18.7635918,24.7590517,31.350347,15.7537747,62.5553302
0.595180675,2.30475287,5.02021635,8.64003414,13.0692611,18.2191906,24.0070175,30.3555185,18.4886058,63.6254136
0.502513241,1.92543659,4.14986012,7.06696029,10.5772896,14.5901114,19.0227765,23.8001404,39.8893029,70.5327412
0.363619434,1.36536108,2.88383548,4.81269564,7.05909239,9.54227221,12.1923051,14.9489318,70.3530025,79.7734647
0.581880351,2.25006876,4.89418536,8.41123937,12.7052181,17.6866964,23.2724661,29.3851835,21.3145241,64.662172
0.508904699,1.95146709,4.2092869,7.17382503,10.7457216,14.8341565,19.3562496,24.2364991,38.3370733,70.0781921
0.414778968,1.5703276,3.34415445,5.62700558,8.32167819,11.3419298,14.6114757,18.0630681,60.4065796,76.4997406
0.604153639,2.34168837,5.10544179,8.79493258,13.3160143,18.5805454,24.5060745,31.0155406,16.65496,62.9163223
0.358413183,1.34459956,2.83742559,4.73097827,6.93298048,9.36335454,11.9529209,14.6422203,71.2270737,80.0991147
0.566593548,2.1873138,4.74977555,8.14948261,12.2893677,17.0793567,22.4359552,28.2818578,24.7005057,65.8336124
0.373829999,1.40613259,2.97509561,4.97359635,7.30773341,9.89549041,12.6655203,15.5560405,68.5563153,79.1309043
0.551542977,2.1256319,4.60807234,7.89306122,11.8826747,16.4863839,21.6205978,27.2082308,28.152522,66.9669339
0.525896328,2.02076769,4.36772378,7.45914238,11.1960591,15.4875932,20.2504077,25.4082014,34.2296994,68.8551866
0.405435191,1.53276835,3.25952361,5.47679764,8.08801245,11.0077712,14.1608089,17.4810311,62.3832913,77.1080287
0.470413848,1.79502332,3.8528546,6.53416503,9.7395778,13.3792765,17.3722558,21.6456242,47.6558712,72.7726701
0.491806131,1.8818762,4.05051915,6.88850986,10.2963295,14.1834553,18.4676972,23.0745776,42.4903973,71.2877177
0.562319147,2.16978545,4.70948307,8.07652687,12.173588,16.9104443,22.2035557,27.9756607,25.6701148,66.1574526
0.493931543,1.89051847,4.07021749,6.92387569,10.3519809,14.2639604,18.577526,23.2180608,41.9743454,71.1384887
0.553690783,2.13442791,4.62826498,7.9295747,11.9405444,16.5706988,21.7364497,27.3606688,27.6537274,66.8063782
0.455134809,1.7331406,3.71235985,6.28291658,9.34576966,12.8118345,16.6011682,20.642215,51.2852017,73.8149843
0.784220568,3.08958828,6.84676649,11.9885147,18.4496357,26.1669242,35.0791163,45.1268404,1.19019373,46.4520647
0.711337398,2.78541789,6.1351842,10.6772597,16.3318191,23.0224628,30.6760959,39.2228104,1.37804313,53.7273303
0.820710849,3.24255276,7.20620239,12.6537956,19.5288975,27.7764734,37.3428594,48.175735,5.318232,42.3425496
0.808355079,3.19070974,7.08426751,12.4278946,19.1620833,27.2289159,36.5720299,47.1365829,3.56750423,43.7772682
0.828603063,3.27569293,7.28420837,12.7984239,19.7639241,28.1275773,37.8375114,48.8430884,6.63484027,41.4001132
0.816653045,3.22552139,7.16613183,12.5795358,19.4082774,27.5963619,37.0892251,47.8337031,4.70199944,42.8190326
0.685980644,2.68004042,5.88970244,10.2268131,15.6073739,21.9513796,29.182661,37.2287346,3.64367357,56.03743
0.744450018,2.92337991,6.45739714,11.2700201,17.2875894,24.4391813,32.6565239,41.8739152,0.029718281,50.5519517
0.737298549,2.8935506,6.38765293,11.1415726,17.0802504,24.1315065,32.2259498,41.2968885,0.154154091,51.2544097
0.797598266,3.145616,6.9783016,12.2317535,18.843877,26.7543414,35.9045391,46.2375445,2.34191677,44.9890803
0.723056616,2.83420046,6.24901191,10.8864704,16.6688404,23.5215616,31.3731408,40.1550491,0.680270398,52.6254105
0.799795228,3.15482283,6.99992955,12.2717731,18.9087805,26.8511065,36.0405942,46.4207349,2.5701547,44.7442479
0.868808991,3.44482423,7.68302692,13.5391873,20.9698533,29.9323389,40.3847131,52.2857889,15.8938067,36.2202994
0.857429831,3.39690571,7.56991359,13.3288692,20.6271034,29.4188471,39.6592174,51.304203,12.8248819,37.7584652
0.768074829,3.02204721,6.68838838,11.6959816,17.9760565,25.4621245,34.0899165,43.7973216,0.325204773,48.15861
0.879565579,3.49015714,7.79012207,13.7384741,21.2948846,30.4196734,41.0738006,53.2188576,19.1360594,34.7036627
0.795403208,3.13641873,6.95669984,12.1917893,18.7790744,26.6577433,35.7687423,46.0547334,2.12503175,45.2323769
0.770403203,3.03178187,6.71120259,11.7380972,18.044199,25.5634803,34.2320919,43.9883036,0.415642339,47.91626
0.718335768,2.81454341,6.20313079,10.8021171,16.5329127,23.3202034,31.091837,39.7787145,0.933405594,53.0720483
0.793178184,3.12709751,6.93481077,12.1513005,18.7134327,26.5599115,35.631235,45.8696517,1.91648094,45.4776666
0.75158613,2.95316301,6.52707512,11.3984226,17.4949802,24.7471174,33.0877222,42.4521253,0.00245053681,49.8411346
0.725424515,2.84406314,6.27203923,10.9288195,16.7371032,23.6227144,31.514498,40.344218,0.567807909,52.3999509
0.704320456,2.75623306,6.06714115,10.5523021,16.1306878,22.7248498,30.2607888,38.6678284,1.90466601,54.3764236
0.765730352,3.0122471,6.66542513,11.653599,17.9074949,25.3601647,33.9469211,43.6052746,0.245560076,48.4014099
0.628089365,2.44038176,5.33355317,9.21022929,13.9787008,19.5526506,25.8508936,32.7971264,12.09789,60.9844763
0.848848824,3.36079668,7.4847389,13.1706141,20.3693865,29.0330283,39.1145027,50.567747,10.7492551,38.8781655
0.746831795,2.93331846,6.48064389,11.3128507,17.356754,24.5418572,32.8002707,42.0666325,0.00971526115,50.3158231
0.659579274,2.57058033,5.63531095,9.76111762,14.8601694,20.8492501,27.6495588,35.1865176,6.98888633,58.3455847
0.875032434,3.47104826,7.74496892,13.6544327,21.1577849,30.2140678,40.7830111,52.8250225,17.7286034,35.3507519
0.688252962,2.68947391,5.91165539,10.2670538,15.6720251,22.0468663,29.3156618,37.4061363,3.40083336,55.8343119
0.871956235,3.45808446,7.71434456,13.5974485,21.0648499,30.0747328,40.5860023,52.5582731,16.8076775,35.7832035
0.801953237,3.16386797,7.02118126,12.3111032,18.9725766,26.9462368,36.1743734,46.6008916,2.80529975,44.5024452
0.772738484,3.04154724,6.73409314,11.7803617,18.1125954,25.665233,34.374851,44.1801059,0.517798232,47.6719536
0.668251619,2.6065062,5.71873578,9.91371104,15.1048019,21.2097855,28.1506617,35.8534748,5.78766437,57.5976024
0.814600485,3.21690842,7.1458724,12.5419993,19.3473211,27.5053625,36.961109,47.6609757,4.40576395,43.0580439
0.699702238,2.73703489,6.02240462,10.4701881,15.9985855,22.5294795,29.9882979,38.3038819,2.29411709,54.7994308
0.826644035,3.26746494,7.2648368,12.7624997,19.7055327,28.0403274,37.7145619,48.6771755,6.29332647,41.6360378
0.818689791,3.23406934,7.18624147,12.6168006,19.468802,27.686731,37.2164737,48.0052876,5.00620664,42.5805365
0.636344586,2.47447526,5.41248128,9.35415695,14.2087362,19.8906381,26.3192231,33.41856,10.6531394,60.3038485
0.644709589,2.50905036,5.49258966,9.50035615,14.4425929,20.2345207,26.7961104,34.0518656,9.26289573,59.6062422
0.681508014,2.66147808,5.84651876,10.1476798,15.4802767,21.7637208,28.9213566,36.8803038,4.14338684,56.4350942
0.695114288,2.71797038,5.97799781,10.3887128,15.8675647,22.3357882,29.7182599,37.9433598,2.71381242,55.216457
0.86402234,3.42466247,7.63542302,13.4506536,20.8255377,29.7160805,40.0790959,51.8721944,14.5582735,36.8751488
0.834327281,3.29974184,7.34084425,12.9034847,19.9347395,28.3828881,38.1973902,49.3288639,7.6891378,40.7029137
0.83621281,3.30766569,7.35951048,12.9381208,19.9910695,28.4671062,38.3161357,49.4891959,8.05499771,40.4706301
0.832439185,3.29180832,7.32215789,12.8688161,19.8783646,28.2986148,38.0785839,49.1684723,7.3320412,40.9341929
0.806235718,3.18182217,7.06337556,12.389211,19.0993045,27.1352559,36.4402525,46.9590334,3.30439173,44.0186644
0.672644852,2.62471666,5.76104888,9.99115386,15.2290316,21.3929853,28.4054443,36.1927926,5.21638056,57.2149585
0.70200823,2.74662003,6.0447381,10.511177,16.0645204,22.6269826,30.1242755,38.4854786,2.09546655,54.5886224
0.841718742,3.33081051,7.4140478,13.0393455,20.1557404,28.7133712,38.6634587,49.9582863,9.17673471,39.7845772
0.706661133,2.76596638,6.08982924,10.593959,16.1977248,22.8240236,30.3991533,38.852689,1.72016981,54.1607669
0.763395078,3.00248732,6.64256074,11.6114068,17.8392546,25.258702,33.80465,43.414237,0.177519003,48.642052
0.878064348,3.48382821,7.77516558,13.7106333,21.249462,30.3515467,40.9774381,53.0883336,18.663274,34.9192858
0.653151974,2.54397375,5.57357095,9.64826886,14.6793834,20.583001,27.2797675,34.694685,7.93963966,58.8938049
0.742071017,2.91345492,6.43418677,11.2272651,17.2185607,24.3367275,32.5131166,41.6816917,0.0604624033,50.7867092
0.638429975,2.48309217,5.43243999,9.39057078,14.266965,19.9762363,26.4378921,33.5761038,10.2994333,60.1306931
0.838067515,3.31546109,7.37787668,12.972205,20.0465096,28.5500056,38.4330379,49.6470612,8.42394434,40.2408357
0.786495746,3.09911287,6.86911734,12.0298284,18.5165674,26.2666083,35.2191281,45.31516,1.35764393,46.2065205
0.761016405,2.99254808,6.61928043,11.5684555,17.7697997,25.1554535,33.6599027,43.2199118,0.119695776,48.8859484
0.847088853,3.3533935,7.46728276,13.1381928,20.3166088,28.9540466,39.0030356,50.4171003,10.3483881,39.1038549
0.88253584,3.50268123,7.81972364,13.7935848,21.3848126,30.5545725,41.2646402,53.4773932,20.0911143,34.2730448
0.777351739,3.06084378,6.7793379,11.8639239,18.2478615,25.8665238,34.6573414,44.5597491,0.753689491,47.1856187
0.845311346,3.34591753,7.4496573,13.1054613,20.263333,28.8743301,38.8905459,50.2650915,9.95201222,39.3304786
0.779656967,3.07048888,6.80195915,11.9057145,18.3155289,25.9672482,34.7987369,44.7498256,0.888714041,46.9407108
0.734923506,2.88364812,6.36450915,11.098966,17.0115028,24.0295317,32.0832991,41.1057946,0.216494984,51.4855799
0.753945702,2.96301477,6.55013254,11.4409297,17.563663,24.8491388,33.2306378,42.6438419,0.0152122584,49.6038605
0.790971369,3.1178542,6.91310843,12.1111641,18.6483737,26.462965,35.4949959,45.6863089,1.72078543,45.719649
0.69279856,2.70835073,5.95559776,10.347627,15.8015151,22.2381757,29.5822139,37.7617839,2.93782485,55.4257557
0.812519004,3.20817547,7.12533402,12.503952,19.2855451,27.413154,36.8313112,47.4860089,4.11587926,43.2990758
0.850591362,3.36812747,7.50202657,13.2027267,20.4216683,29.111278,39.2249511,50.7170361,11.154429,38.6534136
0.727781581,2.85388269,6.29497054,10.9710007,16.805109,23.7235071,31.6553805,40.5327899,0.465620802,52.174555
0.870395581,3.45150861,7.69881301,13.5685531,21.0177323,30.0041025,40.4861529,52.4230998,16.3509417,36.0006138
0.730160582,2.86379564,6.31812466,11.0136003,16.8738035,23.8253412,31.7977476,40.7233878,0.372461387,51.94607
0.732564841,2.87381589,6.34153421,11.0566788,16.9432843,23.928362,31.9418031,40.9162856,0.288604354,51.7141333
0.854037068,3.38262619,7.53622438,13.2662626,20.5251297,29.2661569,39.4436023,51.0126354,11.9800307,38.2050955
0.804116227,3.1729355,7.04248919,12.350544,19.036563,27.041667,36.3085968,46.781677,3.05196003,44.2587588
0.670444236,2.61559392,5.73984947,9.95235005,15.1667782,21.3011717,28.2777427,36.0227032,5.49934502,57.4069477
0.663902169,2.58848459,5.67687862,9.83713399,14.9820112,21.0287819,27.8990362,35.5184987,6.37813204,57.9739451
0.715992845,2.80479075,6.18037429,10.7602917,16.4655356,23.220424,30.9524847,39.5923431,1.07313482,53.2923217
0.855744034,3.38981006,7.553172,13.2977554,20.576422,29.3429547,39.5520424,51.1592656,12.401112,37.9810434
0.788733289,3.10848158,6.89110633,12.0704805,18.5824393,26.3647313,35.356972,45.5005969,1.53357109,45.9637587
0.843528443,3.33841986,7.43198299,13.0726434,20.2099236,28.7944242,38.7778039,50.1127617,9.56295562,39.5564858
0.690518233,2.69888008,5.93354928,10.3071946,15.736529,22.1421549,29.4484141,37.5832431,3.16626951,55.6310855
0.720701921,2.82439479,6.22612233,10.8443831,16.6010137,23.4210753,31.2327439,39.9672037,0.801749982,52.8486593
0.624018019,2.42357767,5.29467469,9.13937664,13.8655283,19.3864699,25.6207675,32.4919555,12.8356834,61.3173695
0.830530382,3.28378894,7.30327197,12.8337823,19.821404,28.213478,37.9585772,49.0064834,6.98039572,41.1666878
0.648910347,2.52642398,5.53286783,9.57390939,14.5603188,20.4077403,27.0364733,34.3712621,8.59415361,59.2528187
0.749197393,2.94319146,6.50374192,11.3554157,17.4255033,24.6439369,32.9432115,42.258307,0.000625470535,50.0801964
0.621977011,2.41515618,5.27519641,9.10389004,13.8088631,19.303289,25.5056143,32.3392972,13.2115952,61.4835741
0.619959613,2.4068338,5.2559513,9.06883538,13.7528991,19.2211541,25.3919324,32.1886201,13.5870417,61.6474158
0.824667873,3.25916621,7.24530162,12.7262774,19.6466656,27.9523798,37.5906478,48.5099856,5.95870165,41.8726792
0.865636072,3.43145886,7.65146812,13.4804908,20.8741688,29.7889463,40.1820584,52.0115185,15.0012348,36.6556855
0.756330094,2.9729721,6.57344166,11.4839091,17.6331229,24.9523348,33.3752271,42.837842,0.0392768539,49.362932
0.758662814,2.98271555,6.59625454,11.5259818,17.7011306,25.0533928,33.5168485,43.027897,0.0737856209,49.1260813
0.657431457,2.56168737,5.61467083,9.72338379,14.7997067,20.7601868,27.5258343,35.0219271,7.30099985,58.5293553
0.775073496,3.05131334,6.75698969,11.8226453,18.1810356,25.7670701,34.5177555,44.3721398,0.631506277,47.4264171
0.679280451,2.65223607,5.82502462,10.1083043,15.4170544,21.6704019,28.7914551,36.7071426,4.40284183,56.6321065
0.651019376,2.53514921,5.55310216,9.61087117,14.619496,20.4948391,27.1573702,34.5319597,8.2660741,59.074582
0.666074514,2.59748462,5.69778002,9.87536889,15.0433143,21.1191385,28.0246342,35.6856838,6.08016756,57.7862861
0.859097277,3.40392498,7.58647699,13.3596557,20.6772575,29.4939592,39.7653035,51.4476854,13.2518089,37.5370115
0.881051906,3.4964239,7.80493322,13.7660473,21.3398753,30.4871595,41.1692671,53.3481819,19.6107038,34.4888524
0.677068031,2.64305876,5.80368532,10.0692204,15.3543132,21.577812,28.6625948,36.5354043,4.66738023,56.8271034
0.876552635,3.47745578,7.76010788,13.6826071,21.2037418,30.2829811,40.8804652,52.9569968,18.1938824,35.1350772
0.781950452,3.08008661,6.82447346,11.9473153,18.3829012,26.0675519,34.9395678,44.939178,1.0345185,46.6957758
0.697419692,2.72754915,6.00030728,10.4296408,15.9333746,22.4330666,29.8538683,38.1243893,2.4988803,55.0073002
0.860766508,3.41095262,7.60306214,13.3904863,20.7274898,29.5691974,39.8715805,51.5914436,13.6869694,37.3140043
0.852338499,3.37547856,7.51936434,13.2349364,20.4741151,29.1897845,39.3357763,50.8668537,11.5689833,38.4267486
0.632200533,2.45735713,5.37284391,9.2818624,14.0931664,19.7207988,26.0838389,33.1061617,11.3696347,60.6464729
0.709001193,2.77569915,6.11252074,10.6356308,16.2647996,22.9232739,30.5376531,39.0377688,1.54452313,53.9443053
0.739662463,2.90340867,6.41069752,11.1840051,17.1487308,24.2331055,32.3681033,41.4873547,0.102440754,51.0232827
0.822711616,3.2509523,7.22596897,12.690436,19.5884262,27.8653828,37.4680913,48.3446523,5.63715824,42.1056272
0.64051441,2.49170689,5.45239772,9.42699023,14.3252147,20.0618828,26.5566521,33.7338007,9.95056708,59.9571172
0.642607438,2.50035888,5.47244589,9.46358219,14.3837522,20.14797,26.6760476,33.8923737,9.60503953,59.7823186
0.646805496,2.51771779,5.51268178,9.53704327,14.5013066,20.3209021,26.9159628,34.2111104,8.92671849,59.4301694
0.683730057,2.67069907,5.86796838,10.1869818,15.5433937,21.8569034,29.0510948,37.0532827,3.8915523,56.2378825
0.674866157,2.63392706,5.78245638,10.0303466,15.2919219,21.4857573,28.5345054,36.3647282,4.93734934,57.0205088
0.999863613,3.99942036,8.99861909,15.9974087,24.995738,35.9935558,48.9908112,63.9874528,80.90061,1.16784868
0.630142296,2.44885763,5.35316919,9.24598867,14.0358364,19.6365733,25.9671447,32.9513344,11.7320942,60.8159275
0.884015929,3.508923,7.83447883,13.8210596,21.4296522,30.6218461,41.3598262,53.6063644,20.5768047,34.0564342
0.999306797,3.99705395,8.99298163,15.98683,24.9783393,35.9672497,48.9533015,63.936235,80.4955889,2.63287439
0.862380602,3.41774894,7.61910329,13.4203092,20.7760859,29.6419937,39.9744205,51.7305691,14.1151887,37.0970886
0.713671301,2.79512905,6.15783462,10.7188732,16.3988276,23.1216558,30.8145727,39.4079355,1.22068311,53.5096907
0.62603212,2.43188983,5.31390398,9.17441676,13.9214919,19.4686375,25.7345411,32.6428155,12.4686653,61.1529132
0.999984475,3.99993402,8.99984281,15.999705,24.9995148,35.9992664,48.998954,63.9985717,80.9886827,0.394018557
0.873504798,3.4646101,7.72975922,13.6261298,21.1116233,30.1448551,40.6851443,52.6925038,17.2678376,35.566164
0.810478522,3.1996159,7.10520657,12.4666718,19.2250243,27.3228334,36.7041911,47.3146787,3.84192477,43.5340645
0.661765404,2.57963378,5.65632788,9.7995482,14.9217611,20.9399952,27.7756456,35.3542851,6.67708432,58.1579398
0.634293701,2.46600266,5.39286077,9.31836743,14.1515173,19.8065415,26.2026598,33.263843,11.0054905,60.4736553
0.867212914,3.43810065,7.66715006,13.5096561,20.9217101,29.8601875,40.2827367,52.1477675,15.441222,36.4399623
0.839921117,3.32325294,7.39623706,13.0062831,20.1019475,28.6329129,38.5499676,49.8049855,8.80170662,40.0098592
0.998438467,3.99336381,8.98419102,15.9703352,24.9512116,35.9262356,48.8948225,63.856388,79.8663774,3.9516243
0.997372158,3.98883259,8.97339747,15.9500833,24.9179069,35.8758855,48.8230364,63.7583776,79.097704,5.12624828
0.655314078,2.55292222,5.59433146,9.68620735,14.7401493,20.6724746,27.4040114,34.8598992,7.6142183,58.7099584
0.998901217,3.99533033,8.98887559,15.9791253,24.9656678,35.9480914,48.9259848,63.8989363,80.2013328,3.31478891
0.997923874,3.99117704,8.97898196,15.9605613,24.9351379,35.9019349,48.8601755,63.8090832,79.4948719,4.55645236
0.999633852,3.99844389,8.99629284,15.9930434,24.9885584,35.9827005,48.9753325,63.9663171,80.733339,1.91349819
0.995570424,3.98117691,8.95516297,15.915873,24.8616525,35.7908475,48.7018054,63.5928742,77.8088697,6.65550628
0.99222984,3.96698486,8.92136542,15.8524747,24.7574188,35.6333065,48.4772494,63.2863621,75.4523149,8.81485132
0.996792955,3.98637143,8.96753518,15.9390845,24.89982,35.8485431,48.7840554,63.705159,78.6820157,5.66307787
0.993605229,3.97282767,8.93527887,15.8785723,24.8003234,35.6981494,48.5696696,63.412505,76.4173692,7.99673122
0.994929854,3.9784553,8.94868106,15.9037131,24.8416585,35.7606256,48.658724,63.5340644,77.3536678,7.12049581
0.994273146,3.97566523,8.94203639,15.8912483,24.8211641,35.7296486,48.614568,63.4737901,76.8886369,7.56759825
0.996194831,3.98382996,8.96148184,15.9277276,24.8811451,35.8203128,48.7438098,63.6502161,78.2541082,6.16860516
0.992927768,3.96994967,8.92842537,15.8657169,24.7791885,35.6662069,48.5241412,63.3503626,75.9411165,8.40965634
0.98725012,3.94583469,8.87101072,15.7580429,24.6022033,35.3987719,48.1430359,62.8302904,72.0186671,11.2915365
0.983514352,3.92997228,8.83325563,15.687259,24.4858895,35.2230672,47.8927246,62.4888069,69.5044894,12.839645
0.980425821,3.91686094,8.8020553,15.6287767,24.389811,35.0779616,47.6860498,62.2069149,67.4655444,13.9907752
0.984274444,3.93319939,8.84093596,15.7016568,24.5095462,35.2587998,47.943625,62.5582404,70.0117674,12.540158
0.989425348,3.95507263,8.89300263,15.7992814,24.6699801,35.5011753,48.2889486,63.0293869,73.5069304,10.2833128
0.988706283,3.9520187,8.8857321,15.7856473,24.647571,35.467316,48.2407009,62.9635504,73.0129669,10.6271901
0.987984264,3.94895237,8.87843236,15.771959,24.6250739,35.4333253,48.1922683,62.8974644,72.5189506,10.9616314
0.985027175,3.93639541,8.84854264,15.7159173,24.5329783,35.2941949,47.9940469,62.6270246,70.5162771,12.2363494
0.981979679,3.92345701,8.81775083,15.6581952,24.4381392,35.1509472,47.7899986,62.3486879,68.4868809,13.423979
0.991530835,3.9640156,8.9142952,15.8392139,24.7356194,35.6003625,48.4302977,63.2222826,74.9646281,9.20280673
0.990840445,3.96108307,8.90731274,15.8261183,24.7140924,35.5678317,48.3839369,63.1590123,74.4847854,9.57055621
0.985776501,3.93957712,8.85611563,15.7301153,24.5563087,35.3294382,48.0442551,62.6955204,71.0206264,11.9262313
0.982750132,3.92672779,8.82553434,15.672785,24.462109,35.1871493,47.8415627,62.41902,68.9966465,13.1338754
0.990132519,3.95807618,8.90015355,15.8126918,24.6920225,35.534482,48.3364111,63.0941549,73.9946432,9.93351934
0.981211204,3.92019478,8.80998807,15.6436449,24.4142356,35.114847,47.7385821,62.2785605,67.9806402,13.7072229
0.960843146,3.83378955,8.60451841,15.2587804,23.7823973,34.1612617,46.3813369,60.4286564,55.3575006,19.7880909
0.962579417,3.84115071,8.62201257,15.2915289,23.8361287,34.2423057,46.496618,60.5856881,56.3746678,19.3444005
0.93598525,3.7284928,8.35449378,14.7911495,23.0158101,33.0060133,44.7394831,58.1941285,41.9595685,25.3011363
0.97256582,3.88350556,8.72270907,15.4801013,24.1456423,34.7093269,47.161185,61.491281,62.4368442,16.5632665
0.965128822,3.85196078,8.64770678,15.3396344,23.9150677,34.3613872,46.6660291,60.8164858,57.8878587,18.6738261
0.967642272,3.86262014,8.67304692,15.3870848,23.9929445,34.4788854,46.8332153,61.0442898,59.4027205,17.988254
0.975759181,3.89705516,8.75493622,15.5404781,24.2447838,34.8589839,47.3742359,61.7817247,64.4523102,15.5694635
0.959099867,3.8263995,8.58695761,15.2259108,23.7284733,34.0799367,46.2656691,60.2711157,54.3470965,20.2237812
0.961709624,3.837463,8.6132483,15.275122,23.8092087,34.2017006,46.4388577,60.5070068,55.8637605,19.5679267
0.953769395,3.80380798,8.53328626,15.1254742,23.5637408,33.8315535,45.9124777,59.7901766,51.3246853,21.5013035
0.970125566,3.87315331,8.69809112,15.4339885,24.0699366,34.5950677,46.9985556,61.2696151,60.9219679,17.2842222
0.971754426,3.88006322,8.71452264,15.4647662,24.1204645,34.6713253,47.107093,61.4175491,61.9307188,16.8064197
0.959973335,3.83010217,8.59575593,15.2423787,23.7554888,34.1206787,46.3236145,60.3500356,54.8519994,20.0066652
0.978105175,3.9070111,8.77862022,15.5848573,24.3176697,34.9690266,47.53092,61.9953637,65.9569911,14.7969
0.978883275,3.91031354,8.7864771,15.5995811,24.3418535,35.0055429,47.5829188,62.0662712,66.460565,14.5315948
0.969305888,3.86967637,8.68982373,15.4185042,24.0445178,34.5567084,46.943963,61.1952125,60.418013,17.519735
0.954669067,3.8076204,8.54234223,15.1424184,23.5915281,33.873445,45.9720373,59.8712668,51.8277401,21.2910622
0.986507273,3.94268019,8.8635018,15.7439637,24.5790658,35.3638169,48.0932339,62.7623423,71.5145308,11.6158199
0.892991268,3.54678738,7.9240211,13.9878526,21.7019633,31.0305496,41.9383169,54.3904738,23.6630789,32.7121891
0.917386914,3.6498252,8.1679697,14.4427909,22.4455724,32.1479075,43.5216973,56.5391469,33.3119877,28.7424922
0.96427952,3.84835935,8.63914613,15.323606,23.8887644,34.3217057,46.6095732,60.7395688,57.3811534,18.8998625
0.920624423,3.66351217,8.20040521,14.5033371,22.5446306,32.296895,43.7330238,56.8261922,34.7352063,28.1736716
0.977329211,3.9037179,8.77078568,15.5701762,24.293557,34.9326197,47.4790794,61.9246754,65.4570415,15.0568219
0.955559397,3.81139346,8.55130522,15.1591897,23.6190333,33.9149137,46.030999,59.9515478,52.3283883,21.08094
0.957342742,3.81895162,8.56926138,15.1927915,23.6741459,33.9980124,46.1491624,60.1124505,53.3396457,20.6536335
0.979653708,3.91358359,8.79425733,15.6141619,24.3658038,35.0417084,47.6344206,62.1365044,66.961398,14.2640429
0.968472862,3.86614299,8.68142259,15.4027702,24.0186906,34.5177347,46.8884991,61.1196265,59.9083629,17.7558831
0.900297467,3.57762772,7.99699439,14.1238596,21.9241389,31.3641963,42.4108395,55.0313149,26.3569015,31.5757079
0.951072356,3.79238043,8.50614463,15.0746967,23.4804792,33.706045,45.7340564,59.5472849,49.8337182,22.1195941
0.958216616,3.82265558,8.57806177,15.2092614,23.7011616,34.03875,46.2070948,60.1913438,53.8393078,20.4409843
0.940836174,3.74902748,8.40322066,14.882225,23.1650114,33.2307111,45.0586152,58.6281728,44.4058729,24.3236152
0.965974019,3.85554501,8.65622698,15.3555879,23.9412497,34.4008876,46.7222305,60.8930605,58.3947048,18.4461327
0.956449245,3.8151647,8.56026441,15.1759548,23.64653,33.956372,46.0899495,60.0318181,52.8315715,20.8688176
0.899096751,3.57255827,7.9849967,14.1014937,21.887595,31.3093058,42.333085,54.9258409,25.9028642,31.7652718
0.885378183,3.51466841,7.84806204,13.8463547,21.4709385,30.683795,41.4474868,53.7251513,21.0296081,33.855844
0.939873455,3.74495162,8.39354777,14.864143,23.1353854,33.1860885,44.9952307,58.5419539,43.9139893,24.5207147
0.944621066,3.76505409,8.4412612,14.9533471,23.2815581,33.4062814,45.3080443,58.9675131,46.3705578,23.5327292
0.925890592,3.68578198,8.25319564,14.6019075,22.7059459,32.5395895,44.0773654,57.2940472,37.1235839,27.2230431
0.974174392,3.89033047,8.738941,15.5105099,24.1955721,34.7846936,47.2684711,61.6375324,63.4473829,16.0703478
0.903841856,3.59259465,8.03242196,14.1899141,22.0320836,31.5263607,42.6405893,55.343022,27.7233989,31.0093766
0.92794882,3.69448806,8.27383844,14.6404613,22.7690567,32.6345616,44.2121478,57.4772205,38.0819565,26.8423508
0.970939465,3.87660592,8.7063011,15.4493661,24.0951815,34.6331667,47.0527804,61.3435203,61.4248002,17.0471507
0.922749206,3.67249659,8.22170045,14.5430954,22.6096901,32.3947648,43.8718694,57.0148209,35.6878844,27.794027
0.973367088,3.88690513,8.73079416,15.4952474,24.1705109,34.746864,47.2146184,61.5641191,62.9390271,16.319593
0.909619334,3.61699913,8.09020735,14.2976893,22.208264,31.7911205,43.0158138,55.8522622,30.035556,30.0633773
0.96343113,3.84476198,8.63059563,15.3075975,23.8624951,34.2820779,46.5531967,60.662764,56.8775926,19.1229887
0.923803455,3.67695485,8.23226873,14.5628285,22.6419844,32.4433508,43.9408046,57.1084829,36.1660761,27.6037218
0.887943771,3.52549049,7.87365094,13.8940137,21.548738,30.8005466,41.6127191,53.9490846,21.8975061,33.4748008
0.976541896,3.90037669,8.76283734,15.5552825,24.2690965,34.8956893,47.4264962,61.8529781,64.9520623,15.3160385
0.933014516,3.71592053,8.32466873,14.7354179,22.9245336,32.8685864,44.5443505,57.9288024,40.5008816,25.8815541
0.92999962,3.70316391,8.29441244,14.6788919,22.8319746,32.7292564,44.3465552,57.6599096,39.0508911,26.4575849
0.932012619,3.71168102,8.31461273,14.7166297,22.8937665,32.8222692,44.4785934,57.8394028,40.015642,26.07439
0.938910627,3.74087556,8.38387502,14.8460625,23.1057637,33.1414751,44.9318634,58.4557638,43.4252206,24.7162646
0.950157486,3.78850452,8.49694003,15.0574785,23.4522493,33.6634962,45.6735766,59.4649613,49.3337659,22.3254372
0.907333133,3.60734089,8.06733564,14.2550263,22.1385143,31.6862896,42.8672268,55.6505814,29.1079857,30.4412331
0.94368375,3.76108478,8.43183881,14.9357289,23.2526848,33.3627815,45.246239,58.8834211,45.8794124,23.7310451
0.911877226,3.62653926,8.1128029,14.3398438,22.2771931,31.8947341,43.1626984,56.0516633,30.9679799,29.6854803
0.924846796,3.6813673,8.24272917,14.5823617,22.6739536,32.4914512,44.0090557,57.201222,36.642927,27.4140846
0.931009777,3.7074378,8.30454861,14.6978275,22.8629787,32.7759239,44.4128009,57.7499612,39.533322,26.26599
0.919553239,3.65898328,8.1896718,14.4833,22.5118459,32.2475819,43.663072,56.7311695,34.2605287,28.3631382
0.93697286,3.73267296,8.36441163,14.8096846,23.0461706,33.0517305,44.8044057,58.2824169,42.4511201,25.1052067
0.947409871,3.77686547,8.46930266,15.0057859,23.3675075,33.5357869,45.4920701,59.2179287,47.8498562,22.9325378
0.928978488,3.69884389,8.28416755,14.6597546,22.8006423,32.6820979,44.2796173,57.5689232,38.5666867,26.6498615
0.910750216,3.62177719,8.10152363,14.3188003,22.2427824,31.8430061,43.089365,55.9521067,30.5005321,29.8747023
