0.221770195,0.930633182,2.05465995,3.25734194,5.57556315,10.6249803,18.4745541,29.0039412,54.16058,61.2479906
0.847237099,2.95920751,7.18265487,14.856993,20.0339425,27.2405732,36.4692396,41.0228949,43.4155957,1.32733542
0.565834987,2.59133521,5.81093786,9.52380913,14.4823499,16.9234375,30.7597296,22.0701813,1.73507103,99.8514985
0.425057517,1.84555952,3.52541768,7.01097733,13.4259753,22.2174183,35.5182992,61.599629,40.0057883,2.07656669
0.565869896,2.47973064,4.96902417,10.1312685,11.8115135,16.8830802,14.1026079,22.3317547,62.9114619,43.3211554
0.347000899,1.14060477,3.19531288,6.86663933,5.77512148,15.5311175,21.9279482,42.0520376,1.79754517,98.7864119
0.38999323,1.72426736,3.19747627,7.08301297,11.7029843,19.6875698,13.5945548,2.44102047,38.5387591,99.4820396
0.54198947,2.49516847,6.36250831,8.52149534,18.6381072,28.6046123,28.645339,36.0811829,25.6926283,43.2264333
0.309810227,1.37868241,2.82660221,6.7578089,11.9722029,20.3816299,32.4496424,24.4745357,76.4606503,7.86557133
0.522306359,2.3449448,4.29596528,6.63592271,7.43922151,12.7306904,27.7268979,47.7373148,27.3352071,53.5801199
0.58804468,2.65175777,5.44105743,8.53968667,12.1221191,24.303983,39.3399336,29.7732767,64.0245768,1.33036329
0.481874495,1.49475159,2.83535833,7.77270022,14.1959775,23.2390473,39.4051442,27.5489618,18.6220516,63.0159455
0.609563108,1.99783435,4.78156684,6.65521864,8.36330596,8.04179019,5.58972685,25.7815683,32.2689041,98.8325405
0.639128113,2.24774835,5.97462004,12.6966718,15.0375502,18.8975773,21.6003901,54.9737595,46.4584603,11.0564508
0.502017953,1.81147883,3.22015227,4.66437355,9.17613904,17.4243556,29.7281253,10.498476,56.2114553,56.7856
0.50590729,1.97508012,5.53225869,7.17686809,8.86614257,11.7358972,21.8277493,41.5329472,77.2408253,4.2062786
0.373088725,1.30275018,4.03195199,7.63956835,14.1332436,13.1953726,13.4741052,30.7347996,43.2135272,63.9596989
0.509820155,2.24332427,3.74562127,5.45897699,13.8712684,19.749856,14.2154611,39.9681466,11.0719993,86.9527156
0.649260291,2.41045302,4.87585818,7.76575267,10.9718987,24.5877682,23.5460245,16.6034347,32.7154527,73.0679983
0.229186319,1.22350283,2.85850096,4.8895983,10.1213086,4.46745718,17.875074,26.8985576,26.7869219,98.0998537
0.782110771,2.69829272,6.38457577,13.8121128,17.9116083,24.0148304,28.3476593,28.2624681,15.3642594,65.3182159
0.480367759,1.48267879,4.23739192,9.13091417,14.7637916,23.1229194,21.6841309,53.8673155,23.8415311,41.6017415
0.481486002,1.48322035,4.76825144,9.42511485,17.4258602,22.8416551,44.7860004,36.3783358,35.3334013,22.0092374
0.240870018,1.39950338,3.45595801,4.63540188,9.63521048,17.3107759,26.1237114,46.9410258,44.7640501,32.780586
0.447087212,1.5139688,3.02764642,7.11839138,9.63819633,19.4390141,9.73395433,36.9015514,67.9683237,28.547413
0.653277635,2.22050482,4.47008021,11.123119,17.6669646,32.6873469,34.0244573,46.0402362,42.7751848,1.54740079
0.658679562,2.40038397,6.42395657,9.75408075,12.981675,16.1691646,15.4664001,46.7600948,19.5881661,65.5211452
0.394894381,1.72393593,4.27919318,8.5027387,15.6257029,27.0967592,24.3944087,22.4901297,52.5664303,36.5363438
0.665198934,2.91565317,7.00542074,12.7021277,16.8476104,22.1587767,25.8158817,24.512224,51.0435933,31.2046908
0.579553437,1.9142989,5.61230962,10.6086536,19.1839078,20.4774855,22.3177465,23.8401313,74.0774365,10.4119307
0.41338432,1.95168796,4.48824055,5.67177517,6.87372553,14.4413731,27.3570944,20.2266973,22.1593964,92.779645
0.703218338,2.71055549,5.34049166,9.84055558,12.8666077,15.6138775,37.6768525,29.3586228,33.1741177,47.309408
0.51342902,2.0116075,4.16645831,6.23416607,7.01771997,5.88663017,16.8377018,32.7290724,58.3584672,50.9249134
0.367553068,1.04729968,2.70934095,5.81844661,5.85210995,14.2866463,2.32797196,20.9388099,39.2902647,99.3274434
0.613114191,2.12119782,4.38124438,6.84585037,13.9889794,25.9689347,20.4137595,44.1374667,60.8792572,7.11950013
0.330567934,1.70141144,4.16657486,7.98070899,14.6066222,24.9545111,24.4091941,18.1447457,12.1324065,94.8369604
0.691721477,3.00429468,6.49750222,10.2338055,16.0556894,20.1245672,44.1937543,47.9338605,39.4259504,3.57594597
0.596590205,2.30364898,4.46241072,6.78686143,15.0480997,12.7694771,33.5459353,19.8393376,67.1711059,24.9711921
0.439950766,2.04909819,4.56984008,9.66560959,10.9698831,11.1670908,25.0476096,6.0099581,47.8111838,76.9319322
0.433794762,2.13065367,5.28235739,6.45757779,15.7942878,13.5805136,22.699099,43.144094,51.0359762,27.7654418
0.549638163,1.97131878,5.53466241,8.29611891,17.469554,16.8963115,17.6452681,9.85545109,26.7247061,96.1124591
0.386390715,1.67563708,2.82570912,3.04751659,9.22319111,14.0445546,24.3003053,43.590792,73.6458332,6.823863
0.59366254,2.22756376,6.18199479,8.29378748,10.9078735,23.1160228,32.2233623,51.0211197,32.744671,24.2580537
0.573724659,1.90523659,3.83165716,8.7510985,9.76844889,9.5982776,23.4105695,37.3519026,5.772989,96.8293618
0.469122359,1.6011048,4.68580188,8.8657427,9.51118427,18.8743404,34.4306242,34.9708329,55.1650972,19.5011431
0.445212915,2.04105667,5.38645545,10.5778301,13.3352883,17.9440341,30.5955906,37.1961278,15.459259,65.8061508
0.324504513,1.29593301,2.08832168,5.70381908,10.6617722,14.8631959,24.367162,41.6571458,23.6576547,68.1934079
0.534690471,1.88839679,4.66459322,6.56527086,7.23076024,18.0042565,10.3609339,19.5468351,51.6343479,70.0658986
0.273373061,1.49306019,3.82083717,7.65444958,9.53759313,8.74715772,22.9770151,33.1063651,70.8570517,24.9836342
0.337050131,1.64120722,2.58418043,6.63629766,5.53928864,10.7839969,20.7392946,13.4477395,47.6048976,81.4421958
0.652593418,2.87947575,5.33954921,9.0421861,12.1992744,19.1161525,20.7840148,32.1589305,80.1337591,1.32677979
0.202624224,1.20468557,3.02727915,6.03451764,10.4517797,17.6022384,30.6675942,21.1137397,51.0364199,49.4481742
0.775602519,2.82166748,6.25424137,10.146765,14.4616521,30.6843756,35.0382648,38.5631039,33.1601316,23.7582933
0.556338294,2.54202958,4.58261891,9.79804586,18.9761847,20.3302967,21.5192375,19.2431907,42.2289001,57.0156057
0.499865199,2.16454799,3.73260294,7.39282124,13.5166382,11.2062462,29.5015417,26.8052973,41.3453632,55.878977
0.720637785,2.51186778,5.4343427,8.93367131,20.0164419,21.0053122,30.0152553,43.7030135,55.5704761,1.29341967
0.565683689,2.66000336,4.67951744,10.6975951,13.5636952,14.9411378,13.333091,30.3886258,16.0302363,92.5704856
0.57393875,1.96049374,3.9028179,5.71509121,11.4244199,21.8174932,34.4380349,23.5695634,2.92552928,95.3711308
0.621895573,2.09651108,6.30226811,8.7481875,11.6214461,26.7334996,25.849184,23.8090987,50.4460392,36.7442912
0.2268033,0.896136977,0.792928195,3.50434711,6.15629194,9.74827652,14.9076767,16.232215,40.4294904,97.8519473
0.510187533,2.08854586,3.66964196,9.56436623,15.5156842,14.3815125,15.5817188,40.740349,70.5130145,12.0774787
0.607312248,2.05818479,4.35605343,10.6661331,12.3045303,26.0106584,23.1760086,28.7800885,7.32364031,87.1247223
0.470465191,2.1987795,5.68353246,7.30859472,10.5585221,22.7258319,18.7971269,39.8348766,35.1537421,50.1717719
0.387442236,1.96153876,4.9833339,6.12259311,7.86256192,18.1502662,21.5436596,23.8886354,64.1790175,38.0137134
0.340692885,1.70841223,3.719176,7.22437739,12.7102678,14.6686208,10.1151821,25.6728817,22.2445074,99.2535359
0.532707804,2.15122925,4.13929381,6.11609774,12.5086882,23.4242563,39.74025,27.4966239,39.9690408,36.9569611
0.386470341,1.98180237,4.24353212,9.4039452,16.8449503,15.0224839,37.128361,27.6812353,71.8101419,2.47990652
0.506719316,2.36569062,4.23274887,6.30524036,14.8928082,25.203058,26.6862715,21.6877793,78.0868546,6.40204731
0.453312652,1.59169857,3.81941449,8.12792883,7.43820274,6.25606137,21.2686899,32.1396369,32.9414141,77.3641162
0.576335621,1.94928233,3.72203931,9.40336569,11.9695516,12.6127875,29.2077106,52.3180249,43.0149653,22.7124961
0.352656978,1.12089296,3.21612836,7.01284194,12.8166028,21.3674179,20.330156,46.4919501,69.9350578,0.629101461
0.440369877,1.44206971,2.37249959,5.94989552,11.7449693,16.427868,29.7537364,11.6183636,32.0428553,84.4745399
0.391331475,1.19229869,3.90041601,3.52441803,7.96923428,14.4148702,15.138339,31.0664649,33.8787313,79.8990629
0.74411856,3.12135888,6.42843036,10.5960725,15.1706395,19.9496207,21.0726241,17.9374018,19.7492869,86.9420899
0.689378906,2.67884788,5.24650177,8.59329576,17.3229252,18.6481734,24.9132414,51.8252772,26.1280219,37.7225106
0.550912086,2.60083485,6.54088811,12.8623854,20.1879516,25.8826247,35.6717961,40.7639946,39.9530447,10.9483904
0.351996237,1.81361426,4.42282286,4.65083204,11.9833408,9.17180837,22.9097676,42.3122714,6.3927459,92.7237763
0.587015018,2.57002133,4.55659256,8.28902726,9.94335486,10.8533656,14.2180704,34.808158,37.0669263,68.5166919
0.604141483,2.37835136,6.39832359,9.32896284,19.5176218,20.838079,23.0493102,31.8364377,12.2106085,75.9449095
0.365533978,1.8823673,4.78467341,7.75009215,14.0757446,22.211761,16.5544781,8.38255214,53.1366455,65.89499
0.523944559,2.48090924,4.57850309,10.0081142,16.615497,18.3091742,34.6958908,33.7295035,48.8901298,21.9219753
0.369778511,1.04738696,3.3475088,6.85998693,12.4856058,16.9022147,32.4878168,28.1160173,5.28751887,93.7113564
0.414778061,1.32883619,4.20758919,8.54953465,7.74435824,17.2211308,31.5946898,39.0949507,30.0933172,52.253618
0.492325329,1.54134528,4.67473105,9.67271684,11.8772852,12.0403204,7.9268283,12.4742732,41.2964596,93.6154925
0.434419239,1.91249973,2.9462709,7.78373549,12.5384463,22.8906125,21.449602,29.2645374,29.2539941,67.4623487
0.566344064,2.53701753,6.20300733,12.9007442,15.7144613,19.9859164,24.1772887,39.487595,28.9606574,46.4281511
0.455347591,2.24000937,3.71790716,5.38063498,12.3587381,11.185685,15.7145729,17.0305208,41.1160154,84.0474545
0.537842035,2.54405376,4.25915173,6.45620729,7.9594649,19.7030847,28.5261271,53.6315436,50.3017947,10.9796621
0.17369396,0.881884237,2.43234898,4.1156172,8.28351009,13.6225596,22.2909041,37.7303718,69.563508,22.841352
0.403646468,2.02565628,4.68599405,9.1604384,17.2388783,27.6425886,26.0808673,48.2265593,45.1709133,11.0741124
0.566459606,2.6094621,5.41695138,8.42326444,10.8993921,15.786961,12.5846702,2.1895666,41.3387658,97.483165
0.574050827,2.43257066,4.32863438,10.9626769,12.7846524,27.4897469,32.1065733,36.3023616,29.275816,40.0554734
0.438130435,1.65559507,4.67929104,9.1715476,9.7054838,19.2974448,17.6643466,46.4330279,8.33513929,80.335629
0.503359414,2.0130872,3.65362461,8.67478633,13.0770893,11.2051041,30.0579844,12.0209622,19.0139677,99.8361864
0.376000547,1.1992792,3.64569889,3.18950958,9.87232951,12.9939253,15.5191162,34.2862722,61.1994829,42.2677085
0.629003218,2.37405374,4.83340677,7.54092647,9.84284982,23.4896282,39.2535494,31.7236855,17.0633856,60.7308183
0.528301389,1.72016726,5.17502341,6.9391875,13.7501525,11.6471382,20.40182,42.8029208,23.1372805,67.9374705
0.51834775,2.18077336,5.76964618,8.23550343,18.0172066,19.8013353,38.9619483,53.4154876,39.6000859,4.29000226
0.439528805,2.03255434,4.93271861,10.2695217,11.1175263,25.0822856,20.2533047,34.3040606,72.7459194,5.04460428
0.329915791,1.69437474,3.35902864,7.68585449,6.00715605,16.9202461,17.3570938,32.5489771,45.4088409,58.2656266
0.527721961,1.71379479,4.45463237,9.85362649,13.1504439,17.7258405,13.8482753,43.4225451,47.7686674,37.1782665
0.28929791,0.866095928,3.09620412,4.2667551,8.98406205,13.6422247,24.1420259,2.52965771,40.5917697,96.4715118
0.716666393,2.77505682,5.62716042,9.32265077,13.4782904,28.4462617,25.6661682,54.0614452,46.0412877,3.18420101
0.489837295,1.82680923,3.14831399,4.95237187,12.2202227,16.2687503,28.483645,32.0026993,57.2783341,30.140511
0.558832362,1.92698671,4.60872879,10.5791459,11.1946541,24.2280668,41.9062603,47.48808,44.7681995,2.41048071
0.517457023,1.70419909,5.09282296,8.8824492,17.4340957,28.1672042,27.9042196,25.3113013,18.8773414,67.7166852
0.466165165,1.82251645,3.34046678,4.20953279,3.65840375,7.37258512,15.7405338,21.8147497,33.6660882,98.8386961
0.736790045,2.74294224,5.68757119,9.54386961,12.9749483,16.6356662,21.5560675,12.8306841,49.8333271,61.4080117
0.342020022,1.72524578,2.77876556,4.92000587,11.0923011,5.78943178,19.7393912,29.3887096,48.283408,64.0615981
0.572278182,1.97911784,5.67854728,7.61023957,10.0867816,13.4420879,30.0826433,12.4239984,56.9127822,51.9600455
0.736759261,2.51292703,5.31835376,8.55139131,12.6407966,14.8160643,16.4221903,44.5522657,60.9350073,18.7344078
0.479372447,1.56201958,4.70240417,5.69157324,13.6066331,17.465828,32.9407723,49.4219508,33.3061244,31.3805925
0.552361317,2.17720595,4.01408731,8.62896918,16.7828278,16.55602,38.7158025,25.1183494,10.5327448,78.1641085
0.384912041,1.95830845,4.41943323,8.95666132,16.3302197,14.9581452,19.5306411,36.5899052,2.50532092,96.2100551
0.513480291,1.70732162,5.12711561,7.40134393,9.37982813,21.7350458,14.4570013,24.8800044,15.5261325,98.7051253
0.678984132,3.06650127,6.15111336,13.3311077,16.8302474,22.2807333,27.4111477,36.2188616,63.7867118,0.015321793
0.666090528,2.25795354,6.68722134,10.4398648,13.8626767,27.80714,27.1981752,26.0643837,70.6629602,3.43177892
0.550370355,1.84809148,3.4412351,9.19418591,8.61555385,12.9654974,27.4607621,22.9004346,63.4414975,36.478439
0.51581824,2.47509074,6.12857858,8.85755001,12.5063333,14.8728056,31.5792543,18.7429829,33.787872,67.1179
0.547285588,2.11145072,3.9397023,10.0143515,17.6389877,17.8913527,18.1094282,43.8587146,18.2697157,65.0568315
0.510931856,2.36547033,5.16600267,7.17089698,15.9337377,18.4261592,38.1494321,40.26332,21.8882391,46.1653008
0.336435069,1.7220949,2.62963584,6.01029211,10.718338,19.257671,11.0593227,17.9564786,50.4534474,71.6068414
0.6374955,2.16294873,5.54388207,10.2825449,19.7838614,26.8949434,28.4723054,28.4726975,46.3522277,26.7591604
0.350350776,1.82214412,4.47509127,7.10625712,14.284198,11.987378,29.6490086,28.6118183,21.4009163,77.487376
0.561122294,2.64642402,5.53832939,11.339649,13.4282309,18.4399373,28.7556751,19.7639207,66.915609,22.5196492
0.445649042,1.60464488,4.80587455,5.33727155,13.3596008,23.4434715,31.6423291,40.1732326,63.1534511,1.94311165
0.544077944,1.93234318,3.68283282,5.07554659,12.3286325,16.3421179,9.12959724,34.3327207,51.2091066,53.7680853
0.479894671,1.97634268,3.42970189,6.46653334,8.20332905,17.7482095,29.8820993,38.2319615,12.1559456,77.5217193
0.371923026,1.66093517,4.11409433,7.88700771,12.5940715,10.5954536,29.4354776,48.0973011,67.3785303,0.366914598
0.494318033,1.58547438,4.94094915,8.70214403,10.8597668,20.1377335,33.597532,23.0415227,79.7785107,1.69564346
0.650467551,2.17168839,4.48242124,6.91378311,11.1167767,23.3543389,20.8751739,12.4217436,59.6284659,49.4910883
0.620655525,2.20275778,4.64903036,10.9688478,20.2775852,22.2782993,33.1760826,34.6435961,21.5912809,49.1106338
0.375918493,1.09476014,1.71909045,5.0026111,8.56988474,13.7994106,21.8505106,24.6865619,19.9888867,98.4023179
0.579488134,2.70709646,4.73671212,9.53378178,11.4023556,21.1219218,18.0810616,50.8153462,42.2920168,28.2877796
0.407255936,1.56009546,4.53412499,9.13392649,14.9975452,14.8878973,23.9572666,27.6269113,61.738215,30.2006688
0.562326235,2.61515549,5.83403787,8.96745194,19.7759793,21.9233488,23.2595435,60.6794121,41.7744791,4.8734468
0.714954004,2.83091532,5.77808833,9.2963766,12.978662,26.2338479,27.3690566,30.6842769,14.2875104,70.209168
0.61646503,2.13577301,5.29218296,9.5489138,12.6277329,13.5616721,33.0480608,37.0826488,65.8978498,5.58507145
0.460878509,1.67938862,4.8764994,6.00039641,6.90674032,14.104243,19.4758849,3.96475437,41.770257,95.5136937
0.636226327,2.31072105,6.3756615,9.08778041,12.4083532,14.4284145,26.4288295,36.6355385,46.9461373,35.0122526
0.474748958,2.16905071,3.67181092,5.15929337,12.5410543,20.9755542,19.4659301,48.756741,41.3617805,34.2795506
0.424535426,1.31330184,4.3620864,4.63120701,9.29689597,17.6784519,30.6823123,23.2756121,34.1378065,67.7189272
0.687845791,2.33155816,5.11696445,8.07805959,11.9271888,17.2859937,13.6868291,43.9487305,3.06271462,92.8660932
0.563661941,2.67772153,4.64699728,10.8703251,20.1282216,21.5703894,47.307613,40.884439,40.258946,4.90892567
0.431581861,1.99476062,5.26380933,10.6921657,11.555741,19.4011692,24.3303049,25.9047236,45.6126774,48.370381
0.607548515,2.86778948,5.02927245,7.97601178,15.6284416,16.4046191,24.4153944,34.3496696,24.7965276,64.2664064
0.71545995,3.05512345,7.2800115,11.4202393,18.7970436,23.2200851,28.2744076,44.3327285,32.6114289,26.2275688
0.433552247,1.38054169,3.88599383,4.89012146,12.0884785,9.46097895,3.90978755,22.8694979,41.5626497,91.4496385
0.732620469,2.58569208,5.30436474,8.961402,13.7397995,16.9293739,33.9099018,59.1547835,42.6297184,3.39790899
0.528124361,2.44942247,5.68112413,7.96756565,10.3236856,11.1653918,19.9959979,19.7677516,23.7907919,95.832366
0.592830891,2.53404711,6.55019497,11.0777139,14.3068232,21.0121308,42.8062817,38.6338004,28.5456952,30.0113342
0.605995119,2.22009389,4.50599876,6.67091146,15.345427,13.2696023,17.638824,13.7086543,55.39747,62.3549199
0.434555496,1.79495853,3.33313552,7.53298199,13.3857471,11.5536448,29.9592779,52.077311,20.178831,52.4604203
0.388456992,1.66225904,4.57979589,9.28217951,8.94826463,9.47113485,26.1484625,43.6713397,46.1325102,37.5112405
0.243327794,1.26912007,3.29867747,5.86692307,3.45255117,12.4519896,20.4261292,29.6099955,24.6352095,91.9826745
0.470874425,2.23456095,5.55230896,8.5069229,18.1875414,28.8751253,35.0430108,33.8028819,58.4850769,0.0383439008
0.42147223,1.89017232,5.0177315,9.86539769,11.0320456,11.4244141,7.74417808,33.7460125,63.2115369,42.5595667
0.40015933,1.89075546,2.73809826,3.30530997,5.38494947,12.7879614,12.6730999,25.6601038,50.6639643,71.6901759
0.410188105,1.36578273,3.42346679,7.01218605,10.4666377,7.04042844,23.0349687,8.77079582,34.1248955,99.92171
0.441876176,2.178982,5.48336949,7.25181849,9.8484196,20.538684,16.4366276,46.1605027,57.7086186,20.0489403
0.369489222,1.70918682,2.74326335,7.10652575,5.42963215,16.1309613,27.4209402,33.1703415,61.6954362,28.9511088
0.529193569,1.67364234,4.70310019,9.98014655,15.2490597,16.5651495,36.490351,28.7987175,35.077696,46.083935
0.371140086,1.81404335,3.99080331,8.71477612,9.16249153,8.11845093,7.43066595,25.0655594,50.6205928,74.6117452
0.485348032,1.51476045,4.46345548,5.18622008,13.0347231,22.5714929,16.0851077,42.1576037,25.4793338,63.2847145
0.519240186,1.77355189,3.23094143,7.42095016,7.66151135,16.2475204,13.7289322,36.5586836,22.9755079,83.8424806
0.517392951,2.23848471,4.09189376,6.40626607,10.2092482,21.0861375,12.1231532,42.4001456,78.42649,3.7601836
0.607011335,1.9964979,5.34127265,11.0659328,13.7270653,16.4331708,18.9118293,16.1396767,38.0168031,74.740799
0.495497941,1.72735952,3.17813187,5.04413176,11.0301754,6.8571307,18.8140987,27.1068349,21.3843992,99.1046532
0.413012807,1.93026047,3.87648934,8.86897541,8.68228637,21.2306261,27.6287415,13.676765,40.5610278,68.4696032
0.595269053,2.74993377,6.92014062,10.1345241,14.2254893,18.4856056,38.0118114,28.9387242,16.3354121,63.7831926
0.528186235,1.69028131,4.17245977,5.62943674,13.9040167,23.199717,18.2930857,13.6900224,28.4406847,89.133061
0.691475632,2.33179158,4.98690111,8.07830377,11.8986568,12.3307317,30.2197903,29.7467251,13.6467532,83.9720157
0.434769541,2.04076595,5.21903069,9.91274674,10.652492,15.8817956,31.6338287,51.7523914,24.67985,40.7152766
0.590147979,2.2607176,4.23663326,8.98184902,17.325683,20.2417757,22.2559349,14.5985498,67.1923979,33.128996
0.730299541,3.30248155,6.19415455,10.4939937,17.3340663,20.6950823,29.6773759,28.0986517,32.3571133,48.540991
0.511672808,2.29322747,3.83396244,5.62975538,6.36465912,17.8061791,26.1989856,27.5246252,45.8033515,53.5173804
0.3431222,1.61684918,3.99363143,8.17455185,14.7951789,16.6199286,25.3416538,38.7959105,38.6379188,44.0732716
0.339777388,1.78206939,4.5359094,5.67307741,13.5246085,15.5809537,32.5463738,15.5187627,55.6213855,46.0869533
0.460394226,2.28153991,5.13595382,7.30951208,16.4427847,15.7527279,15.0167068,28.0987173,32.2179488,73.389239
0.489322443,1.57002298,4.91966559,9.76483715,9.84742392,19.2320359,25.0923877,53.7530101,52.8608604,8.48093066
0.569056282,2.42491778,4.27010407,6.4379701,9.86761902,16.5746806,30.5162558,31.5938099,79.4372592,0.0890242402
0.530117826,2.52973885,4.30541678,7.67695749,15.1577914,23.6986794,21.8889305,33.4655583,49.953028,32.12087
0.55925076,2.65173009,4.77249726,10.5079025,13.4870934,19.9576522,23.4604909,47.1904157,61.5421528,2.15708413
0.400590298,1.207953,3.68101192,5.98937329,11.4125524,20.0743656,11.8708107,38.920841,8.39733064,96.4132295
0.665320413,2.24180737,4.67956026,7.28304242,16.2054731,25.2886327,27.3498679,28.5680828,33.1548311,50.6474987
0.444975476,1.40906156,3.14254249,7.776462,6.70762676,17.8278407,28.3042958,47.6580197,66.6628305,1.77106983
0.517294689,2.3301757,4.55606134,6.96721106,11.6242083,10.8619364,18.7039338,32.3938872,67.8497462,28.8568089
0.526842836,1.88478241,5.2869808,6.66084399,15.7510801,22.4746425,24.0116794,28.6824778,6.62488888,90.2604045
0.383305109,1.2803404,3.76452882,7.86051431,10.59577,9.59473779,23.961982,22.0993162,58.1982196,50.6749791
0.413777822,1.7877837,4.84101594,5.38386655,13.8067372,23.1498904,33.5428713,33.0685609,20.8178583,60.4100561
0.711075315,3.10982643,6.0883337,10.4348922,18.7926577,29.6557203,38.2741408,39.2079514,46.928722,0.238954742
0.569149702,1.92691928,4.13006314,9.63607249,9.93613473,19.2319967,18.8423056,7.07325635,30.4426013,97.2138026
0.510299507,2.41377798,4.35872858,10.5743575,14.1502705,22.9676157,28.4870458,62.8898115,39.2348655,3.6830225
0.591309846,2.56491921,5.23976576,8.17967455,17.7878709,17.2339348,33.9201124,23.0301115,77.8290144,0.0590366777
0.366833484,1.88488213,4.76404545,5.36752074,13.6252328,22.2553344,16.2897753,28.4818602,50.28057,48.0735541
0.270198812,1.33575818,3.18931602,2.50273859,4.47111652,10.7642426,17.412138,15.034218,40.2100229,95.8347783
0.561422779,1.85589744,4.39075623,6.57476716,7.26399898,7.25805336,19.9211217,15.5330798,49.4821926,77.0928346
0.596830103,2.68342703,4.89975922,7.98559005,15.4210748,28.7134168,39.9753465,36.9223308,38.0732244,18.7369992
0.491704973,1.52413584,4.33172582,9.10769897,15.7775565,19.55246,25.7553534,15.8914507,41.0406768,62.9299854
0.440025665,2.01653928,4.10315759,9.09912852,10.1631251,21.1340167,34.2767848,22.2188204,15.3013106,81.3481959
0.37819422,1.77459911,2.98953897,7.21223952,12.5269099,21.9840102,36.8611108,40.6020027,29.9534063,39.0618802
0.492988177,1.61313048,5.01915851,9.44869288,17.3924311,30.4970966,29.7322183,36.9875028,29.5890769,36.7828787
0.780189988,2.90871909,6.06354443,10.6926201,15.1565797,18.6996735,37.4968742,32.8030625,54.3188494,11.4265215
0.529478988,1.85129563,3.42468397,8.87441596,13.6032044,24.9296223,37.3138145,28.4645044,60.9883814,9.10690162
0.650178267,2.20604212,4.63194088,10.9124996,12.8522711,27.0188532,27.6734163,31.2992553,56.0875521,17.4543906
0.52837298,1.67247201,4.61607042,5.71630944,13.28558,22.5015383,28.6613722,17.2964339,66.7588249,27.7380005
0.606542365,2.30033686,5.0825078,10.9600251,20.0893544,24.5730698,26.8831231,48.0414766,33.3009518,23.1930397
0.484157518,1.53086904,2.80614952,5.92959418,9.97148422,19.4030192,30.0356247,50.868499,46.7786608,18.2265562
0.55689352,1.92357906,5.44750481,7.33270184,14.0452839,12.8562191,10.5100279,33.1174146,15.1197874,97.271054
0.400419707,1.37189735,2.17141598,4.08534989,8.35209791,3.28573414,13.4645476,22.0657293,43.4854799,90.2955713
0.631021959,2.16271139,5.41161352,7.61792042,9.96027635,19.9175404,13.9030619,31.0986227,71.0110099,23.4663415
0.661010259,2.79821323,7.4480335,12.1894292,17.2476119,23.6409297,27.074561,58.5016235,40.709058,1.42214187
0.763308806,2.8547637,5.80069188,10.0273174,14.5595888,17.2470265,18.4429525,26.2491783,60.364605,33.5385605
0.314276025,0.897979151,3.10261818,5.87285558,4.84403463,13.8944444,9.13749711,26.2943928,51.9122643,71.6249065
0.434226993,1.62453938,2.73810512,6.74111667,12.9525316,20.6072109,19.62484,20.2138257,62.3665923,41.8335113
0.617514157,2.48167317,4.9196386,7.76574434,9.76106879,22.0772182,20.6098373,48.5744437,15.4291515,63.0452277
0.509260157,1.77917351,5.20794741,9.19127857,10.3727707,24.429495,41.3285783,35.0035615,26.3479098,41.6497118
0.446286829,1.51289639,3.8155677,4.56107549,9.25866133,12.6340374,25.2312218,40.222658,42.1153902,48.155658
0.28359348,1.4797722,3.81974049,4.93322219,11.0311314,16.1095205,20.5051991,16.2580761,31.9784401,89.5738997
0.439531327,1.96087767,3.3088936,7.81197344,6.74059555,13.4980639,11.4102496,17.8172354,32.9138054,98.7731327
0.569670012,2.61930749,6.38397858,9.56058565,12.5862964,25.3693994,22.6613941,19.3363991,13.1011501,90.9158841
0.401666406,2.01786535,5.06946833,9.46864925,17.698282,16.829978,22.6001465,52.7728157,54.5065305,6.35098084
0.508861897,1.68528337,5.18802769,7.09237105,15.6321619,21.6937271,17.4592194,34.0219655,77.7941958,3.60538406
0.346805002,1.15594791,3.48496852,7.17230101,11.3264854,20.5495798,25.6655495,33.3059638,57.1145692,27.9864943
0.580468249,2.62595216,6.67048249,10.2364239,14.2137239,28.1255153,31.4030916,36.0937848,49.1528531,13.5321531
0.606978676,2.00579238,3.94399481,6.75072764,12.5966785,14.934223,27.0729524,52.0776363,61.2703954,1.65127246
0.442163429,2.21173913,5.48304581,8.29656552,16.1886716,18.8742113,24.6464376,55.8831318,31.0778174,29.1013171
0.634267407,2.12180738,5.69742717,8.35656164,10.5501457,21.1295336,39.3434332,26.8300492,50.5762354,25.5637796
0.579623192,1.88330834,3.76521582,9.14160057,9.10295635,21.75919,19.0469647,29.6244417,53.3264108,41.3502124
0.525797265,2.02485707,3.82132545,5.62959239,7.22362977,16.6529534,17.5340094,40.6596037,56.1058954,34.7993891
0.345214745,1.79014751,4.49922456,8.78523563,8.56766797,20.2169093,35.4666146,19.4639949,53.443276,38.7380673
0.38066618,1.91487048,3.94682882,8.85767912,8.18618114,20.6573319,20.0855896,47.1234757,25.9303348,55.9897671
0.399152695,1.22161226,3.48392327,4.84296351,10.8309621,19.0583944,31.8558044,48.3507961,20.9880533,51.6572547
0.613120545,2.12759266,4.35242209,10.8759219,11.9350624,17.0608894,26.7425904,41.1303513,31.9392452,46.4464395
0.478970609,1.57079045,4.66956988,9.46747224,10.2045542,21.3940344,14.6514109,20.1375908,36.9522036,76.4364655
0.531518744,1.80278906,3.49530095,8.3154867,7.67706525,10.1362176,23.0784215,41.1956231,67.2384281,18.6520303
0.347390933,1.2329619,3.67390679,6.94432097,8.99372249,18.0117461,22.4994621,6.05030074,49.8449623,76.0396926
0.503135721,2.39176574,5.86319116,8.7846799,11.0553965,15.1131637,33.132061,55.4179165,45.8777174,8.86072107
0.595549044,2.24744502,4.37836812,10.4228284,18.0012735,21.3365972,23.308149,20.5675822,19.2506476,81.6998413
0.551249698,2.5813918,4.48057652,7.08480262,15.5986874,21.0022879,35.0808533,43.624842,56.0740985,1.37084699
0.555210533,2.03601888,3.93480782,6.14549333,14.2607712,20.622031,31.4544921,18.8229719,29.3926365,69.8960237
0.48419473,1.52109815,3.90779177,4.53847949,11.341315,7.78431583,21.5716698,36.1995337,69.7248372,24.9775176
0.646485298,2.22828907,6.21762535,9.00510127,12.2204749,15.0470783,12.6987139,32.6906104,46.0449313,54.5646609
0.377244576,1.44955924,4.2487224,4.80786604,10.8166405,8.32811231,23.2710784,12.7688543,48.9541343,76.2835222
0.326873673,1.57730174,4.12010098,8.21924073,8.98919211,19.5013398,23.1003185,30.2842885,10.5409113,92.8493411
0.6769258,2.51777372,7.09811859,10.3764087,22.2247704,25.8177023,30.5733658,33.1246969,54.01998,7.2077462
0.618418999,2.44451896,6.78206587,10.1324555,16.7306238,23.2641202,26.1062543,23.2876693,34.0242443,54.9734625
0.618713102,2.19405899,6.1495177,11.476931,14.1268385,17.2987273,17.5244368,35.3916729,69.620827,12.4700645
0.433738362,2.11267891,3.23650201,7.10085423,12.6788081,10.9677976,28.6426176,28.7200793,74.8516106,14.8033333
0.59414206,1.95964541,5.99095115,9.60648215,11.8896247,21.5771204,18.8438303,31.9616372,21.7891701,73.8399262
0.272381361,1.51700163,2.0914511,5.61219162,10.5512564,11.8439803,10.1323482,14.540943,42.7569787,93.6692594
0.448635385,1.39233333,2.52421343,6.70002978,12.5938164,20.4174284,19.7932432,47.0725893,31.2243036,49.3976614
0.407952993,1.86365826,4.89271154,6.84029162,9.59786977,16.7129132,8.3761399,35.15034,34.6260671,74.2702307
0.53756306,2.55336315,6.21282062,8.38039338,18.9697002,19.3546155,43.3693309,35.4805487,52.8032503,3.38155292
0.459885111,2.01703353,3.60509506,5.20751513,6.01467096,11.9716218,21.1010513,38.2440043,8.85995598,97.9663142
0.33765821,1.09282163,3.16665723,6.8265172,11.793692,8.59777044,20.4141304,36.8121654,8.93934638,99.2813324
0.626308677,2.18853318,5.81094689,12.295313,16.6858598,21.0362539,38.8833538,36.5260048,53.3118314,3.97070297
0.30102395,0.803037523,3.01429473,6.0349135,10.7098374,10.1541921,24.6361713,41.1097635,48.4287751,41.6767569
0.257312095,1.29315588,3.19492926,3.15389044,8.60635783,14.5118016,24.2987822,39.2685869,9.6936723,91.3616527
0.272746611,1.02780212,3.20117602,6.16731872,10.9757176,18.5757467,9.42085603,28.3825911,32.9074005,83.4512229
0.289013493,0.810894007,3.02207986,6.01482603,8.87213088,4.89003451,16.2233124,26.4575852,50.7628249,70.541791
0.487376433,2.39262791,4.57684413,10.5483534,13.5288988,26.7303826,25.6985031,22.744468,29.0001396,63.3744856
0.540270603,1.76525392,5.17928968,10.2002285,11.1867517,25.8813585,25.2251521,41.8788975,39.2885837,31.4112227
0.515133536,1.62735228,3.21011028,4.07909123,9.32888676,16.5540446,15.3660776,17.7566823,30.4244995,95.934495
0.65244752,2.21312002,5.7522855,8.5121978,11.5617336,14.5967969,30.9734961,44.1532064,16.1466948,60.9329923
0.372020172,1.7013702,4.39388698,9.03811116,14.6781214,16.6770855,21.9965064,9.24273451,32.2041479,89.0562606
0.71173305,2.71937155,5.84817856,9.18151699,19.5456969,22.8281001,25.1976971,25.9550608,70.2967576,6.98997812
0.643573287,3.01636793,5.43945334,12.100953,15.1034596,19.6074817,29.3694984,44.1677886,40.2693881,22.8548989
0.55368723,1.77450702,3.36608823,8.97311312,13.9237112,14.7132457,11.4780707,26.0257356,28.5576916,86.9493343
0.61461055,2.08403096,6.2743615,11.8489487,14.2514198,18.5922119,20.1910098,13.7671289,57.7393766,48.3126601
0.2959603,1.62820995,4.04921092,4.26942479,10.2972015,8.28007256,22.9459898,36.0657614,29.1705994,74.8049522
0.555392008,1.96567835,5.48931025,8.01969412,17.5157527,16.7907052,25.8445807,22.5576391,50.9039001,43.2717892
0.706666592,2.65788801,5.66920405,13.1502279,16.9882494,27.5767179,31.2268504,35.0735864,25.3960632,40.8641382
0.401599282,1.98740868,4.3454163,7.32374832,14.2929833,25.3730908,39.9581929,39.0864168,46.5313812,11.6574374
0.669394063,2.48635326,4.95978634,12.0678721,14.2873725,21.6461971,25.9689618,28.3063379,43.1572744,40.9203
0.393221919,2.01058003,3.27273754,8.10228793,13.8368104,11.994163,16.6599025,37.5070139,28.2381378,72.0438965
0.293205597,1.59465704,4.02465816,7.92657395,11.3386496,21.1376516,35.0845131,49.3634068,54.1421651,1.6204739
0.649333247,2.15498133,5.13493655,11.8630007,14.075983,16.9216062,32.8776759,22.4966645,13.3519049,82.1154925
0.343044397,1.73588,4.3614472,5.17254598,11.3373991,20.4304436,17.2208561,35.5452946,70.5896739,17.7004817
0.360463051,1.76072457,4.41131856,8.72046148,15.1960474,14.2962536,34.6677571,54.3380032,38.2293884,17.7135781
0.380197389,1.22036477,3.84370386,7.44613529,13.4685298,18.8881502,34.7391435,24.6314098,40.8846769,48.1554772
0.437451718,1.56277667,2.80891855,6.57725611,12.7311428,8.04630476,12.119239,32.5292623,61.064475,47.8430785
0.354419175,1.83876056,4.6061448,8.17084219,15.1809746,22.8642999,22.3052438,41.3560251,19.1272135,61.8914214
0.578980256,1.87373286,3.65840582,5.3188713,9.12072057,10.4441897,14.4498482,31.0904371,39.3245398,74.1162143
0.450073353,1.36554714,2.46599298,5.7747311,4.80015597,14.0936642,22.4393033,32.9749569,30.0715268,76.6675146
0.587858776,2.58270505,6.76814818,9.24802839,17.7811231,21.6769317,22.5840563,39.4910479,41.5654913,31.4591593
0.585134507,2.66243451,4.8360745,7.68769637,13.7517544,14.838723,22.6850394,11.2786847,37.0356604,81.3156876
0.457754058,1.91629815,3.11444632,8.40695975,12.67845,22.6333587,20.9841659,49.9408994,53.5424918,13.2114842
0.743853638,2.58483018,5.5796863,10.4559396,21.1102001,23.497474,37.2882516,36.4867167,36.3671734,21.7654287
0.564789357,2.64364214,4.66191154,7.05911069,12.8242762,20.6879583,16.3672096,22.4354447,18.5065502,93.8204031
0.201537226,0.749825788,2.49341743,5.09135854,9.07387017,12.3043184,21.1738849,21.3886622,34.6320273,86.117191
0.56163178,1.89759836,5.2981711,7.23042424,14.6340848,23.7666247,27.8552134,57.5446906,44.3043282,5.18323179
0.544619005,1.76178849,5.15675255,8.82492308,10.0281847,9.82092249,22.7908099,27.0839374,42.7480108,62.7160271
0.249012854,1.37471974,3.31386007,5.70707092,11.3434879,18.0915587,10.1494287,28.3962089,59.2350984,50.3478674
0.512100134,2.25276442,4.32682545,9.00300066,10.1420339,15.3069998,23.4467248,29.7142153,23.4758148,78.0470049
0.673596812,2.52687826,6.07027152,8.92497092,12.2499499,22.5640611,23.1797428,41.3178514,29.5946394,47.3207826
0.522484076,2.53225953,5.53493013,8.34504243,11.2243286,22.16479,16.4590212,7.56261682,50.8835695,69.8634796
0.604171887,2.19474473,4.83002225,6.90538683,15.7316566,15.7431074,25.2876342,40.3203578,35.8066979,44.757135
0.449815252,2.16500123,5.05162938,10.5229239,11.6059852,14.0080256,22.9374432,42.2555351,55.8744508,22.6548829
0.58748033,2.67574224,6.09521824,13.1750885,16.5344289,21.4975281,25.6791668,24.7654618,10.1713676,83.108718
0.4838364,2.32255431,4.5307379,6.52653397,12.7602686,13.9394979,26.4051901,30.4420972,4.44449802,98.4833377
0.581873112,1.89622641,4.55201479,8.04207194,8.72338157,16.463528,30.8061939,13.8892302,30.4212964,81.1362082
0.430717014,2.00470409,5.24457384,10.576784,15.3008466,23.9393527,30.8501579,24.2509876,68.1471562,9.1734062
0.541725866,1.76768369,4.90846489,10.0833727,18.1818384,18.2468272,24.7418665,40.1690741,43.2523457,30.6561226
0.452391622,2.14555522,3.50855168,8.85066515,16.1986691,18.4115841,31.4161315,21.2609062,52.6602941,37.5300503
0.486843662,1.6826372,2.96392449,5.78854909,11.9871832,18.6007378,22.7656793,27.6263138,13.6081725,92.8616923
0.313428839,1.61893131,2.06772991,4.05833097,8.13701108,10.1581715,21.2621969,34.9683619,67.1874504,32.331661
0.369433547,1.7560351,4.39282356,4.9153377,5.95362821,13.8235157,8.26516073,18.7433716,44.9019603,88.0584832
0.458999909,2.27467343,5.67898953,8.70066173,10.6551011,11.9628806,18.9796815,43.0703218,41.9084285,46.1503914
0.593749248,1.98256062,4.87884472,6.59135533,9.4375842,13.9594304,29.4732141,35.7764797,53.1340817,31.0919431
0.504144249,2.31392068,3.98523754,7.40303973,14.955998,26.0840149,22.2245584,41.6401555,28.7585019,47.1362019
0.384697033,1.70478484,4.1347914,5.09417477,7.92312201,16.8474138,28.8982872,29.9957165,76.2950796,11.0072821
0.374213642,1.44157145,2.86539766,4.36771359,6.3652632,13.6828924,23.9886475,25.0289138,56.0443112,52.4002369
0.457275322,2.14789787,4.62020573,5.9650104,7.13209702,16.4998533,6.85953285,30.4019958,22.5076877,98.7418526
0.414650417,1.34709806,2.73737687,7.10337987,13.0348145,12.8677633,17.8060861,37.3134895,73.7730669,16.2907388
0.560627043,2.49538828,6.49728986,9.1380678,18.8968897,31.1516816,37.0425181,47.0458352,40.2691824,0.827051653
0.47049846,1.81396578,3.96538499,9.2938871,15.6019005,19.6237173,28.2301264,40.0192776,66.4354314,0.79519446
0.496890113,1.58026296,4.68953325,8.60364718,9.68737011,13.5270688,30.8351791,23.5121133,8.59565116,98.6981568
0.557607746,1.91045653,4.05401374,7.39453371,15.4382847,14.2918608,16.2433308,3.98080599,45.6689527,86.4936786
0.380001776,1.5395995,4.3881629,6.00071601,5.82132559,16.7519356,20.8644796,41.0831265,22.2745544,73.9292514
0.316333112,1.44208013,1.85884487,5.50256765,10.077517,17.6577098,29.6891574,47.7610458,61.4555881,7.15528634
0.568529636,2.6133553,5.14801177,8.29541484,17.9547602,17.2918394,17.7219602,30.5340387,73.6710085,12.7741226
0.558264185,1.97073216,3.7759239,9.43192678,15.0620072,23.7521628,32.5047301,48.542116,37.0986125,19.0760206
0.508871035,2.32867939,3.98366725,8.66788766,9.31005207,20.6456318,14.004261,38.5364788,3.93935826,97.8644369
0.587749594,2.7477391,5.00213565,8.11905888,12.8148622,21.2086959,30.90776,20.4943485,42.4602071,50.1073926
0.607035399,2.43733409,4.6346979,7.37977713,9.08452614,22.1894785,28.3869713,33.1889142,7.1770773,84.2745282
0.852798668,3.06363741,6.72061717,11.3245487,19.0801191,25.4284275,30.9727931,33.2758732,48.9910966,14.0438513
0.499358668,1.83517542,4.27259346,8.94447941,15.8474226,16.9349388,14.1733749,23.7801555,53.7958967,51.828682
0.392014016,1.15234412,3.82371156,6.7876966,7.95103431,7.43127508,10.7616549,28.4780858,30.220883,95.8452112
0.726990701,2.488518,5.53627854,8.66181441,11.7641288,18.4503545,22.9748573,11.4146942,23.7175168,94.1603333
0.285940293,1.51094322,3.21630351,6.39048073,12.2232158,20.1518943,29.6804258,23.5878456,25.5594374,74.5307098
0.419719341,2.07224833,3.32146432,8.33006528,8.68268743,18.8988207,9.76615384,25.3562101,58.2323993,53.8226695
0.355792447,1.02832277,1.46645102,2.15503624,6.08470566,10.2232859,15.1721812,28.6814478,41.4425753,81.268733
0.540039504,2.28659377,4.32365013,8.66144002,9.58233076,22.1138857,27.9470393,22.4421386,63.9279705,26.654638
0.548674796,2.1469079,5.87426822,7.59252998,10.5381309,23.4839244,30.066609,37.9658702,57.0809886,12.5931775
0.377213374,1.40634599,4.08020818,8.20582708,9.51858416,20.6702232,23.9564164,51.3694381,36.9595102,33.2495096
0.513764344,2.29178039,4.31207592,6.6904333,8.22853283,20.6765202,31.682371,44.3903009,36.9587429,34.1241971
0.49346761,1.80390584,3.38094658,8.03879822,14.2500886,13.2528496,27.2694032,40.9772202,10.0140359,78.0450271
0.654350986,2.21465368,4.70867658,7.24442882,9.98857665,19.5925292,24.6911615,31.7538397,36.4445562,55.2415796
0.453510167,2.11097988,3.51342219,7.98189045,14.2568841,21.9991071,17.7370785,26.232453,71.2803036,21.6337023
0.665701775,2.34061627,4.69946234,11.4879738,14.624769,23.0133207,21.7083154,34.0713712,24.1650791,61.2376334
0.411572109,1.31504055,4.29425043,6.82777431,13.460964,13.5339886,26.8273424,44.8415371,51.9854888,23.409994
0.653360682,3.01756752,5.55169441,11.1563029,21.7228284,24.711534,30.1687243,50.0166459,40.7250721,5.75988074
0.539813107,2.38087312,4.10756029,9.21689694,11.2985662,12.1905548,12.5156423,17.8005702,46.1425836,76.8126819
0.371149246,1.67989415,2.57348634,2.93024165,9.06126525,13.721056,6.9918864,26.8732894,31.9629319,96.2441343
0.355006961,1.73379129,4.04049663,8.66617336,15.8012322,14.0166376,11.0891178,39.3908609,60.2070182,32.2830334
0.368635146,1.90370125,2.63962604,6.26853136,12.4304107,17.6898606,29.5371818,20.1807567,45.6844976,55.6535048
0.644526892,2.65216352,6.86499529,10.1927752,16.2483069,20.7992954,22.8279155,48.6919336,57.9638777,1.12121389
0.394221565,1.96090224,4.99341674,6.07766537,13.7612983,24.4403811,19.5112312,51.2365657,61.4919894,1.47279734
0.655709234,2.26786256,6.47077055,9.21617152,16.3256296,19.3411918,36.1304808,28.9990698,41.5474835,33.3394375
0.486929381,1.59350069,4.5114203,5.7215669,13.5160776,13.9545882,25.6727165,35.1905748,78.4738487,2.88550295
0.523992128,1.69893521,3.19468486,7.92869489,9.54037458,17.8591183,32.0749488,53.6563323,28.7041418,34.9322191
0.467125497,2.16337485,3.55347832,9.20659628,9.12505382,21.179622,35.4587907,32.51777,29.0515714,51.9202506
0.569648173,2.02553549,5.99334083,11.6764434,15.2444912,19.0129135,32.3498043,47.4150775,30.8503477,29.0834329
0.628415784,2.17239861,4.8196348,7.43031874,16.3465036,17.177373,14.8073613,34.3964906,59.1943544,31.3962965
0.539410652,2.3907085,4.12734357,6.45689715,14.3211966,14.7798717,32.6044842,56.1403683,28.9573219,29.9518922
0.462457799,2.19797124,4.5717977,10.3990336,11.3951106,16.301814,14.3148283,43.6070353,23.7614884,68.026816
0.567481305,2.6983639,5.89744811,10.955357,14.666254,25.2180792,23.7876712,55.720433,34.7981298,18.2366965
0.492689996,2.31658134,3.79621681,5.62962086,9.59596264,10.1091661,24.1902213,18.7471783,55.7015568,57.9636758
0.338821976,1.73458886,4.37873515,5.30463959,8.49194161,18.4446686,30.2157551,29.2397797,46.4322846,45.4251248
0.344953483,1.50861962,4.17086907,8.32608771,7.33602529,19.5618334,21.3901259,15.6509797,58.5204626,53.5847016
0.314486063,1.65082215,4.09904935,7.80353828,13.6484984,20.0451636,29.0284586,16.1731098,70.108156,26.1081225
0.404436822,1.23063211,4.13830454,7.25579854,14.0082595,11.4325323,27.6969749,21.2342288,40.1184393,66.1667891
0.45861704,1.77460115,5.12948303,7.42490131,16.022454,18.8548792,35.6624071,29.6055882,55.0392074,20.3817624
0.492087402,1.55317753,3.16235383,7.49408524,8.84501121,15.5270114,19.7250894,18.3939566,49.2364728,66.6143979
0.645675378,2.44363464,6.9061976,9.52258509,13.5598735,16.8445295,31.1183411,25.7728356,76.696818,2.45087319
0.403833705,1.79919229,2.76489921,7.6963544,10.7251156,15.2713046,21.5630016,44.1835933,50.7253363,31.7223163
0.549881715,1.79816602,3.60609618,9.06950454,15.832787,26.7570918,38.7668692,34.2049136,24.1550117,42.8275403
0.671303962,2.86712307,5.47083474,8.79460109,15.5870659,23.892386,36.5347718,38.4568283,25.3433833,38.852944
0.438264608,1.94245002,4.6814738,5.61588164,12.13612,16.2115367,25.3163404,9.00556076,42.9053476,76.7408032
0.428946467,2.10491331,4.60352905,7.96253724,9.63597151,9.64194877,15.8675518,33.4009874,18.2138132,94.1952263
0.422075797,1.94276927,5.09807245,7.35545183,11.3248407,18.0401761,34.3936377,24.1757973,35.4220143,56.5385851
0.66455162,2.31638718,4.63003908,7.83954031,9.73427343,11.0301971,9.05615614,32.5074121,57.5319236,51.4246135
0.284386072,0.820249867,2.89028098,5.15135521,5.61941487,13.0869827,22.5010826,39.1665435,33.3395547,66.766769
0.466841097,1.78940376,3.38323583,7.51619081,10.5648692,21.1808385,22.6799965,34.4489667,79.1701341,1.34448898
0.500324248,2.28589147,3.84206636,7.26908493,11.2641064,20.6859483,18.3647913,21.1951303,45.4895801,62.0619017
0.609283761,2.16700569,4.64193259,10.6012509,13.145607,14.775139,28.0390569,16.6671162,49.3010215,53.3988891
0.6122056,2.07024321,5.52048389,10.0775459,13.9228513,15.848936,22.7981917,33.9017839,4.81582259,91.7774539
0.641927443,2.32959388,5.49076372,9.12901375,11.5356999,13.3427676,31.5394907,54.7757833,29.0319375,32.8020757
0.580289073,2.70029388,4.70149898,7.94436449,13.2213525,15.3717677,25.775047,40.553685,53.8356509,22.9520961
0.426946851,1.78564212,2.90865439,7.74610193,6.71703633,14.8744873,23.8302129,6.73615391,32.7607383,98.6184036
0.478663944,2.35678262,5.26731319,10.7504454,14.0231051,15.4895663,29.0365645,27.0546137,79.4030451,1.52303088
0.443881829,2.11807599,5.09125155,10.1668924,12.5195151,25.5074895,38.1463647,30.080652,42.9523132,26.9669199
0.429377125,2.15045164,4.73135769,5.82814959,12.5446472,10.2461107,12.9839399,27.7847436,57.167592,54.2509315
0.472840084,2.17050671,5.66498796,9.4962547,18.625095,20.7239317,23.273613,41.5527418,23.7608672,51.8778215
0.448765371,1.45232921,2.45930918,5.79825133,10.7537671,11.3555396,9.9236848,26.9088242,48.32669,71.8385889
0.479061739,2.31695489,5.80581213,10.683467,14.4133183,28.478919,45.5116583,42.1205513,39.8903774,3.97468135
0.40721468,1.19134966,1.96201707,5.30904321,3.6319949,10.8361367,19.1803845,16.1070008,35.0823389,98.2498288
0.57513947,2.70692336,5.23056013,9.59978274,12.481742,20.5792034,39.2135651,45.246359,40.0476348,15.3099419
0.521994372,2.501503,6.30237984,11.5339326,14.3174896,18.181665,29.1323984,38.0165452,56.6809812,12.5395664
0.589993897,2.57115379,6.18841389,8.90919516,13.7800385,22.3345547,19.7087974,14.3584324,65.9562779,36.8001223
0.595324131,1.94684408,5.79491563,8.11746598,15.1374514,16.6348045,14.8705496,46.3569355,66.8869455,8.36398625
0.37640252,1.92098402,2.99815128,3.57625008,9.49462772,16.5492491,21.7966646,31.2422264,31.7507995,72.5323335
0.329028591,1.03412732,3.41375225,4.99202191,10.6763052,18.230337,21.3470457,31.3448536,38.8375022,61.4658988
0.704022078,2.48561568,6.74342101,9.70495143,16.1506035,24.2975887,33.4806814,49.1107795,37.8166005,12.0250729
0.458789749,1.59592232,2.68390972,7.55157639,12.461854,9.36587684,24.2544667,22.3967727,31.0608694,82.7488215
0.452094246,2.06044136,3.68071196,9.22334559,8.546439,10.3643741,19.2718691,38.9744122,40.5949228,56.4857928
0.491619746,2.31880569,4.08786724,6.59049696,15.1746261,25.8879323,25.8478848,35.2701453,13.5265607,70.2388075
0.390065408,1.94534681,4.61733766,5.23179285,5.93599007,12.8560805,16.4609192,24.5928505,55.8612963,59.5524175
0.483643327,2.03713467,5.49784018,9.6329376,10.7985561,11.6185719,7.37195257,30.2772981,43.7437699,70.522909
0.409830783,2.01476378,5.03243641,7.02731731,10.6007181,22.2641694,23.1420717,20.9191811,24.0436326,83.0096017
0.591958292,2.15668146,4.30019365,10.1223064,13.3450244,26.9490565,22.8730848,20.3140712,74.7132627,12.9408829
0.455072473,2.19922625,5.52786601,11.056322,12.7689232,16.6477682,27.1546832,18.2604929,16.3854733,91.3150338
0.471693342,1.87478185,3.3510695,8.07272472,15.1084872,16.1992061,34.3662686,40.8364148,42.9896762,27.0680797
0.578140468,1.90383907,3.88785075,5.5390437,12.5921992,20.9494857,34.3107787,40.3594116,25.6064739,47.8676202
0.387099875,1.1632148,3.83629201,7.43898076,6.19487291,16.6509338,14.2843972,20.4753371,35.4512719,88.039244
0.381443192,1.96831937,2.75438938,7.44198392,11.1191717,15.583047,16.3557499,39.7958116,9.63592505,92.450541
0.497016296,2.40556521,5.94794493,8.48877978,11.1198595,13.4326502,32.6684452,24.4227229,64.5883937,24.1199261
0.487393824,1.9800254,5.43074839,10.3192839,12.3916689,26.4119177,22.849257,44.662505,21.2430557,51.2288737
0.314104261,1.61229205,2.29180136,6.36903375,8.11830699,11.7340313,14.491615,29.3668738,31.6352608,86.6106219
0.653134208,2.84189789,5.7188305,10.0171153,13.3212784,29.2689141,27.2262804,29.2114656,38.4102051,39.164277
0.467135939,1.66281645,3.7281266,4.32991384,11.6550414,13.8570593,17.0282345,39.6345374,20.2865579,81.3191771
0.53750901,1.72645301,4.55018338,7.64985711,15.995116,13.7161442,26.1200713,19.4686691,25.2386916,83.2834891
0.621180754,2.3401136,4.95313143,7.46882265,13.4424606,26.1463385,21.7499624,54.145176,29.7306556,31.6954307
0.360114711,1.83852331,4.56479312,5.6168299,13.5951045,18.7872176,23.2532457,38.1399711,8.44032702,84.3699179
0.483194369,1.52282815,4.8610373,7.92317913,12.7272805,23.5197851,18.2664556,33.7190317,55.5869331,31.0387511
0.630803754,2.21632192,6.55283091,10.4874968,15.2200926,17.6639461,19.367965,53.0483419,28.8198484,39.4663311
0.485200539,1.8402624,5.00243595,6.66014681,7.67139261,18.0558497,31.4267762,41.9058339,67.0212552,2.91357162
0.494335613,2.27616143,3.92661561,6.67113342,13.8289823,10.7252838,6.93677864,30.9678421,39.2571252,77.0675313
0.524261909,1.77145354,5.25697728,10.6666564,12.0910893,24.7546085,20.3646913,15.9039521,19.0021649,91.8330905
0.438305581,1.45069569,4.52390303,8.85098661,14.5913183,13.1085403,11.6506247,37.7427343,20.6623152,83.6517326
0.57992209,2.25500529,4.91661815,11.1095733,19.947759,21.6320454,24.091123,38.9716766,63.958151,1.62786632
0.317283934,1.12061472,2.83618,3.49014691,8.69882446,14.8681628,20.5530702,13.8157356,50.0819596,74.7306711
0.391806797,1.26761353,4.14983161,4.12351676,5.02483879,7.31737695,18.3081662,21.3870027,47.6129591,78.7705321
0.458948083,2.23431464,4.63082521,6.61908689,15.1720858,25.2490872,19.9154156,13.3710244,60.4838959,44.3323422
0.709255358,2.8533229,7.4305327,12.0532147,17.0974667,22.1674233,35.6898796,34.7135989,23.0345726,43.6068592
0.29504315,1.50791946,3.68507255,7.58693795,10.630063,15.460917,30.236225,13.7725745,20.8839921,95.3321174
0.707702145,2.53640401,6.1633977,9.22189822,14.7988313,16.6855907,26.1261173,22.6722652,27.5014885,71.5439667
0.45364879,2.12738199,5.33185976,10.8105389,18.1019709,19.1402419,27.5061857,29.3567507,7.73084339,82.8465482
0.533018366,2.48237889,4.29228141,8.50570855,17.205359,18.7980191,18.3329461,50.9168009,48.6341647,19.1193672
0.464363406,2.25563546,3.61571467,5.76131495,11.0077189,13.410728,21.617316,42.9558917,71.0818941,9.49515119
0.446364226,2.22668466,5.55736505,7.70107609,17.1014863,21.4259261,26.7183161,25.4658781,34.8606699,55.3901033
0.305270963,1.41099234,3.5098698,7.17481186,10.5536034,20.4991385,21.576944,45.6222371,13.5687378,72.0119899
0.430283855,1.28365616,4.17962496,7.48308155,14.5088666,20.1650264,18.0558687,25.4247398,22.0610006,85.1097508
0.36816581,1.90862611,4.67071976,8.83432375,8.90056919,16.4088711,16.2408614,37.7423803,70.7489771,18.2895804
0.508976619,1.6084738,3.8171835,8.3918502,13.3468885,23.682679,28.3438012,32.7225176,40.1673149,40.5925966
0.674419091,3.07623911,5.73764216,9.71282406,16.7740504,19.7051872,22.6877836,30.3591019,4.27079049,90.2243571
0.717415874,2.46008135,5.06171201,8.36667605,13.2022999,21.4287976,24.6043505,27.1521167,65.6078925,19.2646671
0.520867895,2.47749336,4.75218565,7.69953899,9.6525594,17.2883467,29.2087233,17.4242975,14.4529215,96.7235324
0.583747649,2.18068126,4.08686266,8.35497291,15.4034679,28.1058758,46.4430822,39.7761841,45.856472,0.524409488
0.494783643,1.75727497,4.87695668,6.00660561,10.9654805,16.1003957,30.8205886,45.8286855,16.4722,61.1412991
0.621339446,2.19286615,5.51911433,11.5974925,14.1553755,27.0369825,36.5662802,41.7098161,36.721903,18.1239243
0.354417371,1.39165682,4.1138327,7.79788798,10.0766825,11.0924293,25.1430332,45.3052541,18.5712141,70.0907923
0.632615196,2.42208802,4.64126457,8.38373204,15.9952321,24.8655618,24.0892374,20.3089305,5.1252901,98.0133675
0.445019043,2.08542569,4.84161747,10.1423352,11.7318077,15.5796813,13.7908781,20.3674459,27.1860512,92.0901539
0.508296544,1.61717544,4.84674024,6.18841668,9.15447279,19.4699033,20.1065674,29.8645694,47.6975786,50.6377348
0.528597606,1.72483946,5.39007348,8.41393808,11.0214748,11.9153495,20.5598224,25.3457564,61.0032833,42.1367741
0.301948599,1.63591489,3.66530067,7.03088545,13.2220102,23.0190325,35.5805242,25.9589446,52.5858992,28.2119387
0.453011344,1.59876928,4.73396126,9.31161513,10.2022852,23.6396338,23.6530345,33.3164177,22.3602838,68.0028092
0.3115269,1.62399444,2.66479687,6.62956361,12.0113959,19.6118754,31.4861157,57.5554435,34.3502382,22.6874221
0.426377232,1.59854493,2.51164745,7.25786466,9.35361139,17.9383306,29.834396,18.7601012,68.8482632,29.9875042
0.562934102,2.6349743,4.73137753,9.88444671,12.9006449,23.4128925,35.0568517,26.5941389,10.8991083,74.8796211
0.595177679,1.983283,4.90720445,6.72690503,10.3614898,10.6466259,24.7219168,3.89933939,33.8954033,99.1124415
0.567965725,2.06599087,3.84266007,9.61686384,15.4807006,14.6547655,20.3790237,21.9104246,13.9618905,98.5144873
0.754952437,2.58702718,5.44091808,9.31270657,12.8860374,26.640544,44.3941525,39.9474202,42.0565515,7.71176028
0.345336916,1.8186631,3.81101614,5.12292436,4.29484657,13.3452221,21.6214642,24.8436935,36.5503885,79.5424401
0.549671629,2.53293994,5.0795523,11.6854807,13.4940469,16.8931583,39.3752922,33.3090024,19.8273753,55.4592977
0.664361194,3.05071012,5.55173572,9.01046808,14.0019888,16.1045586,15.3606682,30.0292072,39.8710842,60.008238
0.502301667,2.44451077,4.942437,10.9076599,18.8237748,26.2689816,34.931458,34.8593337,32.5574649,31.1960246
0.549182658,1.85860307,5.30748599,6.75555495,15.5233572,26.7313015,30.5801842,26.6210303,48.9979585,30.0024386
0.566259733,1.97817256,5.7693796,11.5802966,15.7304453,28.4852561,29.6308108,28.8831209,25.704066,51.6162958
0.586512216,2.0082652,5.18412785,11.3292462,13.1914292,15.5430438,36.8645818,60.3977636,38.8056812,4.74805525
0.469127676,2.31149602,3.76582732,9.71580657,11.6129282,12.8386674,31.1445836,38.570758,25.3390515,58.5542405
0.581465916,2.162729,5.73818154,9.95845152,14.6499902,27.4216594,25.7527874,47.0560988,54.3346803,1.57885039
0.352546946,1.74385224,3.4055528,5.14908566,11.5910965,16.5853623,14.8883565,40.3764932,43.0914366,52.1543734
0.54024395,2.18540014,4.44064669,10.2353704,10.989927,14.0410103,33.5585429,29.6436615,47.9671145,37.0771413
0.566979207,1.8910581,5.77694763,8.23478792,11.2697036,15.5058878,13.0947003,11.4363068,48.6937649,77.5211372
0.380936757,1.90216765,3.03048627,4.36410433,10.0535361,17.945059,19.0651097,7.27873791,45.8451694,83.8101391
0.403138086,1.99127895,4.91461366,5.95956202,9.98747316,12.3852939,24.4652942,30.3412126,35.5169257,66.3446207
0.525300494,1.74072884,3.76011431,7.29068497,13.784611,12.9031215,30.4506648,12.7921375,55.9224337,51.9956016
0.240600669,1.39320194,2.39772508,5.38944741,2.46850772,8.61387008,12.6909684,25.624686,47.5050602,81.2339222
0.516174807,2.2099156,5.70235903,7.39702757,16.794583,19.4455125,19.2218936,43.0503879,10.9925083,73.7252851
0.640353335,2.14850629,4.49934018,9.47228558,14.3078907,18.2789876,39.5071773,42.7358867,30.8064868,30.8447022
0.408101454,2.00128448,4.05398217,8.75142738,8.42531329,19.0708585,32.2542549,53.536832,40.6583144,18.8980359
0.585456786,1.91071226,5.85492742,8.72506099,18.7631472,18.2213582,34.184581,27.3010119,14.2847482,71.4408706
0.29694318,1.51611463,3.67052437,7.5367038,13.8439065,16.5834819,24.1631885,9.98766568,56.0933786,59.141884
0.344666596,1.41213727,3.32919823,7.2760872,12.311276,8.76171473,24.5399283,38.7426736,37.3586553,56.4674666
0.52005633,2.51070669,4.27055791,6.33237975,14.09615,16.6087816,15.6070662,41.0950829,32.7251046,58.8052364
0.45442251,2.22474418,3.57917319,9.32787291,8.93162867,20.4897746,26.3360764,37.3982598,54.1968028,25.1001916
0.511229791,2.19814169,5.73712576,8.85348966,17.0172241,23.5694283,23.8166448,34.3655,58.0999792,16.3181874
0.450978591,1.39288662,4.01780953,8.4446074,13.4226932,23.5536329,41.258328,49.0418169,34.578025,15.4638449
0.380804325,1.15659742,1.73360424,5.33766923,9.52951391,16.4438462,13.9904944,36.4036465,37.7442093,67.4457453
0.587706034,2.09836987,4.38973808,10.2655073,11.3024597,18.4087842,14.7722824,38.7346168,80.3899344,1.46367331
0.534469191,1.82252992,5.39551961,10.3241826,11.3648284,24.6335753,20.7536338,13.6797076,50.0477671,56.4217288
0.496071868,2.12288201,3.58622844,5.30949795,8.72657361,5.37289426,7.76430669,23.6504839,44.3699734,88.2547635
0.424807372,1.53305508,4.48927402,5.23717834,5.46389413,11.2078817,21.2644795,35.1574718,66.7633288,30.9213881
0.543954277,2.56181894,4.88916812,7.25311128,17.1229269,24.4815183,30.4924452,46.8156983,35.2791921,23.4670421
0.566328112,1.82098233,3.66079505,8.44557053,10.8326017,23.4074556,24.1274088,47.1619663,19.4265167,55.3878357
0.531283201,1.76810656,4.79576381,7.57247264,13.5531115,24.12103,18.0743089,29.1193934,35.5118194,60.1682544
0.608449797,2.60946728,4.92399837,7.49998423,9.95734841,10.1764165,27.054584,32.9116004,45.8158657,47.5909274
0.539342179,2.60177875,6.32394083,9.75738103,13.0804328,26.817462,34.5340641,54.8797752,40.9809391,1.13061927
0.52258741,1.73051446,5.15223567,10.4704397,14.9252787,22.3821596,20.3019869,54.5269626,39.3138765,21.7420607
0.570420031,1.9101869,5.74775879,9.20266528,12.168464,23.0023804,31.893483,25.1720734,22.7786145,66.384401
0.414040703,2.06756682,3.36283364,4.20662509,10.7565371,13.5869829,26.0790635,45.3839051,26.4627519,58.7983661
0.432813648,2.02862867,4.89710497,10.3351985,15.0362768,20.9748102,34.7965893,49.3836747,50.416734,0.733338436
0.656762779,2.25050978,4.643777,7.03380783,9.08574257,15.9735221,12.1363844,22.7992514,30.3164911,90.0794273
0.481165597,1.49468247,4.74793761,8.01080299,14.4419536,18.3862737,35.535181,32.2578171,12.5599563,71.4703685
0.491018798,2.0748743,5.1329975,6.42067105,15.5748205,13.5058458,33.1763183,57.9285503,48.3381808,3.28569282
0.618811648,2.23252968,4.95208836,11.5595886,14.7713833,18.47424,18.2431063,11.2771617,22.3488686,97.5934299
0.417112274,1.94441448,5.09136256,9.66465939,17.5627584,17.3929817,35.0603022,43.0527673,32.3246651,31.88622
0.651170719,2.24189134,6.46940953,9.34165994,15.3210333,16.9308323,34.1606489,45.896873,51.6454164,5.88049027
0.538222738,2.03330138,3.66210575,8.8307304,15.7971185,17.9395746,27.4366975,30.7210371,24.4587937,65.73607
0.635505368,2.29176536,4.70593479,7.02300583,10.1804036,21.4341524,14.7648649,39.7696173,46.6623084,41.7717015
0.409870448,2.04288181,3.06495585,4.20031873,9.33572306,13.5143929,14.9288329,30.3717266,59.6473297,48.1760846
0.681687266,3.00598005,5.91750226,13.857811,17.0209717,22.5656728,43.4462277,40.858705,38.3842878,9.03217756
0.676251317,2.28753421,4.74203351,8.9642841,15.8350806,19.3395961,27.8144404,35.8479163,11.4471032,72.6126541
0.54524907,1.9270797,3.57259061,8.76828608,11.0860098,18.3974375,11.577358,36.4438944,41.0886638,57.9912801
0.580418866,1.91168737,5.73159439,8.62922983,18.0115792,22.617645,35.2895867,37.9956635,44.6927816,17.1552037
0.309259324,1.35041983,2.33648657,6.05150702,6.3026021,14.4092298,24.0568759,41.6600973,79.1565363,3.24856886
0.581880391,2.27631338,4.26807344,10.6929313,11.5196735,12.9305109,29.043582,25.6012307,4.79821189,99.8638491
0.584697006,1.89990817,3.82476239,5.38284221,10.6067736,20.220798,12.6631078,3.10728834,40.4472781,97.5425366
0.428993815,2.10365645,5.34865251,6.61649651,9.22994703,21.4320585,16.3591361,38.9870487,19.686334,75.8032017
0.458562967,1.40813537,3.85568323,4.80391031,12.195347,17.3725982,25.4332641,50.107505,64.2726934,2.55020219
0.614967925,2.01701248,6.22628095,10.713749,16.2952984,18.9123667,20.6625062,29.569925,53.8418858,33.1805869
0.530994123,1.68291229,5.27992179,6.49356531,8.52069059,9.34750946,22.219531,21.1197235,29.4849453,89.8293944
0.394312768,1.80138488,4.69932525,8.55506868,8.30842317,13.646359,20.3816857,19.6342842,38.7931971,77.7517426
0.6134918,2.03406541,5.04477623,9.0870467,17.5336451,16.9537986,27.7219335,58.5767373,38.3454392,13.8102273
0.579105623,2.67291261,4.73340899,10.6527341,17.5156862,27.7068339,39.3271579,36.8001876,51.0032943,1.24514662
0.489461608,2.36285092,5.85577104,8.34570704,11.1325022,15.9893259,34.579097,41.5193646,40.3656504,30.0368718
0.483190023,1.90470698,3.27083255,5.39440627,12.8220035,18.9514934,24.8725446,33.4546694,40.2736493,49.9047627
0.36658927,1.65762233,4.3244086,7.60823898,14.8054237,23.4277668,36.5985909,27.9997626,69.4799593,1.28356274
0.52198692,1.94076586,4.31823963,10.0219538,13.147944,15.7825823,28.1001503,20.1217848,72.0820416,21.4136606
0.60929796,2.8593493,6.09066229,11.2238633,21.9519805,24.1290702,30.3984733,36.4633284,29.5480196,35.4143138
0.681354027,2.29611188,5.86322379,8.59682658,11.5722002,14.9622951,11.57352,33.5120508,27.0233635,79.136423
0.392606667,1.89730636,4.74610492,9.82307005,12.0331129,20.0917644,20.6000144,15.4146704,63.243211,42.922537
0.525816902,2.48991027,5.51707196,7.5731581,10.1751537,22.5799243,21.5773592,44.109573,69.2937925,0.0756334514
0.348143213,1.82318595,4.21368856,8.9677298,11.2957536,20.5119861,15.3115022,32.028283,44.6086367,53.2196921
0.369902635,1.09136236,2.22812925,6.09212633,10.8673644,5.93170558,18.8772806,33.2208832,32.103033,80.5116784
0.783127125,3.5070938,7.5375812,13.4973587,19.7189978,27.3575816,33.5911237,37.6693384,32.5166007,22.2111322
0.415867218,2.0422471,3.19705405,4.64307401,11.9188936,14.6676737,24.0779947,14.5272005,24.7324287,97.1594114
0.65891642,2.50891722,5.21229329,11.1133739,18.3417034,26.7574662,27.5782918,27.6925267,13.1931591,70.0066985
0.486363967,1.80532417,4.89756637,5.9967879,9.68198431,15.6349397,9.39036034,33.4656362,63.9030373,40.2866706
0.550344428,2.26222315,5.1266481,7.91647168,9.62525969,12.975621,21.8648369,46.0703772,13.3881419,75.4036093
0.234319292,0.628343464,2.51388764,3.21895603,2.42913632,8.2827774,14.055467,21.3588436,41.2059283,95.0316401
0.286281131,1.32776442,3.58752212,3.1693172,9.23062443,7.84953533,8.93665363,18.6661629,39.0345915,99.8569786
0.349252786,1.61597074,4.17844274,7.83702786,9.33585961,10.9208848,16.2448675,35.2447021,56.8573386,44.1473515
0.400457848,1.87412971,4.49532454,7.68114371,14.7642586,19.1086712,32.7074256,24.4718402,4.10875133,93.3958197
0.472325746,1.46388978,4.39887868,4.90801062,12.3964087,13.6443037,29.7586689,29.791305,3.21068627,99.8695661
0.553500339,1.81578248,4.31580797,9.51957144,10.303577,19.9042667,17.1850816,43.2195415,62.0673727,16.7471887
0.514545643,1.7018528,4.03840508,8.7647477,16.5275834,27.8627253,26.0933074,30.3965767,59.8465341,14.7951785
0.39687202,1.66856626,2.69283451,3.73550343,8.02037614,8.41403191,19.8077006,9.11698031,39.2479722,99.6547012
0.542132213,1.92874737,3.52572384,7.75779363,11.9771032,9.97996251,19.0669049,38.1059814,53.2622921,40.7432769
0.552517757,1.8101079,5.13647413,6.50723881,8.63440205,14.1603742,19.4872702,41.7720029,35.366175,56.7944379
0.522997406,2.50752251,4.29868447,6.4709928,7.60214606,14.2083447,18.2775269,12.6033651,46.4577297,79.3475372
0.41038682,1.90145114,4.63224329,5.86537858,7.8285694,18.8656778,32.2711355,55.4448498,25.3910606,37.7700044
0.420140367,1.34570516,4.25956565,7.80433678,7.05346092,9.30113139,20.9513715,33.2746437,12.9077324,98.9844027
0.432762192,1.50624724,4.25945619,5.41648864,13.1186319,15.1536039,10.0853484,11.9363809,35.2337056,99.3327976
0.659943905,3.02363068,5.50674628,9.25810623,13.3105723,20.4565051,18.1329301,51.5099904,19.4269717,53.8883713
0.624649462,2.58971243,5.09692805,12.116522,16.3851158,21.0876186,34.9795494,50.9703413,45.3637643,1.29192011
0.402441544,1.38631624,2.21328867,6.63388857,10.2852314,17.848948,31.6252981,35.3655965,41.3026448,42.9907165
0.636598342,2.13530926,4.63337901,6.72902443,8.2901377,8.82052834,18.8907024,35.5970546,25.0645704,81.8673026
0.665422706,2.95029456,5.49868216,9.93206805,18.0434677,19.869104,25.1282719,32.1533084,54.2925467,22.9402627
0.341968265,1.74905133,4.1639642,8.56494017,15.2757745,13.7165013,11.1696386,18.3996362,38.7907963,83.910257
0.244632302,1.39642501,3.51849676,6.43089371,7.01331027,10.3128397,22.7449477,26.3274335,47.6468872,63.5854842
0.585625438,1.98938678,4.10912574,9.46757745,10.7867204,23.9015946,28.8595888,46.0930384,57.1539816,3.61425211
0.516024728,2.4417333,4.25843069,9.73490342,13.8565347,14.423516,18.1192211,30.2058868,42.4735139,56.8014324
0.69909849,2.39758157,6.93987464,14.0845283,17.6271817,23.5241178,31.6344865,42.6943766,32.2545729,24.823256
0.402857083,2.01204109,4.57212453,9.71459788,9.89995027,14.8795247,14.9679649,3.08722557,39.8930566,98.1255802
0.42717772,1.34334419,3.78897173,4.20095696,11.3014342,18.8840931,21.8251851,20.3487439,54.5329114,53.1140455
0.522093937,2.00125587,3.53883,5.17460449,13.3030653,17.9673296,34.546312,36.0470308,66.818215,4.46060831
0.572589935,1.94714003,4.6748274,6.28277238,14.3001456,19.3256168,24.8382994,52.9867986,21.986067,46.2605193
0.301753544,1.00778747,3.2507824,5.79090228,10.0383546,17.6028309,9.12567174,8.9521071,41.4359228,97.6795377
0.721664662,2.48285262,5.56720975,12.0196179,15.3867713,19.1104998,30.5129061,28.2873168,68.9306745,5.29395449
0.682855277,3.1291433,5.95039215,9.75667794,13.6273681,20.7596833,20.0328402,44.0042792,53.508185,17.346907
0.43731867,1.31416154,4.23550687,8.57838462,7.70298744,19.1258089,14.0519604,37.9750094,35.2815638,63.3337567
0.417269901,1.98500605,3.13933072,7.14743413,14.1959368,22.7704322,22.7550306,12.5669503,38.0983104,73.9375265
0.744789224,2.65789617,5.7039496,9.3764417,19.1144547,26.6417903,28.1444547,36.9519546,20.7650123,49.1640647
0.344203116,1.54945866,4.16414376,7.6979724,6.60422706,16.1365146,11.5089008,32.2937319,18.8402822,97.0752421
0.534409679,2.39851352,6.26163784,8.77692195,16.150644,17.4842431,21.5022727,12.5426406,42.4187985,68.9756479
0.53059727,2.52824074,6.2878002,9.09102037,14.3403119,17.2199794,18.2446381,39.0868772,56.4018804,25.1838191
0.53824018,1.86532128,5.56810584,6.82909726,8.41584292,17.4419537,33.1437697,26.9900686,14.3259556,82.9546217
0.353985815,1.84616322,2.56145301,6.83185985,11.9322317,9.75179933,23.2056633,9.86726635,45.4212985,81.5608801
0.471569204,2.28788674,3.79395265,7.21661091,11.2004363,11.6829207,27.3851613,17.4175733,32.0868222,81.8623841
0.366172936,1.29084855,3.68227288,7.0786681,13.1159915,16.2989646,29.9044312,36.3557178,25.1942917,61.5828994
0.360521238,1.82941327,4.65866944,9.49393206,10.7726662,21.821445,30.3348145,39.4614131,39.9438016,33.4760578
0.397233437,1.81645421,4.59449156,9.34055148,17.2132299,17.7756104,16.5860377,35.493692,34.5847363,57.4845528
0.61252159,2.192646,5.81182777,8.7874075,17.3645492,31.13618,29.1680138,44.0255564,36.4763964,19.0461779
0.278032348,0.824232721,3.00693986,5.69656022,10.5556174,15.8209896,19.8780524,22.4631651,60.4392521,49.0508885
0.394335894,1.93261095,2.86722592,7.61618457,7.3605404,12.4604506,22.7357603,40.3471106,23.6985936,73.2511314
0.678403126,2.64529935,5.30444038,9.09603923,17.3266123,29.0601152,28.1757041,36.6848162,58.3577589,2.9896521
0.528799532,2.36494302,4.039813,6.18562409,7.2857529,16.8403138,15.4817992,38.3826782,31.4454867,68.9561849
0.561033092,2.61567143,4.76050967,11.0751466,17.6654714,22.1287454,26.741317,25.4118834,75.8051579,1.34994485
0.309688136,1.21193804,3.60143184,6.126735,11.3411933,15.7947557,28.4535407,38.3997295,71.3632413,6.41295999
0.674324856,2.28140741,4.94113298,10.2212635,12.6652757,16.0219972,36.7663431,23.2642099,62.2700164,19.7520977
0.434168532,1.38690614,2.64800235,5.20847083,9.4261658,15.4603239,25.2565634,42.754147,7.55410868,85.7740481
0.604528657,2.05964893,4.35653436,6.30144587,14.2911212,22.2590751,39.0227,51.5128073,42.792761,5.28416406
0.751928553,2.64011017,5.73551402,13.2953022,18.5844952,26.9915608,33.6179584,40.9401916,42.8615381,9.00903433
0.249469843,1.43495517,3.04113564,5.74695093,5.99588972,1.63364438,12.0577354,21.5135382,40.0035866,98.6135175
0.490320988,1.55297041,4.75426884,7.70215067,16.009584,20.4754735,17.258027,49.943099,52.740148,16.924326
0.460557837,1.40553015,2.76405719,5.83689863,10.4284864,12.479997,27.2495312,27.5832345,40.2684664,62.3467469
0.318457737,1.20575375,2.95751933,6.37243873,8.14544022,15.5949019,17.5404354,38.0193881,63.006919,31.1350454
0.687488519,2.35145221,5.47903553,8.44354786,18.2433309,21.6280355,45.3316828,42.6701769,40.7748638,6.49176953
0.500374573,2.35003989,5.76011943,7.65061588,9.67198285,23.0812362,20.5193457,29.7044634,56.5817532,33.6629601
0.553112218,1.8181192,4.8300694,6.75545634,8.66998741,14.319068,14.5480963,38.3309328,7.66961626,99.9297237
0.665750843,2.28037056,4.73470145,10.8919805,15.5684065,19.5826724,25.621665,40.3137374,50.2282275,20.4584089
0.406006377,1.92832603,4.28089063,7.01286979,13.8581476,24.0635124,27.46983,50.7756779,35.1857329,26.4659573
0.267974511,1.40260138,3.60993135,3.10738864,7.94236865,14.2837,15.653497,29.849013,50.2906846,61.4080789
0.798452653,3.14215938,6.48306518,11.3991694,16.2739805,22.0266572,33.5430771,53.6776734,39.7181904,4.25431808
0.424243693,2.12781795,5.18436923,7.01598727,15.4009376,15.6192409,36.1498206,32.1064135,40.3165959,38.4564767
0.564838932,1.90754178,3.79160448,9.69228319,10.6703641,11.406028,18.8317623,16.9721423,56.9472105,59.3740694
0.388197336,1.77534873,4.2143837,8.49955662,14.8707244,25.9214539,25.014304,23.8250785,79.6677718,2.49296147
0.484140117,2.31453476,5.67838362,10.7905199,15.7233694,26.4824343,24.9817769,33.8225538,42.6564624,31.9829421
0.469012433,2.08080292,3.62451452,8.78711095,11.5581302,24.1372549,17.6394363,22.8620858,14.398081,95.4204184
0.592569053,2.6550608,6.44527774,10.5326645,13.8811753,21.0460633,27.3057828,39.53507,15.8305052,61.099553
0.622325112,2.86114295,7.30094354,10.3411203,14.9902665,30.4994398,30.6251093,36.6944427,23.8130796,41.3994286
0.44919631,2.22005656,3.83943115,7.03037852,14.0473403,11.4478463,26.4343949,44.3860236,39.8192097,39.9856194
0.480983858,1.74017421,4.26147977,5.42596861,5.5473097,15.9409421,26.2586825,14.662896,46.9083488,69.8331443
0.401097994,1.84885101,4.73056488,6.6680491,11.7352626,11.9655258,29.5874918,31.0686955,52.8590019,37.6847862
0.508743773,2.34226567,5.70348376,7.80590566,17.6371595,16.5640163,27.3546232,19.9871964,67.4554509,24.2453027
0.346609069,1.15438837,3.63394831,4.45191448,10.7207123,17.5450674,20.3873266,27.4268446,14.634799,97.5268437
0.63175273,2.26744493,4.39215796,10.7398367,13.0802356,15.5651968,16.8170175,43.0438542,12.5252012,78.6166206
0.421810335,2.00447457,5.2101762,6.18270796,14.5003847,19.0265095,24.6165082,29.7428024,65.1889295,20.6748162
0.4322942,1.34554261,4.24992878,8.58007087,15.3881253,21.6654211,29.1246565,56.8491981,48.1452502,1.96470767
0.459632729,2.2437076,3.71830789,9.47307657,12.91103,19.2206704,15.0120178,5.10142287,46.4979087,81.8942526
0.668975638,2.28783201,4.59754638,8.01941213,12.2110977,17.2951148,36.6877216,39.8578647,51.0810865,15.1925578
0.5585466,1.89404333,5.48917175,6.94138042,16.227009,27.5839721,35.7764985,30.5237203,21.5089666,52.4784665
0.5248345,2.51815085,4.20443192,10.3289501,13.149084,15.826049,33.1872278,23.1425955,26.8460113,67.8428113
0.492708988,1.54126305,4.56344649,5.1900077,13.5835429,15.7407219,17.0390531,38.1121016,52.2019893,39.4578659
0.506718512,2.44921602,4.16804914,10.2769419,14.7190127,17.2213202,27.7811099,46.0894422,39.1323723,29.0965502
0.5111165,1.83447763,4.46991937,7.60927225,8.36303579,20.6376103,28.8435477,14.9891015,55.5611318,48.1159817
0.618816966,2.04391235,5.93977671,10.9943721,18.3112779,31.5735958,32.3027774,35.1734869,53.5767121,2.53077997
0.567753266,2.46103685,4.45113213,10.8995884,12.1928777,27.0343035,22.7114819,21.9162682,51.5109921,39.844531
0.543954512,2.23820951,4.85506556,9.39619393,14.4680779,19.4905752,16.8572833,50.0627745,27.3233004,48.5640524
0.552024745,1.76927486,5.42032189,7.46165794,9.2673399,19.497209,34.7681684,20.3623821,66.5180598,21.9126647
0.417454513,2.08143203,3.41814679,8.47605321,9.1265591,12.2100986,28.2650193,30.2492603,12.4300772,91.0645419
0.401056001,2.03597271,4.05727303,4.81512043,10.7173553,20.3507407,34.0022605,38.1860582,46.7003409,27.4970433
0.457682995,2.12982089,4.89283709,10.0165569,10.6172035,21.5818222,37.6851435,35.2717742,62.7432466,1.93710113
0.370986218,1.65916748,2.84442663,7.04227184,5.22223319,5.5746729,15.7693228,27.6685018,47.8930719,73.6593035
0.603578578,2.23512036,6.30387069,8.73263362,17.0342759,19.9789978,20.2848194,20.0369252,9.0266217,99.7335647
0.564198927,2.00549107,3.72773607,7.51721087,14.6921661,15.8735577,24.8421374,31.4259354,65.1071921,20.7819088
0.457026886,2.1879464,5.46966443,10.6628081,11.8817303,14.0903937,28.9915377,13.6359684,60.761017,43.2732374
0.39370092,1.76743935,4.71966161,5.15919257,11.2029034,16.6333661,13.6049419,22.5211314,48.3887306,67.0129405
0.649248792,2.96223508,5.99914449,9.74739707,13.3605422,17.5200259,16.2720996,9.43761132,34.2403672,88.7292957
0.607775997,2.53340451,4.65469244,10.5163629,13.0327485,14.6628037,16.3005632,38.7199516,54.0212485,33.6209322
0.554003683,2.62265502,5.12440799,8.00034433,14.207864,13.883738,25.08703,15.2793793,58.6720901,47.6820701
0.743333857,2.54910022,5.35739288,8.63111053,11.9744524,25.4500559,35.731682,30.8928421,38.957258,33.3033554
0.481632233,2.21231912,4.45889868,7.14041943,8.11147904,8.57254251,15.065727,9.60643123,39.814286,98.6848927
0.470917139,1.99925031,4.23697375,9.26889613,12.8074268,12.0909964,24.366389,37.5856034,78.7897371,0.636352646
0.502296736,2.35858586,4.59200999,7.86371165,11.8243693,24.1301398,41.7067295,42.3590947,30.0063555,28.1491188
0.331221242,1.6826334,3.80487131,7.56768795,13.2709117,22.0855771,17.3275276,45.9297069,47.3711763,30.0379011
0.516084511,1.69229424,3.11760256,8.39548966,7.2342035,16.6390064,8.22237604,22.8939024,44.0804971,78.8949685
0.703118493,3.01486317,7.1746122,10.9283869,19.0861733,23.2545884,27.4606151,26.7088406,11.9858653,73.4160178
0.609108377,2.22998287,4.31258165,10.0325367,17.5290119,19.4302937,39.2716722,31.1911198,61.1186801,3.5612823
0.597847367,2.58064155,4.63182901,7.3354167,9.43552031,16.171801,29.3257335,14.3636078,43.0165414,66.030359
0.59927169,2.74252565,5.00258699,8.4979153,10.941615,23.9389747,28.3036301,37.5292086,47.307467,25.5573491
0.491043902,2.26712608,4.36907944,10.102578,14.1003808,27.6495029,29.0283121,36.9196945,63.2494349,0.402009487
0.175819576,0.811851917,2.36316516,4.16532718,7.68148014,11.8749039,10.2758453,25.2246,45.8664076,81.0492235
0.655373344,2.21313727,4.49519217,11.3351667,18.1717818,19.7033138,41.6617567,35.9057942,40.347891,19.35616
0.650664049,3.01547897,5.63513593,12.2290067,15.6051029,21.5333364,33.4428806,27.5699366,17.3521639,64.1463076
0.564954208,2.02694611,4.06354485,6.41047256,6.91869408,17.3287742,24.9587464,28.4948329,8.27091844,99.3347865
0.552174089,2.58921527,4.68391909,7.80205624,15.7908553,14.8757875,25.9416252,24.5408367,18.1836592,84.3713494
0.527059602,2.23453096,4.22979949,9.2369753,11.0237644,21.0542028,26.1298987,56.7553106,30.0827196,29.684296
0.666084249,3.1084752,6.45970427,10.1197098,14.6621805,22.3388217,29.148119,27.2641906,64.2968398,11.671948
0.480761823,2.21666367,3.83721577,5.50759925,7.25286097,11.7632635,25.507977,28.3480523,67.6975307,31.0643315
0.368041008,1.26181757,2.80381896,2.66738686,4.28470701,9.57715166,16.1270409,28.54593,28.3509834,96.9992861
0.403853799,2.03362828,4.59659584,8.92670355,16.9265853,21.86971,34.8772308,31.6660063,24.6296666,52.3242184
0.5083652,1.90555198,5.5356783,7.40224997,12.5906181,20.147023,23.650936,45.1916041,44.238435,28.6034292
0.539317148,2.21900415,5.79445998,12.0172805,15.9846397,21.7008867,33.6039927,26.984829,16.5111633,66.401331
0.587502175,1.91172965,3.77668061,5.72237561,7.48352174,16.0863364,28.9627279,36.273131,28.2257282,62.8447991
0.694395174,2.70161937,6.40744356,9.71200447,13.4964919,16.1467805,35.9602937,40.8911727,38.0016055,28.0372386
0.460272297,2.15543884,3.65814495,5.05645936,13.1357525,13.4418403,26.5518053,46.8266825,53.1447256,21.0003107
0.587420597,2.62236438,5.00108267,8.11668572,11.2635616,13.706327,18.5254779,44.6652806,72.4362408,5.19926544
0.434085351,1.4431763,2.82403071,7.43391299,10.6177904,16.3286527,14.9772481,31.04705,52.0930482,51.6558744
0.557444099,2.61101317,6.37317498,10.3587032,13.8129596,18.5450624,18.3878299,24.2667498,46.5692516,52.6963576
0.415678869,1.79363029,2.80054839,7.54480217,11.1801663,10.6620985,4.91136543,28.273062,34.3702702,91.2522233
0.575618337,1.87161811,4.33525147,8.86016848,9.65307,18.2014885,34.9686932,43.6115094,20.3609994,51.9070733
0.362856298,1.87405435,4.65296321,6.23020975,6.81281397,17.6029315,17.4033751,41.4410268,3.16859612,98.5724041
0.343992251,1.51937516,4.08858403,8.4472074,7.87962984,16.4867451,27.3983232,45.8341675,53.132564,20.9646074
0.61757693,2.81135567,5.0214545,8.79979416,11.4091407,14.8565431,25.6581897,33.3436528,1.18445912,97.2928076
0.547316346,1.93326071,4.25743135,7.37550737,10.0776485,21.5970873,20.0719985,8.0581292,43.3583019,78.2284337
0.289926332,1.52393525,3.60942867,5.91617977,9.15675502,7.98782697,13.9518518,21.6785485,43.8467199,83.1255661
0.603152048,2.00145285,5.26830192,7.54247212,15.4055071,14.4789457,35.6571406,29.5476843,26.8802479,58.5961187
0.386039036,1.2727404,4.09673613,5.18371698,9.20494964,4.56228301,17.9308944,30.2045794,57.3871752,55.3398606
0.564353404,2.33639642,4.62489419,10.7787358,14.1234115,19.6932215,17.5753221,11.3451668,52.9729941,60.6765915
0.365867405,1.75413699,3.449986,5.87624236,12.4508839,14.0921135,19.9316822,28.7891953,67.7578234,31.0702906
0.44821518,1.88525201,5.18409021,10.4275423,15.9929206,18.611788,23.164247,19.5558554,28.1494605,76.1912118
0.416714941,1.29990878,4.18064399,8.09020112,9.78921923,18.6048427,14.8094915,42.4943541,78.0264906,3.83747816
0.341145934,1.14397749,3.25856853,6.99217342,5.83042055,15.1459996,25.6749966,19.8813512,19.5811214,99.169841
0.497650007,2.38898882,5.72400661,8.06722744,10.6159311,15.486956,15.9940893,24.5879077,37.0779515,73.9552273
0.582177575,2.57038382,5.44530945,11.0902852,13.3465153,16.3470128,19.8330831,30.9602284,25.3168277,71.9661139
0.482645427,1.53702027,2.77642792,7.76650666,13.2240383,15.6004918,28.4594079,41.5794551,59.9441687,14.0930626
0.737737413,2.58835707,5.62802575,9.84792149,13.3490232,17.4229904,16.3825068,47.7334023,39.1713268,37.9505367
0.444758342,2.20589634,5.58945766,7.9271757,11.1517319,24.1368257,28.7233253,26.829957,74.3113857,4.99723223
0.562612691,1.88472351,4.55669749,6.904857,12.7136549,18.1265241,12.6467291,33.9754652,24.8113099,79.4693123
0.512148823,1.61022678,3.29514917,8.0932768,6.92121882,18.700252,28.4533807,28.0286564,49.5382326,44.1105746
0.42690363,1.2766091,4.07300319,4.95230464,8.24040374,14.9628924,5.53648928,27.6664876,28.3677884,98.5106536
0.632927387,2.89149977,5.25843443,11.905766,17.4593364,28.0774544,29.6552967,32.2780915,49.2103326,16.7452997
0.562842383,1.86460267,3.87574567,5.380502,9.50250796,17.1627073,22.5080948,23.5299543,36.3042735,72.2354897
0.398243102,1.19663706,2.1704257,6.0708626,7.10992415,12.2576966,23.0380505,39.2476259,45.1491566,50.2862953
0.484429573,1.56182266,2.95460845,6.52335667,9.63261265,11.8850485,26.0741062,41.4242022,76.9732893,2.30215741
0.310446639,1.51325391,3.15960347,7.08935567,13.0691498,22.6331995,14.3096285,38.8407496,27.4622324,66.6766517
0.549770715,2.14690653,3.90934031,5.83463709,14.1445352,15.3242025,16.6750034,17.495361,24.3279438,97.6234719
0.754948967,2.72015694,7.41535687,12.2922397,17.2389464,23.6434998,38.2130462,43.6365927,45.2545054,1.55966557
0.496528225,2.26850327,4.92015213,7.58352802,15.4722486,26.9388449,22.646883,19.5152093,22.7613923,78.2016066
0.564508467,2.59367646,5.1334049,7.48035461,10.9659727,10.4714585,9.31589379,16.8040617,36.4197331,95.1915938
0.380284675,1.57978074,4.23482673,4.7937358,10.0940015,18.9792194,30.4027046,26.2879121,14.03441,87.4648728
0.458596519,2.06767136,5.07261671,6.39957784,9.45285363,18.5842232,23.3014344,8.09680282,26.8209578,98.6829837
0.268584427,0.63848205,1.94914107,4.68397994,7.24993403,13.6137296,21.6346614,34.6784151,21.9608707,86.4663944
0.345630749,1.69612013,2.47516098,5.27102671,7.91592164,15.6213005,26.7435556,30.0638821,8.66145755,98.8707239
0.450308959,1.93328969,5.18306845,6.15253798,9.14997741,13.7173923,29.465958,45.5083963,38.4264982,38.9143687
0.502777914,2.19353825,5.87580434,7.57006933,9.56428915,22.9379848,28.0795596,26.1062807,2.6993422,96.9955174
0.641535712,2.18830091,4.66801558,10.6814411,12.001405,26.9472154,23.2798083,55.4296722,39.1620147,15.4347671
0.596005655,2.40006887,6.30631478,9.16825412,16.9998986,21.548687,34.8543242,27.6240267,57.8124061,13.9915951
0.588842819,1.92866508,4.1146849,5.98483716,12.6977952,21.827593,26.7297783,38.1649313,53.4618632,22.4224684
0.519349531,2.51275089,5.82597274,7.96116833,11.463793,20.0293149,27.5507081,25.7658213,18.4897005,78.968562
0.483695348,2.17551808,3.55339019,7.35113211,12.3434163,18.4912115,35.1003961,23.3934789,66.7737258,17.5273636
0.430914064,2.02256839,5.04635627,10.223666,11.16158,12.4180178,30.9391355,18.3838255,29.6843309,76.9114182
0.739653298,2.54335633,6.5313936,9.90365589,20.5414728,23.7061189,28.788402,28.0324406,37.0606424,39.5032434
0.580505557,2.17942263,6.19730189,8.51543706,13.5218356,25.9315998,39.0463803,42.1401808,48.9484622,3.22032967
0.53857745,1.95516934,3.59914119,5.06882267,5.99660564,15.6545957,26.7065196,40.9230767,64.5370739,17.0629151
0.34411548,1.28751838,3.85369606,7.40685055,12.7297778,20.6839522,14.6293603,20.3150957,50.4968318,60.9499395
0.559705916,2.29013348,6.02946792,9.21259375,12.8159518,25.5542784,36.0232998,28.9623562,33.0799617,41.8113578
0.503938025,1.62563801,3.77980263,8.59645535,8.19838822,13.7654992,21.6704268,23.4894923,23.3332597,91.3636566
0.374296597,1.89445606,3.72220881,4.5653347,8.65608578,3.75399022,18.3610817,28.8684561,32.6666006,88.2768451
0.699399734,2.7463397,5.38278955,8.69462063,12.9705649,14.1320047,27.2275998,19.7270526,66.2073405,30.4214849
0.298150544,1.36347686,3.20979477,7.00207467,8.67666818,12.0463758,24.5798197,32.8343774,20.9581623,83.9492889
0.718439996,3.14851298,6.28529426,10.2966629,15.7669729,19.334745,28.871067,45.0209561,24.4839306,41.8576969
0.406911996,1.97122923,2.95741018,3.95462261,10.1410346,17.1251755,14.2363971,30.8152499,18.4207958,95.8375273
0.531556374,2.52040425,5.81458271,8.35784805,12.6654239,26.5182294,26.680972,32.9066553,21.396186,61.0527687
0.510087615,1.67424816,4.98748724,6.45125878,14.8484506,15.2651992,32.8849824,42.2538357,59.4910621,7.56556536
0.425994034,1.30729201,2.9548596,7.10710324,11.1928703,7.31953622,23.817321,34.933117,60.9825015,34.7763045
0.420049457,1.81586969,2.96046377,5.25761324,9.86251449,17.3624632,6.5111798,14.9505436,41.7401044,92.7230193
0.579562811,1.876506,5.43037919,10.8441967,12.9945791,15.3854529,35.6467685,39.9276675,44.9774851,22.9448444
0.56982569,1.86350251,5.31349198,10.8406176,19.4048012,20.7173704,24.4569192,52.3705754,52.1882287,1.57258478
0.424760679,1.72388002,4.820274,9.17905391,11.1776066,10.6736477,27.7488009,39.7321911,5.84049876,87.2435095
0.523118371,2.27844757,5.40161633,7.45926235,9.45163827,11.7486287,18.6080558,17.6525049,54.9786193,62.0811466
0.31842787,1.53664431,3.60391896,7.32629343,13.1390431,21.5522956,26.4194485,50.3100175,21.1785778,49.0034686
0.716580167,2.47742917,5.12214561,8.55515069,13.638352,22.6496818,24.6196432,41.5509595,65.8765439,0.473798532
0.49168858,2.32399654,5.06938003,11.1790919,20.2889041,21.9619599,36.4862288,43.5514207,45.8160548,5.56427026
0.475756391,1.81348559,4.98566551,7.59941565,13.6024353,14.3725019,11.9515617,40.1223581,41.4239486,54.6532358
0.394484551,1.78032333,4.69040357,8.86361407,15.1852444,14.1293342,22.9843304,48.6989662,23.7087094,53.8949506
0.492147769,2.37969948,3.87283002,6.07249666,14.6703907,21.0994339,29.1916439,56.6359419,51.0103362,0.495415414
0.531363844,1.73964292,3.28754274,4.76664458,4.1100431,11.3980364,19.8987582,33.7841932,53.8452087,51.3229175
0.284602941,1.47539364,3.73188907,5.16176243,5.10023174,14.1492481,22.7393656,40.9192053,48.1782105,44.4495394
0.442941724,2.06238909,5.4032997,10.8359012,12.0996203,14.7037989,19.8588177,26.8127985,69.6514998,25.5665821
0.485990074,1.57066444,4.88754468,7.26602769,11.3145788,10.6798044,27.3146462,30.1124576,69.7577926,21.1217566
0.464728942,2.21875831,5.67496543,7.77533355,9.48758227,23.119401,33.9961226,42.7215572,22.6114479,46.9151393
0.591162094,2.07042709,4.93975141,7.79680888,15.6354602,23.7594365,32.755344,30.0302887,67.0464277,3.21108811
0.357679255,1.84631791,4.56648136,9.05134518,14.4007476,20.355306,15.8774598,46.9853038,67.1230815,4.77006641
0.324290099,1.68563884,2.34530197,5.50737344,3.28121862,12.2065271,9.1192943,21.6414219,37.4444654,97.6432498
0.546389837,2.11896146,4.10599173,9.03427295,15.11272,21.1277186,17.6908588,36.3764216,3.28354116,92.3901052
0.471412881,2.1558399,5.5207213,10.9002445,17.9327663,21.0600432,29.3988316,23.4539377,55.3784457,27.188905
0.543290014,1.7380288,4.78767864,6.10631776,11.5250967,12.2184717,23.1469223,33.2036508,15.2689767,88.042229
0.573176605,2.68945574,4.99007429,8.59912131,17.0108196,18.8413738,37.675698,28.1755826,33.39319,44.0844015
0.806656619,2.87698754,6.42710446,10.7484907,17.3366041,21.0618407,24.0521401,34.3724393,20.4372879,61.0942796
0.46432711,2.11115313,3.39275464,8.98979333,16.3742363,20.3004384,19.182446,12.1791315,60.1272521,49.639918
0.717903828,2.56497878,5.55881675,8.90736637,15.8117098,21.5941204,21.4216324,22.376999,47.0990624,48.0492856
0.395755467,1.67984599,4.45211473,7.31216322,12.1003735,9.59331984,15.6386065,27.3005134,32.1795487,83.5701211
0.44401121,1.54832617,4.76739612,6.74787316,12.8885404,21.4994942,38.6583684,36.5364606,39.389143,29.5428571
0.591931639,2.74549777,4.94094728,9.34083873,17.3592019,22.9702342,27.2176161,34.8789285,37.0902937,37.9026289
0.566528239,1.92796506,3.97085723,9.81441867,16.3002018,24.408294,22.3257247,23.3341844,42.5207782,50.4227651
0.246098292,1.37591789,2.41518881,4.14873373,8.91507671,11.6950804,22.5571253,30.9173945,33.8400448,75.1567033
0.496200762,2.20201938,5.8525773,7.79228403,9.88857776,20.600269,13.6930105,15.415884,27.7663003,94.9225609
0.550621997,2.56016355,4.46364849,9.35040766,11.9338309,23.3688466,17.9580247,36.9466757,63.7052593,16.4261155
0.57427091,1.90014276,3.81472118,6.89690242,14.1771239,11.5063626,16.2555115,40.0776383,6.49378907,96.3653477
0.430928021,2.10239834,3.63283696,5.93174183,13.653992,19.6810208,14.2740326,41.9094006,60.542051,23.9229731
0.661425373,3.03725625,5.66335693,9.65124882,18.0062435,28.0368279,30.2347636,42.9378805,36.3702733,20.1707606
0.57514458,2.13184377,3.99542028,9.70487577,14.3232117,14.1320163,31.1428348,58.2862523,50.6659381,0.661971979
0.489909398,1.54349183,4.15931362,9.023794,11.8890869,21.6341333,25.8249481,15.1174246,26.9731704,82.4090563
0.300607772,0.935683093,2.4863588,5.51922417,10.008579,14.6040831,13.3469523,34.9785428,14.9176241,99.0203995
0.447972794,1.46586185,4.2511943,5.1901414,12.0237416,9.87340363,18.1997278,36.1070391,37.4621934,65.5237712
0.495988504,2.37968487,4.43765068,10.1495287,18.8881158,31.1350447,30.6913258,33.0029853,46.2537173,17.4648463
0.453612653,2.07920108,5.30161522,6.48679505,14.9659703,13.0632807,18.7011015,41.0858949,71.7539968,9.69160838
0.593221649,1.97606832,3.83726964,5.92624744,14.2401603,11.2920412,30.1167822,40.614335,19.9055576,65.687799
0.404425706,1.21101038,2.25940729,6.06547602,11.2627847,16.662137,16.6028645,17.3453712,40.207531,81.5898654
0.571800302,2.69903509,5.0925584,7.80409701,12.4970004,13.9692448,32.7874829,38.0643467,30.9075957,48.6359821
0.416379873,2.07417781,3.41610889,8.73058242,10.6471761,16.6576466,22.2352735,25.1213382,52.8489437,48.1631852
0.481307084,1.48866724,4.76326276,8.98984785,13.222569,13.4467625,18.9143926,12.2529557,51.840707,67.9059861
0.542392755,1.7271548,3.66117379,5.93381023,8.48580431,18.0869465,21.2361044,22.6929657,62.3283285,42.3095262
0.356612919,1.72766705,4.48573319,6.0004876,13.527498,12.56186,20.9400275,26.0712733,15.6732255,97.3008865
0.627334381,2.88361649,5.38065822,8.52963471,11.4661763,21.2636714,30.4796702,57.6897942,35.7284327,15.4283124
0.472817999,2.30176633,4.4366024,6.9181559,11.7383421,19.1142527,35.6569561,31.700569,16.4250068,68.906376
0.484905208,1.55817791,4.74335284,9.70769576,11.4965303,22.3534731,34.2340977,59.2297615,37.6658283,7.73491622
0.643033893,2.23393015,5.97930967,8.53596954,14.9748957,21.8033995,19.9148913,47.7805084,47.5181421,20.2616523
0.545596211,1.84301352,5.62168434,9.71653862,12.3722183,20.289241,29.6283795,22.4309552,56.8965605,31.8719794
0.541756088,2.13712941,5.60035631,8.47837261,10.8805693,14.2661859,26.1902384,50.2015127,62.7594063,2.56188037
0.707503605,3.22376527,6.40109375,10.8617235,15.9283816,22.1565103,41.7145186,39.4256646,30.9866814,24.2161437
0.509019312,1.79818872,3.38000593,6.88131577,14.2311118,16.8273412,11.8972869,16.0564358,47.7086317,74.0519933
0.38021684,1.77293868,2.78080161,6.89065581,11.1858069,19.4047585,17.3262727,17.3773504,25.672488,95.100761
0.600526828,2.41870431,4.70561797,7.60956155,11.282186,16.7172231,22.3394466,27.6624074,55.7479129,39.8927555
0.549140131,1.99121351,3.80546433,6.36970626,13.7116113,23.6283362,27.4815943,21.3202709,47.424218,46.5617694
0.583940297,2.77939856,4.78717718,9.0442997,17.1743923,25.0006549,25.9741385,49.1149844,50.5372817,4.57127118
0.566238373,2.69038513,4.84193658,7.41889942,11.1780243,17.2303963,12.1025658,36.4652063,61.3007067,32.7175628
0.401121947,1.6401962,3.46440424,7.78479018,13.0745064,23.89409,20.3777608,31.9620891,2.68072424,96.9241116
0.631319185,2.16839908,4.66607807,11.0373605,14.3982871,19.0183797,19.1143551,24.7919736,67.6054228,25.3699231
0.647958472,2.15091815,6.35620452,9.54087919,14.7396931,21.5689709,29.8724684,61.8326105,39.434738,3.0999268
0.43524611,2.07010909,5.17852893,6.76043023,8.43751129,10.7592118,24.3183361,39.849108,60.4069314,26.2852049
0.708920386,2.44531534,5.05222866,10.2946275,13.2834168,24.1441129,37.3483252,30.2637045,20.2896816,54.8762405
0.607902244,2.28771896,6.41870761,9.92731901,13.5996992,15.6709371,31.9946561,35.406331,30.0639095,49.1594807
0.511883632,1.71268517,3.23995653,5.0145823,12.2495714,19.30664,25.4834829,45.9462366,15.4891616,65.7109511
0.28773997,1.4366819,3.82835687,4.30788132,10.8455808,18.4724405,27.5016642,12.2069298,43.281504,71.7604943
0.380468103,1.18755986,2.59936477,6.62417775,11.7482251,9.72601979,20.7551263,18.8142264,50.3570748,68.2449327
0.607575133,2.08328074,5.90110927,11.9899032,19.350942,30.8339696,32.3896099,37.4814067,31.4780913,26.2333526
0.438744447,1.31558577,4.25965438,8.47662719,8.70150624,18.8623428,15.718661,43.2247406,48.8024381,38.3149173
0.413999378,1.25177804,3.62055263,5.91968978,8.19083828,16.878937,6.59108964,31.5540509,50.9704555,63.0683002
0.400336566,1.18026338,4.04402124,8.13685714,14.7356221,16.8982852,33.9741774,24.1740517,62.8846601,22.4417036
0.490570894,1.56500222,3.39361401,8.53285013,10.925085,17.3547056,23.3738879,35.1224728,35.3750527,56.3779213
0.504852647,1.78049061,3.21375151,8.66603131,14.3354963,20.7519764,34.4678538,48.9495432,53.0529221,1.31685082
0.731329994,2.67997461,5.52775194,9.99216868,16.9922995,21.0491747,22.7930399,58.1408387,39.5911841,12.7274638
0.404609819,1.29512693,2.1435121,6.28256723,10.0446621,15.9990258,29.2510395,33.0016042,65.5362896,20.4130559
0.56168289,2.0890384,5.80166802,11.8155936,15.4907704,17.918545,19.4395991,43.0705977,17.8816411,64.1344848
0.695249556,2.39609063,5.1050637,7.9152774,14.7613233,14.3693846,29.1559675,15.2309512,12.7948519,99.1628937
0.41560999,1.9587504,2.94909585,7.82713264,12.886297,23.3670638,31.8615303,31.3753397,10.0370331,77.4083531
0.396283827,1.19121616,3.92023177,7.56886327,6.19512491,8.54957777,22.048125,17.2672687,40.8774798,84.0057677
0.563925309,2.30355763,5.46994214,9.94078095,19.0874513,20.3396262,43.099961,35.3717251,28.721287,32.1475019
0.481522909,2.2895031,3.6955086,9.3624105,14.7263047,14.2824657,34.2675571,42.6703502,55.1296034,10.4626992
0.352150742,1.42938809,3.45438167,3.1609661,9.86372088,16.0215007,25.3002448,46.1036804,16.4700606,71.0722758
0.287438134,1.46177469,3.72886812,4.12544541,7.77259185,16.0121321,23.918052,28.5814827,64.745741,34.3424888
0.470018327,1.61405293,4.87487083,9.82272424,14.6521463,22.4560527,19.459833,38.2892659,11.3631496,77.200289
0.383287327,1.51207316,3.22185879,7.51069369,7.86875066,16.4929671,29.2143053,21.5695791,32.9136232,73.6214012
0.612208758,2.86954313,5.87103651,13.2735766,16.0451565,21.452663,35.6991248,31.0983234,45.5981694,21.9631434
0.472854934,1.6828184,3.21999396,7.27416018,6.0941063,16.7115889,25.7112342,47.0351209,32.0773326,49.2252293
0.51041611,1.65912199,4.5837807,7.24840675,10.2874012,20.2631495,23.7614633,36.071133,4.09796337,91.3370295
0.427610704,1.57170091,4.62038853,9.03353151,12.119446,14.3656958,33.1880539,57.9843783,50.6153197,1.4771496
0.637579322,2.18153893,4.46659982,6.85089756,8.83860517,10.9888051,27.3495874,40.8862533,68.7804176,10.7622176
0.374855824,1.07425541,3.04000601,2.55303472,8.23343413,13.9959816,20.4794938,18.6710692,32.5836123,92.16235
0.266321976,1.463045,2.6469862,6.32469238,8.92368075,8.07120008,17.2300485,30.6258577,59.5389786,50.5502207
0.442428469,1.33493492,3.26260262,4.17468634,10.3450586,8.94540658,22.3302273,25.4315017,32.9697074,82.9454604
0.286037668,1.5229346,1.8081038,3.70191982,8.30320209,9.5162492,20.5460367,17.0754475,43.7040496,84.0597353
0.639347224,2.96249654,5.55442998,8.78667725,12.7067328,14.6600771,29.8112871,45.5168864,59.8648732,4.97130873
0.48548608,1.58118449,4.92053242,9.7249797,13.5043594,15.3811272,21.6764913,48.1739329,67.5713304,0.973869022
0.738723081,2.51111593,7.37090886,11.0938815,15.7402932,22.5845455,25.3167559,34.9257892,31.3457264,45.2325001
0.566966585,2.00148239,5.54997854,8.7762946,10.9318412,11.8991847,31.2109053,29.245284,24.6346613,70.9425697
0.466680879,2.10378434,4.25186006,8.83223085,8.95932006,14.9347699,28.0103792,32.0151716,68.6397932,16.6053481
0.566442666,2.55024396,5.75490632,9.30321483,16.1187984,17.2710351,27.1482532,37.8879858,69.1533358,0.462379446
0.428624151,1.81759269,4.95028346,7.38350115,7.97291195,20.6022123,12.1310544,7.74145438,39.0308191,94.5195985
0.55957016,1.8532559,4.34510216,6.81873541,12.4466265,10.2196186,26.1662863,6.88711307,50.8859672,72.5351449
0.704476819,2.61274241,6.94920832,10.78481,17.5544226,22.3515803,31.0949777,34.3993094,46.5937175,20.505477
0.5921864,2.0219568,5.94773864,12.1733372,17.5783275,23.392071,31.0694397,28.6617829,66.6438282,2.24113725
0.47673444,1.59364006,4.86388519,6.01980749,12.8310453,9.76169408,8.69610281,27.9939322,48.2255539,69.7262332
0.419829396,1.37172331,4.23001257,7.67696201,14.7943764,24.7401082,32.4044151,42.5575905,25.1824752,42.1434118
0.545004124,2.15955068,5.71706751,8.67865199,13.3596085,15.7896188,22.1120858,34.0815374,33.047215,58.8647863
0.608937732,2.01605353,4.38217307,6.52831078,9.38474,17.9866916,24.5879592,27.4808532,72.9454714,18.1887488
0.513447274,2.32852596,4.1227052,9.56252021,17.1714979,18.9346528,40.6244708,47.5756821,36.7899481,14.4169249
0.518719872,2.40352947,4.17552156,7.87981061,14.3542561,20.4503961,20.8978634,34.4132602,76.4520127,2.8316536
0.44062899,2.17178154,3.70818436,8.6407583,11.0666984,23.764839,17.8134405,42.3927413,13.7009542,73.9696436
0.495349728,1.91214101,3.64166859,7.88077689,10.730166,12.3489331,5.59790313,29.7476876,55.1895994,60.7959223
0.525744534,1.90599939,4.14572592,8.01634684,8.9150655,21.1738149,36.3199381,53.8899003,49.4292785,1.42342304
0.376478402,1.87423366,4.47354211,5.18824507,10.5545764,20.5153292,27.5286903,39.1592532,31.510213,51.3791386
0.374443392,1.71836706,4.61656179,9.12131762,15.5764725,13.6542764,29.643157,14.476425,52.7297458,51.495311
0.502085265,2.43921478,4.68777663,9.74287625,12.3882097,19.4026802,25.0251501,36.4595437,8.32680225,81.109161
0.488832134,2.18128827,5.78997425,10.6006009,15.0166527,25.5182266,23.3639054,30.426232,14.8972149,73.404545
0.504152122,1.5796986,4.92759249,7.40764376,15.9025328,15.7350026,34.6550094,42.0044873,23.5246912,48.7479523
0.483076295,1.72445336,5.11765999,6.59238715,13.9896,16.6023866,22.5378947,22.9092171,36.463156,68.5701554
0.332685273,1.56401346,4.10070312,8.38042762,14.8328151,11.8573692,20.4554008,43.4750065,63.9493745,16.301196
0.460793001,2.09426946,3.49780927,8.33395785,11.5385082,23.5071081,32.5235194,22.3686591,80.3374558,0.380719034
0.555536634,2.61726041,5.04113327,10.7375509,16.5122418,17.8093072,22.1456817,20.6786341,56.4314885,40.172518
0.544902424,1.76707239,4.14811158,5.8870239,6.85466945,10.6051295,14.8501752,28.5115231,23.955662,96.7487296
0.473982672,2.28157432,3.84583799,6.42363576,14.1827778,11.8580794,21.5609502,5.92481615,33.4763078,97.672418
0.304670336,1.65652531,4.07987593,5.17762938,12.2900357,16.8468757,16.3200771,32.078238,25.9485058,80.5881275
0.599952702,2.21020335,4.16890881,6.59526252,13.9462122,12.6513082,21.7605167,31.7600342,32.4856907,67.1831615
0.499306456,2.05923921,5.61983073,11.3425033,12.762069,16.7956602,36.1198781,25.6478386,64.2485192,14.0044412
0.422437599,2.03538335,5.10307289,6.46827052,14.0784324,15.3486505,34.7894993,28.6000215,72.3645671,6.13344508
0.370139455,1.91839121,3.94739913,7.36490149,9.9520275,18.7329634,24.4436399,45.1089094,64.8818979,7.21529229
0.578543964,2.69791844,6.70645224,9.57142779,15.5844125,18.9765584,29.7827851,22.2431469,52.5181603,34.5489512
0.409682222,1.35247397,4.25629433,8.27925587,14.7115598,26.0371369,30.611311,39.534767,54.2015056,10.2483536
0.598092942,2.48711294,4.70545458,7.58690501,10.1198219,23.7746223,16.6764622,35.8151284,15.5871695,80.4080975
0.427843917,1.30549323,4.07362632,8.41688077,9.4323079,17.1667728,26.9559866,26.5266359,68.745353,22.9364359
0.373320904,1.90414913,4.3647656,9.17580309,10.1151773,11.0978622,26.8111627,21.4990579,64.9329717,37.383097
0.653765451,2.37080347,5.5885242,11.5303931,14.0186574,23.8649554,24.9409972,20.4965639,23.8240685,73.3523042
0.602037305,1.9909406,5.93571887,8.4409453,14.0304177,15.6624266,17.1222285,19.3683361,56.171382,52.2157976
0.636656551,2.13149205,5.58737112,7.97898996,10.1171972,18.6374373,35.3313658,21.6581879,78.1084937,4.53367015
0.352880701,1.76944187,4.13028269,8.62664745,7.90429104,11.8619876,26.373363,12.6712403,56.2214327,60.6532678
0.498019024,2.35898878,5.82953864,7.58481115,9.95882841,17.4487863,34.0676619,22.044389,50.6073897,40.861892
0.291019214,1.55461045,3.24360242,6.87500804,12.4557447,15.9681195,22.2249988,25.695065,53.6321619,48.062146
0.434179388,1.32699192,4.11818234,8.18917134,12.4619233,11.1402806,25.891673,7.83539139,41.3342306,82.8098334
0.488370715,1.6594989,5.01150425,10.0422602,12.4490058,16.2921687,17.7989614,30.7165541,13.9530707,91.2254226
0.290782383,1.46128413,3.80260686,7.56764254,8.22903139,10.2132917,18.6635474,21.5383172,26.9862922,96.8503292
0.46001551,1.98130436,5.29552139,8.08139265,13.0285034,25.3327611,20.8008721,20.5336362,66.5736446,27.8093764
0.513737361,2.0520964,4.12582575,6.10970642,14.1273127,17.8553216,19.3745377,21.2000141,64.5329548,38.5790397
0.523465137,2.24629118,6.03203282,8.3090817,12.5033395,13.2505515,29.9297927,34.7642812,8.29534274,83.5249603
0.459299223,1.42730858,4.41863475,8.34729142,12.5740961,17.5749252,15.5792047,31.9974609,70.5532499,22.7819949
0.552472918,1.80882993,5.49555058,9.75714518,18.7392858,26.4513404,35.2672647,49.2669545,43.3466456,1.3392258
0.304685894,1.35845999,3.75367641,5.40938381,11.6478172,19.1624426,33.6216196,40.8286329,51.3945759,20.0658634
0.412905788,1.92542857,4.85125294,10.0717956,11.0340029,25.4032205,23.7811653,35.4546519,54.2784642,23.0592658
0.538804745,1.882035,3.70397759,5.00115929,12.0752594,10.3964292,21.2237524,29.9078901,49.2832645,54.4401813
0.629886494,2.1060413,5.57068752,8.64711932,13.4526388,22.7656939,30.286457,24.2442848,8.81952391,85.7087812
0.56081767,2.62148314,4.49126535,8.76989718,11.5845696,22.6240262,18.9735802,31.9792578,32.4590592,60.9829909
0.449091291,2.18856498,5.51301163,11.2075642,13.8635,29.5442669,26.1269115,55.8245519,44.2028475,1.92247667
0.731643704,2.58249935,5.85416422,9.37976587,14.5321157,17.5141119,34.049004,26.1333403,10.3039836,80.097908
0.341047473,1.02463189,3.28130776,6.80286492,11.9793713,19.2587681,22.4290445,14.6945822,22.1540639,97.4208438
0.342502916,1.59228622,3.05870935,6.68536334,9.73852672,11.5612598,24.9225812,44.4579332,63.0820202,17.5625228
0.512700632,2.40684809,4.50629214,7.75916049,15.5198184,18.1815577,26.0219473,44.6692744,18.0575981,58.6424245
0.424325139,1.3462084,2.33192994,6.49825032,11.4852469,16.664367,7.41201342,23.0209768,29.533522,96.7912009
0.43755382,2.09734182,3.49062659,5.26077313,13.0434225,21.5806457,13.3263033,32.9206052,32.7509357,69.0813321
0.61626013,2.04928642,4.04174635,8.14203277,15.2200584,21.5202915,30.1590905,26.619696,54.1763851,28.319277
0.391980619,1.89629585,4.9219835,9.61454556,15.7744753,21.4957999,19.0298577,25.5570119,7.11630155,97.9303565
0.611588361,2.58916773,6.83459598,12.624682,17.4229299,27.4035171,31.128139,35.7813346,57.6635899,0.0679744874
0.521937481,2.50833335,4.1658277,7.85042608,8.79355953,15.6830716,18.7194962,13.5530815,28.3926662,97.0647451
0.613978719,2.83789939,5.04206016,8.02580346,10.4344578,11.5590081,23.5971997,27.8901936,29.22752,75.2631302
0.256578619,1.10305221,3.0701363,6.19248359,4.95421032,13.0891943,20.3533585,9.19572575,37.0671772,98.9879522
0.497865429,2.37305745,4.52591385,6.67148213,13.968317,12.5267039,16.6075378,38.3169334,19.9779393,80.2064339
0.362749364,1.08330821,3.53343895,4.06126167,3.42846901,9.82278984,17.7710892,30.2731268,57.0546831,57.0058834
0.586430156,2.01506235,5.89822737,8.13900391,12.7359935,14.6632124,11.6431473,40.8709857,55.0023046,36.1558853
0.644136262,2.30451541,4.69025794,7.32080721,9.06774625,22.1125122,37.9156378,50.233392,36.5469632,18.3857098
0.468851266,2.28796651,5.71435591,9.15603112,14.0508903,17.0483944,36.4345171,23.4972112,13.5350799,78.9618838
0.493480119,2.12684867,3.59606913,5.87892265,6.60202623,15.4557631,4.36518643,25.7381589,38.5483651,88.9143866
0.438760003,1.5943683,2.59300433,7.0226589,10.6252398,18.8172859,9.88364316,32.9672817,34.466785,74.4903667
0.386109963,1.95302915,4.94533628,6.92243913,10.7610818,8.36622024,15.7120216,19.9574169,48.9596907,73.1715392
0.438773169,1.50979207,4.54002667,8.59949432,8.59521476,15.3067564,27.283316,23.4896549,43.9403064,58.3606149
0.503376031,2.35365805,4.12308262,6.08663276,7.61968947,5.45453649,18.8400027,33.5761865,38.163304,72.610629
0.544892539,2.3930071,4.34488825,7.70402499,8.75867338,11.8066879,27.4431159,48.2916948,44.0484882,31.5130764
0.556453815,2.66168092,5.04657901,8.16301298,17.7560516,22.0771956,32.5172923,31.7484391,14.1622213,65.8773633
0.611968795,2.17091356,6.0235632,8.84935043,17.7689713,18.0540791,18.7026093,34.3577468,40.2736873,47.2509485
0.356452132,1.78172427,4.57088096,8.31503666,7.80293901,10.0131681,23.9215102,6.54568405,39.8402889,92.1217643
0.317856417,1.46914413,3.88547677,8.00652032,9.30155426,6.88265633,7.15156448,17.6847892,39.6923121,99.0537907
0.4912005,1.83271918,3.91345367,8.81001808,15.436026,27.2581451,23.2455691,59.130959,37.0852158,13.4946786
0.529128868,2.43668473,4.14487302,7.66901716,9.1738644,20.4070456,36.3089741,40.8427183,56.8329983,7.81508559
0.443834614,2.1953675,5.58283388,8.05828589,10.2587818,23.4847487,31.4069818,57.7063444,38.2754092,11.7276275
0.419586273,1.840481,3.84605744,8.92779933,15.7305869,21.3292655,25.0766838,34.8277675,53.6663683,24.7728496
0.472732982,1.46561298,3.76481578,8.35457654,14.5232225,12.6799435,24.0387304,49.2104027,37.6991545,37.6944594
0.510891474,1.6046045,5.07248438,8.63770174,15.6033277,21.4465482,42.4599348,40.4891841,49.1603777,5.18989549
0.328737868,1.66074952,3.46137877,7.30754031,5.94566769,16.6122857,9.2981276,22.4522104,50.6539798,72.3804041
0.484748032,2.28717425,3.84704276,6.50836062,14.7936401,23.1621405,24.2574197,21.154288,9.51583593,96.2824882
0.317352708,1.41079681,1.90379486,5.39412892,9.48762291,16.0788513,28.0888542,14.3812685,47.1203149,67.4828244
0.462879672,2.13177975,3.61288121,9.14030779,14.1072276,26.4692977,41.4524193,50.332586,39.050324,4.301822
0.414584807,1.91356976,5.00900329,5.72502001,13.5656478,19.6076444,13.9852046,28.0049905,13.808339,97.7468817
0.308671598,1.51785769,2.29216301,3.45142162,8.65834458,14.7082542,25.3021313,41.9781242,41.1709817,48.1376685
0.463646452,1.79036213,4.88947447,5.78016213,13.6131463,11.7837248,22.4126704,19.4412669,55.2798578,54.7207244
0.438487838,1.38957498,3.87113813,4.53612323,4.72668659,12.6971771,22.9808456,18.2118817,29.1907727,95.6606019
0.519785921,2.09515711,3.60008659,8.43854919,11.4933935,9.82936355,8.38071772,18.6622731,34.1380139,97.9521773
0.469603709,1.45815694,3.82561826,7.37939548,12.4752048,18.2177306,34.741462,20.470952,23.3277186,75.5657265
0.658901091,2.23710983,4.70163078,9.10973081,11.6303788,25.9126454,20.0079007,41.9214204,49.4091947,24.0760442
0.637379519,2.6719727,5.25678761,8.06068645,17.5471493,18.9894891,18.6513819,49.090125,59.7761389,5.85788382
0.534004939,1.75835801,5.30832781,8.33051813,12.7689223,17.7539596,26.3509969,32.1278871,70.5360935,10.1972012
0.491335416,2.33621946,5.39244385,7.57810114,13.6410854,26.5880925,25.1815968,23.1414862,44.5279338,45.8056614
0.520114957,2.49887727,5.62058052,8.36200542,15.4932991,15.3904748,17.1439431,48.1142406,42.0099432,35.2435873
0.72717239,2.48923464,5.78282479,10.7321775,14.6097179,26.561963,25.4970267,37.503501,45.6712128,23.1472551
0.599538701,2.06842234,4.14304429,8.23932465,9.43733541,20.6493324,33.8953749,22.5396286,34.4507669,58.6388828
0.626674488,2.45891169,4.69033491,7.72034177,14.9742578,14.4332348,12.2616552,9.650566,32.7996233,98.6362601
0.499202848,1.98194059,3.38150701,9.05660168,16.3842235,14.8830921,24.4911221,14.1842508,36.8647528,75.2404513
0.463808298,1.97688297,5.28716847,9.78724155,10.5627568,11.7534031,29.4636527,34.616566,38.2423949,49.9104145
0.682447565,2.29202698,4.99877038,12.0411997,17.6277044,19.9795957,28.2128467,25.8527884,55.7063862,25.0706621
0.513221932,1.69184148,4.23242573,6.42895595,12.4275018,19.5230377,26.5258486,31.2643295,19.2276039,75.2735616
0.499740979,1.69374148,3.34514806,7.45732649,7.35122193,18.9143955,20.3905549,35.5774032,67.2956935,21.4308082
0.305781809,1.62326544,2.48284744,2.56575976,7.88612568,13.4814731,22.9568931,25.009083,20.0780846,98.4915849
0.599561605,2.81169549,5.31049002,11.1361429,15.1142149,31.0420637,31.1008351,44.7782608,46.816172,3.44017586
0.475849389,1.56300698,4.85035031,5.39392567,8.24480895,9.98135819,24.5225564,28.7024063,48.5096516,56.1120895
0.521606752,2.30194062,4.85393901,6.61490729,9.00998743,12.5453476,15.651789,35.6877203,49.5802339,51.209236
0.548052045,2.54727642,6.44456129,10.2237508,18.4780704,20.0588927,32.294414,42.9177193,44.1125455,15.0011258
0.729856789,2.64936593,5.54246314,9.69281868,12.9259672,20.3195666,17.9648667,22.5333938,11.8895854,97.4907388
0.476403355,2.31119822,3.91031445,6.08924997,11.0702445,22.0831487,22.2713024,34.5608096,66.7050682,15.9743368
0.509471336,2.08281707,3.9076348,9.23127123,13.9204596,25.065691,33.1830337,29.4370675,18.0801059,64.086912
0.493784661,1.60521833,4.32158838,5.45036023,10.44366,17.6191606,28.539683,13.9806227,17.2550997,99.8002264
0.46252921,2.28503091,5.27554753,9.44856424,14.6651018,28.8277229,33.777841,43.0867474,36.8281166,19.4032449
0.531414943,2.50117524,4.2985859,10.5557591,17.8112675,20.3673465,21.0540555,54.0930853,29.0800721,33.528014
0.593553962,2.66982385,5.34013458,9.19235718,16.2177594,26.9733849,27.4117904,24.9159266,56.2387766,23.0060015
0.639927998,2.22639166,5.57465042,8.15575082,16.5398243,18.7348052,18.3370207,27.2563095,22.3622747,79.0286336
0.472851125,1.86958117,5.09042572,8.77267343,10.1102044,17.6501819,11.0852352,24.0933213,60.9117412,49.122361
0.586865645,1.94908252,3.80306772,9.16313937,14.6091819,22.3952096,18.1996111,31.986979,20.1482028,75.6009609
0.511648021,1.7622691,5.05177889,8.61217441,13.0464326,12.782173,23.937421,39.8860098,47.1369105,36.6247999
0.525284679,1.72481036,5.13550887,9.60945241,17.7707561,23.6132772,33.6761071,27.6939699,41.7473562,33.9285422
0.29347504,0.811680168,1.92326937,4.06724041,8.09552141,12.6388365,12.8707863,25.5728546,30.1844211,96.3390771
0.514177463,2.25725747,3.87380373,8.73870862,9.34101129,21.6424405,15.7855927,20.2190241,31.4558153,82.7250785
0.639903881,2.44500145,5.18013498,11.1659622,14.8525164,24.0551103,23.2869927,48.078144,24.746921,41.3043617
0.355150209,1.05824374,1.99037837,5.74492008,10.0467812,6.31511086,18.7710381,9.66520391,40.4263597,98.7147339
0.258482112,1.46725263,3.34999886,6.75870368,11.4982224,19.5064233,21.7980335,28.2091633,73.1672732,19.2776782
0.323890596,1.72037342,3.897331,8.0276737,13.8298115,23.2051203,28.9349454,30.2031413,33.3044556,52.212438
0.747646613,2.8403479,5.80611247,9.87146649,14.1958876,19.1165017,29.8338222,30.5774619,44.779121,34.9048296
0.592407488,2.63412044,4.82500178,7.55124062,11.8742089,20.6550959,28.0942596,47.2016009,24.580654,45.5349692
0.436165064,2.11125374,3.46211536,8.00656758,7.61890315,8.4357178,24.0983134,18.3855858,46.7618157,71.4396919
0.298145631,1.62840329,1.92216747,5.68842879,6.20876036,12.8745587,19.2124285,29.0193146,45.4255058,66.381778
0.429374324,1.99077007,3.6650736,4.91786236,12.5769131,20.6293087,28.7346623,25.3563392,76.8872994,9.14493902
0.534807945,1.84471821,4.10064848,7.22601775,14.2256888,19.7258363,18.4281741,46.6068909,12.6314597,71.5120307
0.509933535,2.47045531,5.89278357,7.95535832,18.478781,28.8126135,28.56269,56.340132,41.458221,0.892679161
0.475168674,1.62503972,4.54120922,9.34753753,11.2696299,11.6080329,7.3313435,26.4570264,24.9868427,99.1051824
0.524549704,2.05438692,4.05145744,9.36860694,10.281294,15.7917709,13.7001052,34.461158,61.4378915,35.1095858
0.360075892,1.78595696,4.40033228,4.99056027,12.1289179,13.3910923,19.4700073,4.59056925,36.7100206,99.017651
0.290033849,1.40276547,3.80199096,6.31590966,11.0949957,15.0513979,23.862966,42.2374448,4.27212418,89.891143
0.483195091,2.14425973,4.28132819,9.7152882,17.642343,16.5344892,16.9720206,33.9676896,56.8038777,31.574453
0.622553597,2.81281961,5.09455113,11.999562,21.8168647,27.7989472,32.3490246,37.6067325,53.0949859,0.0851540361
0.411939236,1.27639118,4.02562789,4.99068218,10.6184435,19.0886613,19.8468446,45.8892475,56.9471657,21.9648108
0.494096995,1.59575194,4.49392342,8.72243678,12.9892417,12.2784892,29.0184647,36.600619,25.6473747,62.8206192
0.566901055,1.90347574,5.33536214,7.29524587,9.30213799,21.8659844,19.4567735,20.7675305,41.6919145,65.6314973
0.530981032,2.26682554,4.13309266,9.71501886,16.2505993,21.0286811,19.0177753,37.1159883,37.4160693,46.7031052
0.483753619,1.503831,2.6844701,4.26445345,10.2956289,17.9560372,18.1770411,33.5706349,56.6642885,40.6545229
0.487041957,1.88391781,3.6592087,4.78766031,12.4927628,10.1056655,26.8062073,31.22369,30.0133663,71.2884748
0.489944176,1.69319279,4.83948739,6.88125292,7.80701284,13.1494588,7.43790622,14.4340978,39.250945,98.1016849
0.527923753,1.78703292,3.30548187,6.50985183,11.8745803,21.7963149,13.2160615,40.4028328,48.4889197,40.915133
0.573311325,1.87882201,4.79522262,7.92194133,15.9605455,27.9543943,38.3295553,40.2059729,30.7795951,26.7330715
0.441084567,1.39905478,3.18970121,7.41614882,12.9749547,22.5808847,25.9473081,16.7824532,46.1829575,57.0518881
0.407029064,2.06545008,5.0508179,9.76067005,15.8866339,23.8731129,41.8167952,37.2603363,27.9287197,32.7305105
0.337424143,1.68370326,3.80013958,7.90704363,6.89372172,16.648747,29.659563,47.3136565,18.4338638,60.8083729
0.662132098,2.32672632,5.05900392,12.0939448,20.6469839,27.5242417,40.714911,42.1340108,40.2180882,3.50465928
0.490902383,2.1803412,5.5830503,11.4828817,13.6987585,20.4787552,19.7261142,41.3478443,39.8260584,38.4385538
0.620505118,2.08172647,4.36427682,6.81179462,15.3382649,20.2035904,18.7416022,18.6667646,41.0266354,67.2201178
0.421845691,1.50706644,3.40748694,8.04236038,14.1041104,12.3040167,31.4851738,21.768098,12.2147489,94.9619279
0.603241075,2.43852276,6.15492664,8.67541284,18.0894809,19.3623852,31.1443666,42.412708,28.4330625,38.181019
0.430041637,1.30466317,4.35024101,8.45628589,8.51392064,18.6050087,27.2859445,41.6245094,12.8092556,73.1781285
0.486026743,1.52998567,4.66046513,5.33464497,9.52137233,19.345848,16.5076692,17.2603419,36.5664958,83.5231636
0.354401898,1.2613874,3.53921177,5.39170703,10.5285426,17.4771206,30.6376386,16.6164591,61.5830168,41.2800224
0.460982504,1.98309543,3.28160579,8.37680721,11.0938237,20.5294171,36.395861,30.706242,50.2032027,26.9977364
0.579361008,2.17939091,5.4143366,8.09889641,11.9160226,12.1084142,31.9530324,16.3379381,22.1010059,87.8766256
0.452455659,1.58930708,4.7601365,5.30744556,7.56878823,9.03719059,22.3542295,38.5205498,27.0912959,74.7689451
0.46802244,1.59876741,2.80774207,6.03371958,12.6357225,21.6290682,13.6434588,38.4169265,17.1321294,82.139849
0.434267927,2.06548919,3.36888102,8.58471315,8.95502211,17.0710672,27.6190297,15.3728866,21.503431,93.7791917
0.562974739,2.49877435,5.46791317,11.9089741,13.8912309,16.9411858,28.9285155,25.3379273,34.1281429,57.026316
0.425406692,2.1396748,5.25948281,10.2599694,11.2316818,23.7039306,32.6689603,29.1652297,29.9042353,52.1345851
0.394375524,1.22360749,3.26346614,5.51795682,8.31607729,10.7492253,13.7678378,15.466704,36.7039968,98.0537086
0.564132527,1.8610677,3.85236593,8.79631742,16.3201582,14.3954437,26.1854569,32.5662213,42.8783214,44.7462735
