0.161488193,0.617169257,1.32675374,2.25357136,3.36430112,4.62871959,6.01946606,7.51182364,9.08351521,71.3548585
0.999999709,3.99999881,8.99999725,15.999995,24.999992,35.9999882,48.9999836,63.9999782,80.9999718,2.42108649e-05
0.595875765,2.35285198,5.22583891,9.170909,14.145272,20.1072505,27.0162559,34.8327648,43.5182964,33.6945005
0.817360632,3.25299991,7.28243994,12.8814493,20.0260408,28.6924697,38.8572314,50.4970597,63.5889243,31.5786737
0.417361355,1.63337172,3.59567437,6.25418371,9.56100325,13.4703464,17.9384597,22.9235486,28.3857059,64.9119213
1.12056955e-05,3.37081392e-05,5.70365525e-05,7.62547166e-05,8.96030324e-05,9.70333824e-05,9.93232038e-05,9.75597288e-05,9.28563481e-05,99.9990661
0.907868874,3.62271105,8.13142747,14.4209823,22.4784027,32.2907787,43.8452626,57.1290692,72.129475,14.9835147
0.506235241,1.9907704,4.40364704,7.69659768,11.8229981,16.7378211,22.397591,28.7603399,35.7855642,48.6655098
0.0865764878,0.325757898,0.689465391,1.15298841,1.69464981,2.29550086,2.93904366,3.61097874,4.29897555,86.1961015
0.243924955,0.941884459,2.04579237,3.51091596,5.29568161,7.36149064,9.67254479,12.1956808,14.9002138,64.9123862
0.952152094,3.80394279,8.54838656,15.178515,23.6873768,34.0680377,46.3135803,60.4171045,76.371727,6.23230891
0.864159911,3.44404613,7.72087161,13.6759863,21.2908762,30.5471629,41.4266021,53.9110834,67.9826293,24.1008762
0.549310016,2.16457654,4.79789681,8.40279589,12.9341912,18.3483581,24.6028957,31.6566939,39.4699013,40.0624853
0.463525423,1.81880186,4.0143917,7.00082236,10.7305238,15.1577679,20.2386096,25.9308292,32.1938776,57.5570982
0.643912436,2.54746059,5.6690549,9.96801784,15.4045673,21.9398001,29.535676,38.1550019,47.7614161,31.5790532
0.047498319,0.176057766,0.367074876,0.604712701,0.875560322,1.16832998,1.47358793,1.78351557,2.09169764,93.827977
0.123466518,0.468703202,1.0008504,1.68863339,2.50405652,3.42212091,4.42056376,5.47961799,6.58179055,78.3751213
0.201536716,0.774502855,1.67422721,2.85956994,4.29269076,5.93883078,7.76610726,9.74532063,11.849773,66.5410347
0.975543176,3.89975792,8.76902543,15.5797314,24.3282659,35.0110236,47.6244035,62.1648093,78.6286489,2.64547713
0.929725593,3.71213402,8.33710047,14.794537,23.0743924,33.1666521,45.0613381,58.7485088,74.218259,10.4383195
0.841332095,3.35082413,7.50686039,13.2880116,20.6730336,29.6408661,40.1706312,52.241632,65.8333518,28.193506
0.886183267,3.53404134,7.92760918,14.0510181,21.8884954,31.4243635,42.64304,55.5290367,70.0669597,19.6125021
0.572046583,2.25645757,5.00662975,8.77725536,13.5242922,19.2049341,25.7775825,33.201818,41.4383729,36.4532983
0.527507832,2.07656068,4.59814717,8.04481503,12.3706298,17.5311347,23.483311,30.1855397,37.5975645,44.2179185
0.441087844,1.72861472,3.8106043,6.63719311,10.1605591,14.3348524,19.1161281,24.4622812,30.3329833,61.5664747
0.485078744,1.90553769,4.21061338,7.3513677,11.2806332,15.95296,21.324564,27.3532769,33.9984965,53.1787917
0.619701657,2.44932951,5.44545659,9.56569082,14.7686545,21.0139643,28.2622111,36.4749409,45.6146354,32.08741
0.0256065318,0.0934586538,0.191871649,0.311241178,0.443737207,0.58303833,0.724101513,0.862962886,0.996565692,97.2010531
0.0675556333,0.252617306,0.531357919,0.883092446,1.28993473,1.73648792,2.20956552,2.69794019,3.19211774,90.1025188
0.105059264,0.397219173,0.844789642,1.41958667,2.0966107,2.85375147,3.67151736,4.53278729,5.42258343,82.2501688
0.14217008,0.541612158,1.16062288,1.96511878,2.9243479,4.01062203,5.19906826,6.46739845,7.79569552,74.6940279
0.222627632,0.857686421,1.85866247,3.18249316,4.78935447,6.64246004,8.70787139,10.9543188,13.3530323,65.3019012
0.181088755,0.694062791,1.49633408,2.54890311,3.81610786,5.26538849,6.86706703,8.59414086,10.4220895,68.6075868
0.963712768,3.85129064,8.65740038,15.3767186,24.0039317,34.533736,46.9608376,61.2799524,77.4858059,4.3414212
0.987631801,3.94929826,8.8831568,15.787366,24.6600857,35.4994766,48.3037008,63.0709215,79.7993029,1.18745756
0.940844324,3.75764462,8.44182154,14.9848219,23.3781184,33.6132102,45.6816219,59.5749042,75.2846337,8.27578203
0.918751711,3.66722964,8.23380502,14.6068983,22.774979,32.7265656,44.4502252,57.9345734,73.1682743,12.6847707
0.829504455,3.30254833,7.39608967,13.0873016,20.3535704,29.1724943,39.5218814,51.3797484,64.7243184,29.9955735
0.85286745,3.39792328,7.61496876,13.4839657,20.9850352,30.0984571,40.8046682,53.0842619,66.9179867,26.2156378
0.875240586,3.4893186,7.82485557,13.8645887,21.5913701,30.9881665,42.0380581,54.7242384,69.0300133,21.8898616
0.897036495,3.57841212,8.0295855,14.2360942,22.1835543,31.8576603,43.2441842,56.3289759,71.0979622,17.3014073
0.560547475,2.20997674,4.90100934,8.58772865,13.2255472,18.7711747,25.1825869,32.4189948,40.4408151,38.1706953
0.583829128,2.30410833,5.1149637,8.97175021,13.8310243,19.6505169,26.3891075,34.0067979,42.4646872,34.9483045
0.538319951,2.12019828,4.69715627,8.22220866,12.6498254,17.9358943,24.0376843,30.9138099,38.5241965,42.0880626
0.516833432,2.03350084,4.50049868,7.86994825,12.0955513,17.1325467,22.9376683,29.4691038,36.6864541,46.4193103
0.429397742,1.6816718,3.70463354,6.44828495,9.86474222,13.9081616,18.5346675,23.7022835,29.3708643,63.3440336
0.452438371,1.77422382,3.91363132,6.82097361,10.4485345,14.750504,19.6829153,25.2035841,31.2720488,59.6260633
0.47438467,1.8624898,4.11319868,7.17728889,11.0073739,15.5578463,20.7848226,26.6460895,33.1010518,55.3979046
0.495670393,1.94819666,4.30720098,7.52406321,11.5518698,16.3453642,21.8608984,28.0563858,34.8912552,50.9271079
0.607704156,2.40073654,5.33481454,9.36675379,14.4544455,20.5568342,27.6338959,35.6466167,44.5569717,32.7522668
0.631792292,2.4983235,5.55706592,9.76646459,15.0859187,21.4757636,28.8972524,37.3125391,46.6846607,31.7016939
0.0135792456,0.0487817668,0.098573899,0.157384261,0.220852956,0.285619332,0.349142784,0.409551815,0.465517263,98.6795394
0.0368345252,0.135666133,0.281067312,0.460091479,0.661942998,0.877686588,1.09999172,1.32290814,1.5416689,95.5740529
0.0771619772,0.289499903,0.610964567,1.01877571,1.49308211,2.01665342,2.57460098,3.15412505,3.74428619,88.1622821
0.0577033271,0.214926946,0.450301514,0.745436925,1.0845784,1.45429819,1.84321953,2.24176962,2.64195883,91.9962445
0.132761526,0.504904259,1.08011092,1.82567151,2.712186,3.71328914,4.80539567,5.96746461,7.18078135,76.5015281
0.151733443,0.578986367,1.24273317,2.10757188,3.14144495,4.31537935,5.60324473,6.98152854,8.42912697,72.971413
0.0958547231,0.361587864,0.767249656,1.28633626,1.89546111,2.57405432,3.30408814,4.06982614,4.85759429,84.2210052
0.114251558,0.43288115,0.922566639,1.55353761,2.29926142,3.13615412,4.04331456,5.00227976,5.99680014,80.2957216
0.212026208,0.815848044,1.76584075,3.01987346,4.53908703,6.28768449,8.23273353,10.3439805,12.5936748,65.8127324
0.233276139,0.899760798,1.95211925,3.34642098,5.04193635,7.00094408,9.18854921,11.5725109,14.1230794,65.0063696
0.191207606,0.733842373,1.58424714,2.70232783,4.05131199,5.59752202,7.31016229,9.16111937,11.1247745,67.4787171
0.171173053,0.65513571,1.41042395,2.39918111,3.58689732,4.94216592,6.43645572,8.04389818,9.74108862,69.9087444
0.993785543,3.97452271,8.94128252,15.8931363,24.8291556,35.7484124,48.6499788,63.5329274,80.3963308,0.55754397
0.969592071,3.87537536,8.71286565,15.4775857,24.1650651,34.7708404,47.2904551,61.7194595,78.0534107,3.46666738
0.957901549,3.82748845,8.60259404,15.2770649,23.8447609,34.299555,46.6353335,60.8459957,76.9254543,5.26481901
0.98155666,3.92439984,8.82579127,15.6829952,24.4932785,35.2539104,47.9621629,62.6153105,79.21063,1.88421563
0.946471677,3.78068334,8.49484605,15.0811923,23.5319758,33.8394718,45.9959767,59.9938082,75.8253049,7.23693279
0.935261001,3.73478957,8.38922758,14.8892482,23.2255558,33.388886,45.3700052,59.159711,74.7488317,9.34500146
0.924226243,3.68962939,8.28532827,14.7004846,22.9243027,32.9460296,44.7549546,58.3404093,73.6917676,11.5525924
0.858542478,3.42110043,7.66818154,13.580442,21.1386854,30.323862,41.1170677,53.4995432,67.4526729,25.1727252
0.835458103,3.32684666,7.45183824,13.1883058,20.5143212,29.4081538,39.8482687,51.8133256,65.2821771,29.1189772
0.913306982,3.64495515,8.18257747,14.513863,22.6265565,32.5084584,44.1474247,57.5313662,72.6482491,13.8285283
0.880726581,3.51173813,7.876362,13.9580313,21.7402845,31.2067644,42.3412182,55.1274966,69.549553,20.7573066
0.902450915,3.60055269,8.08048222,14.3284873,22.3308862,32.0740675,43.54449,56.7286818,71.6132406,16.1416789
0.869722307,3.46677069,7.77306231,13.7706404,21.4416735,30.7684548,41.7334012,54.319053,68.5080727,23.0054139
0.847126352,3.37448023,7.56115447,13.3864151,20.8297002,29.8706186,40.4889487,52.6646375,66.3777992,27.2252531
0.823460825,3.27788723,7.33951901,12.9848264,20.190508,28.9334893,39.1909205,50.9401749,64.158847,30.8187719
0.891617501,3.5562562,7.97866119,14.143665,22.0361871,31.6412337,42.943897,55.929355,70.5828711,18.4593069
0.577903342,2.28014034,5.06046559,8.8738959,13.6766816,19.4262784,26.08132,33.601591,41.9480007,35.6716766
0.554894602,2.18713582,4.84912673,8.49466528,13.0789102,18.558348,24.8907599,32.0351906,39.9519167,39.0977022
0.58981668,2.32833232,5.17005796,9.07070016,13.9871349,19.8773819,26.7005795,34.41696,42.9878257,34.2883285
0.566268505,2.23309891,4.95354414,8.68198579,13.3741028,18.9868408,25.4783822,32.8081168,40.936613,37.2869468
0.5328938,2.09829562,4.64745518,8.13314846,12.509638,17.732634,23.7592566,30.5479983,38.0586886,43.1421089
0.435286922,1.70531653,3.75800116,6.54340458,10.013668,14.1229387,18.8273,24.0847048,29.8549097,62.4783951
0.522156526,2.0549711,4.54918141,7.95711705,12.2326568,17.3311867,23.2095595,29.8260546,37.1403397,45.3115374
0.423424525,1.65769795,3.65054174,6.3519079,9.71389979,13.6906955,18.2384737,23.3153417,28.8812662,64.1568407
0.458012475,1.79663242,3.96427417,6.91135321,10.5902216,14.9551052,19.9620429,25.5688273,31.7349478,58.6052287
0.511524882,2.01209473,4.45197392,7.78308465,11.958961,16.934704,22.6669381,29.1137683,36.2347389,47.5392163
0.543783216,2.14225633,4.74722262,8.31194606,12.7911145,18.1408037,24.318442,31.2827762,38.9938375,41.0614277
0.446798908,1.75155951,3.86242641,6.72961926,10.3053637,14.5438242,19.4010394,24.8348588,30.8048815,60.6147016
0.500956673,1.96949626,4.3554465,7.6103593,11.6874614,16.5416066,22.1292284,28.408295,35.3382646,49.7950538
0.468976006,1.84072699,4.0639716,7.08935793,10.8694031,15.3584346,20.5125332,26.2894777,32.6486906,56.4875233
0.479749567,1.88408264,4.16205515,7.26458264,11.1443838,15.7559254,21.0553692,27.0005194,33.5507729,54.2938348
0.490381738,1.92689317,4.25895952,7.43779738,11.4163619,16.1492953,21.5928771,27.704975,34.4449981,52.055765
0.61368358,2.42495178,5.38994381,9.46586537,14.6109671,20.7845232,27.946811,36.0590902,45.0835828,32.3847938
0.601767463,2.37670025,5.28010607,9.26842282,14.2991948,20.3310492,27.3236735,35.2377929,44.0351482,33.1892562
0.625739641,2.47379383,5.50118008,9.66591956,14.9270176,21.2444444,28.5791165,36.8928779,46.1484822,31.8602702
0.6378542,2.52289657,5.61306407,9.86723584,15.2452156,21.7077143,29.2163334,37.7335479,47.2226899,31.6091025
0.00711995864,0.0251680402,0.0500430596,0.0786200406,0.108558848,0.138146427,0.16616715,0.191796643,0.214515157,99.3546069
0.0197105745,0.0714704895,0.145772888,0.23492093,0.332743224,0.434349368,0.535920359,0.634529228,0.727987896,97.9612151
0.0313007497,0.114816314,0.236905414,0.386225841,0.553414102,0.730805121,0.912187318,1.09258892,1.26809183,96.4044809
0.0422188731,0.156028629,0.324357898,0.532769822,0.769125674,1.02328702,1.28685233,1.55292425,1.81590441,94.7154534
0.0526501848,0.195656774,0.408989732,0.675499256,0.980572927,1.31182949,1.6588456,2.01291231,2.36681819,92.9213723
0.0723896294,0.271161641,0.57135059,0.951200483,1.39182296,1.87688817,2.39234542,2.92617091,3.46814018,89.1361438
0.0818891769,0.307692677,0.650324837,1.08602163,1.59400311,2.15616663,2.75680826,3.38237004,4.02121067,87.1814216
0.0626676702,0.233899681,0.491064157,0.814595108,1.18764847,1.59579277,2.02673124,2.47005227,2.9170057,91.0558477
0.109653146,0.415032032,0.883618219,1.48642384,2.19767373,2.99451323,3.85673982,4.7665567,5.70834662,81.2701471
0.128103597,0.48675492,1.04035582,1.75690552,2.60769904,3.56704832,4.61202449,5.72221975,6.87952748,77.4309406
0.137446805,0.523176232,1.12016988,1.89502406,2.81765698,3.86103715,5.00093173,6.21567339,7.48594439,75.5888057
0.091233621,0.343731059,0.728459091,1.21979406,1.79518997,2.4348756,3.12157827,3.84027209,4.57794861,85.2077582
0.156578104,0.597942328,1.28442897,2.17999672,3.25195212,4.47069364,5.80947337,7.24417503,8.75310736,72.1495768
0.100455323,0.379386846,0.805961156,1.35282278,1.99576893,2.71345157,3.48710462,4.30029446,5.13869171,83.2357886
0.146939566,0.560243999,1.20153991,2.03607674,3.03244294,4.1623021,5.4001478,6.72307582,8.11057273,73.8191188
0.11884377,0.450724142,0.961540871,1.62076344,2.40112113,3.2783172,4.23076557,5.23934825,6.28719197,79.332237
0.196347872,0.754070316,1.628996,2.78050158,4.17127504,5.76709326,7.53661288,9.45117397,11.4846154,66.9847195
0.176105445,0.674492454,1.45312821,2.47357866,3.70075276,5.10266296,6.65020116,8.31692903,10.078882,69.238005
0.217312936,0.836705667,1.81210087,3.10089443,4.66373802,6.46433386,8.46924111,10.6476932,12.9714258,65.530183
0.238602397,0.920824073,1.99894596,3.42862822,5.1687115,7.18102856,9.43022605,11.8835957,14.5109145,64.9354256
0.206768425,0.795117507,1.71989106,2.93944622,4.4154264,6.1125475,7.99839655,10.0432421,12.2198558,66.1496851
0.227946326,0.878695502,1.90531478,3.2642997,4.91536605,6.82125323,8.94753831,11.2624604,13.7367545,65.1279253
0.186122681,0.713845578,1.54003919,2.62515064,3.93295736,5.43033613,7.08704637,8.87552703,10.7707062,68.0203155
0.166301154,0.63603005,1.36830381,2.32585368,3.47475987,4.78420379,6.22623677,7.77556412,9.40934372,70.6154004
0.990699569,3.96187268,8.91213142,15.8400885,24.7443574,35.6235521,48.4762872,63.3011782,80.0968409,0.863805107
0.996883518,3.98722292,8.97055154,15.9464028,24.9143101,35.8738071,48.8244273,63.7657045,80.6971725,0.269690033
0.972559455,3.88753271,8.74086631,15.5285125,24.246429,34.8905794,47.4569327,61.9414635,78.3401523,3.0489306
0.955019715,3.81568607,8.57542126,15.2276626,23.7658625,34.1834884,46.4740229,60.6309636,76.6478229,5.74329825
0.826492589,3.29025782,7.36789489,13.0362256,20.2722927,29.053358,39.3569005,51.160615,64.4424103,30.4144027
0.978539784,3.91203688,8.79731051,15.6311833,24.4104814,35.1320344,47.7926752,62.3892402,78.9185694,2.25735928
0.96664159,3.86328818,8.68502874,15.4269606,24.0841894,34.651829,47.1250016,61.4988379,77.7684765,3.89796433
0.960797818,3.83935084,8.62990704,15.3267259,23.9240784,34.416247,46.7975254,61.0622191,77.2046446,4.79751978
0.984584053,3.93680686,8.85437572,15.7349997,24.5763898,35.3762584,48.1323202,62.8422912,79.5038895,1.52779624
0.943651681,3.76913768,8.46827227,15.0328934,23.4548629,33.7260658,45.8384111,59.7838311,75.5542815,7.75237084
0.921487223,3.67842192,8.25954823,14.6536562,22.8495819,32.8362069,44.6024583,58.1373086,73.4297755,12.1164937
0.932487899,3.72343928,8.36311125,14.841795,23.1498155,33.2775317,45.2153363,58.9536555,74.4829492,9.88888027
0.910590493,3.63384318,8.15702469,14.4674613,22.5525384,32.3997009,43.9964524,57.3303549,72.3890293,14.4042185
0.926970247,3.70085808,8.31115906,14.7474086,22.9991816,33.0560929,44.9077963,58.5439853,73.9543923,10.9934097
0.832489034,3.3147286,7.42403408,13.1379285,20.4341408,29.2906047,39.6854564,51.5970339,65.0038747,29.5640818
0.850008905,3.38625028,7.58817186,13.4353882,20.9076794,29.9849902,40.6474286,52.8752651,66.6489312,26.7243235
0.861359033,3.43260483,7.69459795,13.6283416,21.2149808,30.4358013,41.272229,53.7058289,67.7183042,24.6399308
0.938053284,3.74621922,8.41552846,14.9370403,23.3018428,33.5010522,45.5258134,59.3672998,75.0167126,8.80576442
0.905159744,3.61163084,8.10595151,14.374727,22.4046293,32.1823968,43.6948342,56.9288119,71.8712661,15.5620184
0.949298983,3.7922598,8.52149269,15.1296271,23.6093117,33.9532142,46.1540215,60.2044395,76.0971931,6.73110368
0.838400331,3.33885623,7.47939591,13.238241,20.5938049,29.5246917,40.0096947,52.0277946,65.5581588,28.6627195
0.88345665,3.52289636,7.90199983,14.0045488,21.8144254,31.3156118,42.4921896,55.3283395,69.8083402,20.1865083
0.872487095,3.47806728,7.79900991,13.8177051,21.5166632,30.8785138,41.8860054,54.5220044,68.7694947,22.4497739
0.899742996,3.58947909,8.05502528,14.2822734,22.2571899,31.9658152,43.3942639,56.5287239,71.3554564,16.7217253
0.894327963,3.56733768,8.00413049,14.1898908,22.1098858,31.749465,43.09406,56.1291837,70.8404304,17.8808224
0.855706093,3.40951599,7.64158353,13.532217,21.0618781,30.211181,40.9608913,53.2919249,67.1853475,25.699279
0.844239415,3.36269328,7.5341006,13.3373801,20.751629,29.7561218,40.3303089,52.4538153,66.1064397,27.7143039
0.888900145,3.54514737,7.95313099,14.0973322,21.9623235,31.5327683,42.7934207,55.7291247,70.3248139,19.0372717
0.820416815,3.26546782,7.31103377,12.9332338,20.1084232,28.813192,39.0243624,50.7189873,63.8743483,31.2070397
0.87799453,3.50057266,7.85070955,13.911491,21.6661128,31.0978803,42.1902076,54.926617,69.2907387,21.3239455
0.86694023,3.45540436,7.74695662,13.7232927,21.3662389,30.6577517,41.5799162,54.1149464,68.2451836,23.557264
0.916038447,3.65612921,8.20827496,14.560531,22.7010048,32.6178563,44.2992973,57.7335913,72.9090536,13.2528396
0.563397039,2.22149283,4.92717285,8.63466783,13.2995218,18.8785607,25.329862,32.6127246,40.6876392,37.7234537
0.574967738,2.26826899,5.03347783,8.82544718,13.6002795,19.315298,25.9290185,33.4011223,41.6924283,36.0553095
0.569148168,2.24473959,4.97999743,8.72945691,13.4489347,19.095499,25.6274399,33.0042411,41.1865514,36.8638835
0.535602581,2.10922893,4.67226325,8.17759962,12.579603,17.8340711,23.8981972,30.7305336,38.2909563,42.6119053
0.432354102,1.69354041,3.73141946,6.49602272,9.9394774,14.0159336,18.6814938,23.8941444,29.6136895,62.9172708
0.524828429,2.06575008,4.57362686,8.00089621,12.301529,17.4309887,23.3461911,30.0054651,37.3685152,44.7626961
0.580850393,2.29205949,5.08756547,8.92255208,13.7534206,19.5377624,26.234332,33.8030207,42.2048308,35.3033058
0.592830198,2.34052652,5.19779735,9.12052996,14.065765,19.9916716,26.8575223,34.6236698,43.2515225,33.9836108
0.586809419,2.316165,5.14238324,9.02099287,13.9087081,19.7634023,26.5440825,34.2108637,42.7249448,34.6107871
0.508878973,2.00142749,4.4277974,7.73981494,11.8909339,16.8361901,22.5321566,28.936901,36.0099423,48.1015951
0.552088756,2.17580072,4.8233842,8.44849891,13.0061812,18.4528102,24.7460746,31.8449399,39.7096173,39.5765845
0.546546463,2.15341511,4.77255511,8.35735985,12.8626308,18.2445424,24.4606071,31.469642,39.2317359,40.5567427
0.455235459,1.78546761,3.93904005,6.86631577,10.5196115,14.8531338,19.8229176,25.3867655,31.50419,59.1189716
0.541044046,2.13119618,4.72211721,8.26694506,12.7202572,18.038034,24.1776227,31.0977025,38.7582505,41.5715515
0.530190983,2.08738778,4.62270802,8.08881206,12.4398625,17.6314845,23.6207274,30.3660267,37.8271676,43.6785729
0.438192395,1.71698479,3.78434382,6.59036823,10.0872162,14.2290348,18.9718919,24.2737098,30.0942013,62.0287847
0.51948749,2.04420508,4.52476843,7.91340164,12.1638936,17.2315554,23.0731791,29.646997,36.9126421,45.8647875
0.426416881,1.6697069,3.67763495,6.40017651,9.78943973,13.7995902,18.3867778,23.5090663,29.1263649,63.7580457
0.493028215,1.93755286,4.28309663,7.48095668,11.4841527,16.2473766,21.7269428,27.8807408,34.6681884,51.4917635
0.460769698,1.80771932,3.98933599,6.9560899,10.6603708,15.0564262,20.1003017,25.7497827,31.9643378,58.0855352
0.482416496,1.89481884,4.18635224,7.30800429,11.2125495,15.8544952,21.1900291,27.1769678,33.7747076,53.7378141
0.466254245,1.82977782,4.03921014,7.04513778,10.8000331,15.2581946,20.3756888,26.110294,32.4214457,57.0254784
0.443948577,1.74010709,3.83655838,6.68347921,10.23307,14.4394866,19.2587745,24.6488045,30.5692104,61.0961841
0.503591508,1.9801147,4.37950299,7.65339732,11.7550978,16.6395163,22.2631308,28.58394,35.5614201,49.2308298
0.449635037,1.76295668,3.88817373,6.77555132,10.3773429,14.6477245,19.5427307,25.0201924,31.039677,60.1233208
0.557731371,2.19859731,4.87515958,8.54135822,13.1524782,18.6651166,25.0371513,32.2277091,40.1971356,38.6260378
0.477077661,1.8733279,4.13771949,7.22109811,11.0761288,15.6572403,20.9205705,26.8239138,33.3266697,54.8463068
0.487728971,1.91620959,4.23477159,7.39455303,11.3484466,16.0510473,21.4586016,27.5289581,34.221519,52.6189316
0.420391726,1.64552887,3.62309213,6.30301303,9.63739334,13.5804272,18.0883255,23.1192431,28.6332082,64.5434984
0.498326457,1.95889783,4.33143849,7.56741364,11.6199791,16.4439326,21.995666,28.233119,35.1157342,50.358503
0.471698381,1.85168022,4.08874583,7.13360728,10.938829,15.45877,20.6495277,26.4688838,32.8762505,55.9423133
0.514197058,2.02286928,4.47639679,7.82680095,12.0276991,17.0342606,22.8031637,29.292554,36.4620031,46.9738867
0.616689434,2.437127,5.41766744,9.51571614,14.6897081,20.8990874,28.1042865,36.2667067,45.3486986,32.2272705
0.598814493,2.36474656,5.25290356,9.21953906,14.2220284,20.2188449,27.1695364,35.0347022,43.7759705,33.4335704
0.628763798,2.48604914,5.52909961,9.71614698,15.0063921,21.3599863,28.7380131,37.1024698,46.4162503,31.7725695
0.634824572,2.51061467,5.5850739,9.81686324,15.165583,21.5917551,29.0568056,37.5230477,46.9536646,31.6473129
0.622720823,2.46156163,5.47331656,9.61579896,14.8478214,21.1291761,28.4206153,36.6838328,45.8814447,31.9650554
0.640882751,2.53517555,5.64105094,9.91760847,15.3248577,21.8237012,29.3759182,37.9441483,47.4918752,31.5865281
0.604737037,2.38872263,5.30746826,9.31759958,14.3768332,20.4439537,27.4787918,35.4422016,44.2960397,32.9616393
0.610698462,2.41286203,5.36241816,9.41637663,14.5328074,20.6708188,27.7905365,35.853082,44.820553,32.5591896
0.00370905523,0.0128989653,0.025233005,0.0390012054,0.0529821574,0.0663320948,0.0784962437,0.0891383008,0.0980846346,99.6767726
0.0448682875,0.166072595,0.345763367,0.568793911,0.822381727,1.09580791,1.38015066,1.66804929,1.95349548,94.2755427
0.0226844346,0.082543171,0.168949483,0.273229469,0.388365608,0.508740666,0.62991686,0.748445748,0.861704913,97.5861693
0.0103902064,0.037076589,0.0744214102,0.11802961,0.164522994,0.211351191,0.256633817,0.29902905,0.33762456,99.0234074
0.0284769445,0.104211516,0.214516433,0.348899523,0.498749802,0.657063833,0.818207539,0.977709209,1.13207991,96.8070198
0.069980519,0.261915728,0.55140224,0.917213479,1.3409571,1.80676556,2.30101692,2.812083,3.33010256,89.6204829
0.0551873529,0.205326755,0.429708606,0.710554695,1.03267468,1.38315869,1.75110254,2.12736231,2.50433542,92.4611157
0.144549756,0.550906363,1.18102949,2.00050043,2.97823599,4.08622272,5.29927,6.59478096,7.95253986,74.2537375
0.0795309723,0.298613674,0.630675,1.05243794,1.5435828,2.08643966,2.66570948,3.26821122,3.88265292,87.6725475
0.0889090617,0.334757001,0.708983026,1.18641591,1.74494056,2.36519407,3.03028873,3.72555994,4.43833676,85.7020458
0.0747811734,0.280347749,0.591186351,0.985023698,1.44248568,1.94678867,2.48346016,3.0400862,3.60608326,88.6503758
0.0500921336,0.185918994,0.388150828,0.640283379,0.928296028,1.24034706,1.56650231,1.89849375,2.22950502,93.3763446
0.0340781408,0.125270203,0.259025307,0.423186268,0.607663975,0.804151506,1.00587348,1.20736657,1.40428769,95.9944596
0.084238558,0.316744213,0.669929311,1.11955189,1.64437939,2.22588278,2.84795841,3.49667533,4.16004595,86.688942
0.0601931936,0.22443783,0.470725,0.780069724,1.1361669,1.5250824,1.93497596,2.35585281,2.77934131,91.5282959
0.0395378904,0.14588103,0.302765703,0.496488836,0.715574492,0.950479337,1.19333285,1.43770846,1.67842218,95.149028
0.0651216916,0.243292548,0.511274893,0.848936255,1.23890569,1.66626427,2.11826653,2.58409003,3.0546104,90.5804238
0.111950119,0.423945633,0.903063518,1.51992229,2.24836608,3.06517399,3.9497929,4.88409196,5.85213709,80.7823933
0.139805043,0.532378981,1.14035872,1.92999878,2.8708806,3.93564297,5.09973188,6.34116872,7.64033541,75.1387048
0.125784047,0.477723047,1.0205854,1.72273098,2.55580743,3.49446954,4.51612005,5.60067035,6.73031971,77.9010593
0.016695852,0.0602884048,0.122456411,0.1965279,0.277210358,0.360360483,0.442788114,0.522089626,0.596506696,98.3237379
0.135102747,0.514032732,1.10011959,1.86030423,2.76484383,3.78703834,4.90297733,6.09130553,7.33300588,76.0424878
0.154148474,0.588433924,1.26351005,2.14365383,3.19648861,4.3927262,5.70592678,7.11227547,8.59037445,72.5571992
0.130433674,0.495831896,1.06023399,1.7912819,2.65992081,3.64012203,4.70862675,5.84470913,7.02995736,76.9634474
0.107361039,0.406141965,0.864234406,1.45304878,2.1471945,2.92418635,3.76417489,4.64969916,5.56546002,81.7585012
0.102750567,0.388274461,0.825307799,1.38607914,2.04598601,2.78329832,3.57888664,4.41597333,5.27990481,82.744183
0.121144734,0.459671041,0.981097742,1.6545213,2.45230793,3.34980948,4.32510147,5.35874151,6.43354683,78.8540432
0.0935434913,0.352654074,0.747836681,1.25302454,1.84524884,2.50433702,3.21263726,3.95476721,4.71738486,84.7150826
0.116541493,0.441776472,0.941991784,1.58703536,2.35000423,3.2069571,4.13664968,5.12029109,6.14131977,79.8138813
0.149338344,0.569620492,1.22214407,2.07183021,3.08694201,4.23882266,5.50165191,6.85221982,8.26971637,73.3908083
0.159001562,0.607430253,1.30531092,2.21628945,3.30736053,4.54861382,5.9129973,7.37609683,8.91593079,71.7523749
0.0981400187,0.370426699,0.786467811,1.31933347,1.9452291,2.64319622,3.39483864,4.18407233,4.99689683,83.7317681
0.219964613,0.847172072,1.83532495,3.14158824,4.72637427,6.55313963,8.58819351,10.8005168,13.1615913,65.4093811
0.204151434,0.784804051,1.6970419,2.89947153,4.3539926,6.02558184,7.88208982,9.89404962,12.0344969,66.338426
0.178588718,0.684242997,1.47465093,2.51109448,3.75819603,5.18368106,6.75815584,8.45489944,10.249669,68.9178319
0.241267758,0.931368966,2.02239863,3.46981818,5.23225892,7.27133579,9.55147102,12.039727,14.705648,64.9180846
0.214664664,0.826255886,1.78892074,3.06029002,4.60125842,6.37577719,8.35065853,10.4953912,12.781967,65.6647273
0.183600776,0.703933066,1.51813624,2.58693241,3.87437783,5.34762969,6.97672762,8.7343889,10.5958166,68.3082304
0.198931196,0.764241219,1.65150749,2.81984732,4.23168363,5.85252471,7.65075699,9.59745035,11.6661751,66.7569081
0.16872806,0.645545691,1.38927809,2.36236143,3.53057997,4.86282037,6.33084221,7.90906357,9.5743609,70.2580054
0.209396866,0.805479374,1.74285476,2.97963402,4.47720731,6.20003229,8.11543465,10.1934203,12.4064986,65.9742107
0.193766798,0.743911611,1.6065189,2.74122887,4.11099839,5.68187641,7.42279294,9.30536095,11.3036904,67.2260122
0.188656213,0.723807171,1.56205808,2.66358419,3.99188694,5.51356504,7.19809973,9.01765324,10.9468799,67.7439279
0.230617809,0.889252622,1.92876801,3.30544388,4.97877081,6.91125549,9.06823671,11.4177115,13.9301704,65.0605253
0.16388651,0.626565935,1.34745068,2.28957003,3.4193026,4.70612664,6.12238687,7.64307714,9.24563764,70.9813627
0.173621554,0.66474292,1.43161529,2.43609317,3.64337615,5.02176741,6.54244776,8.17926443,9.90853356,69.5700578
0.225295031,0.868221219,1.88205237,3.22350218,4.85251385,6.73206137,8.82796161,11.108697,13.5452478,65.2079463
0.235962918,0.910384477,1.97573392,3.38787223,5.10585107,7.09172243,9.31035847,11.729281,14.3185002,64.9644244
0.998437865,3.99359537,8.9852384,15.9731328,24.9570446,35.9367397,48.911984,63.8825435,80.8481842,0.132686618
0.98916351,3.95557643,8.897623,15.8136884,24.7021585,35.5614203,48.3898616,63.1858709,79.9478379,1.02347703
0.995332582,3.9808647,8.95589805,15.9197345,24.871676,35.8110248,48.7370832,63.6491537,80.546539,0.411338054
0.968115371,3.86932567,8.6989329,15.4522467,24.1245841,34.7112702,47.2076371,61.6090248,77.9107809,3.68056663
0.914671196,3.65053586,8.19541146,14.5371697,22.6637365,32.5630915,44.2232681,57.6323532,72.778487,13.5405658
0.936654585,3.74049382,8.40235344,14.9130992,23.2636266,33.4448612,45.4477579,59.2633017,74.8825069,9.07478564
0.992243528,3.96820155,8.92671558,15.8666276,24.7867799,35.6860155,48.5631776,63.41711,80.2466569,0.708148689
0.953583709,3.80980533,8.5618827,15.2030498,23.7265566,34.1256692,46.3936697,60.5238562,76.5095427,5.98660189
0.971075607,3.88145327,8.72686397,15.5030449,24.2057397,34.8306979,47.3736756,61.830435,78.1967445,3.25578755
0.909228362,3.62827161,8.14421317,14.4441979,22.5154318,32.3451818,43.9207756,57.2296011,72.2591067,14.6938729
0.980044367,3.91820245,8.81151395,15.6570216,24.451771,35.1928108,47.8771927,62.5019712,79.064204,2.06903911
0.857125462,3.4153129,7.65489303,13.556348,21.1003104,30.2675625,41.0390346,53.3958052,67.319099,25.4370731
0.986104462,3.94303823,8.86873298,15.7611218,24.6181393,35.4377215,48.2178057,62.9563309,79.6512375,1.35568319
0.839868673,3.34485009,7.4931506,13.2631664,20.6334823,29.5828701,40.0902874,52.1348764,65.6959622,28.4295089
0.868332371,3.46109191,7.76001929,13.7469839,21.4039831,30.7131416,41.6567103,54.2170663,68.3767113,23.2820694
0.959349335,3.83341811,8.61624674,15.301888,23.8844071,34.3578815,46.7164008,60.9540672,77.0649948,5.02949442
0.920117549,3.67281783,8.2466581,14.6302432,22.8122254,32.7813043,44.5262265,58.0357857,73.2988221,12.4004329
0.962256612,3.84532603,8.64366563,15.3517435,23.9640382,34.4750391,46.8792462,61.1711698,77.3453312,4.56745301
0.974053464,3.893654,8.75496561,15.5541573,24.2874032,34.9508824,47.5407791,62.0532823,78.4845862,2.84481273
0.950726972,3.79810705,8.53495263,15.1540942,23.6483805,34.0106782,46.2338721,60.3108649,76.2345773,6.47995963
0.848567116,3.38036304,7.5746578,13.4108914,20.8686726,29.927778,40.5681504,52.7698982,66.513294,26.9764209
0.933873452,3.72911024,8.37615953,14.8655032,23.1876556,33.3331636,45.2926065,59.0565957,74.615775,9.61613385
0.977041911,3.90589905,8.7831715,15.6054633,24.3693823,35.0715406,47.7085539,62.277042,78.7736286,2.44920291
0.824976228,3.28407043,7.35370182,13.0105161,20.2313837,28.9933978,39.2738729,51.0503424,64.3005578,30.618834
0.983067019,3.93058955,8.84005143,15.7089386,24.5347393,35.3149436,48.0470441,62.7285353,79.3569139,1.70412621
0.965172089,3.85726845,8.67116603,15.4017509,24.043918,34.5925717,47.042625,61.3890002,77.6266285,4.11858048
0.876616231,3.4949401,7.83776959,13.8880158,21.6287025,31.0429651,42.1140505,54.8253162,69.1602299,21.6078762
0.928345213,3.70648487,8.3241038,14.7709252,23.0367103,33.1112587,44.9844078,58.6460329,74.0860468,10.7155695
0.851440049,3.3920943,7.60158729,13.4597072,20.9464047,30.0417919,40.7261414,52.9798849,66.7836125,26.4710987
0.956454518,3.82156211,8.58894949,15.2522575,23.8051413,34.24127,46.5543269,60.7380093,76.7860287,5.50341937
0.925597883,3.69524215,8.29823978,14.7239391,22.9617295,33.0010416,44.8313468,58.4421572,73.8230258,11.2723176
0.830999769,3.30865068,7.41008957,13.1126646,20.3939337,29.2316626,39.6038237,51.4885943,64.8643548,29.7814136
0.890259506,3.55070447,7.96590202,14.1205089,21.999271,31.5870231,42.8686881,55.8292768,70.4538876,18.7484333
0.939446983,3.75192436,8.42865736,14.9608986,23.339928,33.5570528,45.6036073,59.4709531,75.1504785,8.53995618
0.833979088,3.32081002,7.43798723,13.1632091,20.4743765,29.3495912,39.7671544,51.705565,65.1435186,29.3426526
0.906514432,3.61717135,8.11869017,14.3978555,22.4415166,32.2365876,43.7700468,57.0289365,72.000363,15.2725477
0.94788392,3.78646569,8.50815559,15.1053842,23.5706023,33.896281,46.0749115,60.0990051,75.9610932,6.98286674
0.922858864,3.68403427,8.27245783,14.6771055,22.8869977,32.8911986,44.6788166,58.2390038,73.560956,11.8334268
0.901098005,3.59502008,8.06776313,14.3053969,22.2940638,32.0199782,43.4694267,56.6287672,71.484429,16.4314449
0.86276295,3.43833957,7.70776687,13.6522217,21.2530197,30.4916147,41.3495978,53.8086964,67.8507735,24.3708475
0.882091497,3.51731665,7.8891793,13.9812867,21.7773488,31.2611781,42.4166886,55.2278957,69.6789153,20.4724641
0.942250912,3.76340296,8.45507383,15.0089061,23.4165674,33.6697497,45.7601703,59.6795706,75.4197171,8.01228612
0.828008242,3.2964426,7.38208263,13.0619267,20.3131902,29.1133039,39.4399122,51.2708715,64.5842485,30.2057458
0.845685899,3.36859894,7.54765522,13.3619473,20.7907428,29.8134837,40.4097843,52.5594309,66.2423797,27.4708814
0.887542693,3.53959828,7.94037887,14.0741906,21.9254334,31.4786001,42.7182764,55.62914,70.1959608,19.3250467
0.859956912,3.42687766,7.68144695,13.604495,21.1769967,30.3800706,41.194978,53.6031222,67.5860474,24.906363
0.821937374,3.27167148,7.3252622,12.9590038,20.1494228,28.8732765,39.1075508,50.8294582,64.0164362,31.0153316
0.88482395,3.52848506,7.9148415,14.0278501,21.8515659,31.3701416,42.5678269,55.4289683,69.9380086,19.8991163
0.842791392,3.35678159,7.52053272,13.31279,20.7124803,29.6987112,40.2507693,52.348119,65.9704017,27.9546757
0.931110673,3.71780262,8.35014236,14.8182318,23.1122084,33.2222444,45.1385476,58.8513605,74.3509607,10.1618982
0.818892184,3.25924783,7.29676857,12.9073983,20.0673214,28.7529605,38.9409744,50.6082567,63.7319329,31.3947315
0.854286242,3.40371735,7.62827063,13.5080808,21.0234392,30.1547922,40.8827409,53.1880396,67.0515951,25.9589172
0.871109397,3.47243806,7.78607967,13.7942513,21.4792927,30.8236658,41.8099534,54.4208593,68.639207,22.7275115
0.895679592,3.57286402,8.01683273,14.2129462,22.1466456,31.8034522,43.1689674,56.2288721,70.9689261,17.5918067
0.879362071,3.50616148,7.86354951,13.9347856,21.7032369,31.1523775,42.2657879,55.0271546,69.4202694,21.0409227
0.836935057,3.33287515,7.46567117,13.2133709,20.5542173,29.4666477,39.9292914,51.9209693,65.4206915,28.8918036
0.873868259,3.48371088,7.8119737,13.8412207,21.5541336,30.9335107,41.9622667,54.6234319,68.9001515,22.169697
0.892976231,3.56181114,7.99142823,14.1668362,22.0731288,31.6954839,43.0191637,56.029514,70.7119636,18.1695259
0.903809971,3.60611064,8.09326003,14.3516851,22.3678813,32.1284127,43.6199112,56.8290766,71.7426761,15.8507428
0.89838478,3.5839252,8.04225824,14.2590978,22.2202342,31.9115342,43.3189403,56.4284703,71.2262175,17.0126775
0.945069144,3.77494097,8.48162902,15.0571694,23.4936206,33.7830638,45.9176022,59.8893618,75.6904905,7.49195839
0.865548088,3.44971703,7.73389499,13.6996043,21.3285008,30.6023729,41.5031406,54.0128552,68.1136982,23.8304812
0.911937054,3.63935127,8.16969071,14.4904612,22.5892264,32.4536069,44.0712808,57.4299829,72.517505,14.1184956
0.917404762,3.66171894,8.22113063,14.5838788,22.7382532,32.6725939,44.3752915,57.8347866,73.0395699,12.9662672
0.556311692,2.19286115,4.86213045,8.51798821,13.1156559,18.6116751,24.9638748,32.1313405,40.074383,38.8604852
0.512864696,2.01749685,4.46421862,7.80500162,11.9934214,16.984613,22.7352275,29.2033901,36.3486583,47.255395
0.594351226,2.34668195,5.21180106,9.14568802,14.1054676,20.0493852,26.9367823,34.7280734,43.3847215,33.8368478
0.582335569,2.29806677,5.10122516,8.94707956,13.7921083,19.593972,26.3114872,33.9045998,42.3343602,35.1241114
0.573504965,2.26235421,5.02003275,8.80131274,13.5622239,19.2600243,25.8531722,33.3012981,41.5651773,36.2525972
0.545164437,2.14783392,4.75988437,8.33464418,12.8268577,18.1926497,24.3894903,31.3761612,39.1127219,40.8078804
0.470336583,1.84620095,4.07635227,7.11147029,10.9040955,15.4085707,20.5809849,26.3791178,32.7623866,56.2158963
0.439642582,1.72280941,3.79749532,6.6138176,10.123944,14.2820227,19.0441149,24.3681287,30.2137561,61.7989868
0.531542212,2.09284081,4.63507917,8.11097521,12.4747412,17.6820445,23.6899696,30.4569802,37.9428833,43.4094838
0.421907854,1.65161205,3.63681325,6.32745279,9.67563284,13.6355391,18.1633659,23.217244,28.7571704,64.3524295
0.46215002,1.81327027,4.00188528,6.97849356,10.6955047,15.1071781,20.1695636,25.840444,32.0792784,57.8219383
0.520821842,2.04958725,4.53697261,7.93525451,12.1982665,17.2813568,23.1413477,29.7364945,37.0264475,45.5876088
0.427908532,1.67569399,3.69114412,6.42424728,9.82711525,13.8539085,18.4607639,23.6057246,29.2486721,63.5529379
0.570596205,2.25059366,4.99330199,8.75333455,13.4865782,19.1501636,25.7024362,33.1029278,41.3123284,36.6568239
0.553484885,2.18144065,4.83619232,8.47146812,13.042365,18.5053152,24.8180532,31.9395835,39.8301496,39.3367959
0.49700348,1.95356743,4.31936506,7.54581875,11.5860495,16.3948278,21.9285252,28.1450681,35.0038919,50.6418087
0.57643652,2.27420843,5.04697986,8.84968539,13.6385012,19.3708164,26.0052055,33.5014012,41.8202673,35.8613002
0.588306209,2.32222079,5.15615677,9.04573107,13.9477381,19.8201238,26.62196,34.31342,42.8557537,34.4480061
0.564824768,2.22726333,4.94028415,8.65819266,13.3365997,18.9323904,25.403694,32.7098543,40.8114005,37.5046131
0.475731334,1.86790933,4.12545975,7.19919391,11.0417508,15.6075408,20.8526907,26.7349908,33.2138429,55.1227647
0.433824216,1.69944309,3.74474275,6.51977048,9.97666014,14.06956,18.7545625,23.9896371,29.7345635,62.6991847
0.585316919,2.31012695,5.12865094,8.99633029,13.8697999,19.7068615,26.4664578,34.1086469,42.5945773,34.7775901
0.507556784,1.99609747,4.41571849,7.71819892,11.8569533,16.7869856,22.4648443,28.8485788,35.8976967,48.3834085
0.567708533,2.23891986,4.96677176,8.70572234,13.4115191,19.0411687,25.5529071,32.9061706,41.0615676,37.0735233
0.542412892,2.1367231,4.73466235,8.28943129,12.7556623,18.089383,24.247981,31.190169,38.8759507,41.3154354
0.453841073,1.77986221,3.92637247,6.84370947,10.4841732,14.8019616,19.7531084,25.2954224,31.3884287,59.3730973
0.430875326,1.68760346,3.71801995,6.47214114,9.90208832,13.9620143,18.6080322,23.7981465,29.4921863,63.1327255
0.579372584,2.2860824,5.07397528,8.89815095,13.7149347,19.4818495,26.157589,33.7019907,42.0760098,35.4859106
0.550698737,2.17018583,4.81063375,8.42563456,12.9701649,18.4005516,24.6744382,31.7507522,39.5896731,39.8182298
0.547925716,2.15898546,4.78520202,8.38003423,12.8983412,18.2963473,24.531608,31.5629765,39.3505711,40.3087233
0.489056467,1.92155568,4.24687488,7.41619114,11.3824281,16.1002042,21.525782,27.6170195,34.333322,52.3374215
0.467615302,1.83525292,4.05159158,7.06724832,10.8347176,15.308312,20.444105,26.1998747,32.5350499,56.7573932
0.504915538,1.9854511,4.39159399,7.67503073,11.7890991,16.6887411,22.3304578,28.6722641,35.6736462,48.9475686
0.518158844,2.03884626,4.51261799,7.89164638,12.1296764,17.1819828,23.0053282,29.557922,36.7993813,46.1418773
0.424922533,1.6637095,3.66410372,6.37606853,9.7517093,13.7451974,18.3126968,23.4122926,29.0039223,63.9593265
0.494349287,1.94287451,4.29514784,7.5025075,11.5180063,16.2963616,21.7939063,27.9685416,34.7796905,51.2095985
0.4837497,1.90018645,4.19850093,7.32971764,11.2466399,15.9037961,21.2573878,27.2652389,33.8867462,53.4583261
0.528850782,2.0819796,4.6104394,8.06683399,12.4052772,17.5813531,23.5520765,30.2758557,37.7124545,43.9471593
0.561977841,2.21575717,4.91414154,8.61128799,13.2626748,18.8250696,25.2564991,32.5162178,40.5646795,37.9444725
0.45662896,1.79106987,3.95170151,6.88891288,10.5550381,14.9042931,19.8927145,25.4780995,31.6199486,58.8624249
0.464890281,1.82429144,4.02680408,7.0229849,10.7652848,15.2079885,20.3071566,26.020568,32.3076656,57.2922039
0.459391496,1.80217731,3.97680786,6.93372569,10.6253013,15.0057712,20.0311773,25.6593082,31.8496424,58.3464682
0.491702622,1.93221335,4.27100579,7.45933645,11.4501924,16.1982404,21.6597771,27.7926808,34.5563646,51.7744999
0.559137884,2.20428062,4.88806952,8.5645159,13.1889681,18.7180794,25.1097759,32.3232263,40.3188114,38.3969829
0.539676437,2.12567461,4.70958499,8.24448341,12.6848931,17.9867476,24.1073545,31.0053605,38.6407161,41.8297483
0.526173573,2.07117716,4.58593603,8.02294272,12.3362154,17.4812571,23.4150164,30.0958481,37.4834759,44.4884636
0.523485259,2.0603313,4.56133731,7.97888625,12.2669024,17.3808101,23.277493,29.9152551,37.2537818,45.0379379
0.536966709,2.1147354,4.68475883,8.19999137,12.6148504,17.8851786,23.9682069,30.8225186,38.4080141,42.3478937
0.451037171,1.76859191,3.90090578,6.79826739,10.412945,14.6991214,19.61283,25.1118939,31.1558655,59.8760139
0.591313549,2.33438921,5.18383574,9.09544915,14.0261869,19.9341426,26.7785209,34.5196135,43.1187751,34.1346574
0.442524299,1.73438513,3.82363552,6.66043185,10.196963,14.3873816,19.1877376,24.5559134,30.4515614,61.3319799
0.436736555,1.71113795,3.77114326,6.56683331,10.0503574,14.1758624,18.8994234,24.1789779,29.9742601,62.2558884
0.445384444,1.74587607,3.84958848,6.70671969,10.2694825,14.4920367,19.330424,24.7425041,30.6878931,60.8552148
0.478417169,1.87871939,4.14991885,7.24289595,11.1103423,15.7067055,20.9881351,26.91243,33.4389881,54.5699461
0.48108898,1.8894745,4.17425704,7.28638806,11.178614,15.8054216,21.1229855,27.0891158,33.6632087,54.0151194
0.534236165,2.10371356,4.65974829,8.15517458,12.5443055,17.7828942,23.8280968,30.6384353,38.1737618,42.8783949
0.50226957,1.9747871,4.36743269,7.63180237,11.7211592,16.5903855,22.1959367,28.495796,35.4494303,49.513846
0.515514168,2.02818054,4.48843712,7.84835491,12.0615931,17.0833556,22.8703482,29.380737,36.5741082,46.696394
0.510192665,2.00672359,4.43980024,7.76129622,11.9247049,16.8850942,22.5990624,29.0246954,36.1215245,47.8220874
0.448205983,1.75721371,3.87519928,6.75240458,10.3410687,14.5953615,19.4713192,24.9267818,30.9213323,60.3724174
0.418873859,1.63943926,3.60935775,6.27855185,9.59912379,13.5252769,18.0132396,23.0211917,28.5091933,64.730293
0.473039422,1.85707635,4.10095224,7.15541156,10.9730429,15.5082218,20.7170549,26.5573259,32.9884433,55.6712973
0.486410521,1.91090028,4.2227524,7.37306673,11.3147058,16.0022419,21.3919061,27.4415382,34.1105381,52.8978366
0.499646207,1.96421558,4.34348408,7.58896014,11.6538349,16.4929339,22.0626697,28.320996,35.2273628,50.075794
0.633308598,2.50446957,5.57107061,9.79166441,15.1257505,21.533757,28.9770234,37.4177828,46.8191451,31.6724534
0.630277048,2.49218209,5.54307272,9.74128696,15.0461245,21.4178282,28.817566,37.2074132,46.5503349,31.7350594
0.627250382,2.47991588,5.51512665,9.69100878,14.9666649,21.3021556,28.6584801,36.997559,46.2822155,31.8143203
0.624229982,2.46767653,5.48724517,9.64085284,14.8874082,21.186792,28.4998384,36.7883159,46.014909,31.9104969
0.60325562,2.38272489,5.29381737,9.29306473,14.3380973,20.3876209,27.4013943,35.3402072,44.1658579,33.072926
0.597345763,2.35880166,5.23937624,9.19523228,14.1836621,20.1630632,27.0929151,34.9337554,43.6471574,33.5617615
0.642399504,2.54132564,5.65506976,9.94284272,15.364758,21.8818153,29.4558837,38.0496863,47.6267838,31.5809309
0.609192333,2.40676275,5.34853275,9.39141416,14.4933867,20.613476,27.7117322,35.7492082,44.6879398,32.6540268
0.618199813,2.44324536,5.43160053,9.54077199,14.7292884,20.9566798,28.1834581,36.3710966,45.4820113,32.1549048
0.636342827,2.51676939,5.59909995,9.84210451,15.205485,21.6498578,29.1367365,37.628515,47.0884508,31.6261793
0.600283993,2.37069494,5.26643963,9.24386304,14.2604243,20.274673,27.2462261,35.1357453,43.9049143,33.3097502
0.62120435,2.45541747,5.45932214,9.59062825,14.8080525,21.0712985,28.3410373,36.5788879,45.7473987,32.024298
0.615193359,2.43106696,5.40386797,9.49090211,14.6505123,20.8420577,28.0258933,36.1633496,45.2167127,32.3034168
0.639360308,2.52900277,5.6269812,9.89228407,15.2848171,21.7653864,29.2956813,37.8382583,47.3565248,31.5959554
0.606225447,2.39474904,5.32118527,9.34225479,14.4157615,20.5005699,27.5565832,35.5447214,44.4269004,32.8543589
0.612184207,2.41887912,5.37611731,9.44100577,14.571704,20.7274028,27.8683027,35.9555939,44.9514354,32.4701415
0.160246972,0.612307484,1.31604831,2.23495638,3.33586773,4.58871474,5.96629036,7.44402846,8.99979911,71.5519927
0.046187862,0.171080711,0.356448476,0.586796388,0.849025344,1.13213012,1.42693148,1.72583872,2.02263934,94.0523142
0.0151506478,0.0545760343,0.110584758,0.177044943,0.249123291,0.323063285,0.395997062,0.465786222,0.530887455,98.5025692
0.035462331,0.130488264,0.270083562,0.441692279,0.634868845,0.840989724,1.05300019,1.26519226,1.4730102,95.784999
0.0119918085,0.0429454139,0.0865110191,0.137695903,0.192625226,0.248340626,0.302631038,0.353890968,0.401002094,98.8532772
0.00192154165,0.00657356616,0.012649542,0.0192328445,0.0257012822,0.0316525372,0.0368462549,0.0411593484,0.0445517514,99.8360758
0.0408808395,0.150962053,0.313572743,0.514640279,0.742355268,0.986875307,1.24006331,1.49525666,1.74706388,94.9333226
0.0488005116,0.181006835,0.377648795,0.622552792,0.902000588,1.20442545,1.52014183,1.84110524,2.16069899,93.6024861
0.0212029799,0.0770223591,0.157383521,0.254095312,0.360559217,0.471518803,0.582844252,0.691347401,0.794623312,97.7751498
0.00876852194,0.0311572805,0.062275213,0.098348073,0.136508295,0.174620285,0.211135583,0.244973149,0.275420771,99.1903685
0.0270484361,0.098856608,0.203231853,0.330120735,0.471298854,0.620100998,0.771186757,0.920337273,1.06427929,97.0050463
0.0241488373,0.0880093115,0.18041953,0.292235806,0.416031158,0.545834215,0.67690347,0.805532449,0.928881879,97.3952077
0.0614333748,0.229178817,0.480913647,0.797360439,1.16194299,1.56047718,1.98089342,2.41298773,2.84819859,91.292406
0.0830651527,0.312222596,0.660134333,1.10279621,1.619201,2.19103203,2.80238486,3.43951449,4.09060609,86.9352853
0.0687683451,0.257266524,0.541377885,0.900145467,1.31542908,1.77159582,2.2552409,2.75493621,3.26100381,89.8621594
0.143358355,0.546252672,1.17081066,1.98278085,2.95124536,4.0483531,5.24907211,6.53095977,7.87394956,74.4732555
0.106210641,0.401681864,0.854513528,1.43631804,2.12189966,2.88896005,3.71782819,4.59121268,5.49397472,82.0040978
0.0783475793,0.294060176,0.620825249,1.03561298,1.51833691,2.0515461,2.62014605,3.21114586,3.81342947,87.9176677
0.10390863,0.392760586,0.835077357,1.40287983,2.07136574,2.81861378,3.62531243,4.47451146,5.3513944,82.4962971
0.0298922534,0.109523575,0.225724706,0.367574636,0.526083316,0.693914539,0.865144264,1.03505015,1.1999286,96.6070924
0.0735871277,0.275760393,0.581278759,0.968126199,1.41717031,1.91185338,2.43791303,2.98312979,3.53709921,88.8935018
0.0326943968,0.12005912,0.247993048,0.404742502,0.580578129,0.767511686,0.959048144,1.14996901,1.33614323,96.2004661
0.0759716035,0.284923038,0.601071819,1.00189019,1.46776467,1.98168766,2.52897809,3.09702879,3.67507808,88.4068601
0.0539188506,0.200490654,0.419343742,0.693012639,1.00659483,1.34744394,1.70489564,2.07002318,2.43541945,92.6923249
0.145741072,0.555560679,1.19125179,2.01822969,3.00524695,4.12412866,5.34952639,6.6586897,8.03125418,74.0361146
0.0564515984,0.210149393,0.440050546,0.728068001,1.05872673,1.41885585,1.79731318,2.18473899,2.57333609,92.2285519
0.140986241,0.536989928,1.15047736,1.94753364,2.89757317,3.97307097,5.14931334,6.40416676,7.71786353,74.9157518
0.071183288,0.266530852,0.561357405,0.934170999,1.3663308,1.8417378,2.3465555,2.86895791,3.39890223,89.3793248
0.138626376,0.527778882,1.13026603,1.91251255,2.84426768,3.89833454,5.05031924,6.27839842,7.56310385,75.3628539
0.0435539421,0.161087984,0.335136209,0.550902207,0.795921479,1.05976215,1.33375994,1.61078379,1.88502877,94.4951757
0.0877410695,0.330250123,0.699206697,1.16966939,1.71974171,2.33026756,2.98455401,3.66811894,4.36846165,85.9497024
0.0638994143,0.238613104,0.501203657,0.831819555,1.21335134,1.63112216,2.07260952,2.5271953,2.98594134,90.8180501
0.0807138915,0.303167041,0.640528135,1.06927495,1.56885615,2.12138417,2.71135641,3.32540244,3.95205485,87.4266161
0.122312057,0.464211604,0.991026442,1.67166576,2.47831329,3.38614405,4.37306306,5.41946437,6.50800896,78.6127801
0.0513766965,0.190807447,0.398608903,0.657951107,0.954515098,1.27618739,1.61278763,1.95582607,2.2982879,93.1490369
0.0381926141,0.140795528,0.291958325,0.47835225,0.688838372,0.914174932,1.14675957,1.38040254,1.61012755,95.3620835
0.0992904486,0.37487817,0.796150837,1.33596634,1.97032664,2.67807915,3.44064349,4.24176159,5.06726931,83.4853407
0.110803228,0.419494446,0.893351855,1.50318982,2.22304198,3.0298698,3.90329482,4.82535266,5.7802672,81.0257025
0.124620926,0.473195646,1.01067851,1.70561215,2.52982267,3.45813821,4.46812898,5.53986739,6.6557069,78.1384606
0.108506942,0.410585825,0.873922474,1.4697275,2.17241745,2.95932194,3.81041458,4.70806622,5.63681843,81.5141765
0.15536367,0.593189152,1.27397074,2.16182565,3.22421822,4.43170309,5.75768595,7.17820081,8.6717028,72.3521648
0.0663372451,0.247948428,0.521300106,0.865982712,1.26436709,1.70129495,2.16380005,2.64085743,3.12315787,90.3425177
0.058946483,0.219674344,0.460493286,0.762714888,1.11030858,1.48959305,1.88895957,2.29862436,2.71040692,91.7635619
0.117695457,0.446260742,0.951787931,1.60393461,2.37561291,3.24270292,4.18378862,5.17991485,6.21436357,79.5720942
0.148132577,0.564906842,1.21178513,2.05385299,3.05953655,4.20033958,5.45059917,6.78725873,8.18965702,73.6050876
0.092389989,0.348197404,0.738156877,1.23642212,1.82023481,2.46962226,3.16712156,3.89752805,4.64766607,84.9612784
0.133926785,0.509447132,1.09006734,1.84290304,2.73838305,3.74997503,4.85393148,6.02905466,7.25647916,76.2723414
0.0182074046,0.0658892001,0.134122906,0.215718121,0.304938919,0.397266138,0.489194234,0.578058011,0.6618852,98.1442135
0.101605728,0.383840804,0.815655207,1.36948425,2.02092419,2.74843499,3.53306805,4.35821701,5.20938975,82.9893556
0.119996654,0.455206398,0.971337384,1.63767155,2.42675571,3.31411657,4.27799811,5.29911947,6.36045207,79.0922204
0.115396665,0.437328802,0.932277987,1.5702823,2.32462333,3.17153797,4.08995308,5.0612414,6.06899707,80.0544493
0.00541636488,0.0190156249,0.0375522374,0.0585943835,0.0803560746,0.101560283,0.12132776,0.139087074,0.154502145,99.5184935
0.136268438,0.51857927,1.11008837,1.87756468,2.79109626,3.82381779,4.95165811,6.15310642,7.40899588,75.8161115
0.150532987,0.574291597,1.23241159,2.08965234,3.1141165,4.27698906,5.55229472,6.91667224,8.3491648,73.1805684
0.0947079311,0.357154396,0.757614323,1.26979996,1.87053136,2.53943525,3.25867,4.01267452,4.78793933,84.4662717
0.126934569,0.482202436,1.03038948,1.73967606,2.58153437,3.53044866,4.56365681,5.66091156,6.80426019,77.6673076
0.0900610589,0.339203611,0.718631766,1.20294926,1.76982678,2.3996985,3.07548552,3.78234384,4.50743505,85.4573042
0.157787923,0.602678356,1.29485148,2.19810925,3.27960201,4.50957361,5.86112392,7.30998763,8.83432822,71.9500993
0.131588428,0.500331831,1.07009194,1.80833551,2.68583593,3.67639709,4.75659785,5.90555572,7.10470842,76.7336446
0.0969971045,0.3660056,0.776853664,1.30282373,1.92032465,2.60859175,3.34941272,4.12687704,4.92714727,83.976507
0.113115163,0.428468439,0.912933988,1.53693277,2.27411759,3.10108328,3.99710014,4.94386888,5.92529544,80.5357502
0.129252398,0.491229644,1.05015414,1.77384835,2.63343425,3.60305538,4.6596198,5.78256257,6.95362636,77.1998328
0.1529523,0.583754047,1.25321713,2.12577696,3.16921441,4.35439693,5.65503757,7.04747086,8.51044431,72.7612531
0.0853913428,0.321187903,0.679558806,1.13603017,1.6691495,2.26018024,2.89282392,3.55296754,4.2284542,86.4462518
0.234622412,0.905083659,1.96395024,3.36718664,5.07395316,7.04641444,9.24955842,11.6510249,14.2209436,64.9837643
0.174858366,0.669597106,1.44232538,2.45475346,3.67193569,5.06203005,6.59607308,8.24776946,9.99329524,69.403254
0.202842313,0.779646096,1.68561734,2.87948903,4.32329049,5.98213037,7.82399234,9.81954296,11.941951,66.4381115
0.221294866,0.852423892,1.84698095,3.16201679,4.75782519,6.59774091,8.647949,10.8773048,13.2571639,65.3539702
0.223959483,0.862946127,1.87033947,3.20296467,4.82088099,6.68718193,8.76780646,11.0313607,13.4489496,65.2532882
0.22927982,0.883964794,1.91701995,3.28483267,4.94700584,6.86616224,9.00775958,11.3399157,13.8332433,65.0926384
0.239936917,0.926103428,2.01068685,3.44924733,5.20052023,7.22622881,9.49090694,11.9617311,14.6083615,64.9252649
0.208080609,0.800290002,1.7313533,2.95950422,4.44625923,6.15620484,8.05679719,10.1181733,12.3129737,66.0603225
0.205458941,0.789956475,1.70845604,2.91943901,4.38467652,6.06901453,7.94017149,9.96854796,12.1270474,66.2423731
0.215989277,0.831482256,1.8005132,3.08059486,4.63249989,6.42005449,8.40994389,10.5715288,12.8766724,65.595685
0.189929395,0.72881446,1.57312888,2.68291295,4.02153092,5.55544316,7.25399234,9.08920275,11.0355921,67.6099318
0.177346054,0.679363265,1.46387878,2.49231613,3.72944058,5.14312077,6.7041055,8.3858149,10.1641451,69.0765653
0.179834644,0.689136391,1.48545512,2.52993197,3.78704707,5.22438326,6.81240474,8.52424985,10.3355371,68.7616908
0.242595819,0.936624224,2.03408917,3.49035453,5.26394874,7.31637954,9.61195853,12.117635,14.8028382,64.9138132
0.169946408,0.650324,1.39981325,2.38070384,3.55863297,4.9023407,6.3834413,7.97620969,9.65738194,70.082599
0.19763776,0.759148369,1.64023445,2.80014261,4.20142799,5.80973288,7.59357859,9.5241699,11.5752113,66.8692562
0.218640498,0.841945275,1.82372624,3.12126316,4.69508736,6.50877763,8.52876757,10.7241638,13.0665745,65.4679733
0.184859425,0.708879845,1.52906584,2.60600173,3.9036041,5.38888974,7.03175802,8.80478694,10.683042,68.1629474
0.192486146,0.738872417,1.59537198,2.72175745,4.08112064,5.63964687,7.36640305,9.23313868,11.2140991,67.3507974
0.200226002,0.769340292,1.66279614,2.83958251,4.26199102,5.89539671,7.70805182,9.67089196,11.7573538,66.6478857
0.195061942,0.749008678,1.61779572,2.76093046,4.14123435,5.72461934,7.47987786,9.37848555,11.394416,67.1032281
0.210712058,0.81066536,1.75435051,2.99975701,4.50814979,6.24385867,8.17407989,10.2686891,12.5000654,65.8916878
0.213347894,0.821061259,1.77740046,3.0401147,4.57022104,6.33179588,8.29177854,10.4197859,12.6879381,65.736842
0.226620449,0.873457069,1.89367986,3.24389292,4.88392531,6.77663326,8.88771336,11.185526,13.6409285,65.1662917
0.16268764,0.621868294,1.3371028,2.27157005,3.39179835,4.6674146,6.07091041,7.57742387,9.16453619,71.1668341
0.231943704,0.894493407,1.94041323,3.32587762,5.01026683,6.95597339,9.12821911,11.4948819,14.0263323,65.0319218
0.167508284,0.640762648,1.3787344,2.34400748,3.50251438,4.82328946,6.27823854,7.84192372,9.49136261,70.4363132
0.172393298,0.659923172,1.42098308,2.41757184,3.61503431,4.98181878,6.48925012,8.1113178,9.82447771,69.7385569
0.165086444,0.631268603,1.35781153,2.30759586,3.44685142,4.74490848,6.17396559,7.70887288,9.32692993,70.7982225
0.187394878,0.718847309,1.55109398,2.64444494,3.96253852,5.47211143,7.14278297,8.94685279,10.8591112,67.8799118
0.237284171,0.915609898,1.98735164,3.40826935,5.13730859,7.13641119,9.370336,11.8064893,14.4147642,64.9484162
0.182327841,0.698931004,1.50708639,2.56765664,3.84484023,5.3059373,6.92113018,8.66327772,10.5077228,68.458366
0.99921879,3.99679707,8.99261771,15.9865636,24.9785176,35.9683625,48.9559814,63.941257,80.9240723,0.065728261
0.957178001,3.82452512,8.59577133,15.2646603,23.8249495,34.2704098,46.5948261,60.7919965,76.8557331,5.38370358
0.991469693,3.96502948,8.91940584,15.8533258,24.7655169,35.6547072,48.5196255,63.3590009,80.1715631,0.785556696
0.950011968,3.79517927,8.52821302,15.141843,23.6288178,33.9819043,46.1938881,60.2575735,76.165783,6.60533843
0.973304081,3.89058358,8.74789337,15.5412937,24.2668501,34.9206334,47.49872,61.9971911,78.4121337,2.94667271
0.965906562,3.86027715,8.67809464,15.4143506,24.0640453,34.6221877,47.0837954,61.4438947,77.6975204,4.00783669
0.912618766,3.64213988,8.17610338,14.5021062,22.6078021,32.4809012,44.1091698,57.4804306,72.5825619,13.9741052
0.859250277,3.42399139,7.67481957,13.592478,21.157856,30.351988,41.1560525,53.5513716,67.5194095,25.0397416
0.827253997,3.29336479,7.37502212,13.0491365,20.2928372,29.0834708,39.3985996,51.2159994,64.5136581,30.3101184
0.833234726,3.31777199,7.43101672,13.1505796,20.4542757,29.3201226,39.7263391,51.6513436,65.0737527,29.4537631
0.913988678,3.6477438,8.18899048,14.525509,22.6451346,32.5357572,44.1853214,57.581826,72.713324,13.6845295
0.916721705,3.65892446,8.21470362,14.5722063,22.719631,32.6452278,44.3372978,57.7841931,72.9743165,13.1094077
0.980801422,3.92130484,8.81866105,15.6700236,24.4725489,35.2233959,47.9197264,62.5587052,79.1374994,1.97595497
0.976290933,3.90282186,8.77608312,15.5925693,24.3487791,35.0412156,47.6663858,62.2208013,78.7009774,2.54701324
0.920801947,3.67561805,8.2530989,14.6419419,22.830891,32.8087367,44.5643158,58.0865112,73.3642519,12.2583997
0.958624239,3.83044832,8.60940891,15.2894555,23.8645503,34.3286684,46.6757975,60.899938,76.9951033,5.14692346
0.971816831,3.88449009,8.73385841,15.5157663,24.2260644,34.860609,47.4152625,61.8858932,78.2683753,3.15194527
0.967376411,3.86629842,8.69196116,15.4395678,24.1043292,34.6814647,47.1662009,61.5537729,77.8394234,3.78908425
0.825736821,3.28717393,7.36082076,13.0234113,20.2519023,29.0234715,39.3155159,51.1056497,64.3717031,30.5168365
0.941548749,3.7605284,8.44845822,14.996883,23.3973731,33.6415241,45.720957,59.6273182,75.352279,8.14351334
0.929034723,3.70930663,8.33059561,14.7827191,23.0555321,33.1389268,45.0228329,58.697217,74.1520828,10.5768655
0.968854443,3.87235344,8.70590596,15.4649282,24.1448436,34.741083,47.2490842,61.6642925,77.9821601,3.57301771
0.937351344,3.74334589,8.40891643,14.9250251,23.2826632,33.4728513,45.4866389,59.3151047,74.9493562,8.94049487
0.986866097,3.94615988,8.87592554,15.7742086,24.6390558,35.4685153,48.2606363,63.0134697,79.7250673,1.2712076
0.997658457,3.99039996,8.97787372,15.959729,24.9356151,35.9051814,48.8680772,63.8239521,80.7724554,0.200764732
0.839135064,3.34185542,7.48627837,13.2507128,20.6136579,29.5538016,40.0500192,52.0813724,65.6271072,28.5464777
0.922171774,3.68122288,8.26599096,14.6653589,22.8682545,32.8636506,44.6405646,58.1880588,73.4952395,11.9750572
0.970330369,3.87840007,8.71983194,15.4902554,24.1853065,34.8006277,47.3318683,61.774684,78.1247369,3.36121533
0.822700805,3.27478628,7.3324064,12.9719435,20.1700104,28.9034486,39.1493261,50.884936,64.0877944,30.9173907
0.983824216,3.93369277,8.84720098,15.7219461,24.5555275,35.3455462,48.0896055,62.7853105,79.4302681,1.61554212
0.847847243,3.37742368,7.56791076,13.3986615,20.8491994,29.899217,40.528575,52.7173012,66.4455887,27.1011389
0.985342984,3.9399173,8.86154219,15.7480385,24.5972287,35.406937,48.1749888,62.8992117,79.5774344,1.44130547
0.95286897,3.80687841,8.55514458,15.1908004,23.7069952,34.0968951,46.3536826,60.4705566,76.4407326,6.10888305
0.94436494,3.77205784,8.47499318,15.0451086,23.4743648,33.7547455,45.8782574,59.8369301,75.622816,7.62100143
0.915351547,3.65331911,8.20181228,14.5487941,22.6822807,32.5903414,44.2610984,57.6827265,72.8434527,13.397277
0.934567445,3.73195077,8.38269549,14.8773791,23.206611,33.3610323,45.3313158,59.1081662,74.6823193,9.48026938
0.955736717,3.81862243,8.58218147,15.2399529,23.7854902,34.2123617,46.5141502,60.684453,76.716882,5.62301945
0.856418104,3.41242391,7.64825996,13.5443217,21.0811565,30.2394627,41.0000886,53.3440316,67.252437,25.5680736
0.875928282,3.49212881,7.83131127,13.8762998,21.6100321,31.0155594,42.0760451,54.7747645,69.0951045,21.7490744
0.900420806,3.59225081,8.06139696,14.2938401,22.2756345,31.9929077,43.4318601,56.5787648,71.419967,16.5765165
0.889579534,3.5479247,7.95951364,14.1089152,21.9807886,31.5598828,42.8310361,55.779176,70.3893182,18.8929917
0.940144851,3.75478118,8.43523176,14.9728462,23.3590006,33.5850979,45.6425676,59.5228655,75.217474,8.40772503
0.884138504,3.52568334,7.90840368,14.0161685,21.8329462,31.3428038,42.5299067,55.3785183,69.8729991,20.0433082
0.905837282,3.61440186,8.11232255,14.3862942,22.4230775,32.2094987,43.7324491,56.9788853,71.9358282,15.4171984
0.870414401,3.46959842,7.77955724,13.7824208,21.460443,30.7960012,41.771595,54.3698461,68.5734975,22.8669749
0.938749553,3.74906939,8.42208732,14.9489592,23.3208688,33.5290279,45.5646758,59.4190799,75.0835349,8.67268557
0.867638319,3.45825636,7.75350676,13.7351723,21.385165,30.6855255,41.6184224,54.1661509,68.311133,23.4195101
0.830253862,3.30560661,7.40310585,13.1000123,20.3737983,29.202146,39.5629457,51.4342944,64.7944942,29.888754
0.996111615,3.9840584,8.96325834,15.9331295,24.8930902,35.8425587,48.7809535,63.707693,80.6221961,0.339571399
0.842060137,3.35379627,7.51368135,13.3003731,20.6927127,29.6697234,40.2106094,52.2947542,65.9017199,28.074786
0.873179613,3.48089696,7.80550985,13.8294956,21.5354502,30.906088,41.9242407,54.5728568,68.8350011,22.3095433
0.951437195,3.80101532,8.54164743,15.1662642,23.6678139,34.0392625,46.2735932,60.3638069,76.302922,6.3561632
0.877309414,3.49777283,7.84427731,13.8998218,21.6475164,31.070582,42.1523496,54.8762596,69.225861,21.4652504
0.892298767,3.55904141,7.98506245,14.1552827,22.0547089,31.6684334,42.9816335,55.9795713,70.6475931,18.3140682
0.899061004,3.58669032,8.04861453,14.2706361,22.2386329,31.9385582,43.35644,56.4783809,71.2905576,16.8678262
0.881409222,3.51452811,7.88277225,13.9696618,21.7588209,31.2339773,42.3789614,55.1777062,69.6142466,20.6149849
0.923541741,3.68682848,8.27888528,14.6887808,22.9056273,32.9185802,44.7168382,58.289643,73.6262792,11.6930029
0.924913698,3.69244243,8.29179929,14.7122395,22.94306,32.9735999,44.7932396,58.3914012,73.7575483,11.4119365
0.852152579,3.39500398,7.60826692,13.4718162,20.9656875,30.0700766,40.765338,53.031984,66.8506838,26.3439352
0.979295059,3.91513186,8.80444025,15.6441533,24.4312073,35.1625416,47.8350991,62.4458254,78.9916698,2.1622745
0.974795383,3.8966939,8.76196766,15.5668936,24.3077532,34.980833,47.582424,62.1088222,78.556328,2.74501168
0.840603735,3.34785076,7.50003673,13.2756455,20.6533477,29.6119993,40.1306406,52.1884946,65.7649656,28.3114093
0.863462657,3.44119783,7.71433062,13.6641245,21.2719804,30.5194362,41.3881652,53.8599762,67.9168119,24.2358971
0.878678474,3.50336775,7.85713103,13.9231409,21.6846788,31.1251345,42.2280051,54.9768951,69.3555154,21.1825563
0.948589853,3.78935617,8.51480894,15.1174779,23.5899125,33.9246819,46.1143749,60.1515997,76.0289842,6.85691396
0.818127868,3.25612979,7.28961774,12.8944481,20.0467195,28.722771,38.8991798,50.5527596,63.6605582,31.4871058
0.909904748,3.63103822,8.1505748,14.4557493,22.5338569,32.3722528,43.9583519,57.2796286,72.3236168,14.5499669
0.844964594,3.36565399,7.54089591,13.3496962,20.7712375,29.784878,40.3701504,52.5067605,66.1745859,27.5926759
0.866242892,3.45255549,7.74041379,13.7114266,21.3473348,30.6300105,41.5414563,54.0638044,68.179316,23.694373
0.888221038,3.54237124,7.94675123,14.0857546,21.9438674,31.5056677,42.7558253,55.679101,70.2603462,19.1813271
0.890936733,3.55347307,7.97226484,14.1320564,22.0176802,31.6140564,42.9061923,55.8791821,70.5182063,18.6043143
0.960076311,3.83639565,8.62310256,15.3143535,23.9043169,34.3871731,46.757114,61.0083438,77.1350782,4.91263248
0.869031174,3.46394694,7.76657665,13.7588771,21.4229315,30.7409494,41.6952651,54.2683374,68.4427491,23.1432106
0.964439277,3.85426661,8.66425334,15.3891803,24.0238378,34.5630254,47.0015524,61.3342372,77.5559077,4.23001797
0.860659013,3.42974546,7.68803207,13.6164356,21.1960161,30.4079759,41.2336584,53.6545481,67.6522685,24.773242
0.982314317,3.92750482,8.83294461,15.6960091,24.5140761,35.2845257,48.0047403,62.6721048,79.2840063,1.79331167
0.903134864,3.60334972,8.08691257,14.3401613,22.3495034,32.1014156,43.5824438,56.7792025,71.6783745,15.9952411
0.961520037,3.842309,8.63671851,15.3391112,23.9438609,34.4453524,46.8379814,61.1161548,77.2742904,4.6831684
0.908552657,3.62550782,8.13785819,14.4326587,22.4970266,32.3181406,43.8832413,57.1796305,72.1946711,14.8377697
0.962980789,3.84829233,8.65049608,15.3641638,23.9838773,34.504229,46.919821,61.2252661,77.4151869,4.4545872
0.931798515,3.72061777,8.35661943,14.8299999,23.1309902,33.2498558,45.1768968,58.9024475,74.4168762,10.0253085
0.886861654,3.53681436,7.93398145,14.0625814,21.9069276,31.4514276,42.6805826,55.5789874,70.1313294,19.4691522
0.933183925,3.72628803,8.36966588,14.8537044,23.1688236,33.3054768,45.2541505,59.0053637,74.5496687,9.75162163
0.824222746,3.28099601,7.34664974,12.9977423,20.2110587,28.9636087,39.2326248,50.995561,64.2300905,30.7187942
0.993008509,3.9713374,8.93394199,15.879778,24.8078014,35.7169686,48.6062365,63.4745621,80.3209031,0.63282745
0.947179791,3.78358265,8.50151947,15.093322,23.5513428,33.8679552,46.0355532,60.0465516,75.8933855,7.10919535
0.853576634,3.40081942,7.62161757,13.4960193,21.0042306,30.1266147,40.8436904,53.1361314,66.9847654,26.0876606
0.97778646,3.90894996,8.79019945,15.6182476,24.3898107,35.1016088,47.7503657,62.3328087,78.8456689,2.35330118
0.901776521,3.59779479,8.07414193,14.316977,22.3125304,32.047104,43.5070706,56.6788734,71.5490262,16.2861073
0.831741856,3.31167921,7.41703783,13.1252529,20.4139676,29.2610312,39.6444978,51.5426245,64.93387,29.6736199
0.850721814,3.38916139,7.59485448,13.4475021,20.9269692,30.0132839,40.6866361,52.9273765,66.7160157,26.5985501
0.927660734,3.70368374,8.31765959,14.7592179,23.0180273,33.0837951,44.9462673,58.5952287,74.0205023,10.8536781
0.907194159,3.61995142,8.12508227,14.4094613,22.4600272,32.2637822,43.8077918,57.0791848,72.065153,15.1274433
0.849295163,3.38333583,7.58148173,13.4232609,20.8883687,29.9566664,40.6081803,52.8231005,66.5817798,26.8495035
0.930411345,3.71494051,8.34355738,14.806268,23.0931143,33.1941745,45.0995623,58.7994273,74.2839546,10.3012368
0.828754537,3.29948804,7.38906904,13.074583,20.3333305,29.1428258,39.4807948,51.3251738,64.6541076,30.1014317
0.893651099,3.56457031,7.99776986,14.1783462,22.0914795,31.7224334,43.0565544,56.0792719,70.7760973,18.025434
0.880045864,3.50895606,7.86997007,13.9464343,21.7218017,31.1796309,42.3035859,55.0774353,69.4850519,20.8989426
0.896362605,3.57565669,8.02325187,14.2245977,22.1652233,31.8307372,43.2068266,56.2792572,71.0338731,17.4456578
0.84351823,3.35974894,7.52734299,13.3251326,20.7321303,29.727527,40.2906917,52.4011695,66.0386803,27.8344386
0.86485489,3.44688519,7.72739152,13.6878101,21.3097119,30.5748019,41.4649181,53.962031,68.0482425,23.9657651
0.871796377,3.47524501,7.79252712,13.8059461,21.4979265,30.851014,41.847874,54.4712911,68.704169,22.5892285
0.919429178,3.6700014,8.24018013,14.6184772,22.7934528,32.7537152,44.4879203,57.9847722,73.2330222,12.5435928
0.882778339,3.52012391,7.8956295,13.9929901,21.7960022,31.2885637,42.4546728,55.278428,69.7440272,20.3287207
0.994566768,3.97772526,8.94866294,15.9065675,24.8506268,35.7800289,48.6939623,63.5916155,80.4721772,0.483099953
0.935964443,3.73766889,8.39585302,14.9012872,23.2447722,33.4171394,45.4092504,59.2119973,74.8163022,9.20833706
0.98840581,3.95247074,8.89046678,15.8006669,24.6813452,35.5307767,48.3472374,63.1290042,79.8743554,1.10400138
0.836190494,3.32983603,7.45869755,13.2007346,20.534104,29.4371581,39.8884435,51.8666997,65.3508574,29.0067989
0.862054731,3.4354466,7.70112355,13.6401748,21.2338298,30.4634577,41.310566,53.7568002,67.7839427,24.5068735
0.911263379,3.63659558,8.16335387,14.4789542,22.570871,32.4266369,44.0338426,57.3801365,72.4532248,14.2613587
0.945767648,3.77780082,8.48821138,15.0691332,23.512722,33.8111554,45.956633,59.9413759,75.7576272,7.36461486
0.874558131,3.48652987,7.81844932,13.8529675,21.5728517,30.9609849,42.0003649,54.674104,68.9654282,22.0292115
0.895000087,3.57008573,8.0104468,14.2013552,22.1281646,31.7763099,43.131307,56.1787523,70.9043225,17.7371406
0.821172552,3.26855108,7.31810531,12.9460413,20.1287996,28.843053,39.0657052,50.7738882,63.9449612,31.1123201
0.854989861,3.40659089,7.63486782,13.5200414,21.0424871,30.1827347,40.9214665,53.2395171,67.1178717,25.8305877
0.834712635,3.32380398,7.44485676,13.1756559,20.494187,29.3786349,39.8073819,51.7590068,65.2122828,29.232197
0.819649557,3.26233763,7.30385476,12.9202318,20.0877381,28.7828792,38.9823952,50.6632585,63.8026723,31.3020632
0.989919915,3.95867687,8.90476727,15.8266883,24.7229378,35.5920145,48.4324178,63.242648,80.021206,0.944250716
0.942945015,3.76624458,8.46161374,15.0207919,23.4355427,33.6976539,45.7989376,59.7312299,75.4863909,7.88317907
0.857823737,3.41816484,7.66144118,13.5682206,21.11922,30.2953042,41.0774852,53.4469213,67.3849158,25.3071256
0.897715318,3.58118777,8.03596575,14.2476755,22.202021,31.884783,43.2818197,56.3790653,71.1625303,17.1560567
0.954312559,3.81279009,8.56875411,15.2155417,23.7465057,34.1550142,46.434451,60.5782154,76.5797221,5.86271314
0.918078943,3.66447716,8.22747436,14.5954003,22.7566347,32.6996068,44.4127956,57.8847291,73.1039849,12.8252406
0.846398872,3.37150994,7.55433673,13.3740576,20.8100245,29.8417619,40.4489654,52.6115005,66.3094018,27.3497019
0.885494646,3.53122654,7.92114103,14.039281,21.8697864,31.3968937,42.6049353,55.4783394,70.0016289,19.7578062
0.837659012,3.33583021,7.47245206,13.2256581,20.5737757,29.4953242,39.969014,51.9737449,65.4886046,28.7790769
0.926272223,3.69800163,8.30458782,14.735471,22.9801317,33.0280909,44.8689097,58.4921893,73.8875706,11.1350762
0.904499634,3.60893115,8.0997446,14.363458,22.3866569,32.1559945,43.6581908,56.8800329,71.8083741,15.7031867
0.561261138,2.21286076,4.90756127,8.59948271,13.2440703,18.7980627,25.2194609,32.4674975,40.5026077,38.057393
0.557019184,2.1957197,4.86862326,8.52963401,13.134005,18.6383054,25.0003884,32.1793601,40.1355485,38.7432448
0.565544605,2.23017286,4.94689527,8.67005517,13.3552972,18.9595368,25.4409294,32.7588418,40.8738225,37.3956272
0.448924717,1.76010204,3.88172445,6.76404541,10.3593112,14.6216946,19.5072309,24.9737556,30.9808437,60.247513
0.593589872,2.34360079,5.20479125,9.13309449,14.0855931,20.0204942,26.8971047,34.6758081,43.3180399,33.9097187
0.444667947,1.74299729,3.8430862,6.695122,10.2513112,14.4658116,19.2946666,24.6957414,30.6286609,60.9758631
0.555606259,2.19001101,4.85565693,8.50637739,13.0973626,18.5851265,24.9274744,32.0834713,40.0134109,38.9781773
0.524157289,2.06304244,4.56748595,7.98989798,12.2842261,17.405914,23.3118615,29.9603849,37.3111791,44.9000542
0.536283359,2.11197693,4.67849906,8.18877385,12.5971924,17.8595747,23.9331327,30.7764342,38.3493673,42.4798904
0.431615102,1.69057343,3.72472294,6.48408743,9.92079108,13.9889852,18.6447776,23.8461635,29.5529594,63.0254358
0.545854964,2.15062251,4.76621508,8.34599348,12.8447306,18.2185757,24.4250203,31.4228635,39.1721795,40.6820761
0.572775821,2.25940603,5.01333146,8.78928424,13.543258,19.2324788,25.8153762,33.2515557,41.5017711,36.3524439
0.513528908,2.02017508,4.47028951,7.81586854,12.0105085,17.0093614,22.7690919,29.2478352,36.4051558,47.1149605
0.525502798,2.06847083,4.57979769,8.01194839,12.3189175,17.4561881,23.3806924,30.0507723,37.4261418,44.6250321
0.589064069,2.32528713,5.16313129,9.0582584,13.9675037,19.84885,26.6614026,34.3653641,42.9220107,34.3673122
0.510855712,2.00939678,4.44585891,7.77213984,11.9417531,16.9097831,22.632841,29.0690221,36.1778642,47.6812244
0.469657019,1.84346684,4.0701683,7.10042528,10.8867665,15.3835271,20.5467918,26.3343398,32.7055909,56.3517835
0.583078284,2.30107106,5.10805682,8.95934714,13.8114591,19.6220883,26.3500823,33.955415,42.3991606,35.0361333
0.595115811,2.34977629,5.21884109,9.15833622,14.125429,20.0784034,26.976636,34.7805723,43.4517033,33.7648623
0.428654932,1.67869003,3.69790479,6.4362943,9.84597244,13.8810975,18.4977999,23.654113,29.3099048,63.4487472
0.504253797,1.98278397,4.3855508,7.66421799,11.7721044,16.6641369,22.2968049,28.6281153,35.6175491,49.0891103
0.461459243,1.81049227,3.9956048,6.96728111,10.6779208,15.0817771,20.1348979,25.795067,32.0217482,57.954133
0.440366696,1.72571796,3.80406299,6.62552861,10.1422876,14.308489,19.0801909,24.4152948,30.2734822,61.6829248
0.453140938,1.77704785,3.9200127,6.8323606,10.4663834,14.7762749,19.7180687,25.2495766,31.3303306,59.4997004
0.554193799,2.18430457,4.84269653,8.48313287,13.0607416,18.531982,24.8546122,31.9876567,39.8913756,39.2161772
0.480419381,1.88677895,4.16815686,7.27548652,11.1615004,15.7806753,21.0891792,27.0448193,33.6069919,54.1545945
0.534924818,2.10649318,4.66605544,8.16647594,12.5620938,17.8086846,23.863423,30.6848463,38.2328186,42.7438378
0.476405929,1.87062433,4.13160243,7.21016871,11.0589751,15.6324412,20.8866991,26.7795413,33.2703682,54.9844107
0.57569811,2.27122241,5.04019168,8.83749939,13.6192845,19.3429031,25.9668999,33.4509818,41.7559899,35.9583211
0.574232985,2.26529794,5.02672413,8.81332383,13.5811629,19.2875317,25.8909172,33.3509749,41.6285018,36.1539019
0.580112577,2.2890753,5.08078017,8.9103689,13.7342048,19.5098449,26.1960134,33.7525745,42.140507,35.3939396
0.427164569,1.67270785,3.68440611,6.41224116,9.80832289,13.8268142,18.4238584,23.5575088,29.1876605,63.6557563
0.552785494,2.17861528,4.82977589,8.45996115,13.0242376,18.4790108,24.7819921,31.8921666,39.7697613,39.4565486
0.566990589,2.23601771,4.96017675,8.69388762,13.3928636,19.0140807,25.5157482,32.8572792,40.999262,37.1794654
0.569869329,2.24765503,4.98662324,8.74134804,13.467681,19.1227212,25.6647865,33.0533842,41.2491837,36.7602827
0.586063442,2.31314703,5.13551938,9.00866551,13.8892599,19.73514,26.5052806,34.1597683,42.6597766,34.6935992
0.512186242,2.01476129,4.45801796,7.79390278,11.9759702,16.9593381,22.7006438,29.1580023,36.2909644,47.3990284
0.422661274,1.65463521,3.64363269,6.33960026,9.69464057,13.6629354,18.2006713,23.2659672,28.818805,64.2558231
0.53086297,2.09009961,4.62886019,8.09983362,12.4572071,17.6566268,23.6551593,30.4112543,37.8847075,43.5445319
0.550002709,2.16737441,4.80424978,8.41418726,12.9521337,18.3743901,24.6385776,31.7036049,39.5296358,39.9403004
0.581596191,2.29507607,5.09442463,8.93486825,13.7728468,19.5659865,26.2730727,33.8540242,42.2698672,35.2127779
0.438920851,1.71991055,3.7909498,6.60214657,10.1056637,14.2556489,19.0081664,24.3211314,30.1542461,61.9137955
0.47505938,1.86520506,4.11934154,7.18826323,11.0245963,15.5827422,20.8188225,26.6906256,33.1575548,55.2602312
0.497666418,1.95623843,4.3254148,7.55663932,11.6030504,16.419432,21.9621658,28.1891849,35.0599282,50.4998619
0.541726506,2.13395167,4.72837159,8.27815539,12.7379078,18.0636328,24.2126976,31.143798,38.8169244,41.4435673
0.551393606,2.17299266,4.81700749,8.43706389,12.9881683,18.4266736,24.7102457,31.7978313,39.6496255,39.6970729
0.578637839,2.28311082,5.06721908,8.88602079,13.6958037,19.454057,26.1194444,33.6517768,42.0119863,35.5782854
0.488392083,1.91888002,4.24081722,7.40536116,11.3654199,16.0756,21.4921561,27.5729413,34.2773593,52.4783937
0.506895042,1.99342998,4.40967371,7.70738191,11.8399497,16.7623653,22.431165,28.8043895,35.8415408,48.5246177
0.528177281,2.07926192,4.60427454,8.05579076,12.3879002,17.5561661,23.5175867,30.2305564,37.6548289,44.0827489
0.434554803,1.70237667,3.75136474,6.53157441,9.99514316,14.0962186,18.7908886,24.0371141,29.7946635,62.5893763
0.50557584,1.98811252,4.39762443,7.68582104,11.8060591,16.7132959,22.364044,28.716327,35.7296361,48.8064038
0.451738079,1.77140905,3.9072711,6.80962484,10.4307462,14.7248215,19.647884,25.1577529,31.2139737,59.7513305
0.496343915,1.95091012,4.3133465,7.53505432,11.5691375,16.3703529,21.8950624,28.101186,34.9481557,50.782991
0.460080125,1.80494636,3.9830674,6.9448995,10.6428227,15.031079,20.0657119,25.7045085,31.9069422,58.2163776
0.468298316,1.83800061,4.05780558,7.07834576,10.8521269,15.333469,20.4784492,26.2448457,32.5920842,56.6221578
0.517496494,2.03617494,4.5065614,7.88080262,12.1126219,17.1572761,22.9715132,29.5135318,36.7429408,46.2803967
0.568425803,2.24181938,4.97336098,8.71754705,13.4301595,19.0682355,25.590038,32.9550269,41.1238304,36.9686059
0.421154728,1.6485902,3.62999707,6.31531169,9.65663592,13.6081595,18.126085,23.1685551,28.6955819,64.4479001
0.471011568,1.84891674,4.082495,7.12244204,10.9213101,15.4334501,20.6149549,26.4236052,32.8188158,56.0805026
0.437469776,1.7140826,3.77779134,6.57868574,10.0689195,14.2026394,18.935917,24.2266819,30.0346575,62.1419626
0.493687815,1.94020987,4.28911349,7.49171627,11.5010544,16.2718323,21.7603737,27.9245738,34.723853,51.3509254
0.484415358,1.9028666,4.2045673,7.34056061,11.2636644,15.9284179,21.2910299,27.3093278,33.9427092,53.3184301
0.430134962,1.68463125,3.71131221,6.46018689,9.88337392,13.9350277,18.5712671,23.7501057,29.4313858,63.2391038
0.532213473,2.09554988,4.64122547,8.12198694,12.4920715,17.7071676,23.7243774,30.502179,38.0003902,43.2764655
0.477746138,1.87601845,4.14380732,7.23197566,11.0932018,15.6819236,20.9542848,26.868082,33.3827139,54.708548
0.491042541,1.92955467,4.26498575,7.44857226,11.4332853,16.1737792,21.626342,27.7488468,34.5007043,51.9151184
0.4241757,1.66071237,3.65734209,6.36402243,9.73285767,13.7180224,18.2756879,23.3639502,28.9427612,64.058333
0.52952162,2.08468663,4.61658027,8.0778346,12.4225878,17.6064444,23.5864365,30.3209858,37.7698669,43.8125118
0.441803686,1.73149029,3.81709801,6.64877318,10.1786991,14.3610271,19.1518096,24.5089351,30.3920658,61.4500368
0.465570772,1.82702858,4.03299332,7.03403652,10.7826197,15.2330344,20.341344,26.0653272,32.364423,57.1593789
0.473710995,1.8597788,4.10706568,7.16633255,10.9901804,15.5329931,20.7508822,26.6016329,33.0446516,55.5350012
0.564114063,2.2243908,4.9337573,8.64648174,13.3181416,18.9055925,25.3669379,32.661499,40.7497858,37.6131064
0.485748758,1.90823555,4.21672028,7.36228387,11.2977739,15.9777515,21.3584402,27.3976756,34.0548567,53.0375451
0.425667078,1.66669758,3.67084523,6.38807931,9.77050647,13.7722951,18.3496021,23.4605018,29.0649174,63.8595682
0.577174146,2.27719138,5.05376126,8.86185963,13.6576999,19.3987045,26.0434778,33.5517784,41.8844929,35.7654257
0.587562196,2.31921058,5.14931011,9.03343381,13.9283361,19.7919268,26.5832455,34.2624364,42.7907239,34.5283552
0.559840329,2.20711914,4.89451765,8.57608302,13.2071955,18.7445364,25.1460565,32.3709456,40.3796021,38.2838041
0.443237905,1.73725195,3.83011001,6.67197858,10.2150522,14.4134852,19.223325,24.6024481,30.5104976,61.2142448
0.590563654,2.33135481,5.17693318,9.08304992,14.0066216,19.9057046,26.7394704,34.4681809,43.0531643,34.2110734
0.544465411,2.1450111,4.75347615,8.3231563,12.8087672,18.1664088,24.35353,31.3288946,39.0525479,40.9358835
0.498989705,1.96157025,4.33749187,7.57824143,11.6369925,16.4685565,22.0293358,28.2772771,35.1718264,50.216433
0.433083823,1.69647027,3.73803247,6.50780966,9.95793225,14.0425493,18.7177584,23.9415371,29.6736776,62.8095013
0.562684135,2.2186116,4.92062664,8.62292291,13.2810113,18.8516885,25.2930062,32.5642411,40.6258652,37.8340466
0.547231793,2.15618289,4.77883897,8.36862587,12.8803736,18.2702814,24.495883,31.5160134,39.2907758,40.4331753
0.479084642,1.8814061,4.15599839,7.25375947,11.1273944,15.7313604,21.0218129,26.9565536,33.4949796,54.4317736
0.584567414,2.3070949,5.1217555,8.98394699,13.8502646,19.6784745,26.4274873,34.0573327,42.5291343,34.8630387
0.537640809,2.11745662,4.69093426,8.2110581,12.6322717,17.91044,24.0028129,30.8679892,38.4658815,42.2181998
0.518827455,2.04154292,4.51873223,7.90259369,12.1468943,17.2069271,23.0394694,29.602742,36.8563699,46.002306
0.458699528,1.79939493,3.97051844,6.92249893,10.6076976,14.9803455,19.9964829,25.6139005,31.792082,58.4766051
0.592081342,2.33749614,5.19090349,9.10814554,14.0462218,19.9632639,26.818511,34.5722855,43.1859691,34.0576045
0.540366651,2.12846122,4.71590963,8.25581896,12.7027398,18.0126291,24.1428146,31.0519592,38.7000267,41.6991552
0.419639243,1.64250987,3.61628299,6.29088555,9.61841946,13.5530833,18.0510965,23.0706263,28.5717165,64.6366661
0.454543815,1.78268716,3.93275643,6.85510193,10.502032,14.8277489,19.7882868,25.3414513,31.4467611,59.2453504
0.436010258,1.70822123,3.76455851,6.55509428,10.0319737,14.1493437,18.8632835,24.1317382,29.9144531,62.367825
0.481754437,1.89215347,4.18031991,7.29722328,11.195624,15.8300191,21.1565896,27.1331489,33.7190932,53.8762399
0.521482255,2.05225118,4.54301343,7.94607176,12.215282,17.3060111,23.1750962,29.7808046,37.082795,45.4508547
0.522823757,2.05766271,4.55528536,7.96804805,12.2498523,17.3561034,23.2436694,29.8708422,37.1972981,45.1739887
0.418117475,1.63640489,3.60251456,6.26636482,9.58005847,13.4978038,17.9758381,22.9723539,28.4474277,64.8216874
0.492371787,1.93490871,4.27710909,7.47024989,11.4673346,16.2230425,21.6936792,27.8371287,34.6128062,51.6318274
0.526843886,2.07388173,4.59207055,8.03393055,12.3535037,17.506313,23.4493234,30.140903,37.5407853,44.3523582
0.502936934,1.97747663,4.37352604,7.64270379,11.7382915,16.6151866,22.2298555,28.5402894,35.5059597,49.370948
0.520146103,2.04686158,4.53079201,7.92418731,12.1808583,17.2561346,23.1068227,29.6911664,36.9688072,45.7278344
0.447505311,1.75439807,3.86883861,6.74105765,10.3232875,14.5696953,19.4363183,24.8810012,30.8633349,60.4934397
0.489712867,1.92419926,4.25286013,7.42689204,11.3992342,16.1245166,21.5590104,27.6605782,34.388627,52.1979912
0.457315644,1.79383069,3.9579415,6.90005012,10.5724995,14.9295104,19.9271205,25.5231247,31.6770178,58.7350756
0.539002745,2.12295477,4.70341213,8.23342024,12.6674758,17.9614895,24.0727499,30.9598873,38.5828399,41.9577669
0.533568329,2.10101806,4.65363219,8.14421592,12.5270571,17.7578875,23.7938451,30.5934373,38.1165049,43.0093613
0.514859009,2.02553856,4.48244781,7.83763299,12.0447324,17.0589327,22.836926,29.336868,36.5183376,46.8343217
0.472366236,1.85436751,4.09482456,7.14446551,10.9558667,15.4833954,20.6831535,26.5129236,32.932116,55.8075383
0.46282852,1.81599901,4.00805459,6.98950796,10.7127787,15.1321322,20.2036209,25.8850261,32.1358028,57.6915579
0.501617153,1.97215788,4.3614762,7.62114614,11.7044127,16.5661438,22.1627841,28.4523092,35.3941815,49.6535752
0.516178311,2.03085884,4.49450895,7.85922489,12.0786872,17.1081174,22.9042352,29.4252176,36.6306581,46.5567923
0.543088393,2.13945066,4.74085373,8.30052941,12.7731373,18.1147288,24.2827115,31.2358146,38.9340555,41.1899201
0.487065657,1.91353843,4.22872452,7.3837427,11.3314704,16.0264912,21.4250436,27.4849719,34.1656769,52.7593391
0.571309484,2.25347742,4.99985621,8.76509795,13.5051243,19.1770969,25.7393887,33.1515553,41.3743076,36.5562458
0.466925857,1.83247945,4.04531952,7.0560476,10.8171469,15.2829227,20.4094449,26.1544918,32.4774953,56.8934283
0.558442726,2.20147164,4.88168868,8.55306985,13.1709321,18.6919009,25.0738783,32.2760124,40.2586665,38.5097876
0.508228031,1.99880336,4.4218505,7.72917238,11.8742034,16.8119636,22.499014,28.8934131,35.9546741,48.2402801
0.509541466,2.00409826,4.43385022,7.75064739,11.9079635,16.8608504,22.5658939,28.9811706,36.0662059,47.9605737
0.495000276,1.94549701,4.30108696,7.51312877,11.5346918,16.3205061,21.826914,28.0118226,34.8346578,51.0704334
0.450347627,1.76582055,3.89464414,6.78709538,10.3954352,14.6738429,19.5783524,25.0667905,31.0987171,59.9979902
0.500293374,1.96682337,4.34939146,7.59952748,11.6704401,16.5169687,22.0955361,28.3641032,35.2821238,49.9371498
0.46419447,1.82149278,4.02047597,7.01168573,10.7475622,15.1823836,20.2722072,25.974813,32.2496477,57.4275033
0.483067819,1.89744109,4.19228715,7.31861156,11.2292028,15.8785785,21.222933,27.2200864,33.8294352,53.6013931
0.54863402,2.1618462,4.79169735,8.39168014,12.9166834,18.3229576,24.5680804,31.6109237,39.4116212,40.1823904
0.446107262,1.74878036,3.85614865,6.71842113,10.287817,14.5184986,19.3665057,24.7896927,30.7476671,60.732693
0.455912395,1.78818903,3.9451905,6.87729237,10.5368197,14.8779836,19.8568196,25.4311277,31.5604145,58.9946644
0.614436774,2.42800245,5.39689004,9.47835504,14.6306941,20.8132236,27.9862597,36.1110972,45.14999,32.3436258
0.640120771,2.53208604,5.63400886,9.9049331,15.3048163,21.7945126,29.3357562,37.8911451,47.4241246,31.5907652
0.62196107,2.45848336,5.46630515,9.60318786,14.827896,21.1001772,28.3807431,36.6312498,45.8142795,31.9941797
0.609940763,2.40979357,5.35543252,9.40381802,14.5129745,20.6419688,27.7508882,35.8008199,44.7538302,32.6063241
0.617441143,2.44017203,5.42460166,9.52818575,14.7094058,20.9277487,28.1436862,36.3186555,45.4150396,32.1906899
0.635581632,2.5136836,5.59206761,9.82944893,15.1854785,21.6207251,29.0966586,37.5756321,47.0208661,31.6362726
0.598079612,2.36177197,5.24613494,9.20737657,14.2028306,20.1909323,27.1311953,34.9841879,43.7115107,33.4971568
0.626494553,2.47685295,5.50814893,9.678456,14.946828,21.2732803,28.6187707,36.9451812,46.2153002,31.8367726
0.628005681,2.48297675,5.52209991,9.7035539,14.9864903,21.3310149,28.6981689,37.0499112,46.3491,31.7929512
0.623474428,2.46461509,5.48027166,9.62830915,14.867588,21.1579447,28.4601721,36.7360013,45.9480826,31.9372653
0.64164316,2.53825879,5.64807893,9.93025885,15.3448601,21.852834,29.4160046,37.9970533,47.5595024,31.5832528
0.59661331,2.35583708,5.23263081,9.1831122,14.1645323,20.1352514,27.0547147,34.8834296,43.5829421,33.6273465
0.603997292,2.38572762,5.30065149,9.30534755,14.3574892,20.4158218,27.4401398,35.3912652,44.2310255,33.0166473
0.643154823,2.54438842,5.66205152,9.95541063,15.3846313,21.9107615,29.4957158,38.1022588,47.6939899,31.5795353
0.599548633,2.36771824,5.25966577,9.2316904,14.2412093,20.2467337,27.207846,35.0851764,43.840381,33.3711567
0.602517635,2.37973719,5.28701765,9.28084411,14.3188041,20.3595645,27.3628486,35.2894139,44.1010302,33.130046
0.618951649,2.44629109,5.43853678,9.553246,14.7489942,20.9853548,28.2228789,36.4230764,45.548396,32.1205621
0.608446283,2.40374166,5.34165536,9.37905091,14.4738636,20.5850783,27.6727079,35.6977718,44.6222751,32.7027121
0.624981018,2.47071976,5.4941774,9.65332264,14.9071121,21.2154712,28.5392747,36.8403287,46.0813519,31.8849685
0.601033203,2.37372781,5.2733415,9.25626612,14.2800037,20.303143,27.2853365,35.1872778,43.9706794,33.2483305
0.629515803,2.48909684,5.5360433,9.72863964,15.0261358,21.3887285,28.777543,37.1546156,46.4828751,31.7534026
0.631028946,2.49522955,5.55001625,9.7537801,15.0658701,21.4465748,28.8571046,37.2595735,46.6169823,31.7179813
0.612927821,2.42189081,5.38297435,9.45333432,14.5911753,20.7557295,27.9072353,36.0069173,45.0169658,32.4272475
0.632556603,2.50142145,5.56412493,9.77916627,15.1059952,21.5049936,28.9374583,37.3655828,46.752441,31.6864396
0.611441633,2.41587174,5.36927028,9.42869559,14.5522624,20.69912,27.8294317,35.9043531,44.8860125,32.5140895
0.638608324,2.52595396,5.62003232,9.87977719,15.2650433,21.7365892,29.2560602,37.7859721,47.2896945,31.6020406
0.634059687,2.50751412,5.57800833,9.8041486,15.1454843,21.56249,29.0165479,37.4699308,46.8857847,31.6594895
0.606962226,2.39773232,5.32797595,9.35446105,14.4350349,20.5286019,27.5951013,35.5954861,44.4917015,32.8029321
0.60548934,2.39176858,5.31440118,9.33006076,14.3965079,20.4725677,27.5181071,35.4940138,44.362174,32.9068482
0.615946525,2.43411771,5.4108148,9.50339362,14.6702434,20.8707659,28.065355,36.2153769,45.28315,32.2645253
0.6204612,2.45240665,5.45246478,9.57829499,14.7885672,21.042942,28.3020506,36.5274758,45.6817332,32.0549592
0.637088902,2.51979397,5.605993,9.85450979,15.2250964,21.678416,29.1760252,37.680358,47.1547087,31.6172594
0.00627421306,0.0221084469,0.0438207428,0.0686271858,0.0944615783,0.119827548,0.143677655,0.165314941,0.18431307,99.4367104
0.112531924,0.426204104,0.907992036,1.5284154,2.26122264,3.08310071,3.9734082,4.91393007,5.88865227,80.6591554
0.129844462,0.493536193,1.05520566,1.78258468,2.64670649,3.62162817,4.68417406,5.81369849,6.99186662,77.0811928
0.159621948,0.609859669,1.3106591,2.22558679,3.32155828,4.56858473,5.93953681,7.40992458,8.95769245,71.6522357
0.0143660447,0.0516809674,0.104579505,0.167208167,0.234969203,0.304303442,0.372506517,0.437573688,0.498069186,98.5915492
0.121727587,0.461938042,0.986054622,1.66308012,2.46528948,3.36794616,4.34904043,5.38904815,6.47070848,78.7334615
0.099871258,0.377126043,0.801041572,1.34436916,1.98300852,2.69570948,3.46379897,4.2709313,5.10285988,83.3609141
0.0906462013,0.341462755,0.723535091,1.21135326,1.78247964,2.41724578,3.09847596,3.81123532,4.54260056,85.3328252
0.160866925,0.614735681,1.32139485,2.24425267,3.35006664,4.60869117,5.99284238,7.47787873,9.04159671,71.4532064
0.0428859133,0.158555942,0.329740966,0.541824009,0.782503229,1.04149334,1.31026139,1.5817932,1.8503872,94.6057542
0.103330047,0.390519104,0.830195678,1.39448423,2.05868215,2.80096355,3.60210777,4.44525072,5.31565727,82.620126
0.127518609,0.484476703,1.03536804,1.74828233,2.5946031,3.54872842,4.58781273,5.69152851,6.84184608,77.5490727
0.0468447856,0.173575241,0.361773563,0.59577302,0.862317876,1.15026105,1.45029558,1.75471646,2.05720952,93.9401826
0.000995411758,0.00334975332,0.00634081984,0.00948359407,0.0124664572,0.0151027354,0.0172941516,0.0190034838,0.0202343072,99.9160304
0.148734785,0.567260906,1.21695827,2.06283016,3.07322115,4.21955468,5.47608918,6.81969135,8.22962561,73.4978091
0.0941274425,0.354910752,0.752739284,1.26143524,1.85792378,2.52193153,3.23571139,3.9837913,4.75274518,84.5903393
0.132174467,0.502615931,1.07509652,1.81699453,2.69899658,3.69482196,4.78096742,5.93647123,7.14269494,76.617516
0.0558208306,0.207742902,0.434889196,0.719326399,1.04572125,1.40103289,1.77423776,2.15608372,2.53887063,92.3448473
0.0859907761,0.32349916,0.684568595,1.14460527,1.68204288,2.27803742,2.91618941,3.58229148,4.26409882,86.3198073
0.0693746146,0.259591573,0.546390478,0.908679248,1.32819136,1.78917638,2.27812081,2.78349637,3.29553341,89.7414595
0.152345486,0.581380312,1.24799711,2.1167121,3.15538646,4.33496694,5.62924445,7.01462958,8.46994376,72.8656026
0.00282826575,0.00976940718,0.0189818586,0.029140984,0.0393198855,0.0488948076,0.0574704141,0.0648210745,0.0708450116,99.7560888
0.0347685361,0.127872176,0.264538103,0.432409641,0.621219464,0.822502462,1.02934378,1.23615805,1.43849615,95.8904073
0.0361478009,0.133074217,0.27556781,0.450876921,0.648380699,0.859299616,1.07644103,1.29397589,1.507243,95.6800303
0.0204580492,0.07424989,0.151582805,0.244511346,0.346649556,0.452923387,0.559358099,0.662896048,0.761240841,97.868567
0.00794739015,0.0281702135,0.0561666175,0.0884833092,0.12251436,0.156334598,0.188562051,0.218244748,0.244767899,99.272867
0.0545527224,0.202906907,0.424521568,0.701774597,1.01961938,1.36527766,1.72796513,2.09864643,2.46981676,92.5770602
0.00958174203,0.0341224792,0.0683532561,0.108186431,0.150497377,0.192942337,0.233806847,0.271879981,0.306350355,99.1073114
0.0632834258,0.23625566,0.496131715,0.82320256,1.20049122,1.61344338,2.0496493,2.49859405,2.95143346,90.937184
0.136856946,0.520874993,1.1151228,1.88628296,2.80435854,3.84240113,4.97625872,6.18434226,7.44740947,75.7023936
0.021947765,0.0797967218,0.1631933,0.263702688,0.374515106,0.490192418,0.606449897,0.719968637,0.828234621,97.6806728
0.0494479354,0.183468647,0.38291121,0.631435883,0.915172556,1.22241645,1.54335726,1.86983836,2.19514299,93.4894388
0.0305962116,0.112168094,0.231309542,0.37688835,0.539727356,0.712325701,0.888615501,1.06374975,1.23391773,96.5062804
0.0402092378,0.14842053,0.308165944,0.505557156,0.728951164,0.968654883,1.21666439,1.46643507,1.71267922,95.0415698
0.0801240333,0.300896311,0.635613997,1.06087691,1.55624902,2.10395116,2.6885821,3.29686578,3.91742222,87.5493594
0.0836522905,0.314484883,0.665034595,1.11117806,1.63179512,2.20846269,2.82517655,3.46809857,4.12532742,86.8121122
0.0291856222,0.106870581,0.220125276,0.358242091,0.512419751,0.675487904,0.841667155,1.0063603,1.16597105,96.7073732
0.143952914,0.54857494,1.17590976,1.99162229,2.96471203,4.06724674,5.27411518,6.56279768,7.91315317,74.3634744
0.0883233863,0.332496896,0.704079997,1.1780165,1.73230074,2.34767338,3.00734427,3.69674024,4.40327564,85.8262941
0.0669485982,0.250290875,0.526345691,0.874564979,1.2771904,1.71894379,2.18674827,2.66947724,3.15772863,90.2222823
0.0595681163,0.222049196,0.465593672,0.771364929,1.12319526,1.5072771,1.91188615,2.32713334,2.74474283,91.6464909
0.0717835969,0.268835018,0.566329242,0.94264266,1.37901105,1.85922037,2.36932741,2.89740765,3.43332787,89.2584716
0.0111891444,0.0400015473,0.0804413278,0.12781347,0.178491103,0.229720095,0.279455389,0.326224298,0.369012665,98.9391893
0.0608118674,0.226802606,0.475806386,0.788692022,1.14901893,1.54272807,1.95786468,2.38432951,2.81365618,91.4108487
0.0248847458,0.0907593819,0.186196871,0.301820116,0.429998101,0.564582431,0.700679271,0.834452256,0.962952508,97.2976948
0.134517605,0.511750877,1.09511718,1.85164422,2.75167442,3.76859109,4.87856476,6.06031847,7.29491053,76.1566763
0.117116339,0.444010169,0.946871123,1.59545215,2.36275802,3.22475834,4.16012319,5.14997976,6.17768848,79.6933444
0.142765506,0.543937327,1.16572729,1.97396759,2.937823,4.02952358,5.22411661,6.49923647,7.83489112,74.5831764
0.0681607275,0.25493682,0.536356364,0.891598371,1.30264971,1.75399558,2.23234046,2.72635672,3.22645847,89.9827704
0.122888994,0.46645613,0.99593535,1.68014377,2.49117534,3.40411805,4.39679297,5.44951353,6.54486368,78.4938906
0.0570788094,0.212542982,0.445185653,0.736767578,1.07167328,1.436603,1.82029687,2.2132883,2.60768366,92.1123997
0.0189625925,0.0686918394,0.139970046,0.225351277,0.318880154,0.41585069,0.512599819,0.606331017,0.694963944,98.0528309
0.110226495,0.417256528,0.888470082,1.49478053,2.21031722,3.01213373,3.87993972,4.79585476,5.74418234,81.14823
0.154754223,0.590804183,1.26872396,2.15271074,3.21030849,4.41215054,5.73171996,7.14512647,8.63089887,72.4547064
0.106783769,0.403903735,0.859355812,1.4446516,2.13449814,2.90650386,3.74090874,4.62033685,5.52956943,81.8817054
0.0159179719,0.0574109746,0.116472831,0.186702141,0.263036803,0.341527912,0.419147592,0.493626041,0.563313684,98.4143589
0.0645121826,0.240958788,0.50625151,0.840397687,1.22615654,1.64872967,2.09548268,2.55569494,3.0203349,90.6991233
0.0789370607,0.296328188,0.625730764,1.0439916,1.53090787,2.06891939,2.64282967,3.23955301,3.84788567,87.7956833
0.139214302,0.530073314,1.13529978,1.92123339,2.85753953,3.91693925,5.07495869,6.30969696,7.60161102,75.2508409
0.0765704158,0.287225188,0.606047362,1.01038191,1.48049558,1.99926854,2.55191519,3.1257314,3.70986602,88.2839572
0.0507317485,0.188352686,0.393356501,0.649076373,0.941342837,1.25817865,1.58952691,1.92700914,2.26371014,93.263459
0.0532836481,0.198070041,0.414158099,0.684240033,0.993558298,1.32959905,1.68181849,2.04139885,2.40103096,92.8072826
0.0442134629,0.163588732,0.340466799,0.559875036,0.809189042,1.07783268,1.35701232,1.6394816,1.91933356,94.385308
0.0234142668,0.0852663295,0.174661466,0.282690743,0.402131994,0.527191178,0.653279044,0.776818635,0.895079672,97.4915118
0.0333900455,0.122678209,0.25353643,0.414007558,0.594180946,0.785907871,0.982552223,1.17877241,1.37033084,96.0973266
0.0987163426,0.372656563,0.791317953,1.32766412,1.95779841,2.66066496,3.41777521,4.21295786,5.0321304,83.6083238
0.141576117,0.539292943,1.15553208,1.95629447,2.91091152,3.99177677,5.17409711,6.43566189,7.7566289,74.8050537
0.109080734,0.412811458,0.878775544,1.47808407,2.18505747,2.97693298,3.83359595,4.73733321,5.67260677,81.391967
0.0375182928,0.138248089,0.286548231,0.469279174,0.675472051,0.896037019,1.12350655,1.35180976,1.57607435,95.4677251
0.0657303709,0.245623676,0.516293784,0.857469185,1.25164941,1.6837955,2.14105131,2.61249291,3.08890334,90.4614888
0.101028718,0.381606667,0.810792258,1.36112555,2.00830345,2.73088208,3.5100043,4.32915029,5.17390951,83.1129538
0.087160679,0.328011153,0.694351127,1.16135403,1.70723252,2.31293369,2.9618617,3.63962538,4.33380878,86.0725697
0.0729855628,0.273449968,0.576290312,0.959620939,1.40443184,1.8942796,2.41500806,2.95449598,3.50242926,89.0155451
0.105638802,0.399465285,0.849683429,1.42800658,2.10933627,2.87146746,3.69481813,4.56218137,5.45849828,82.1262806
0.0455378544,0.168613316,0.351183176,0.57792368,0.835891347,1.11422176,1.40386236,1.69733567,1.98852977,94.1626119
0.0127763068,0.0458274252,0.0924630273,0.147402794,0.206531298,0.266691086,0.325508409,0.381246828,0.432684579,98.768052
0.138032215,0.525460361,1.12517996,1.90370203,2.83086078,3.87954251,5.02543437,6.2467915,7.52422142,75.4764668
0.0520167981,0.193244525,0.403825097,0.666767418,0.967604737,1.29408877,1.6359169,1.98448912,2.33269177,93.0348896
0.0481578035,0.178563763,0.372428162,0.613743144,0.888941837,1.18659498,1.49714116,1.81264731,2.12659615,93.714096
0.102178958,0.386060614,0.820487657,1.37779169,2.03346932,2.76588522,3.55600014,4.38712189,5.24467743,82.8665843
0.146334339,0.557878851,1.19634399,2.02706279,3.01870646,4.14302003,5.37457674,6.69054997,8.07050144,73.9284538
0.147537305,0.562580124,1.20667259,2.0449819,3.04601502,4.18135536,5.425418,6.75522228,8.15018065,73.7116334
0.026321687,0.0961350054,0.19750219,0.32059536,0.457388353,0.60138894,0.74740648,0.891350671,1.03005754,97.104327
0.145148593,0.55324582,1.18616739,2.009411,2.99181077,4.10527197,5.32452455,6.62689438,7.99209089,74.1441078
0.0918096284,0.345955649,0.733288967,1.22807483,1.8076613,2.45217669,3.14425344,3.86877652,4.61265417,85.0850263
0.00456999455,0.0159762028,0.0314162233,0.0488123078,0.0666572295,0.0838895072,0.0997927784,0.113914996,0.126003856,99.597705
0.095281546,0.35937181,0.762433104,1.2780694,1.88299724,2.55674488,3.28137749,4.04124619,4.82275915,84.3436167
0.0753721014,0.282618691,0.596092509,0.993393704,1.45502915,1.96410387,2.50604172,3.06833276,3.64030496,88.5296323
0.115967241,0.43954536,0.937118694,1.57863039,2.3372699,3.18918522,4.11321778,5.09065871,6.10502448,79.9344678
0.149933966,0.571949286,1.22726272,2.0807146,3.10048791,4.25784684,5.52689374,6.88434315,8.30931179,73.2857282
0.133340557,0.50716154,1.08505783,1.83423264,2.72520075,3.73151376,4.82950571,5.99805763,7.21837991,76.3874681
0.0894856729,0.336982492,0.713811751,1.19468938,1.7573929,2.3824577,3.05290025,3.7539661,4.47290041,85.5796009
0.041540873,0.153460815,0.318890741,0.52357786,0.755549966,1.00481839,1.26311544,1.52366267,1.78096655,94.8262162
0.0812966195,0.30541073,0.645384634,1.07757599,1.58131993,2.13862209,2.73387995,3.35363,3.98631857,87.305147
0.0583213123,0.217286609,0.455366588,0.75402252,1.09736227,1.47183186,1.86593908,2.27000617,2.67594858,91.8808175
0.0388604627,0.143319623,0.297321199,0.487350087,0.702099677,0.932178247,1.16985017,1.40880809,1.64397262,95.2566954
0.0277734632,0.101573585,0.208955616,0.339642691,0.485213694,0.638831456,0.795006396,0.949391344,1.09860372,96.905015
0.077748215,0.291754578,0.615839382,1.02709873,1.50556489,2.03389829,2.59710836,3.18230078,3.77844871,88.0414527
0.104477214,0.394963637,0.839875999,1.41113376,2.08383702,2.83597097,3.64813499,4.50329433,5.38655275,82.3746493
0.074191478,0.278081992,0.586292358,0.976676094,1.42997826,1.92952663,2.46095236,3.01193747,3.57198681,88.7705913
0.0964265727,0.363799117,0.772056488,1.29458768,1.90790354,2.59133657,3.32676651,4.09836971,4.8923903,84.0986339
0.12635721,0.479954447,1.02546901,1.73117118,2.56862106,3.51238838,4.53979364,5.63066911,6.7671383,77.7844728
0.157181294,0.600303498,1.28962491,2.18902594,3.26573511,4.4900737,5.83521779,7.27697672,8.79358674,72.0498273
0.0929714096,0.350443608,0.743035213,1.24478861,1.8328392,2.48711343,3.19005307,3.9263638,4.68278607,84.8372216
0.131009681,0.498076402,1.06515073,1.79978707,2.67284477,3.65821153,4.73254746,5.87504851,7.06722774,76.8486582
0.135688304,0.516316456,1.10512663,1.86897322,2.7780283,3.80550869,4.92742313,6.12233813,7.37116134,75.9285874
0.140388882,0.534657945,1.1453596,1.93866447,2.88407132,3.95413785,5.12423104,6.37229562,7.67863949,75.0282917
0.107928801,0.408343623,0.869033923,1.46131094,2.1596884,2.9415892,3.78707613,4.67860481,5.60079713,81.6374034
0.155964913,0.59554224,1.2791479,2.17082046,3.23794603,4.4510018,5.78331732,7.21085211,8.71198875,72.2515756
0.124049235,0.47097075,1.00581083,1.69720238,2.51705966,3.44029635,4.44456524,5.51001818,6.61908456,78.2555344
0.125211932,0.47549598,1.01571183,1.71430908,2.54302304,3.47659363,4.49250586,5.57075026,6.69360187,78.0176981
0.114828746,0.43512284,0.927461016,1.56197617,2.31204187,3.15398375,4.06681388,5.03198637,6.03317283,80.1740311
0.0174600807,0.0631186053,0.12834858,0.206214736,0.291199671,0.378969735,0.466175304,0.550280741,0.629419965,98.2335371
0.128678361,0.488993571,1.04525753,1.76538087,2.62057191,3.5850582,4.63582922,5.75239844,6.9165838,77.315166
0.0320080871,0.117476556,0.24252986,0.395616305,0.567186259,0.749410349,0.935932996,1.12165719,1.30255684,96.3013717
0.111370051,0.421694192,0.898150979,1.51145782,2.23555453,3.04731234,3.92626637,4.85436988,5.81576862,80.9053928
0.120565519,0.457418461,0.976172984,1.64601897,2.43941359,3.33179682,4.30132904,5.3286493,6.39665255,78.9740979
0.0620607957,0.231578248,0.486072125,0.806118007,1.17500329,1.57841794,2.00417675,2.44197013,2.88314063,91.1723777
0.119429334,0.453000602,0.966516054,1.62934976,2.41413817,3.29649476,4.25474703,5.26969419,6.32438403,79.2102269
0.118261602,0.448461165,0.956595764,1.61223008,2.38818596,3.26025618,4.20694079,5.20920426,6.25025198,79.4537432
0.182961565,0.701421144,1.51258702,2.57725172,3.85954279,5.3266891,6.94880181,8.69866921,10.5515645,68.3832202
0.0705699835,0.264177306,0.556280103,0.925521475,1.35338708,1.82389578,2.32332036,2.83993561,3.36379126,89.5024595
0.153543921,0.586068573,1.25830745,2.13461745,3.18270142,4.3733497,5.68019965,7.07951181,8.54996173,72.6600551
0.0824920172,0.310014647,0.655352604,1.09461854,1.60691581,2.17403191,2.78016001,3.41164618,4.05676011,87.0553413
0.229949235,0.886610275,1.92289725,3.29514363,4.96289601,6.88871895,9.03801057,11.3788281,13.8817233,65.0761616
0.23394458,0.90240357,1.95799306,3.35673027,5.05783079,7.02351659,9.21883447,11.6114842,14.1716561,64.9947447
0.224626795,0.865581751,1.87619144,3.21322518,4.83668414,6.70960197,8.79785654,11.069992,13.4970511,65.2302084
0.200884348,0.77193324,1.66853728,2.84962058,4.27740839,5.91720836,7.73720482,9.70826539,11.8037591,66.5937751
0.0975780177,0.368252566,0.781739578,1.31121338,1.93297928,2.62617396,3.37249155,4.15593325,4.96257871,83.8521255
0.165694744,0.63365292,1.36306535,2.31673771,3.46082479,4.76458219,6.20013465,7.74225967,9.36818582,70.7063438
0.208738099,0.802882068,1.737098,2.96955816,4.46171581,6.17809298,8.08608053,10.1557499,12.359676,66.0168673
0.239270829,0.923468297,2.00482631,3.43895481,5.18464159,7.20366445,9.46061346,11.9227225,14.55971,64.929963
0.15838342,0.605009859,1.29998312,2.20702844,3.29321965,4.52872483,5.88656922,7.34241441,8.8743526,71.8527812
0.22195947,0.855048035,1.85280568,3.1722265,4.77354539,6.6200366,8.67782348,10.9156989,13.3049558,65.3275755
0.194409342,0.746440251,1.61211306,2.75100195,4.12599647,5.70307749,7.45110666,9.34162872,11.3486859,67.1646674
0.176724989,0.676924768,1.45849643,2.48293468,3.71507657,5.12286263,6.6771132,8.35131917,10.1214463,69.1570147
0.203499033,0.78223348,1.69134801,2.88951204,4.33868973,6.00392342,7.85312992,9.85690872,11.9883617,66.3876645
0.215328311,0.828874259,1.79472825,3.07046181,4.61690837,6.39795639,8.38035436,10.5335268,12.829401,65.6296983
0.210054704,0.808073216,1.74860429,2.98969802,4.4926818,6.22194923,8.14476114,10.2310582,12.4532846,65.9324951
0.198283995,0.761692786,1.6458663,2.80998639,4.21654204,5.83110844,7.62213943,9.56077228,11.6206444,66.8126943
0.186755212,0.716332311,1.54553512,2.63474245,3.94766247,5.45110219,7.11475125,8.91097926,10.8146457,67.9501004
0.113673296,0.430635577,0.917664404,1.54508658,2.28646368,3.11830263,4.01978941,4.97254426,5.96039667,80.4177909
0.168120381,0.643162725,1.38402487,2.35321645,3.51659546,4.84312203,6.3046285,7.8756046,9.53299703,70.3465009
0.207422522,0.797695788,1.7256043,2.94944353,4.43079349,6.13430547,8.02750114,10.0805834,12.2662584,66.1047001
0.241932563,0.933999569,2.02825031,3.48009728,5.24812013,7.29388007,9.58174382,12.078717,14.7542864,64.9155879
0.189293637,0.726313986,1.56760026,2.67326,4.00672583,5.5345271,7.22607555,9.05346428,10.9912791,67.6764314
0.180464869,0.691611934,1.49092162,2.53946425,3.80164838,5.24498506,6.83986691,8.55936136,10.379017,68.683864
0.214006005,0.823657392,1.78315776,3.050197,4.58573089,6.35377317,8.3211995,10.4575627,12.7349185,65.7003647
0.17423583,0.667153695,1.4369341,2.44535976,3.65755801,5.04175981,6.56907421,8.21327754,9.95061631,69.4868515
0.195705214,0.751540602,1.62339807,2.77071949,4.15625941,5.74586208,7.50825193,9.41483668,11.4395225,67.0435215
0.193127293,0.741395141,1.60095212,2.73150443,4.09607619,5.66078434,7.39462714,9.26928565,11.2589373,67.2879057
0.212682997,0.818438559,1.77158469,3.02993082,4.55455612,6.30960059,8.26206804,10.3816404,12.6405027,65.7745799
0.199576882,0.766783891,1.65713639,2.82968754,4.24679468,5.87389952,7.67932147,9.63406335,11.7116288,66.7021106
0.217972478,0.839308643,1.817876,3.1110126,4.67931021,6.48640962,8.49880748,10.6856742,13.0186818,65.4988417
0.173005181,0.662324132,1.42627929,2.42679743,3.62915093,5.00171566,6.51574466,8.14515641,9.86633712,69.6542618
0.211370209,0.813260845,1.76010459,3.00983053,4.52364134,6.2658032,8.2034479,10.3063862,12.5469322,65.8517087
0.243257319,0.93924211,2.03991336,3.50058673,5.27973976,7.33882711,9.6421056,12.1564684,14.8512879,64.9127498
0.170554784,0.652710344,1.40507534,2.38986672,3.57264863,4.92208825,6.40972759,8.00977034,9.6988827,69.9960267
0.177969416,0.681810994,1.46928198,2.50173474,3.74386276,5.16346273,6.73121187,8.42045945,10.2070318,68.996566
0.169334283,0.647923164,1.39451968,2.37148697,3.544536,4.88248037,6.35700726,7.94246343,9.6156554,70.170389
0.231279204,0.891866786,1.93457657,3.31563573,4.9944797,6.93355809,9.09815125,11.4561967,13.978125,65.0458586
0.190573008,0.731346041,1.57872675,2.69268763,4.03652398,5.57662656,7.28226833,9.12540411,11.0804828,67.5434464
0.185494448,0.711375952,1.53458154,2.61562643,3.91835712,5.40971992,7.05954373,8.84033657,10.7270948,68.0908486
0.0848267874,0.319011498,0.674842118,1.12795813,1.65701458,2.2433764,2.87084042,3.52538272,4.19492927,86.5651855
0.220623545,0.849773426,1.84109823,3.15170623,4.7419509,6.57522837,8.61778623,10.8385431,13.2089181,65.3815026
0.163288818,0.624223837,1.34229131,2.28059497,3.40558794,4.68682246,6.0967164,7.61033542,9.20518995,71.0735191
0.223299925,0.860341325,1.86455637,3.19282565,4.80526612,6.66503065,8.7381188,10.9931981,13.4014353,65.2769366
0.227286527,0.876088593,1.89952444,3.25414351,4.89971783,6.79904482,8.91776094,11.2241655,13.6890544,65.1466067
0.240608469,0.928760367,2.0165963,3.45962647,5.21653361,7.24898623,9.52146174,12.001079,14.6574395,64.921276
0.232603797,0.8971028,1.94621202,3.33605378,5.02595377,6.97824803,9.15810041,11.5333299,14.0742474,65.0188654
0.228620118,0.881357892,1.91122878,3.27467354,4.9313508,6.84394091,8.97796053,11.3015874,13.7854946,65.1096838
0.216645061,0.834070005,1.80625366,3.09065077,4.64797389,6.44198771,8.43931487,10.609253,12.9236018,65.5627982
0.2193074,0.844577699,1.8295676,3.13149891,4.71084292,6.53111676,8.55869124,10.7626096,13.1144162,65.4380328
0.191841147,0.736334751,1.58975925,2.71195436,4.06608026,5.6183913,7.33802364,9.19679582,11.1690217,67.4149138
0.236625089,0.913003203,1.98155595,3.39809356,5.1216144,7.11411514,9.34041104,11.7679659,14.3667312,64.9560251
0.164488718,0.628925944,1.35264998,2.29861538,3.43312595,4.72558557,6.1482655,7.67608739,9.28642078,70.8891366
0.151112547,0.576558038,1.23739416,2.09830226,3.12730751,4.2955185,5.57688496,6.94797254,8.38775335,73.0793254
0.171779194,0.657513716,1.4156686,2.40831525,3.60087152,4.96185858,6.46267365,8.07737756,9.7824963,69.8238602
0.202180284,0.777038009,1.67984129,2.86938745,4.30777181,5.96017007,7.79463354,9.78189656,11.8951954,66.489863
0.225952178,0.870817078,1.8878169,3.23361087,4.86808547,6.7541562,8.85758019,11.1467792,13.5926727,65.1868793
0.196985606,0.756580854,1.63455195,2.79021111,4.18618051,5.78817037,7.56477033,9.48725347,11.5293921,66.9272062
0.237945629,0.918226169,1.99316901,3.41848394,5.15306372,7.15879536,9.40038132,11.8451703,14.462997,64.9415282
0.181708679,0.696498289,1.50171308,2.55828443,3.83048042,5.28567103,6.89410829,8.62872021,10.4649179,68.5325522
0.235306091,0.907787063,1.96995968,3.37773551,5.09021931,7.06951818,9.28056088,11.690927,14.270685,64.9735082
0.188029383,0.721342225,1.55660892,2.65407159,3.97729955,5.49296,7.17060268,8.98245801,10.9032478,67.8111045
0.16691082,0.638420163,1.37357135,2.33502111,3.4887749,4.80393976,6.25249344,7.80906883,9.45075289,70.5246266
0.162097169,0.619554916,1.33200763,2.2627083,3.37825931,4.64836112,6.04557794,7.54511918,9.12463572,71.2590898
0.204816369,0.787424223,1.70284612,2.90962483,4.36959451,6.04766528,7.91162041,9.93192548,12.0815488,66.2891401
0.175465452,0.671980085,1.44758379,2.46391644,3.68596147,5.08180591,6.62241577,8.28142605,10.0349442,69.3224395
0.184241378,0.706450674,1.5236985,2.59663672,3.88925035,5.36862501,7.00472886,8.77020818,10.640196,68.2338925
0.17922474,0.686740878,1.4801658,2.52070944,3.77292145,5.20445436,6.78584184,8.490291,10.2934882,68.837747
0.206097174,0.792471823,1.71402893,2.92918919,4.39966135,6.09022788,7.96854305,10.004943,12.1722668,66.1967592
0.990308781,3.96027083,8.90844024,15.8333718,24.733621,35.607744,48.4542978,63.27184,80.0589288,0.903972628
0.994176105,3.97612377,8.94497222,15.8998509,24.8398896,35.7642182,48.6719671,63.5622666,80.4342476,0.520170577
0.961887091,3.84381246,8.64018041,15.3454061,23.9539156,34.4601457,46.8585441,61.1435693,77.3096905,4.62538919
0.848930137,3.38184533,7.57806032,13.417059,20.8784933,29.942182,40.5881095,52.796425,66.547441,26.913235
0.926618928,3.6994204,8.30785169,14.7414002,22.9895935,33.041999,44.8882239,58.5179152,73.9207593,11.0646604
0.910247845,3.63244161,8.15380182,14.461609,22.5432036,32.3859855,43.977414,57.3050075,72.3563432,14.4770256
0.953944692,3.81128361,8.56528592,15.2092367,23.7364367,34.1402028,46.4138672,60.5507782,76.5442997,5.92514023
0.9933972,3.97293076,8.93761386,15.88646,24.8184831,35.7326972,48.6281168,63.5037568,80.3586323,0.595014542
0.902792725,3.60195053,8.08369581,14.3343214,22.3401901,32.0877347,43.5634572,56.7539291,71.6457907,16.06849
0.885838187,3.53263079,7.92436785,14.0451364,21.8791198,31.4105976,42.6239445,55.5036305,70.0342201,19.6853434
0.908210883,3.62410991,8.13464391,14.4268225,22.4877177,32.3044641,43.864258,57.1543577,72.162083,14.9106017
0.937702362,3.74478274,8.41222286,14.9310334,23.2922541,33.4869533,45.5062283,59.341205,74.9830378,8.87304976
0.944010605,3.77060715,8.47165432,15.0390402,23.4646764,33.7404976,45.8584619,59.8105506,75.588768,7.68618005
0.836563881,3.33136009,7.46219467,13.2070714,20.5441903,29.4519462,39.9089274,51.893914,65.3858766,28.9492501
0.91296481,3.64355542,8.17935861,14.5080176,22.6172319,32.494757,44.1284043,57.5060409,72.615589,13.9008826
0.899402093,3.58808508,8.05182075,14.2764562,22.2479137,31.9521901,43.3753566,56.5035584,71.3230147,16.7947569
0.956816242,3.82304353,8.5923602,15.2584585,23.8150447,34.2558388,46.5745749,60.7650007,76.8208778,5.44345976
0.858187633,3.41965111,7.66485377,13.5744082,21.1290751,30.3097626,41.0975251,53.4735627,67.4192196,25.2391601
0.835084655,3.3253224,7.44834078,13.1819686,20.5042346,29.3933657,39.8277855,51.7861131,65.2471615,29.1758171
0.94329845,3.76769154,8.46494394,15.0268443,23.4452054,33.7118636,45.8186795,59.7575373,75.5203447,7.81767532
0.970701551,3.87992078,8.72333436,15.4966254,24.1954835,34.8156045,47.3526907,61.802451,78.1606004,3.30857687
0.896020423,3.57425759,8.02003592,14.2187603,22.1559159,31.8170674,43.187859,56.2540139,71.0013341,17.5188844
0.995723626,3.98246781,8.95959259,15.9264582,24.8824249,35.8268532,48.7591037,63.6785372,80.5845144,0.375158365
0.988014515,3.9508669,8.88677123,15.7939426,24.6705974,35.5149527,48.3252271,63.0996399,79.8364116,1.1460409
0.978918348,3.91358816,8.8008841,15.6376841,24.4208696,35.1473251,47.8139386,62.4176013,78.9552079,2.20956157
0.876961149,3.49634962,7.84100771,13.8938902,21.6380638,31.0567066,42.133107,54.850664,69.1928857,21.5369514
0.855346132,3.40804589,7.63820834,13.5260977,21.0521325,30.1968842,40.9410767,53.2655851,67.1514344,25.7653567
0.868682841,3.46252378,7.76330796,13.7529486,21.4134861,30.7270876,41.6760461,54.2427794,68.4098299,23.212487
0.927315031,3.70226902,8.31440497,14.7533053,23.0085917,33.0699252,44.9270057,58.5695721,73.9874021,10.9235859
0.823841307,3.27943966,7.34307986,12.9912761,20.2007702,28.9485296,39.2117458,50.9678321,64.1944224,30.7689847
0.98193571,3.92595323,8.82937,15.6895059,24.5036832,35.2692266,47.9834635,62.6437233,79.2473382,1.83859542
0.867289491,3.45683123,7.75023368,13.7292361,21.3757076,30.6716468,41.5991806,54.1405636,68.2781774,23.488406
0.935616084,3.73624298,8.39257194,14.8953251,23.2352557,33.4031474,45.3898148,59.1861032,74.7828882,9.2759485
0.846764622,3.37300328,7.5577644,13.3802704,20.8199165,29.8562696,40.4690668,52.6382148,66.343788,27.2872347
0.991854433,3.96660658,8.92304011,15.8599392,24.7760884,35.6702729,48.5412784,63.3878909,80.2088972,0.746917864
0.958987177,3.83193481,8.61283148,15.2956784,23.8744892,34.3432903,46.6961204,60.9270309,77.0300854,5.08803765
0.832115968,3.31320604,7.42054082,13.1315995,20.4240681,29.2758382,39.6650051,51.5698662,64.9689198,29.6188997
