0.210399019,0.705229067,1.76607682,0.805489682,2.91419685,5.62524858,10.2802307,7.62402344,11.342498,99.6476431
0.967810935,3.99356009,8.46978699,13.7065672,22.3056731,23.6857489,46.7984032,54.5479489,65.0240611,87.3791321
0.0506957583,0.174441449,8.63424111,15.4494304,16.5270809,29.73478,0.609201046,61.1813718,64.9467566,97.2965186
0.985426925,0.281321695,0.390895465,15.6090347,7.88494021,31.9536613,45.169201,2.29993743,79.7955734,97.362885
0.060205264,3.47949122,8.57005288,1.56220561,24.9839753,8.16899848,38.5975578,61.5897595,3.90872959,97.6028999
0.781097706,3.6365995,0.737455163,2.50476951,2.59562458,35.5138557,1.86848999,57.0921776,76.2271554,97.7199507
0.999370894,1.70645705,0.953167708,15.8038579,24.125552,4.53932447,11.4692674,61.3579079,13.1085933,97.6437491
0.0312343338,3.82179081,1.8859865,15.6001289,24.0111129,6.87530587,39.8339051,1.88459778,73.9566386,97.5240276
0.94650943,3.93593949,7.50393878,3.02066014,0.367172249,30.33214,43.9331046,3.51135692,9.33497408,97.7332011
0.830851438,0.480499177,8.43673495,2.14098328,24.2282232,5.3970699,33.4205482,15.8750036,74.9063077,97.6117305
0.0542343166,2.06463624,0.767780017,12.5844507,4.47422501,33.5517205,48.6816513,51.6092384,5.6566592,98.140486
0.0395056736,3.88742416,8.86030966,2.17686278,16.4573406,33.8730941,1.48739634,11.3245399,75.3587118,97.7413616
0.624200968,3.78270107,8.67810558,14.0809007,2.65219576,0.653978985,15.5504259,50.9493452,62.8315675,97.1071863
0.995252413,0.829203796,0.963449638,3.01877941,0.977303763,0.78386551,46.8598232,58.8392819,60.5103303,98.3266254
0.817284841,0.425291108,8.70222361,14.7061846,23.1941272,34.1229438,33.0968956,15.0529118,2.89580268,96.8257178
0.0439236323,0.897949726,8.64234371,1.54795789,0.825413911,32.7334972,48.8474957,44.2248433,69.5348017,97.7947254
0.726776373,3.72203399,0.506802698,6.81412202,20.2325994,34.9890298,0.848531829,2.9707129,11.1017287,98.3704705
0.748798961,0.256561438,0.0631892612,0.0389551297,22.9982264,8.91486404,0.163255416,63.7828906,79.7870385,98.4726741
0.0618869551,0.536216215,0.418315327,2.89014852,23.0096971,34.5303317,42.5833164,4.96098897,64.9792559,98.4200796
0.0224950644,0.298191449,8.33328043,15.011884,1.14698402,3.39899588,42.0907038,7.13009134,34.7353265,98.7671876
0.733160146,0.890321361,8.17001917,0.910556838,12.0762219,21.6874194,0.623755812,60.6875749,10.2151184,98.390805
0.845753481,2.31499435,0.24742333,0.789153785,23.9182226,26.7379635,44.85124,62.4207593,22.4045799,97.1836037
0.0611072951,0.121236872,3.66324175,14.4071341,19.8489382,1.5914169,47.5625285,60.6256144,69.2312987,97.5974398
0.692554667,3.06515195,0.0197793385,14.9890531,1.58566175,0.312494902,43.694143,5.8273795,26.2835084,98.601749
0.67632334,3.86550983,8.15350803,3.57242786,15.3046393,0.105048029,2.09913286,0.164545477,17.1059644,98.6837526
0.129616157,1.83501706,2.54624026,15.3955094,0.510112848,33.7919653,7.56858851,1.65490919,48.1682047,98.7286934
0.0469414937,3.78273576,0.989648542,1.81874427,11.9296775,3.01040991,21.722496,52.2325087,60.4626345,98.5981296
0.147561467,0.262293777,0.835883195,15.4468445,23.6180662,34.3271865,1.39237747,37.4701573,1.18140684,98.5885232
0.913974066,0.648524165,8.42770982,4.47823374,2.6164043,34.4262013,12.4757737,12.1850759,74.1275227,97.8893984
0.971732658,3.6431536,5.58568741,15.3746269,2.1166145,34.4734497,15.3378856,57.2641948,9.26782583,96.5218292
0.0249274052,3.81959587,8.88264468,13.5273624,16.2192472,31.5187965,44.1181466,33.5537804,43.5211195,95.6283518
0.976142703,0.121611273,8.82149592,10.4568256,6.04363357,0.503038729,41.6117741,53.6654786,4.68095628,97.9545976
0.347304613,0.594524481,0.389130249,10.8659427,24.8411268,6.93752837,42.2480287,4.72577465,2.650863,98.8380701
0.956323733,3.73192665,5.60513235,4.37234915,21.9878224,35.0360503,47.4986026,1.32479805,73.2553817,95.0650174
0.83179702,0.0500895698,4.17464862,14.7900444,0.432889699,0.831131364,1.1226843,5.16567189,44.8631306,99.0621927
0.95809138,2.56726704,0.128534738,0.50370545,2.77733132,5.1948833,14.1603717,0.479566664,76.0348484,98.9621514
0.812366783,1.79409195,2.93280192,13.514322,23.7653077,33.8781612,19.4021001,58.9009842,77.0023633,94.9111704
0.886058608,3.94809976,8.35365199,15.6959197,14.5652638,33.6805569,6.96795339,0.512765318,53.2153626,96.0241406
0.294564827,3.00419069,7.72395779,0.993148171,6.00204356,1.93847381,48.9038551,1.42681268,56.2452609,98.4729289
0.0153062814,1.01068587,5.84415184,10.0622752,19.7793082,8.39874207,2.25661073,1.11868036,62.8519304,98.8179287
0.279783155,1.26194219,3.29050384,13.3297802,2.52582636,2.25159407,8.90378716,63.9357213,9.70484153,98.8996504
0.973668943,1.81567858,0.24735394,14.7158547,2.13926549,6.67445847,2.20976144,60.68317,78.5174891,97.9838927
0.807104615,0.0290844329,1.84964282,1.68337999,7.13680138,33.4378816,41.481182,2.90623942,16.6631651,98.8030158
0.326300142,0.505978972,8.97430872,0.367413536,23.6239025,31.5790954,2.5277029,0.134089172,17.2589648,98.7320428
0.040704709,0.496178737,7.37107905,1.28994903,0.270862493,3.43573244,0.483331307,50.0888424,64.7676934,99.1389593
0.897180021,3.61846705,8.04518609,15.0089765,24.7948821,3.72058,48.7115756,4.50734014,54.2518431,95.2419775
0.97916279,3.15603748,7.92444667,7.42265346,0.838662056,29.3661653,45.1073962,53.5621363,74.4498662,94.7760419
0.843218864,3.91778017,4.79532957,0.184945285,6.83658098,3.47973748,27.1512278,55.7521497,3.01150566,98.313569
0.0452175797,3.88744924,0.808607346,0.46873112,9.31865836,26.9152332,33.1079431,1.56617418,23.6538276,98.904516
0.717497358,3.91241272,8.8211664,0.611002632,20.5019252,1.23498249,27.6995596,60.7326142,77.2615394,96.1595803
0.0157027966,3.66761262,3.52198793,1.86871185,24.1251616,31.0905802,48.1573721,62.6324594,70.5518344,96.0354518
0.0572316693,3.57066645,0.429696238,6.9416353,18.8507343,34.9805093,1.93292282,63.5217154,32.2358066,98.0024805
0.279408643,0.0842618421,0.424755818,3.32629331,1.58081412,26.9898352,24.7171722,63.3630858,59.968656,98.7077027
0.999890047,0.608088151,0.309492534,15.3618026,15.3387493,33.6372395,45.0312861,46.792333,8.53121312,97.0780248
0.0469948347,3.36874684,5.68849465,15.1635782,9.77872003,1.36442967,48.9583961,46.7120449,1.69329102,97.948861
0.23776107,0.201191476,3.20654753,0.789848403,17.1595328,0.38555261,48.9764639,59.3359096,13.4576388,98.7769199
0.0801429809,3.85232293,4.48092576,14.078719,20.3608249,6.31239502,0.575899868,34.153904,10.9655558,98.3918026
0.139942526,0.0561659504,8.9575388,11.2970822,21.9687634,5.76906768,17.3141255,47.6830133,0.510982481,98.4562544
0.925081302,3.3657962,2.10760375,13.326743,22.7643623,0.918675984,43.8104358,62.6858491,72.2232936,95.0587959
0.00642557163,3.9783296,8.51767023,4.41532874,0.672165281,31.7979149,10.2848999,46.1226633,19.745348,98.2316291
0.522102915,3.9348005,0.432079062,14.1383043,10.1251801,34.4192152,48.6596621,16.9023242,57.4118576,96.6245156
0.869841677,1.71623517,1.7200246,0.806179852,21.0386984,32.2626949,9.68296442,16.4349332,78.3702573,97.9017163
0.884378858,3.0218873,1.93473846,0.265388452,19.3495417,11.1572834,44.1837371,1.39785576,7.29221087,98.4767567
0.819663269,0.322272623,0.980947292,13.8331438,21.3245512,2.4943137,24.4052787,0.677442521,73.1233238,98.3077111
0.323556071,0.0275299158,6.0644137,15.2907467,24.3425284,35.8192811,30.8401822,11.6787344,76.5564115,96.7458375
0.692267714,3.77390305,8.97445254,4.66465376,23.1807953,35.4613991,26.8599865,62.4244107,19.0731397,94.8954746
0.393722712,1.19046754,0.4230442,0.18466425,24.4563148,17.6864621,5.94632114,37.6416759,4.61569551,99.0358805
0.808416513,0.225347476,7.68382254,1.78751281,16.7621805,31.6324571,47.2386435,54.7029838,41.8277641,96.7019443
0.0956783654,0.265146976,0.731775079,8.78888774,4.43152498,8.12207869,43.2515075,17.0936689,77.5739122,98.8759953
0.0502303611,0.886714617,6.77828551,1.14579286,14.5946147,24.032792,47.8221984,0.898677886,0.100274426,98.8565578
0.826620105,0.016426174,0.168088599,14.3379316,2.52569041,34.9613258,4.0875803,2.56275532,0.289352761,99.0554581
0.854644705,0.0542282835,7.68321139,15.5269028,1.02483633,35.1707382,41.645888,34.5325603,46.5010202,96.7634784
0.0254034684,3.82437466,0.595937055,14.069478,2.6835061,2.42940989,9.65312866,1.48027545,59.4711311,99.0018508
0.903722108,3.42989659,5.1117985,15.9953938,4.03602804,12.273622,3.76402257,3.82335428,3.9428188,98.4442761
0.876256907,0.999332736,8.51690308,13.4935837,4.15761982,3.0475057,37.3329756,13.4800354,79.6773962,97.4745845
0.988752341,3.84240484,7.42077446,14.1445384,23.8387376,11.0335236,6.03111278,42.987703,78.8789157,94.6367539
0.137991793,0.912232014,8.73777752,5.02549105,24.1062728,5.9424905,15.5682134,57.4198054,79.3160008,97.6343505
0.232727375,1.79596582,1.79443969,0.262785047,0.981706102,35.3296148,1.13736675,7.47484216,78.0539508,99.0186062
0.968765726,0.182216287,5.64554544,11.8795709,18.6693093,0.116124127,10.4781116,63.5048982,79.5127458,97.2412848
0.455641839,3.88957917,0.35340483,15.42218,0.906376657,12.2003749,43.1486245,62.6048574,50.4213144,97.2830978
0.341540218,1.06574603,8.98551709,15.2633891,5.9080487,31.0673497,6.73281975,22.8591998,3.2540301,98.3174045
0.0112530994,0.523368355,0.566875526,9.73681403,22.8647973,19.6529457,9.60640704,63.8472314,71.4045873,98.1992775
0.959069301,0.310991507,6.3770872,13.6971046,23.8072966,6.09630211,6.19254143,2.66952968,3.52513617,98.4997269
0.884276094,0.113269407,8.36759118,0.186615832,0.706706883,3.77652495,5.51903136,1.77643639,41.216844,99.1942046
0.772761783,3.22911562,8.42907354,13.2248165,21.0807254,5.40356484,34.999958,63.0790108,11.3067762,95.8882148
0.486448117,2.93402935,0.520516531,0.571260527,1.83699688,35.1453437,48.7159577,36.7043126,72.6247701,97.781692
0.530314707,3.99715206,0.302952679,11.9567716,21.0321551,17.9007149,7.23451943,28.1706007,69.9705721,97.4991906
0.917356228,0.0245240461,0.395197045,0.13642557,7.66335974,33.2455219,2.02253678,46.7273383,3.00511047,99.0221699
0.373113069,3.64539774,0.449560682,8.47356965,23.8829917,2.07500554,36.2302853,63.2236631,10.2592529,97.8733308
0.123869496,3.49844509,5.3248998,15.2727183,0.901385793,35.4110719,2.56533327,58.1959693,65.377384,97.2272372
0.909500902,3.92664038,6.85109614,0.662943624,9.52108294,30.0111089,0.963253465,25.3400636,43.6003427,97.7478487
0.574219452,3.62535164,7.39111261,7.87483782,0.62379865,13.2248324,7.8367392,0.0988897384,78.5191633,98.2244527
0.28562477,1.98204529,0.529106846,1.2422371,22.3108195,4.2378138,23.0525664,1.93782356,72.1414504,98.8673809
0.13232616,0.0230634958,8.16339001,10.8371722,19.3014391,34.9737113,42.4195925,58.8938735,6.74905875,97.2246537
0.949126389,3.86890118,1.39972875,14.6508486,20.0195145,25.8916634,39.7261182,3.74701989,0.206638137,97.1692042
0.115606093,3.9664136,7.90496674,1.37945352,0.742624002,9.04550447,48.7190592,40.7869632,3.15233142,98.4396494
0.0288508246,3.58323524,7.72800495,9.91844221,17.5909535,1.66414939,45.4051028,60.816386,77.2021318,96.2569409
0.0190921235,3.52527857,3.05315049,9.42270036,23.9453614,35.5516343,33.1001365,22.1964867,0.444654762,97.8065418
0.133572871,3.83696672,8.77443056,12.1854951,2.52637901,15.6267965,26.635845,6.07045684,12.8689178,98.341323
0.882184199,3.47933055,2.49427024,14.5777312,24.8869278,35.4181382,17.2156876,62.7741251,5.97378983,95.5680117
0.917159256,2.78243248,0.771096385,15.6745502,3.38328246,18.4726915,8.88351497,2.92060146,79.1632195,98.0509164
0.80418916,0.0288736913,2.88029362,12.6131671,8.59283967,28.5931474,1.39878749,50.1830172,42.9943922,98.1580457
0.894497742,3.29419218,3.34799026,2.97302386,24.3936574,13.24809,0.883315728,62.5468609,31.7554082,97.600318
0.0214210572,0.0948322379,4.15219863,0.00420697034,10.4789851,29.2347014,26.7136938,51.0073968,1.66898729,98.9798883
0.740054652,0.394142894,0.809153532,0.7882763,0.874652318,0.405375626,12.4516463,58.5399816,11.9864425,99.3154781
0.0572104277,2.14263581,7.38000079,11.8635993,24.2402888,9.40964475,48.8629893,0.340068013,24.7089087,97.9082698
0.319872404,0.381984985,0.0486844154,14.647058,20.4751413,1.00677607,1.20519775,24.5010742,17.1538822,99.1211776
0.346172139,0.460574795,1.98129552,15.3489293,2.2740333,28.3358551,44.5306869,1.63774088,6.97484317,98.7450706
0.964579251,2.7338938,1.24460585,3.71656746,0.545740966,32.0665186,29.9146743,46.9295325,10.9521671,98.1507954
0.982926919,0.210887097,0.85373537,4.85398054,20.0796788,5.99257906,34.4038567,33.4617368,29.6290795,98.4595081
0.933851594,0.974966445,5.0873247,4.74002207,2.42320973,2.71581632,44.5423027,0.629616887,27.8070649,98.7825419
0.161845463,0.546813686,5.16963507,0.100677364,18.8819537,34.554633,10.5034262,43.2121778,74.7634319,98.1534228
0.947890843,0.805609372,8.72260498,15.68349,13.1499028,15.0004297,5.74598448,55.851267,5.37140358,97.5026246
0.902921413,1.60072362,7.5643507,0.0751819611,24.3487814,7.15612432,44.8913586,47.1044358,5.38255703,97.5656186
0.106568743,0.403427048,0.896384463,15.1709722,3.95231097,2.14627029,0.49659285,21.2062371,77.4913494,99.1352401
0.124832353,0.22940607,8.16259429,3.06166415,2.17090466,16.4081799,16.7142949,0.201666415,77.7187838,98.9668625
0.0674941177,1.49454381,6.29522916,15.8516498,4.18540988,27.6247678,45.5596044,60.4347381,59.0321808,96.7707621
0.373091034,2.16405387,7.32018636,0.661714502,2.24317953,1.61034971,39.6731302,56.5552053,75.096716,98.0569334
0.0619888716,3.38785814,8.39649282,15.7419388,23.0715295,19.0016949,7.46778542,28.8255117,68.818062,96.6800151
0.174735182,3.0967873,8.33446346,2.35989988,23.1832445,22.7369424,48.7150014,15.7111102,71.6708609,96.7152024
0.874078067,2.52031696,6.67592416,14.6797013,2.71830178,16.5571982,44.6863451,26.6480906,3.11209469,97.5012947
0.919202163,0.123035153,8.66660337,6.4051162,4.35610285,18.7495509,21.3731747,63.9308639,68.3808954,97.283095
0.0195506881,2.35366014,4.42341727,7.77605686,6.54318477,30.6813386,45.2682306,0.197342813,66.7498977,98.1180283
0.00734478142,1.77496561,8.65574061,1.83531481,22.0875479,0.601926763,0.793669209,14.6264713,3.92778618,99.1574584
0.015237682,0.398888214,0.256968955,14.0039634,7.2084473,3.41826407,41.8734484,37.9390162,11.4468864,99.0335777
0.215495532,3.33359488,8.39060937,15.949664,3.12818868,0.672575411,48.9658753,18.8944957,70.6089765,97.2825168
0.194498411,3.73914372,8.52398021,0.951938093,23.7867681,13.2652332,1.0546025,46.6341839,46.4850112,97.8273586
0.937061809,0.791293707,7.36500477,11.795945,22.5748336,21.9297347,6.87503453,8.75807682,77.1994907,97.1002759
0.786269575,3.33097413,8.28508413,14.9491712,4.24957922,32.6561746,44.0001842,4.04386008,77.4010184,95.2307956
0.947331959,3.23293236,8.7618406,4.00874008,23.2728062,30.3182173,19.4348674,10.2091841,2.22360004,97.2233097
0.956260885,3.50678294,5.62694167,0.01538831,4.11144616,1.54894627,6.99604686,41.2206452,75.157899,98.1739298
0.591657661,3.96121431,0.289885121,5.50972791,15.6201625,4.42151124,11.350876,22.4292965,11.6264645,98.8059567
0.164076847,2.55827688,2.15906048,14.8080932,24.4109212,35.0682046,48.0667342,56.9500048,49.0194144,95.406175
0.87398166,0.0390188229,8.52605027,14.8032961,23.4329858,18.9969042,44.8734149,37.2033962,77.8109333,94.6589119
0.131499659,0.459066218,7.93333254,0.924404219,0.721425761,0.00398998708,42.2757202,36.610018,10.849649,99.1297977
0.32497345,3.31507831,1.17268504,14.7865322,8.19873666,30.4805058,7.97810853,31.4383773,1.02183434,98.4214096
0.0616416661,0.045930963,8.91381524,0.875948161,3.219917,24.6888026,11.8487981,8.81574446,7.86864626,99.2881981
0.579372946,2.08441215,1.60866041,1.34301841,18.9226108,10.540373,43.6233006,50.6949995,79.5530887,97.5248274
0.53334358,3.6222187,5.9169435,9.01242114,24.6281586,0.664698651,15.7755957,1.87680197,70.1291476,97.7299636
0.069320208,0.258940712,0.0372199081,8.09776984,5.02760174,34.4195728,7.84069893,23.0229295,3.00726688,99.3085575
0.82506929,3.75819942,0.129565163,15.2918908,4.38815563,2.49354304,6.77538014,61.1448654,17.4056958,98.2468598
0.850302814,0.157608923,2.09961649,14.6743224,11.4642719,7.22476382,47.1020373,63.9222869,47.9366763,97.3267433
0.448392822,0.552616217,8.5966891,13.4287009,0.275833462,15.7435259,1.96070563,33.4100101,63.3325118,98.3329062
0.967118114,1.41658263,1.13451031,10.1597055,3.39120788,30.2845112,32.3668727,53.5888789,76.3008442,97.012161
0.0353986309,3.77915865,0.71864313,0.417934627,0.355106534,26.3167477,13.0371474,47.4588863,12.0257662,99.0351427
0.983220992,3.98082804,3.99792864,14.5540868,3.96372632,26.4214566,7.37900215,63.8552039,78.9906844,95.5163214
0.955909381,3.8758436,2.93252285,5.17604558,2.80938577,24.9791655,39.2478587,0.993476898,72.6041269,97.5073807
0.215145317,3.78940302,1.11708905,1.62788606,24.8140173,34.83133,19.2770475,1.74774537,78.9197702,97.8616088
0.0915648221,3.719857,8.18240624,3.0251941,19.4332497,21.0628984,21.9594427,5.68610457,18.1737205,98.2807396
0.997863663,0.378329026,5.79585579,7.01928094,7.89795819,23.0158641,10.382242,6.97642288,5.99821901,98.7531296
0.376791207,2.91928405,0.915702445,0.375096709,0.39122391,0.432378547,42.1757255,17.5255666,30.6263707,99.1347736
0.0988556911,1.8703997,8.56750628,5.47198968,24.5789584,33.9163944,12.0340522,43.5134176,2.54323485,97.8624713
0.619587743,1.64478721,8.86207268,6.85433854,1.35612933,25.1504292,37.1077814,62.0166289,11.9997178,97.531564
0.788948496,3.4295052,8.31136725,0.265470274,21.4982714,30.8849013,47.0085061,58.7257779,76.126113,93.0829512
0.885645612,0.183209568,7.20723423,1.75247295,21.5826846,21.8583251,39.2945883,2.80333427,14.730647,98.2067238
0.320522022,0.0545028933,0.0677859723,9.38459798,23.3411167,27.5729193,35.4626601,44.3143428,29.3102688,98.1543533
0.958354061,0.226811858,0.0605191514,0.258449562,12.127795,9.86383685,2.04974833,4.07541028,19.5166356,99.3907491
0.159036557,3.70964045,8.83587131,7.98049275,0.221380429,29.8668413,32.6697947,47.3325174,77.9878989,96.6085703
0.0883483054,3.47987272,4.9967437,2.26006691,1.47574275,4.04411967,2.06795057,19.6510059,43.6080111,99.1606412
0.220599997,2.49662694,1.8200952,14.8266025,10.4822585,0.459221693,19.2447415,60.564989,75.6459058,97.9211996
0.939727472,3.99846393,4.91231169,7.50682238,11.1933694,2.82263131,38.0626527,31.3531162,50.4028306,97.1818461
0.682062785,1.71694082,1.4049228,9.84437003,22.3860059,23.9063271,45.7873723,4.3967669,51.2088832,97.5246554
0.0278458232,0.0190033652,7.62650747,1.26421735,24.5329447,0.289070299,46.8283687,8.35015282,67.1015605,98.5469808
0.404223219,3.11858133,4.49178882,2.65716074,4.53206434,29.3836395,3.85150139,4.15841696,3.18155747,99.0149354
0.00339297485,0.102913057,3.73445338,14.1474937,1.448537,29.6084181,0.929783415,58.6055264,29.2143681,98.7653082
0.978944582,0.48638486,6.00825196,1.22801945,23.9419387,24.7167786,14.8334428,55.7365837,76.9017084,96.8540559
0.426880125,2.29702262,4.63333176,7.83439201,13.4790515,25.0833095,20.6664134,37.1067458,46.9250804,97.7866725
0.00547670573,0.187972985,7.33941869,15.3065537,14.4492407,33.6797572,37.6738465,8.2794481,21.1158733,98.0793951
0.326125638,0.774407979,7.81854932,11.3039579,2.53171121,0.677270601,9.37395741,17.1130781,4.43481655,99.1541581
0.266630161,1.01244666,0.429891901,12.7878705,21.4686103,33.0248928,1.86966921,18.9785513,76.5859066,98.1403813
0.953945151,3.82461433,0.659177886,15.6492888,14.99381,1.38989989,43.6201767,46.1179728,0.973978725,97.3605816
0.769198366,3.66774055,8.35983461,8.42716045,5.13376962,11.9029725,1.71356393,48.155312,2.94724658,98.0756874
0.294423654,1.51343443,0.658235894,3.5034109,2.85467595,5.0957711,0.850420334,44.4271787,80.4841788,99.0643817
0.431290718,2.81238946,8.61661026,0.655388587,11.118709,31.8855233,5.43145529,63.3065906,73.239807,97.0546587
0.98565679,3.73464433,0.376145465,6.89215686,19.5004745,28.044197,36.5034106,42.8696627,79.0007778,95.5328878
0.579112049,0.544829916,2.15191347,9.26178872,23.2547854,26.177355,9.26242243,0.697193265,7.24849973,98.7789285
0.00504815625,3.37744855,1.75004501,1.78924078,12.1402521,23.3516404,47.6671368,52.9875415,2.03810003,98.3745187
0.745860374,2.70125112,8.83720596,15.8586616,13.3216822,32.4194656,18.9993994,50.8157993,57.1286204,94.5526589
0.0849134359,0.560468503,8.53677734,15.3185373,4.15048353,10.3343436,34.4544644,56.403458,6.22501908,98.2793617
0.774676629,3.96043036,6.64436535,15.730558,24.2002924,13.4134589,10.8928456,15.7461993,8.06383172,97.1496508
0.982760667,1.03411177,0.712109231,13.1908439,3.92843615,0.326085286,11.5904164,32.8207932,3.88643075,98.9760955
0.227624756,2.75709129,5.47476384,13.0771717,18.7882165,33.9180573,1.07301645,2.85701496,22.5918565,98.1736641
0.850904891,0.633994153,7.96439376,1.00595037,17.1997792,2.43117759,1.09121946,18.4496407,3.93830053,98.9941562
0.713097186,0.0976311546,1.9953356,2.8540925,1.14482561,23.1609864,47.2284287,22.4666102,76.3402152,98.3971025
0.693291746,0.617527165,6.25288253,14.5717981,19.0785903,5.56898633,46.2140366,26.5306729,16.4768779,97.6778471
0.210509837,0.155306492,5.03147761,0.0787052662,16.8740754,3.72298511,5.73118627,51.0010937,29.5934441,99.0899205
0.409832908,0.246741139,6.70120874,2.16062857,15.1319192,31.9195422,48.653495,9.52291573,65.3626923,97.8161115
0.00945836865,3.8672075,0.352127202,9.24778046,5.38471174,1.2242469,27.1100723,48.3076383,3.13441643,98.9351283
0.922176655,0.0921542738,1.88297969,5.75929527,19.4931959,31.8872133,44.0920602,36.9064811,80.0228382,96.8072328
0.0155860894,3.82161483,4.23092731,0.347339459,21.4598221,0.33178778,44.0417714,20.9666681,3.5328753,98.7094166
0.000346578658,3.29979001,8.03391202,14.1497719,11.2746732,26.5436363,9.38481224,63.398348,0.0447944161,97.6355329
0.0139615308,2.60579012,7.90755053,14.5807634,4.51749581,0.79496662,6.81097212,10.4599489,71.3315096,98.5610393
0.997788564,3.32956952,0.168650786,15.135574,24.3635626,4.89179332,38.6152641,2.27655888,68.5020131,96.9075529
0.0148746986,3.99623756,1.72041048,12.3358618,1.29633579,18.0223832,46.5430537,17.1144524,33.6681371,98.3415473
0.807491552,2.04208883,3.12060006,8.755861,12.1185664,2.51469179,0.57826779,22.1345198,59.3258066,98.5510412
0.0101184589,0.243754285,1.75108672,0.914773934,22.8211078,6.27686794,20.85146,3.24884591,14.3688328,99.4200099
0.955489013,3.6153877,8.59742834,3.51659331,24.0370978,23.7636773,16.5024345,21.4424666,80.4135012,95.5791599
0.850529496,3.39692731,0.353988768,0.869724177,14.7722605,3.42924133,47.9913577,2.28423983,69.8863152,98.1928468
0.887607656,0.0875222367,6.71902139,6.3867968,23.2715324,35.4883644,6.72465991,35.7342691,12.4793778,97.7875199
0.59611887,3.87936127,0.955943711,2.74834546,24.1283088,35.2586841,44.5140567,20.5718005,28.1616334,97.1860982
0.928896627,3.86246387,0.968268868,3.01307947,1.29173058,14.5668708,34.5681972,57.0648396,61.7114058,97.601657
0.562192159,3.05443632,8.80033843,2.28967504,4.01320214,35.8393301,48.484071,2.32655636,79.0163514,96.8655993
0.306960382,0.332541628,2.31106769,12.6482755,5.5733788,31.3595142,26.3453921,30.0483855,80.0075599,98.0547133
0.777949972,0.0207159221,0.38813217,13.04422,3.4465247,1.06642988,42.8572113,1.50293014,55.3670221,98.8286506
0.0234025577,1.30715035,2.87076357,15.8636821,20.1631335,9.77042872,21.2272003,59.5002308,25.7913337,98.1429536
0.0522573218,1.15522992,8.88595774,0.51853659,17.2569888,19.0244044,36.9734035,56.1536199,37.8293467,97.9213362
0.491820791,0.12813963,3.69621392,7.58636418,0.0356720411,35.3375934,36.6577443,38.8029844,2.22672993,98.6040092
0.0603114539,2.61842351,8.64876648,1.45466445,0.852324185,0.0181199815,22.5162206,4.07463426,3.00957843,99.3072307
0.0261819782,0.162029471,7.26598021,13.0301593,9.1986187,1.70557405,13.0435952,61.0027188,71.7551844,98.3066101
0.091049606,1.08291371,1.19407017,13.755236,0.391687686,11.6567069,3.0935238,5.03440541,6.64677158,99.4719539
0.149414861,0.862256015,8.85790382,10.2923499,11.756138,14.9931348,34.8670989,26.5560844,71.0150103,97.7278237
0.136000683,3.05392539,7.47888757,6.51284004,8.28531832,1.93677918,10.1370228,63.925014,24.9456156,98.4305079
0.937100474,3.39068138,7.1594708,14.6234301,24.9849336,31.3626003,47.9428352,25.1176376,10.2963846,94.0765868
0.012290943,2.29551291,1.54247245,7.70565923,7.83541357,21.3059522,45.1043151,49.9257766,79.136013,97.7870761
0.571188219,3.84156622,2.70784881,12.1154518,13.1235739,25.7846761,42.2650034,57.3556192,9.98731155,96.704532
0.986940512,2.03676948,8.96548077,8.59597911,13.4700529,23.297586,36.1080019,2.85814738,46.6801532,96.909392
0.0464672786,3.90220841,0.937686429,1.23700933,10.0247588,16.013747,9.58903021,2.39124593,78.0515842,98.9059687
0.800537721,2.54988691,8.88590056,14.8100089,24.7174532,1.77982732,45.6758053,51.2776358,80.0191476,93.1289
0.028395982,1.00507835,0.791603821,4.41853059,9.75574172,21.241476,40.1350484,20.5830436,24.3171251,98.9975694
0.845655617,3.73583529,0.413417819,0.556953654,1.12509684,13.68384,22.1839032,5.04196662,5.48391919,99.083545
0.616472735,0.229052564,3.794506,0.466490917,0.488818938,22.4350351,2.22564448,25.3475449,40.7360064,99.1615672
0.986175614,2.61420507,2.12520452,11.2220672,2.00509665,35.5096265,3.1203376,17.6510042,25.8537409,98.2357907
0.0931718979,3.76034888,0.413320606,13.6523063,22.3617526,12.9259091,29.6093584,0.636269808,7.32374781,98.5289024
0.29612457,3.86257474,5.16090966,11.3932978,23.681556,22.91176,29.8775489,63.9542993,80.8833716,94.4797994
0.017669043,3.85442591,3.00677693,15.8218755,22.2837713,33.6164342,10.0846175,1.52286422,74.3921718,97.2954502
0.688783858,1.56122527,7.90435242,15.0241758,23.941084,4.02933674,6.89081662,35.2065248,45.6408535,97.363484
0.98303041,3.16843545,8.76294846,5.11065062,10.4764186,3.12025219,35.4957658,3.05020535,1.01419596,98.1920327
0.460270531,3.06727314,8.23429621,1.45148434,17.3394857,35.6207674,46.6015894,22.0900824,5.08235536,97.2986616
0.136732018,0.220116237,7.86059996,3.73951149,3.07756169,35.3942048,8.71131175,62.7156276,57.6520549,98.2571687
0.0254684868,0.195433194,1.45280255,0.448946901,14.7665047,8.12788271,29.0252907,43.1816235,72.832685,98.9057164
0.983459797,0.0352158286,8.71296978,15.7921873,17.6425839,27.2264916,48.5157092,56.8493335,13.6035624,95.260628
0.0454085414,0.725418402,0.240943745,15.184939,20.7349107,23.9664244,48.5842857,26.2400654,71.8606842,97.6218898
0.557977802,3.7316671,4.78997309,0.13832359,7.50715764,32.8298621,48.3088453,59.7710013,34.4490088,96.887077
0.563515955,0.0506169144,6.11658186,6.0288915,24.3428539,7.69811838,46.6528563,59.5014456,51.6318292,97.2195143
0.581319054,0.91738878,5.74477505,0.771963723,22.4910915,11.1960585,0.210920697,22.1311444,68.5262255,98.5201081
0.865773762,0.238474971,0.109876822,3.02178101,4.80234269,18.6820377,44.9266454,53.7191454,12.2480195,98.6219302
0.0784328101,0.880954961,4.97255779,15.606689,21.2833921,14.3584171,18.9421859,10.8641031,1.24225258,98.680864
0.0318233157,3.41786603,0.167340493,7.98519489,23.703878,23.1519425,36.3394295,27.1570427,56.2153576,97.7547277
0.558720045,1.63118875,7.62587076,14.2397537,24.2829087,32.8985974,3.71118122,59.8502436,19.0408519,96.51128
0.843279335,3.98314072,1.4536841,10.7888744,0.956123753,28.1835704,39.8371196,8.45014835,7.14228184,98.0522718
0.94104213,0.380337145,0.73440452,7.35423991,4.23455287,28.987429,5.06188556,14.5117509,74.6688408,98.5849213
0.804843496,0.0185473878,8.38338028,7.95101359,1.07097799,35.8950506,0.156567635,44.9727254,21.0049528,98.2811094
0.204694989,1.23470483,8.28911702,7.44833505,0.261162885,20.6850387,1.96788408,62.9912629,7.79089223,98.7064197
0.97274774,3.88505513,0.273684293,1.44340467,5.15976703,29.0945062,4.58043541,5.71808848,50.515007,98.5321387
0.57896334,2.54742582,5.81812179,0.307500981,0.264041592,18.3557222,28.0708825,20.0131551,52.014616,98.503073
0.039625037,3.9119884,1.7752624,3.26235998,22.6314923,25.1874857,2.81973896,10.909748,0.169617253,98.9018998
0.274824083,3.87341923,1.25334548,8.84882495,3.43901798,35.388287,20.3355347,5.65854961,80.0422836,98.0365588
0.0925656101,3.00083692,6.89873964,0.208135426,15.8314174,5.23126971,13.5429998,15.9323372,79.4696756,98.5179016
0.911058394,0.633693766,5.60503706,1.5250534,24.3321524,0.698671729,8.95031853,61.3923643,17.0431047,98.3624857
0.951802984,3.81103008,8.9609058,15.9001127,1.86672948,34.7361381,46.6497902,56.1951708,30.6735693,92.9898071
0.973073624,1.79359843,2.27001047,1.89519782,19.67162,30.1214204,25.4704669,23.6899285,15.9823315,98.0744145
0.495989797,0.402099753,4.70373398,15.3901436,9.59926922,14.2816254,26.239302,5.15831468,50.3652743,98.3861067
0.4666981,3.17987193,0.242126562,2.52644339,21.7720465,32.8112077,13.5680472,53.7717181,77.5401258,97.2642043
0.301329665,1.79068908,0.250715041,3.14257277,1.90708893,3.51895748,42.3555245,60.4740299,3.82279362,99.0272971
0.597131478,3.95503072,0.453045236,0.588949517,16.3664484,30.0946369,0.765915785,45.3833198,6.90544233,98.473534
0.984911478,1.62885089,0.217873123,13.8552396,1.58174238,13.4556786,45.7192176,44.2639412,10.1997596,98.1019806
0.0595304244,2.11137476,4.21997854,9.20760885,0.440615649,7.81517689,29.5060502,36.8134173,44.4299041,98.7141879
0.559337818,3.162819,3.3725126,15.6785905,9.48458787,10.754404,39.836748,0.292692363,69.9644482,97.5392265
0.731900743,0.22315605,5.81339595,3.10364591,4.65138933,1.29670956,18.7799579,33.6351809,74.0206994,98.6664695
0.546354778,2.33903995,0.549948628,15.9761709,24.2248409,31.536785,14.6251047,26.2989068,27.4986735,97.5168907
0.707659452,2.52961354,7.23332422,13.2981709,22.4341017,35.9247941,43.5754682,24.6787455,70.4648734,93.5195772
0.980898554,3.84801708,3.65202197,15.1701793,8.12986424,19.6246385,48.0462595,55.4885055,64.9412193,94.2320899
0.61099698,0.104942752,8.48887762,8.11765369,2.19630632,19.1811935,46.7120633,15.2131897,10.2259484,98.4379134
0.323063738,2.92900038,8.34594201,9.32868145,4.92054096,35.3260023,16.4986555,2.48495603,46.3926864,97.9090301
0.922094381,2.56107129,8.83145738,4.09640342,0.394236751,1.34937741,47.6200782,43.956888,39.7625163,97.6050558
0.583131033,2.7330732,6.21273868,15.1094578,13.5270849,35.5901916,33.1430733,4.74529553,12.8864913,97.2182873
0.60886626,0.860941053,4.13161885,9.098646,13.9740526,17.1393346,33.7518745,57.1496133,1.96365569,98.0828578
0.311213975,2.29307904,8.50385342,7.58111229,12.1160667,14.0166383,40.342578,32.272268,0.0113697331,98.0728263
0.0141525832,3.44986385,4.18870512,2.78557661,1.85314122,29.8721644,7.44234014,46.2506504,69.2065692,98.3506336
0.729814896,3.99581273,3.65520665,14.325556,2.52944582,17.8499851,22.7303035,31.6232948,46.4680027,97.4340433
0.914926295,0.664968938,0.299115096,9.2931991,23.1206476,19.7639484,0.925766502,34.4262623,53.3968005,98.1709506
0.367054606,0.347022709,0.923995274,8.15744657,22.1946524,0.751775343,47.7589324,20.083031,80.3692777,98.2715753
0.898250946,3.6146153,6.38869041,8.39061181,20.332301,35.976475,0.836724576,63.7778923,54.4677453,95.0589739
0.594541246,1.8189095,5.42708975,12.6176095,0.254656444,7.21564042,34.3933681,59.2172161,80.6842596,97.2986047
0.877354685,2.80077394,1.36706708,14.7490593,24.1239795,2.48147518,24.7086257,3.751115,6.3151376,98.2175656
0.294687061,3.22175319,0.0130856512,6.98762669,1.62777801,11.6135366,44.5219996,2.9357943,78.3355053,98.5568946
0.168532841,2.1258025,0.816074243,15.5729734,10.8821289,30.1552529,15.4284581,61.5116063,42.4834403,97.7721448
0.394968307,0.929331545,7.36938113,14.5576704,23.0720991,32.7890966,46.7492619,63.797775,72.3987216,93.4430084
0.93488268,2.29283723,8.35932791,9.28758131,0.59221749,4.89506765,15.5193233,8.1849052,35.060066,98.4179152
0.471766059,3.8886172,8.97597876,2.26659083,22.800053,0.706223002,34.6947156,18.3976044,31.0551388,97.7168378
0.23237071,1.81806788,0.600266949,15.4428681,19.194343,35.0253134,46.8807369,5.93685752,6.02995753,98.0057265
0.224423831,3.56530829,4.80694488,11.2400934,0.389889383,4.13404831,1.29287967,29.2945377,1.6386541,99.035298
0.114804802,2.09723223,0.409879717,6.84161347,17.1836624,8.3729479,0.18422899,12.1947953,37.8743089,99.1692564
0.103406264,3.79631815,1.61818768,14.0093561,23.8250338,3.37346994,46.1541956,56.9012649,65.2552697,96.5821477
0.997732015,3.52792631,4.17924211,8.03939166,21.9618029,17.3114469,2.02646797,5.02476761,44.6376037,97.7333765
0.800101706,1.23750437,6.15599136,15.5499742,6.90184293,34.9547242,0.0680103046,20.962207,70.6390089,97.3713537
0.512355324,0.6236986,5.63033019,5.26130815,16.8845204,4.51408608,22.110799,0.260602713,35.3739571,98.869296
0.442066491,3.24607857,1.89586041,6.62394632,1.04030302,13.4969326,9.45452749,57.7873799,41.1242988,98.5238165
0.575076177,1.2211996,1.57858488,14.7129137,24.907871,2.28652564,24.0050539,46.9440755,77.3008464,97.3719428
0.984000443,0.381751223,0.208800337,14.7684665,8.77675434,15.7107459,36.0787316,0.316486955,9.10775382,98.6697899
0.467721437,3.97678827,4.23113736,6.62333627,10.0199208,6.92493912,48.2539031,5.68166721,4.78510108,98.4057898
0.141094504,1.50131424,1.32384083,3.18713256,22.0889939,35.5977247,9.47291546,13.4402008,42.3409086,98.6732182
0.14546506,3.32503615,8.73589838,12.8784919,1.27008196,30.6253214,37.8067734,46.2895098,4.79877191,97.3777874
0.975008802,3.8917103,8.94377526,0.0548118353,14.4101815,24.3643894,38.5090336,38.3055282,31.6560031,96.2740447
0.331349485,3.96319388,3.14891143,6.67442956,1.77755812,0.603889218,45.6871712,44.781286,79.8282499,97.8132961
0.852263001,3.93704404,4.27327152,1.5545625,24.2687136,13.3484418,42.55059,54.5508806,46.3856045,96.1464732
0.00171736209,3.45481845,2.55092863,11.4798806,22.4271151,10.8340827,0.582722774,55.9303257,67.0569336,97.8291218
0.334088503,0.101884592,0.842273989,14.3981079,7.81188815,27.9419087,48.5362802,60.4225751,43.3102572,97.6992263
0.991577812,1.79311389,1.94665649,4.36569064,22.1291238,34.8241663,2.39937114,62.9952833,12.3107483,97.6423058
0.965879832,2.16933984,0.212998384,12.2023754,20.8172167,35.9429443,17.7819746,13.9065739,80.7304279,96.7203555
0.596760016,2.98233863,0.37222807,1.84385832,21.4480321,2.98821871,4.07215252,47.8920905,73.8687072,98.3256115
0.561689553,1.26524535,2.20172861,9.69371756,16.1109523,2.55754697,0.941674568,63.6401108,39.6685587,98.4912913
0.321985499,2.44110568,8.24225231,15.1726295,22.4763157,13.5905577,44.2394632,8.69718802,78.0120062,96.0873828
0.0742638088,0.607339198,7.98727876,12.7894462,12.8485812,30.3902112,0.379629564,13.6281827,71.9721709,98.1747901
0.220249152,2.91001615,1.44324847,2.98143944,20.3948682,2.23213528,4.76073748,59.7091205,14.1596997,98.836023
0.963505384,2.53992624,1.21555204,15.614437,24.7537314,15.7883882,48.2377033,34.0634694,31.2984477,96.150535
0.421760876,2.14016689,4.01624439,1.81251898,23.4477806,17.0627833,46.5494178,28.8195265,22.5047132,97.9857086
0.108822676,3.93088928,5.52616747,12.9717099,24.2634916,30.9644431,4.62019996,46.6294916,27.6724361,96.9952717
0.978344428,0.139228638,0.0353797912,1.11671185,0.900045946,2.98398219,5.15679758,50.0204768,68.5377339,99.0582943
0.24354078,0.759544453,3.74314876,1.95778354,13.2310783,35.6162757,41.8479508,54.2161204,53.5819492,97.7569243
0.267685611,3.96828261,6.58325615,13.842116,6.94268056,15.3103958,40.5914956,56.5120524,48.1759025,96.460669
0.0536132604,0.312271068,0.764640404,14.7755852,20.720541,0.191438142,18.3761673,1.62509823,62.0484532,98.9599122
0.140932675,2.62187833,4.29542074,7.3535993,12.4115765,1.96718483,19.7027107,1.90420467,5.02180597,99.1320453
0.632118459,0.059740698,0.139300123,2.16385058,24.7447539,14.5129126,25.2110739,25.4941346,80.9000226,98.384174
0.954813866,2.22660962,5.91289243,15.9697942,6.7665614,0.860294788,31.270841,57.5015355,35.8269119,97.09081
0.454659969,1.88041556,0.324701371,5.78835065,7.51469693,35.2963394,23.9243518,3.37163794,34.3223462,98.7282513
0.2474015,0.308057863,3.4391482,6.69115211,15.9274638,25.7530995,5.91239287,60.8483133,27.3389401,98.5318334
0.956470008,1.56566571,4.82291632,8.45264592,24.4063238,31.8014641,42.4774625,49.2566078,20.0053426,95.9302086
0.652137025,1.86792325,4.91869003,6.0860515,0.417977071,35.9145128,4.37900018,63.8119436,49.7845319,97.8448242
0.9004879,2.00055462,7.47331174,15.9118532,10.1832202,35.1110278,47.6995886,61.3684655,75.6829252,91.2328029
0.920670833,2.85878793,8.20963016,0.451682821,11.6143354,3.07514821,32.6884286,8.38440612,66.7157987,97.8578285
0.478636816,1.79589071,7.9541955,0.291084297,19.1465343,29.955911,12.2449724,1.63354248,79.6691218,97.9140411
0.0889207959,1.96726446,8.58119388,14.4453643,23.8079561,22.0590901,26.0338684,39.4781237,26.3569508,97.0436616
0.956030749,0.0352092162,8.46291728,0.445820727,7.67023907,19.7396318,32.6547614,37.3221998,12.9241699,98.3152549
0.899589624,1.61125633,0.866635153,6.28801561,4.18485307,14.1486991,23.3916669,21.8708604,39.931579,98.6713764
0.238429146,1.11462719,3.46310695,2.55725219,5.83999105,3.93055192,1.07008236,2.44787428,67.6134928,99.3316643
0.959161303,2.49604591,6.8481583,8.8828869,22.9376528,18.9073615,5.47724076,44.3892169,1.98422381,97.4193573
0.913575359,1.84421123,8.23071453,6.43408675,15.1500235,2.08082872,22.4424,47.563896,58.7255705,97.2907558
0.959116244,3.46686534,8.11305152,10.7679071,0.33602335,32.4640083,8.96665431,35.9953515,58.0578012,96.6036835
0.0621589362,2.82096272,8.82080281,5.74712555,24.9047768,35.4012262,22.3342908,42.3507794,57.6491498,96.3758731
0.997199927,3.75666036,4.92896582,9.11752287,9.6982381,33.5343613,43.5698359,29.0371379,34.3944232,95.9588953
0.628650611,2.9232826,8.12392707,15.7196353,12.3609242,0.076009512,23.8083758,17.4644869,27.3778928,97.7716099
0.499430482,3.71241546,5.77494523,6.2302052,11.0294616,31.9131698,0.877412432,60.9577135,5.42954863,97.785472
0.423571466,3.86252968,3.45688994,8.79856565,8.5826924,35.0080663,44.3321827,60.0736177,72.5115792,95.4485651
0.45559341,0.63377825,8.79986273,4.07636236,24.0971224,0.483883197,44.4060964,18.6284784,1.0583736,98.4319845
0.889655652,1.77019986,8.43522775,5.10705279,15.994141,19.4789391,46.998741,36.3618995,79.0327125,95.6852611
0.948395452,2.72947651,5.20129613,2.10498478,3.873841,11.0098053,2.4469405,19.2378056,2.27616557,98.9401741
0.991382757,0.679969587,0.559900089,9.31696922,22.3463813,0.908368389,4.01188512,4.90209452,27.2141286,98.9197567
0.643843076,0.28228377,0.772477341,8.93629594,0.509114121,9.62069341,25.8531932,41.297078,80.9879699,98.5751994
0.838015075,2.07747769,0.376985864,0.00253043324,16.4515491,1.70817391,23.5186171,56.6819219,16.5300797,98.6650664
0.493987147,1.76794949,4.33581206,14.2102932,0.622828282,25.7399018,46.9978878,17.6332101,52.3483592,97.6833308
0.74753483,3.27152031,0.994258794,11.5689791,12.2374051,34.6571216,3.05213668,56.5043819,47.0134779,97.1725801
0.72520734,2.23907436,0.276149629,11.1054426,14.3335369,5.40621359,46.5932428,30.8663882,65.0363526,97.6396268
0.99643023,0.0115243085,3.80036834,15.6277726,24.9592984,22.9362872,2.96483125,59.9755643,11.7825594,97.4135661
0.0939808549,2.14491231,3.46786343,0.676855073,24.8487606,11.6915282,15.6733301,60.941509,65.7383084,98.1100008
0.134323265,2.28442814,5.36348105,0.0461953655,13.1336064,16.5939631,3.72745775,33.1524257,11.161048,99.0183113
0.132631395,0.543396723,1.95461941,2.29044668,24.2770418,34.9070965,37.5278559,3.49218297,6.47899372,98.7846086
0.212650171,0.0456723757,8.13514252,14.8271107,23.8281747,7.39027453,11.3570607,30.1968929,79.9602805,97.7064212
0.0771085364,3.85268625,0.22021874,3.94018851,23.0441098,3.38856834,48.5482672,3.56239027,41.8836567,98.5290201
0.540549128,0.0367527623,3.83327057,6.71729944,2.58081885,1.18425918,43.3433717,49.6948266,26.5149737,98.7561826
0.0199474222,1.02530047,0.506097201,1.73451645,0.0280882814,31.7948337,37.7990531,4.81317756,79.8295728,98.951487
0.659837431,3.55078776,4.70215478,0.205276392,15.7505136,27.1891982,28.3850084,3.70364079,49.474251,97.8870504
0.613627171,0.927449566,8.20091838,12.1515249,10.4361137,35.6585553,29.0437731,0.906115711,77.3129274,97.0304484
0.720976814,1.82928505,1.78622504,10.8164499,0.11422293,28.4324977,1.34650043,54.377469,2.68434075,98.6141555
0.182592594,3.3348882,3.2983422,7.53319161,3.67404338,35.4917846,35.9658673,18.7198904,1.51604379,98.4337892
0.38055752,0.120925043,0.871188571,14.3401162,9.89395538,18.2995364,16.7537958,35.3263147,1.734833,98.9177932
0.858920464,3.50496902,0.0321178395,15.6524936,24.1570198,10.1251328,1.50726572,63.4969895,73.2832716,96.4157536
0.0386488233,2.28309242,8.85217211,15.0341098,9.81862444,31.1342327,17.7600464,44.5375305,78.8176288,96.5330797
0.385095377,1.19198483,3.80044254,1.8449517,0.161219959,13.8583394,45.0673872,7.284724,2.9821625,99.1743159
0.188438786,0.362724131,0.685062238,5.0507233,11.7289567,5.14797976,19.1859252,49.4309455,2.40616476,99.2610589
0.984522039,3.44764216,1.17409465,8.90442015,13.4210067,24.2776702,14.7044328,39.7093938,4.78709568,97.8794506
0.00652662432,2.77189987,7.47247468,6.90115629,5.83412968,6.07316372,15.8741277,52.850349,80.766121,98.0685022
0.0576597704,0.351043707,8.98106008,10.0921438,4.15779693,7.33403945,47.9125073,63.3598354,71.8290699,97.6090287
0.907896514,0.0668750201,8.92904033,7.78823197,1.27286983,26.0975151,44.8310887,4.0583404,61.4171644,97.6942753
0.798065069,0.318429949,8.66734051,12.430022,24.0296813,24.268528,1.56510206,53.1204136,74.4077562,96.1650168
0.925154722,0.301636847,3.62359227,13.7160954,22.5231117,30.1514343,26.0739445,23.2301492,36.8517663,97.2075701
0.55123648,2.52606398,8.00408682,2.99954742,20.9274123,2.9073732,16.6347446,45.9125339,5.00778387,98.2406966
0.513533117,3.80435992,8.72372394,1.11698812,8.15509025,18.1466187,46.5788002,33.821547,69.2799566,96.7716567
0.460581829,3.99520368,7.62354023,8.6054785,12.9330295,22.2136725,34.2915464,0.0261910856,71.119994,96.9324966
0.0739780949,1.39936287,6.95660011,1.02755956,9.67748763,35.3297699,4.68581909,15.1006782,46.9536987,98.7442588
0.00425455906,2.02549628,5.6609793,9.02953363,24.0182815,0.369758723,30.6724558,41.7489158,53.1910975,97.9825385
0.99892791,3.92552544,0.688582268,14.2261066,15.8968293,4.33349685,6.91652556,23.5691426,38.7028479,97.9114299
0.13750212,3.99251936,5.1139187,15.3450319,24.923124,11.4417753,35.2754297,30.2322873,22.8485586,97.0750691
0.423848427,2.48205696,8.84533504,2.74859154,5.59054185,14.7410887,2.01054808,39.5514592,47.3033305,98.4034725
0.0308412677,1.39674373,6.9117214,4.09163623,0.203438418,27.6328582,34.6371072,33.777046,13.6843201,98.7196544
0.435138184,1.46985507,8.67203443,8.68018697,24.8474711,16.4827225,6.96519499,3.96045941,4.35546378,98.4430837
0.83322634,0.140373008,7.31059206,1.99257761,1.9561675,3.32241808,5.28194608,45.280449,5.70321835,99.0942968
0.755422457,1.5409397,5.79027074,0.142931148,3.50595694,35.4503865,19.9344429,32.8899499,16.944219,98.4225562
0.704468367,3.99940919,4.65819672,14.7774757,20.3667231,5.06180149,7.75508037,63.5242337,4.80465884,97.2546924
0.0781039275,2.77083569,3.22987092,9.67218198,0.566552743,31.7548018,4.02031679,61.9940996,18.772063,98.508578
0.936707607,0.978970431,3.50108544,1.32081351,10.8011641,14.6385056,7.30009268,59.6345023,46.9299863,98.3485682
0.246873816,0.832879117,4.94847423,0.0114804581,1.48759227,2.82714589,43.338991,17.5314135,73.997623,98.9217224
0.0923010624,1.21581975,5.13566132,8.99528959,24.7377351,24.6431644,45.8211019,40.8278991,63.9152866,96.9207818
0.475637325,0.146074446,6.9147308,14.0099823,15.2686269,28.5299505,25.6961034,48.86204,51.0127638,97.0418662
0.428057065,1.42036362,0.1155147,11.476553,10.0398326,20.8306209,0.335176357,61.7913836,80.7260565,98.1081594
0.1081399,2.02920226,1.80554311,12.0233293,18.8989193,13.1580212,47.4504753,32.8330687,22.0046321,98.1249246
0.658232653,3.6647884,4.7221008,4.17440474,23.7820367,6.75358618,48.3507346,19.3250607,76.3118211,96.678702
0.0990374503,2.08971003,3.95191911,15.8301621,14.8975339,11.306339,24.0098243,23.6621484,73.0627766,97.8818886
0.0899506081,3.19948346,3.86670185,13.6143391,0.307940331,0.796525251,42.466533,1.33293441,3.32685843,98.963604
0.0682489067,0.237497628,8.15092021,6.25052923,19.757518,21.030276,10.6834448,26.9811836,41.4533751,98.4896215
0.51211918,0.748221612,7.56142219,8.5738692,7.84326143,31.2404763,47.2098353,62.3052997,77.4214882,95.9415377
0.994892749,0.64969858,7.83907612,0.626463495,1.51870101,35.7232425,38.8423557,59.3922783,78.4954298,96.5514033
0.391043634,1.08144914,8.81032983,12.8238382,16.0127677,2.28485219,34.7229557,62.3231865,52.8965087,97.0361273
0.870698975,3.35068278,6.58233189,2.22605202,8.21308733,17.7965225,24.7084395,63.6648737,80.4078082,96.4136016
0.803659463,0.418361368,7.64889637,14.2245699,0.539960515,0.167569734,11.3578233,46.9380602,30.3472223,98.4464935
0.0446844795,0.048187796,4.25764844,14.7507054,17.3529301,1.00231982,46.2630285,14.0005337,54.383279,98.4501282
0.062929729,2.63982316,7.89281999,6.44541613,12.6702335,34.0056882,45.7346017,61.9769088,58.1000799,96.0904791
0.0204646662,3.79857911,6.11803954,1.58332515,4.60276342,12.4485067,35.4605385,61.740308,47.2797206,98.0338472
0.99184466,3.73278012,1.87979565,6.62320277,6.5140987,10.737773,2.3819117,63.7255837,75.792945,97.5145891
0.559143196,2.07878879,4.95704295,0.0370633155,23.3174126,29.8857146,23.419383,54.2950606,31.7469501,97.4855724
0.863229426,1.18785287,0.547355942,2.50901484,14.0818634,34.3837581,21.5359182,52.4758395,52.4409368,97.805284
0.122807688,0.115258072,2.57042206,1.92642032,14.6035434,24.125484,12.2627312,7.47488782,79.0251406,98.9529024
0.169212309,3.80512671,1.72051597,15.4876973,21.4495249,3.11693059,8.51025883,1.20185494,50.0884472,98.4314595
0.0419671494,1.36751837,8.73279069,0.02344165,15.5997051,13.3116488,33.8659776,1.94040126,45.9724691,98.686877
0.58242026,2.94920699,7.47418555,10.0204959,22.6154718,33.4576321,3.29852803,25.2873902,57.165533,96.6021507
0.289932931,3.61111503,0.0232245857,5.92997665,1.74624366,34.7287191,23.9299953,63.2561761,53.8548036,97.8629349
0.0975446455,1.73142568,0.160697274,1.49169073,23.1971148,34.4274197,40.3468286,61.5821242,3.49561732,98.1952366
0.884366526,2.19279305,5.11370781,9.04374024,22.0971952,18.0867209,48.3442922,5.90244299,2.98612608,97.5350252
0.41718025,2.19382426,8.10978225,9.08492624,3.68010003,2.07523546,41.4898794,1.83258367,20.5457592,98.6072891
0.0422762111,2.14512001,2.32190673,0.509320922,0.244911458,23.366688,48.89731,49.7486979,38.4321052,98.6019208
0.617576339,2.42209398,0.300396941,15.5935719,1.81768437,35.742425,36.6639217,46.409295,41.7919556,97.2850943
0.323223982,1.70184113,6.39884445,7.78426153,22.0054784,30.3485803,28.0234174,2.05818668,40.4285532,97.8342767
0.498333736,1.9803785,0.49826806,7.8067185,11.7466638,1.69795265,34.6950507,25.7531393,1.28106826,98.9399929
0.456763056,3.26671895,8.42698431,14.8005683,1.7999889,3.47532838,24.2878217,46.2626842,1.18038059,98.0461343
0.965073262,3.94524828,8.52277375,12.9039317,19.3446147,35.9122482,1.57266975,27.2463085,11.0194993,96.0963396
0.820463526,2.12195583,8.35102721,1.26993948,24.801191,12.4092563,19.5598201,1.17053863,31.947959,98.0711694
0.868402512,0.964091333,7.83682885,13.4800971,24.9881925,2.23380699,43.0029526,0.81449166,72.3448032,96.7725794
0.0664235507,1.52246947,0.324756579,7.43789885,1.19677718,20.4970734,14.0355554,12.5120175,62.6206277,99.1130885
0.106622056,3.98755981,6.56482497,7.13469678,13.8261556,1.72305724,20.9924852,27.0344471,40.4394819,98.2910225
0.0968590114,3.63761696,3.21342041,14.1455131,24.4360522,31.2897018,46.3033057,2.16588008,63.2136522,96.4811371
0.943398814,2.8154468,7.23229191,14.4535105,12.7347161,10.6181232,9.25119442,10.2199061,68.2959903,97.2060464
0.111791082,3.49084581,5.9525245,0.140911572,0.469978678,34.4615583,37.3073854,27.7245377,58.6045719,98.0355418
0.0389118749,3.96752509,4.93703069,10.0885523,9.84046006,19.6015209,9.2045264,9.76344714,78.7928587,98.1092261
0.954209561,1.60039638,4.18942868,8.40501383,23.5427695,11.9899439,31.2870363,29.0200567,76.0559582,96.7977016
0.539292542,3.55898559,8.70921175,15.505577,15.9884397,25.4978577,46.9503607,62.3178308,19.975056,93.9750633
0.0160625242,3.85137538,4.64861413,0.458208859,7.99421288,12.5795975,45.3188573,23.5558025,78.9404558,98.1095377
0.382285757,0.306851607,2.82365586,0.327109441,15.200594,1.99187001,45.4055564,6.77453301,4.52618381,99.2328932
0.993077361,2.60485807,8.66162961,1.79363393,2.50856566,16.5067066,16.6292509,53.316323,29.6672384,97.7925018
0.56179968,0.66889675,4.83227106,15.9638481,0.617189845,33.2780125,10.2854373,57.918567,77.6531205,97.2846601
0.102991002,3.8790642,7.72203589,7.56825942,24.5876527,28.3380367,45.4371974,61.3584185,23.9698173,95.4976862
0.880589124,0.245612117,0.00640001474,15.2267516,18.7721698,5.55624007,48.6281241,28.5794455,18.655854,98.1028328
0.838861804,3.00138489,0.620695789,1.83843684,4.07483136,15.3944499,3.42813985,54.5259923,2.97685093,98.8656237
0.0253633373,1.12643734,0.072857359,0.913124599,4.50802373,23.5510628,3.69291854,42.9477967,40.0178123,99.2730807
0.925096111,0.361341674,2.40641042,13.404361,11.0854948,20.031686,0.743572323,2.89962423,37.9490451,98.6802717
0.701783692,3.51406765,2.10372093,9.31139996,1.09227974,11.441598,31.2211513,54.7125274,1.83179265,98.2590258
0.778424789,3.94168994,8.96149481,1.49917537,19.7507046,0.132839352,0.858845181,37.3694184,45.3284221,97.8005294
0.41408447,2.07072406,5.98350755,13.8868187,5.87772092,17.0718409,8.75211349,62.3953789,49.5270087,97.6709963
0.943878448,3.06027598,4.63141962,14.7013955,22.4292647,26.8590897,22.7591739,25.3858977,46.5525665,95.7941653
0.56673003,0.126435276,2.2447952,0.485065244,13.2680657,30.7867495,6.6676663,0.610628814,28.9049428,99.1373089
0.054913905,3.75200595,8.91912572,15.5482594,11.8687186,3.67587873,6.11648548,61.0893345,51.1884771,97.3355369
0.407542808,2.28787642,0.762900304,10.7829481,20.3258361,23.5123581,0.276785276,59.9903794,2.91843959,98.3255044
0.34888925,3.12649934,6.91746932,15.834485,3.42195486,18.4252486,1.56867643,3.58496213,36.0178398,98.4069316
0.614004167,2.27214464,8.85356409,8.6253144,8.84247122,22.1959316,20.446082,0.392511517,6.25353677,98.331149
0.416124053,3.18783694,4.44458855,0.355062276,24.2682463,2.03761644,13.9098446,4.90867135,5.11237307,98.9399305
0.931695727,0.0403437633,4.62966798,10.3638972,15.6578462,16.445946,47.6590893,4.32898149,67.3210219,97.545336
0.341115375,0.504413195,3.76328598,11.639911,24.9753128,14.5187858,12.5671454,33.9765775,45.9911049,98.1827015
0.632059575,0.101131821,8.3756637,1.38630043,5.54895757,16.3151444,44.4156256,35.8131786,70.9926926,97.9088652
0.0372444824,3.87206607,4.08267276,2.63298249,19.5885093,34.6686989,22.896762,37.7192885,35.5420213,97.7446339
0.625282062,0.462435728,0.353886953,13.8275831,0.2966317,15.1041347,26.1224152,63.2592356,37.9340302,98.4100535
0.762597763,3.92243346,0.763259468,5.51446562,15.0369329,1.05239426,15.7757714,5.73413763,67.9021733,98.4188005
0.951689561,0.185798515,6.11018306,6.83845425,9.21964812,6.66144203,47.4431069,63.0819264,73.327262,96.9871205
0.809621012,1.20140921,0.190406485,9.17652409,9.12564883,35.6829714,48.5931047,27.8341372,40.9343099,97.6151578
0.935951144,2.12350473,3.92409912,0.593486607,10.5147027,29.676752,45.1497847,24.0736136,77.4856056,97.0921421
0.370440913,0.00167264044,0.252152856,14.1032041,13.3622141,5.37358327,35.1358532,38.2495446,55.809298,98.4775004
0.863074482,2.77126845,1.59471513,0.670500033,7.95945815,35.4430032,47.0326365,12.4374902,16.3237848,98.1317984
0.108304157,1.07189624,7.5600497,15.5649465,0.0872862875,24.5097128,30.9563584,1.98017261,0.963110686,98.7400553
0.881443827,1.70559431,4.32786741,0.831254289,4.51692849,23.0647601,1.93587427,0.312031537,76.3349692,98.6806329
0.965273651,1.41699683,7.79779878,15.2961051,15.0588867,28.3814101,8.6566458,14.6885365,28.1379889,97.2847673
0.974208008,2.05593188,4.60606778,9.2110323,15.3434889,4.34695629,20.8173422,22.2961124,13.6188654,98.274722
0.458259343,3.85910565,8.97442376,3.80462969,13.1425711,17.556697,26.4137901,59.5196717,34.3261119,96.9222811
0.560407412,3.0694962,2.3010303,0.74005241,9.47008087,19.6547761,2.47952526,30.5384035,54.3561247,98.6167269
0.483460421,2.07721213,8.33445493,2.10482285,24.6213833,16.6874552,35.4693837,63.9119032,70.0619944,96.0462823
0.33361589,0.329048088,5.20023279,2.33330658,24.8183148,30.8399269,47.1632618,63.9240182,3.76391509,97.6111132
0.546519223,1.39431872,5.20817271,15.5712205,14.8470336,13.0959365,48.1890402,53.8098967,79.6500627,95.8135848
0.0553439413,0.662488776,5.50991727,7.4302726,0.924487994,18.5324015,2.82061054,30.0426538,39.0845682,99.0954675
0.815171404,2.34316088,3.38618715,8.26202403,18.4967787,0.518060273,42.2475345,57.8780512,25.8267599,97.4630473
0.989437514,1.90515853,8.99867878,8.52304212,23.0765285,31.987659,38.9065067,59.6353529,65.0231511,92.0301627
0.582783549,3.37242534,0.793685316,2.61174438,11.8560002,19.8642123,40.5820082,40.2439766,36.0879199,97.9861122
0.899949396,1.79796181,5.27423012,5.3079172,15.8817144,34.5220478,0.0791642955,9.81461469,33.1961547,98.1378082
0.585941551,3.67859469,4.81706532,9.62996429,16.8903228,0.944695859,2.04615505,53.1956259,54.2756159,97.7227163
0.978184988,1.42038983,1.10663828,9.36802435,13.1020477,8.80684756,28.1572601,60.1728762,77.8744316,97.2841914
0.944015505,0.274385732,8.10223713,7.643417,23.2962371,21.39502,24.6384592,63.4560285,11.9859085,96.9295355
0.207111321,3.67988956,8.78375419,2.76755076,3.47754448,31.8096802,34.4288551,6.22671378,15.6665288,98.24381
0.138286455,0.72180569,7.6235289,8.26700368,24.2669957,7.77098035,47.4575235,59.5562567,2.53886176,97.8087396
0.294958235,1.4522473,8.82069146,2.42022989,7.50589214,2.20202341,1.91574859,6.51311118,32.7284983,99.1685525
0.0490836189,3.79353381,4.32615232,13.5859415,4.56021457,26.677943,43.8118709,30.1891767,77.8273001,96.9036932
0.147714011,2.51752978,0.2766832,11.0480698,7.67097306,1.50364297,48.6289887,47.5595806,47.9297489,98.3322383
0.0253974199,3.41774782,4.69696533,5.14899818,17.5194173,34.338127,6.67043909,61.4789948,77.7927314,97.0970834
0.111937073,1.30555114,5.39553175,13.692634,6.40647488,34.0176796,26.0541662,37.0562413,25.6249565,98.058486
0.89950077,3.63779565,0.970754588,13.2841967,5.46053864,0.392915826,21.4188467,42.5230768,77.6488177,97.5688787
0.00796807465,3.67772229,7.82668838,14.4916655,14.7220759,12.8593161,25.2157781,0.76013431,50.0900788,97.8142141
0.787657646,0.648218416,5.86556407,9.84066375,0.055712543,16.3594224,28.3279238,30.5839633,51.4748703,98.1872108
0.866384596,1.30362231,4.45528857,0.0621213019,6.3636271,5.01207583,46.2212739,57.4047166,1.35678534,98.494869
0.605047146,0.109509405,1.18027455,1.55451714,23.0773446,15.7391297,48.3910545,8.42907057,44.7892077,98.5271701
0.00630880054,0.128042959,0.0405168375,10.6070901,2.13012399,1.43110762,6.29628142,39.9696771,33.3646258,99.4444441
0.342814906,2.76051363,8.8932025,8.98551689,18.0973909,18.5025095,5.00588745,1.24133718,79.9292766,97.6811544
0.869632276,3.63863173,5.58767416,10.7371995,18.9243485,16.5970901,26.259471,63.9074189,55.673658,95.1209877
0.961514581,0.702218611,4.92344347,4.11461805,3.7274471,31.9729967,46.4885984,37.711556,33.0597422,97.6854275
0.0195967951,1.45334064,5.16641414,15.862006,1.14724148,9.63016325,46.48711,5.03765393,75.7470536,98.2951557
0.445347232,3.80368295,1.12334921,12.6759826,8.18642868,20.6019107,11.3149596,1.99359444,43.463755,98.4475589
0.981913737,0.0967119076,3.2333191,0.700635687,24.3499825,0.223353664,13.4818376,17.2980291,50.5935289,98.7334591
0.597259516,0.562753383,4.94125575,8.3295163,15.9070369,35.380575,39.9126815,3.18362183,3.96395942,98.2067114
0.457532189,2.97400667,0.292909014,15.8609661,23.8386912,9.91216141,29.5316691,23.2000335,44.2493863,97.6438682
0.0102163111,2.82216201,0.172929995,14.9945303,20.4241545,27.0200983,31.0227937,52.3671081,7.57648395,97.822958
0.391609075,3.09490727,0.239607716,7.26557216,0.736301358,0.0243640132,18.3559042,4.80983255,8.67660623,99.3571065
0.794030744,1.09882773,8.99464191,15.9049174,3.04247638,14.2567758,45.7751658,56.4399154,52.7238893,96.1400018
0.769501484,0.0457590819,2.41399992,0.17171976,9.52187917,13.2813518,26.787236,1.40480152,74.037948,98.8815951
0.633368717,0.112097746,0.0603312459,10.6440001,21.4210653,34.3357031,0.221317264,58.3565871,79.9363009,97.5575289
0.364817039,1.91991669,0.0896512689,6.70022617,4.22064617,16.4162034,4.2608973,31.2175572,1.87878058,99.253027
0.640452063,0.311323298,0.924017171,8.81173104,4.31822855,2.11288023,20.6589581,1.44722161,4.37091146,99.4063067
0.932448525,2.64943536,2.38512012,1.26905336,1.53085165,5.79399597,48.5783736,24.4575753,63.8743406,98.2195525
0.6278534,1.32839983,5.43573745,15.0031244,21.1133604,3.23868434,0.772685298,1.98766443,79.3244555,98.1083078
0.299669316,2.16875671,5.16160819,0.264659345,0.202525011,5.52652689,5.90372764,62.6292224,1.69625155,99.1607364
0.5644396,2.14540628,4.14770071,9.61029494,0.354647543,15.2082183,6.15886445,31.3924425,76.9269072,98.3391002
0.848007797,1.86818968,5.99376301,0.311089032,19.4896143,17.2042257,48.212954,2.76718357,55.7562452,97.6353517
0.367705385,0.0976477825,2.62412959,6.65944857,8.36260649,0.471182903,47.8717192,63.9806167,73.6906199,98.2113652
0.0450874586,3.13966588,0.819819461,15.4767803,9.76081423,0.00696858019,12.4145954,13.1986438,7.09510572,99.1103899
0.0268114405,2.47952111,2.95048387,13.835445,6.75683974,17.5759679,26.2594274,62.9492208,4.49877184,98.3333078
0.98643255,3.88750291,2.83811794,0.441367425,15.7223685,30.0202732,14.6061094,57.3124571,63.8725136,96.6531976
0.933151187,1.88799146,7.81308826,8.13229826,11.7762654,34.11625,26.9696531,37.8246108,7.89054535,97.0921064
0.0615329719,0.738637818,5.14307993,6.65672508,11.841331,24.8403802,0.367435784,1.95032564,14.0775647,99.2058518
0.722375552,3.86358129,7.22404176,7.9464205,5.45214892,13.3443708,47.4222195,52.5613733,8.861722,97.0447588
0.134887002,0.183402142,5.48953778,6.50931707,15.768829,2.46113518,0.406930609,36.940736,79.6713089,98.7869874
0.342751738,2.51383175,4.43302763,6.92516932,11.4387456,1.43646931,30.9512422,17.6686432,77.0588522,98.2735056
0.255788085,0.121358503,8.26279896,5.08818611,20.5374216,32.3215425,32.8920762,62.8571168,70.3198419,96.6267067
0.937399073,3.46484895,3.86169065,7.88387385,12.918532,31.343952,13.3412447,3.00424856,76.4507902,97.173647
0.955100114,1.47043072,3.44047789,14.4211835,13.7976813,32.5862622,12.6698004,47.4585162,4.15355008,97.4836467
0.58061696,1.71696275,2.23404053,15.1452378,3.14219487,15.6516305,6.74179966,27.9860321,31.9452575,98.6284878
0.921547753,1.81235443,0.541948349,0.934936308,2.30394577,32.2799578,12.5923847,12.0299261,13.8818986,98.9810347
0.0273777507,0.551426567,8.60921593,3.71936361,23.9752809,3.66704068,48.9356188,58.7029692,76.9534072,97.2909678
0.751757323,3.14129014,8.24257416,8.78904599,8.58732706,3.17640449,46.0466353,63.7370003,75.6398456,95.6174507
0.154462064,0.175622255,8.28727786,0.496078097,2.47588891,17.6615159,23.2709695,60.3225449,21.5310006,98.8107909
0.913461185,2.16854653,6.2136015,8.88964337,0.368878932,35.6374317,35.816507,3.96254146,48.6434943,97.5003471
0.423297873,1.46943493,1.78383959,3.54126676,21.984948,1.47045925,24.5117581,34.1131573,35.2280937,98.7104986
0.867737425,0.251636783,2.83366835,11.4913892,24.653908,11.8527184,28.0901692,59.3944372,43.419015,97.24789
0.706089435,0.980536744,8.73239413,4.17444381,24.8080737,34.983383,18.6719045,29.6477364,62.6546532,96.624828
0.642351344,3.99615855,7.73267054,5.32210712,13.5225471,33.7671345,27.5354974,43.2388378,74.8577735,95.2155491
0.153536193,1.9311927,3.50051309,0.219633184,17.7733304,23.5652021,33.1443396,32.5425556,79.3948455,98.0176945
0.0983570209,0.345802618,8.78536493,2.89496327,24.449584,34.7874732,45.0007552,16.5771318,25.1269869,97.8331378
0.374548172,0.124526508,2.06330286,1.65541457,22.738485,22.6331045,25.3001628,61.1738322,66.5698465,98.0167861
0.486190788,1.63430969,8.64656438,15.6576894,10.6019414,17.0349555,46.9540762,15.8808703,37.6984934,97.1387771
0.989149326,2.53085621,0.225584486,4.26392628,24.7016621,15.6032524,27.0350051,0.43290779,55.5371805,98.0095136
0.624863167,0.300967749,5.32116742,15.7525914,2.81727227,35.8488156,20.4754024,4.03311941,10.9324182,98.4554444
0.514704574,2.55907892,5.48880841,0.71644751,14.5832863,1.86199113,14.2710315,61.6834055,51.8856017,98.20678
0.991004189,3.22961853,0.446939527,10.1557812,0.33514275,11.1516465,13.2341371,19.7785964,3.63154529,98.8069911
0.766814741,3.42142122,8.60950992,12.5035552,5.0827923,2.14592042,41.4927294,0.394951642,58.1583073,97.3937164
0.278252859,2.38322259,6.34953125,6.34978497,1.30612504,2.94282825,43.7113189,62.8735503,14.8828796,98.3363385
0.655977832,0.0776579362,2.69309999,3.43376135,23.7920699,33.5786511,27.7528795,15.211342,51.9225559,98.0611504
0.0586188576,0.828555545,3.44935931,7.79007378,24.6406145,14.1232003,28.0764158,13.4799087,76.9819007,98.2774925
0.590561949,2.2986755,4.13821505,14.1872856,21.4196864,0.963908086,0.548803015,15.3237941,13.9313714,98.5759511
0.996061064,3.19319953,0.235051175,15.1201813,20.1358949,34.5387854,39.9707094,61.0124985,36.7812533,94.4336268
0.372193583,1.83019758,0.29431499,9.8702866,2.97940326,35.7560094,4.42443889,37.2825805,61.1678693,98.4420466
0.781818859,0.118264789,8.2716877,14.6758391,1.293252,15.3884042,12.1259347,12.5177898,23.4057723,98.5495818
0.37026873,0.426190756,6.72309859,0.209931918,13.008967,24.059805,28.7767563,27.3537461,28.3628925,98.5933906
0.981469884,2.25736428,7.92311958,15.7703849,20.0926055,30.8455856,29.614853,57.2530171,14.5012877,94.4434367
0.447518361,1.76440525,5.30774366,14.6624368,24.3361436,25.2944447,48.6354365,61.1029122,16.0046062,95.8062507
0.971098327,0.998300585,5.48532823,8.73167409,1.94765537,13.3109975,18.9676933,58.8023805,4.56835075,98.3237189
0.738743156,0.224896478,8.62897432,2.08243235,11.6258695,30.2233321,4.82129699,45.11148,56.5021468,97.911565
0.704499531,2.09449694,4.97259996,0.866797023,12.9024442,1.98727808,38.3597856,26.0135482,32.5319062,98.4576141
0.21714631,2.31213709,0.198118955,15.6182693,0.39497033,19.1035274,34.0069988,25.6383471,70.4949712,98.2340657
0.53997359,1.34449797,2.19924991,15.632347,20.0870228,3.73243027,25.8006027,38.8297242,4.01875189,98.3224749
0.722310155,3.46713401,0.272860604,8.83229084,19.2377256,4.97363455,48.8309519,1.05626527,31.1980523,98.0958511
0.115140729,0.680909453,0.101657759,13.443462,12.9141419,33.0965753,24.6910657,2.27500537,35.4568359,98.7389105
0.419859419,2.30904115,0.122835094,6.20341303,7.44180011,35.0417137,30.0552706,61.3004498,5.89727508,98.2272428
0.235199929,0.02084863,5.40658015,7.80888939,18.7562854,17.1205993,46.1580427,13.3524225,38.1765082,98.330224
0.952568162,3.25237779,6.10523802,3.08511772,18.0836646,10.2964257,0.0375325973,55.9155766,77.3252215,97.0441601
0.473034512,1.16420446,6.26481503,3.10449152,1.85773381,33.0222607,39.6560416,1.42543063,26.847117,98.5817526
0.485928574,0.00619556755,0.290033623,9.946841,13.3697891,8.70503096,1.98083017,27.1838861,60.2109408,98.9670452
0.707556683,3.6207139,3.01161611,0.412231855,0.594987185,35.9274508,6.34976128,61.9596272,14.497128,98.2594805
0.017235816,2.72943796,3.74366616,1.41717943,16.4604034,35.9999244,47.2716011,10.1880857,39.4318422,98.0991991
0.127633262,0.528939042,4.22659592,14.9289947,24.3973366,30.2927002,23.6996925,63.6500393,7.8598696,97.5489357
0.191816357,3.4300207,0.805389542,0.323600486,23.0521397,17.7290879,1.0624056,25.9277365,70.2009364,98.5442762
0.345887329,1.3133624,3.78423794,13.6659287,5.10059131,0.918895238,48.8261289,23.180641,36.7460217,98.4619699
0.620905497,2.23477924,8.85310569,10.9286673,22.0492384,9.43262221,35.4998789,29.3422136,43.769385,96.7033937
0.146332348,1.63108016,3.519727,14.3139968,23.9764747,32.5587402,20.072039,45.4011559,62.3027718,96.8836947
0.937435062,1.88435535,5.31098063,15.3804577,5.23718115,30.6771555,47.5742979,62.9884642,29.2579709,95.5401012
0.804546727,0.0673477333,8.80504687,14.9738592,2.58033455,25.4632068,38.270669,53.7262739,1.87978378,97.3986953
0.477719232,0.10851082,8.4180507,3.8722896,14.955162,2.02760764,29.946657,45.0152121,33.7534952,98.4084776
0.00763632357,1.37476128,3.62902685,0.0966029838,11.8849204,35.7931322,20.6531077,1.02063438,2.2807606,99.1684858
0.437257587,3.95303977,6.16350601,0.0808697641,23.7158214,24.2064316,2.0352225,5.20433271,57.2314184,98.0209328
0.279160498,3.4019801,2.42896359,15.2730366,9.25955684,0.535492251,0.0248561152,33.6414417,45.1960536,98.5723932
0.0181542365,0.473011187,4.27277841,2.82082757,2.57644579,3.34710939,31.12515,59.2919268,49.882978,98.9496707
0.776815691,3.76526968,6.49689539,9.45911967,5.35038135,34.3574143,6.89036466,25.2849425,5.09974282,97.8098934
0.6008206,3.96728801,4.9716273,3.80454525,10.9249694,22.9822276,24.9084239,37.7215776,3.23273673,97.994879
0.362821071,3.73496872,3.64322795,8.41266664,24.5127795,16.2497064,17.4423495,46.4571286,6.27747527,97.7905273
0.182283518,2.55631609,0.0101832706,0.267072529,13.5749848,6.86850848,31.3355309,5.57507515,5.42710364,99.3053142
0.628668347,0.115645608,8.22540024,7.64782356,14.0165417,1.46339748,9.9653301,6.92639909,75.9241153,98.5228936
0.333095418,1.33872857,0.0249236771,8.69731743,24.709524,25.8770026,47.3438746,60.736138,71.2181214,96.7001431
0.625327474,3.51543977,8.99130473,12.192966,23.717021,17.238724,4.40210068,58.9140891,31.7604652,96.0480593
0.347618109,1.67021687,7.50361458,9.33386899,16.1502375,17.3394145,4.81859965,49.8995494,7.24705473,98.2550307
0.525229426,2.12387435,8.90147025,0.018538855,11.8477131,35.3009778,32.0320123,62.7332864,28.2787336,97.0325448
0.0781693957,3.17213532,4.67626654,10.6875107,14.0502373,24.9667229,48.6066045,4.18180055,14.582253,98.033163
0.00284871925,3.51369761,6.11021965,7.93189195,23.9187998,4.70568468,44.1577527,6.98701975,69.4080784,97.5964509
0.38319871,1.68286722,8.88623281,8.73735131,1.03666355,33.4142145,39.068578,33.4246798,51.3754187,97.3153211
0.893853369,3.97429917,0.103699506,10.4490712,2.40483164,25.9277864,33.0833186,37.0092428,78.9048568,96.8772321
0.0117265452,0.352179052,6.91500353,6.15867272,7.51926762,1.91646525,35.431658,3.75531101,14.570144,99.2229457
0.808060113,0.265262349,5.09466289,15.9984491,9.27294399,0.532246879,23.7830877,38.3417432,72.9997065,97.796949
0.988273676,3.66272235,7.59288088,4.53146112,0.41730227,19.582915,24.572404,21.4118773,77.7378795,97.1591839
0.0200488595,3.84472906,5.3128187,6.30028213,1.3152769,8.43665422,36.5423883,2.50745484,38.9730926,98.75712
0.0299491673,1.42261868,4.392362,7.87232582,9.65631046,26.7982216,2.32891054,52.2442561,67.3468576,98.3194613
0.36444477,0.892972213,0.413952434,0.530761145,13.2852642,15.0273775,34.2099086,63.9138544,30.5651445,98.6558256
0.212081527,1.81686387,0.0698628947,7.44119467,12.7482035,13.041021,16.9322174,48.0356907,50.4388086,98.6311136
0.00996088703,1.65051305,0.388799482,0.982928783,12.6313415,28.7373672,17.6004443,60.9532615,72.7303006,98.4278568
0.221570804,3.76200372,8.99202221,1.63083141,2.16182901,12.7586848,26.1549236,8.88386351,79.85342,98.1889561
0.330614453,2.54846884,0.260698429,13.4373116,1.40038125,16.1389422,31.5808496,14.8093523,6.05584597,98.8820497
0.93539036,0.423132679,8.07959421,3.09298898,24.7904032,3.32232913,3.24713704,49.1522002,67.1142134,97.7312622
0.00506701274,0.645132538,6.17078263,9.49991223,1.60130477,18.9060641,24.7984041,54.5676368,78.8135341,98.1855901
0.60471506,1.78403976,0.801585955,14.6758281,1.00406766,0.525772646,22.6772907,19.8845109,69.5776438,98.6223442
0.77360516,3.927686,1.39179197,1.50697639,24.612768,24.1811446,11.5665445,20.7856404,40.826754,97.8783929
0.533349488,0.0193599854,3.11236696,2.75829899,10.5174981,25.3309558,1.87124585,53.588885,76.4308011,98.4557049
0.954484145,0.0600778871,3.89035745,0.422637664,23.8612789,16.580454,37.6907375,59.0700332,27.9049188,97.7303588
0.0704455562,3.91385399,0.323947138,15.2525395,20.9867279,34.4676384,29.3980503,34.0010552,80.6635877,96.2943024
0.419442455,2.27739698,0.474982429,0.0527595356,10.5148678,33.6728023,25.5717972,8.09183386,80.3061122,98.4276284
0.0572810895,2.89308542,0.194956853,1.13746309,20.8470069,0.929524698,46.9877277,50.5984659,51.1522645,98.3758033
0.962634432,3.98760204,8.16170953,8.62581668,22.0326427,3.78012736,38.9284144,28.5520947,3.86751199,96.7540679
0.149233897,0.696415445,1.47237032,9.11642237,5.79819565,0.395084225,22.023549,4.94844121,41.0713179,99.3183589
0.56916035,3.51200524,5.11199467,5.85665562,1.26726847,34.5329974,5.56354467,18.9325736,70.57621,97.9274057
0.927054009,3.98691037,0.0060069412,3.48206362,17.2549764,6.32037627,36.1564857,43.1737415,67.1712173,97.3287262
0.974366098,0.684016114,0.582378853,8.9624551,12.473176,16.8041256,9.44550263,51.673799,1.94821744,98.6124454
0.962498899,2.87595511,0.399517351,1.22330792,0.212714868,0.142246848,20.0665548,53.0118116,32.2958531,98.7950618
0.694249026,0.973511141,4.05393961,8.11195587,2.5661047,5.07118436,26.3994401,0.509936869,74.0504072,98.7099683
0.0170463217,1.99011236,8.59146371,1.2988953,10.2082934,29.9330763,28.8746684,0.71967876,80.5455366,98.1709462
0.319712648,1.64192106,8.47635965,2.09183535,8.55740692,35.0469107,1.94357204,41.2934868,4.59805884,98.5487336
0.999840687,1.28967628,8.07576386,0.645674698,6.02289884,2.67965411,1.28849786,61.1050785,62.0841397,98.2200399
0.296339022,2.2797487,8.406752,2.27715577,0.245430204,35.9214365,15.7654533,35.2307466,74.8722644,97.8584378
0.0317762066,0.25081614,7.80046287,14.896792,3.72272382,25.6597011,25.3122702,6.95582962,53.9516749,98.4243578
0.576364001,3.79906339,6.43146186,6.36358228,13.6364989,19.6376912,3.64279096,30.5472557,80.654742,97.2961756
0.392418417,1.50532902,0.1460676,12.3700591,24.3485335,1.15655487,46.5739833,56.0816633,46.2139136,97.647758
0.65663012,3.92968145,4.85129646,8.42598077,24.1544565,20.0890099,38.0970877,19.2696905,32.5121509,96.7106431
0.187004848,3.96192167,0.0392334676,4.2611365,1.43921516,20.000489,22.0743732,32.6410816,69.1768211,98.5385578
0.372224669,3.92002601,8.72358256,12.8925018,19.1845703,14.5052342,45.5571223,5.94818139,3.90404951,97.1830227
0.356467127,0.571984981,3.04102716,15.1885282,14.9904192,27.325065,0.499457734,20.0961856,36.1866866,98.5120058
0.0988534326,1.71856814,8.94305383,10.4989873,13.2504626,0.756742275,14.3834213,32.8645446,43.5392131,98.4042565
0.783145064,1.27635731,8.40889362,2.26667784,0.0849614852,4.24466069,32.6833927,25.8370029,3.17481723,98.8183356
0.0739567429,3.96391284,3.33680255,4.69414182,22.5650105,0.188835729,7.8428547,6.34629214,48.2608311,98.772179
0.44059434,0.276286053,7.9642962,14.09116,22.0724139,30.3281272,1.13430114,4.17858517,27.1869077,98.1390368
0.583454863,0.503528038,6.29041337,15.9600317,0.395639998,35.3108737,13.4135311,53.8337997,21.1002612,97.8293082
0.635815476,0.602844961,0.0343440813,2.17062169,2.56045043,12.2261161,44.0087877,0.908049941,37.4566358,99.1478312
0.00694977073,3.21918685,1.96524593,15.8016143,15.2061006,27.2640755,26.2923281,17.1866116,29.5917986,98.0313538
0.917701839,3.25922997,4.22555511,15.8307599,5.59742626,1.35804127,0.816078591,58.5572313,54.910449,97.5409007
0.0921051102,0.0423497893,8.48904515,13.1232742,4.48488719,3.59857277,1.65036517,4.81628183,64.861605,99.0023628
0.127142963,3.56708921,0.153971525,8.53231676,16.6372486,32.0227289,8.17273374,15.851102,52.487806,98.3230252
0.656086656,3.39368531,3.75522132,10.6751427,14.255326,20.5412061,43.6252781,30.105428,78.377374,96.1189955
0.0142520345,2.13577458,8.91742874,12.8441557,24.5700135,33.4323527,13.0001206,2.64648581,80.3506761,96.9394981
0.397136527,2.69445723,3.92087271,0.191275396,23.0712076,11.212454,32.2769261,63.0823178,0.652742348,98.1548965
0.663951272,0.116144544,0.0930234218,11.4571545,0.617152953,32.385149,17.9661566,25.0695407,40.2094072,98.7105915
0.927695373,3.1045074,3.27561487,0.460543916,19.31499,2.93270622,8.15764229,4.56352094,34.2939361,98.7027067
0.308601739,2.67768012,8.48196977,9.71713737,6.13718027,32.527942,1.52688384,46.1541654,41.8384266,97.6640144
0.548317196,2.2684283,3.31765051,8.44830397,10.3825805,0.0428823196,0.984280478,38.9250473,6.66909943,98.9606718
0.184816558,0.847592535,3.34740134,1.3767161,3.85546576,34.290804,2.09910299,63.5088836,2.28582541,99.017147
0.951805597,3.98668512,0.487669244,11.1235181,14.013985,11.5870264,26.0695201,54.1050319,39.5776035,97.0825758
0.879455127,0.00926221535,8.25762014,10.3495959,15.0905383,2.41575807,40.3513567,32.9832749,58.0942352,97.4180948
0.39938043,1.54756817,4.45120618,6.08408668,23.8200942,27.8244273,7.00873126,63.6685882,78.4196782,97.0205955
0.891321131,1.73702467,4.89064235,0.0463201776,16.4112899,35.3509342,47.8449709,52.8010645,4.41869941,97.1857833
0.385543309,3.30559975,2.73369936,0.50684648,10.2637415,3.8917183,43.7045114,41.434226,1.31094687,98.6969259
0.92170991,0.713798086,1.80995402,15.8171336,22.7574317,13.1837422,47.849681,28.197295,70.7945739,96.4741029
0.0416147262,1.67481332,1.32186781,8.23528786,16.3798876,31.3505291,16.8005328,37.2954543,11.0117001,98.6438183
0.496531204,0.799788297,4.59427697,8.91196635,11.5913288,22.2658533,2.98853696,4.36325336,67.3302022,98.58323
0.10287422,0.028088836,0.200400438,3.78694736,23.7880389,8.01957734,1.4105761,52.9666126,42.8521697,99.0630745
0.0328537738,0.693505723,8.43905786,7.54747987,3.89718665,0.0230761841,37.8952746,5.06834555,80.5996112,98.6979771
0.708554847,2.72528745,8.78902382,0.219324075,9.65582025,14.9340406,6.01758543,2.03546822,43.1760393,98.5431153
0.997565645,0.343199387,0.342232277,1.59622566,18.3822226,0.0213342738,47.0469946,7.62654278,64.9322702,98.5630995
0.00640610792,2.66982327,8.36945096,7.75521502,9.21681187,10.0182982,7.53746297,22.3870771,4.56305936,98.8799821
0.996092596,1.3130186,8.78312811,0.0607751236,21.0117215,27.364494,20.4855174,34.0776087,8.06173302,97.6547418
0.0496185818,3.75801716,2.23748439,6.04458767,11.5391352,19.0730437,22.6573058,29.1765681,3.26611396,98.7299008
0.096625526,3.94086294,4.687605,13.4706248,1.23487195,6.46979394,24.2640846,37.1842711,75.99334,97.9126512
0.00199704943,2.25763929,0.323119937,6.53648972,4.34802486,3.24540679,7.5568498,63.9667551,21.8349833,99.167462
0.0897720028,3.19220513,7.63124086,14.6937223,20.9229528,2.97654441,31.008642,61.7080833,9.81623195,97.2778959
0.113860067,2.5845552,5.89325564,5.24016431,11.6274919,33.4890406,35.8043294,56.6393128,1.17796253,97.8387175
0.556719176,3.11678193,8.44630567,0.105621718,23.7253329,2.40546545,0.89526454,4.84718833,74.2848405,98.2315804
0.920603932,2.36116135,0.0872674934,15.4751318,16.4692527,34.1708045,0.96874064,17.7945233,0.700170576,98.1572278
0.998439533,3.09293592,6.69170307,6.13943415,2.29660908,34.7167634,44.4311039,55.5923077,4.95647621,96.5813412
0.789959418,3.39178622,3.93965088,1.26644249,7.96696545,1.13523348,48.8218941,58.2189018,67.1815577,97.3395716
0.319990293,0.307436079,6.9259018,11.7893541,24.4913513,1.64251634,40.5231286,27.7179664,80.8236056,97.402614
0.0665864088,0.471090479,3.63978283,1.47562493,1.29398337,33.0890218,47.8960477,22.038531,42.5126969,98.7684162
0.0454063933,0.581006237,2.18659341,5.46731846,1.90844658,0.376841817,45.7066857,25.1639311,23.0226322,99.2628342
0.499959865,3.30179659,2.91427951,4.08132274,4.3613646,2.0948783,0.843288778,15.87525,80.1483237,98.8280884
0.948404913,3.36550989,0.280471472,12.2382814,13.7420982,19.3604554,31.5425833,6.78773389,42.3268273,97.6640326
0.69481468,3.00133849,7.86582032,15.7191761,0.299902179,22.2565272,34.6434484,44.9792289,78.3418131,95.6054538
0.412196906,3.17356592,4.77544141,13.9446306,24.0726355,19.8501656,13.247847,0.737431318,53.1665777,97.5433698
0.0232957751,2.12836619,7.76361121,1.80202075,22.7543362,10.2643511,1.29137192,60.1963838,10.9129344,98.5697746
0.698475687,1.12346499,4.6710899,0.0141610727,21.8830445,19.1943615,4.94510289,10.898723,8.65326851,98.8850846
0.0673514251,3.90160649,5.17544277,13.6295662,0.187277317,32.5006002,13.049745,4.00295535,17.3017941,98.5079087
0.00553983962,0.432338257,5.19542665,2.73019976,22.605142,35.4538769,1.78248218,25.0488397,4.87118473,98.9098866
0.984495575,1.66848929,5.17391288,15.9176843,13.3135699,16.0827523,20.1690403,62.7731569,66.3803818,95.9153058
0.462910498,0.546944529,1.11757529,0.156131841,0.168526534,10.6926484,48.1040297,43.6603572,50.1483908,98.8667002
0.7946535,2.96548919,2.19796212,9.15428427,0.0869516866,16.4116746,47.6601247,27.0572587,39.6736794,97.9045572
0.957225207,0.336199645,5.64172955,9.86414699,16.7475875,2.45267413,2.85041758,44.366694,8.89159737,98.5333304
0.993053619,1.00871702,3.39063321,13.106315,9.11790943,28.3735055,23.8286188,13.8409751,62.3544443,97.5368045
0.64089224,1.90351419,0.816680175,1.67768214,7.50581712,0.386430966,20.0699157,62.7885528,69.871039,98.5380688
0.201987291,3.2016205,3.68042904,15.9481901,14.4236621,26.6249996,8.66752399,61.4867153,80.0182665,96.48629
0.00891504996,3.34097867,8.61416117,7.47871079,22.9566103,9.71805371,48.0863033,38.5302723,33.2687642,97.0763849
0.343964215,0.0262502246,2.67192989,10.8899433,5.11997009,1.92581266,4.26493194,55.7860111,75.2901205,98.7820375
0.994237691,0.611501394,3.38384486,2.27662657,11.3479507,0.00949171745,21.1343739,5.77664161,0.0196663463,99.1920667
0.524364662,3.98747472,3.34710717,8.58688948,24.7679427,35.7313023,27.2184515,59.4472573,32.9746912,95.6150111
0.981669604,3.68412685,7.01993055,5.28499034,13.8008882,2.20002176,5.12564213,6.09598103,69.8033279,97.9129368
0.435566486,2.263725,5.45847848,6.48499734,2.10970515,11.2527083,22.1438355,21.4772731,10.7948577,98.8609813
0.994527475,0.0930562821,8.99309876,1.79708385,18.1066162,25.7738918,40.5603211,12.1698164,73.5377562,97.0171832
0.455415912,0.70091304,0.55230349,6.33735929,24.9962244,16.6219422,6.78151453,3.80700275,61.1237388,98.7663745
0.754682363,3.78592413,4.5602437,0.0281770378,14.9554299,8.51009538,1.59670733,42.9194081,3.15455403,98.5959822
0.466261079,1.79980696,3.04993568,9.36710339,13.9168058,35.6464824,46.861971,41.986833,11.0130398,97.4602041
0.614498435,3.50081105,4.79530358,15.4085695,18.4794188,12.3718235,45.2411494,45.7123445,39.7081317,95.8468658
0.440685224,2.38626992,4.5868236,10.2119404,0.127361331,22.4091152,46.2766885,57.8669327,32.3211202,97.5433268
0.151602879,3.95833405,8.37096155,4.89032481,24.5142146,14.984041,22.8352933,32.3595622,74.8774813,96.7695461
0.393817739,3.57897624,8.67088158,6.2342697,17.7668552,10.8514554,6.00286584,62.9108529,79.3601723,96.6643678
0.996840774,3.61152856,6.66101474,1.19950728,0.185756642,31.6970988,6.99451118,7.50940487,3.24971159,98.52081
0.705976807,1.40880624,4.06439081,0.384715431,2.98787874,24.8802015,29.3264434,62.086435,38.8722373,98.1646466
0.789648064,2.46006772,5.30575558,3.26054455,24.9567727,33.8082422,36.9229213,35.9692851,70.590829,95.5750123
0.0287315231,3.56283463,1.26378462,0.761070639,11.4284904,5.23929057,1.02977747,13.6749512,13.8008212,99.4012111
0.292911932,3.88336509,8.36322421,13.7055128,19.6140221,4.13213646,6.55714035,6.34499684,20.7080747,98.1285814
0.628365746,3.77234485,4.04989839,15.3641013,0.703339721,30.2842046,25.3528023,0.71559,74.5720655,97.2676918
0.15820561,3.84673848,0.300603115,5.75386369,1.85487694,35.8801388,2.03268044,13.4009425,17.2628398,99.0059845
0.385539323,3.03762487,3.06250081,0.801918649,9.13550983,22.3398374,29.4633979,60.511679,75.6708591,97.605225
0.861420223,3.55878041,0.950188398,6.78473043,23.3817799,3.70770469,48.173541,33.5709527,3.79942836,97.7365914
0.227318968,2.19956715,0.28150362,11.0779329,16.9036957,0.595462354,48.9125985,1.3624455,64.0679467,98.4528491
0.232959864,1.42575742,6.08629555,13.1011266,22.8670817,2.94117299,5.84530962,60.2366699,57.8522831,97.7543509
0.970719957,3.56125436,4.50440732,11.686677,3.09406849,2.89300806,31.0150006,9.29244343,22.9036457,98.193257
7.78138638e-05,1.23127043,4.41494888,10.7481613,6.7911234,19.3118588,46.8377363,21.987066,0.781452649,98.7171148
0.105742703,0.870453498,3.85185944,2.13619294,23.429316,2.18051092,48.7918495,38.6801204,61.7416274,98.2796608
0.0404605279,0.0803692155,6.2221609,8.6367327,8.69767853,9.91148421,14.0401225,48.7686843,9.20915962,98.991563
0.82430381,0.29653446,8.6730124,5.90122012,21.5728301,35.3595205,48.2665534,27.3792805,4.5147426,96.9496278
0.597105399,2.20173618,1.30478052,9.68215184,12.3842358,24.2662907,48.3846307,59.4136745,47.6214752,96.9130253
0.799248138,3.85384494,8.03667141,0.597879745,0.88262501,13.3610974,38.0625772,29.6951782,18.8064515,98.0152447
0.444517405,0.0160706453,4.72350538,14.1421516,11.1591071,1.60262334,9.92315822,41.1693472,36.9798654,98.6796508
0.572212373,0.693392366,4.15238324,5.5201068,13.179733,16.9528467,30.6170876,42.306006,77.2580711,97.8180363
0.455938828,3.8555237,8.52042218,6.64104251,0.00232349848,20.2334962,11.3935844,63.9642202,48.9142966,97.4104862
0.686798546,0.092640521,2.27078382,9.00202087,1.50743737,15.119813,41.7822454,19.8510776,6.40615215,98.9053675
0.355706326,1.42487746,8.80973177,10.9542962,20.0882328,33.0182971,46.983938,31.406039,42.1424159,96.1040756
0.460196708,2.10429064,6.32894682,15.3051025,1.33912693,9.65699498,23.2949678,11.1341178,74.8214112,98.0422771
0.95469091,1.96052363,5.67161997,6.96332521,13.4482149,34.7733844,16.7024948,61.1666254,75.2714648,95.7552323
0.0167207411,0.10198023,4.45887836,11.3218233,21.6935907,6.01875863,45.2927216,25.8255842,3.28163938,98.6807847
0.468526975,2.13147559,8.34787517,3.08979102,15.8089609,1.73688286,43.2699196,37.2754271,71.0067686,97.4500739
0.970760208,2.26723718,3.27439099,11.8921153,23.0966485,14.9338357,1.32824411,37.6147697,80.2837754,96.8867365
0.991642472,2.14012982,2.61433035,1.86696037,3.12958944,34.5740591,13.8994333,32.3596552,76.8559953,97.848468
0.0107739391,0.310376844,1.13312269,0.698731713,24.3498528,33.0860753,29.4915598,38.72122,44.9867925,98.5139638
0.827345453,0.780122508,7.91772157,14.4825637,0.699280284,4.03738076,43.9071968,10.785006,19.7389452,98.2715699
0.884810913,0.0680793673,0.472334418,0.93254909,14.6133584,9.6688767,1.10342609,30.4094975,66.3506595,98.9387132
0.463213151,0.893720191,1.69932749,6.39490634,11.2358446,22.809722,47.635572,0.07611987,80.17311,98.2212024
0.0849075732,0.166332547,7.99000283,14.1824343,19.0214606,26.9116589,0.342826781,37.733497,13.7754039,98.3311372
0.418501668,3.03012778,7.55466925,14.8020555,15.8541585,15.611891,28.6550004,42.5687524,77.2304043,95.814445
0.112755539,0.329372412,8.46477953,8.08805039,24.7858298,0.634865245,19.300794,11.0295188,36.8585117,98.6669846
0.250783108,3.64680423,8.63692441,15.6240093,1.13299452,24.8239693,16.9490011,32.4726048,49.4464689,97.2713925
0.944222676,2.20203594,3.64054071,8.12050435,2.05728922,2.67820557,17.1513295,57.9859961,53.9610101,98.0888758
0.296898622,3.90057353,2.11357987,15.8876742,0.220099266,34.8600499,39.2787704,39.5684927,4.62876597,97.6554527
0.0436718879,3.97367665,3.56263036,0.228452094,24.3661624,31.8123273,45.9841741,36.5906656,4.1970265,97.742573
0.706247545,3.60993581,0.429989118,15.6926431,3.52039926,24.9846153,16.9180704,57.4813513,11.4817721,97.75266
0.361035756,3.71180461,0.675165918,13.3574696,4.67438123,17.7484647,3.32864497,46.4144863,71.2178857,98.0335066
0.377118393,0.915326156,8.74508937,15.4968984,13.081045,4.49872121,13.6211206,2.8383551,30.6712706,98.5257686
0.26468495,2.23982699,1.73747712,10.2719043,24.8364883,2.67762168,3.79429991,28.4716904,75.5578738,98.3260567
0.576868703,1.72916032,4.49433157,14.632423,11.1448434,16.3915557,28.4147729,17.0940265,4.17987523,98.2963254
0.875409503,0.0300638992,2.88889799,13.7038875,1.93330867,26.0910574,44.1022643,4.90643573,38.5576708,98.2259334
0.69648984,3.61897286,0.172934299,15.1231332,22.656865,27.2600705,32.6733825,62.0920888,78.134317,94.1847185
0.0244541033,0.000458568335,8.34110551,8.81821668,24.637046,35.7580259,1.55393586,3.10540199e-05,0.660561218,98.7555385
0.746476486,0.121214738,2.82623503,13.39055,23.3978472,32.5687816,4.78150223,3.53690165,66.706166,97.8604861
0.466058172,0.158758393,0.567686152,1.95761117,8.70469767,35.7894031,33.3452915,27.8383978,50.5630555,98.6042516
0.174846753,2.59748569,8.86929511,14.6540113,3.07470602,2.28110315,46.9591673,63.6414233,67.5858283,96.7255568
0.718015548,2.74924148,5.62849812,14.5206762,1.5707955,0.518365558,0.231309051,21.6962832,52.4370819,98.4510876
0.0239199191,0.0883179736,0.810409421,6.31314985,14.2336398,35.6884795,27.5967184,43.1629315,80.2280822,98.2226899
0.973825924,0.369224474,3.50040289,12.9269231,23.1198498,0.455105793,23.0886122,25.2140594,36.3186813,98.06517
0.667527366,0.529779919,0.0249620369,9.84347356,23.8438959,27.8755085,48.5520919,23.5216761,1.0261507,98.0625427
0.935887139,1.82056691,5.10327661,1.36891529,23.9988808,34.8325891,48.0819057,5.99369797,0.103587964,97.5573432
0.995147242,1.7587992,0.310700244,3.44712512,24.7374244,17.124121,28.7224452,51.1169603,64.2335646,97.2338138
0.160750478,2.93314273,2.99235062,0.776762173,23.502876,18.4847035,38.6705563,0.0520136953,53.4020044,98.3295137
0.715272827,2.36164092,0.22255382,9.71032951,2.35649239,8.01737818,0.102165789,2.74340871,36.0326051,99.1472658
0.416614671,0.171099709,8.26383675,4.09638634,24.9455901,15.1680418,18.0728923,0.13272801,69.30521,98.2535932
0.0675376789,0.423077274,5.98443602,9.62885589,12.782686,19.5880629,44.3347726,52.9283711,39.4033601,97.8891905
0.987058579,1.97414796,7.88577369,3.9083193,11.1287695,23.3687546,47.1749823,1.21096134,0.793903887,97.9138046
0.910228117,0.815871681,0.799503203,0.445047721,12.3703981,13.3655567,42.0733916,11.0926196,2.09862116,98.9527991
0.893796472,0.149208149,8.41806096,4.17870761,11.7793517,0.811650446,45.4734251,24.6267287,16.9969397,98.3542579
0.99856811,3.73691033,5.06674161,13.7354106,4.75851676,2.00329474,12.7600202,43.9632066,12.1677061,97.9038245
0.414054225,0.0374646355,3.75328855,0.925678768,9.19226351,27.8969443,48.9226652,30.3455539,2.18284242,98.7444311
0.994178558,0.636081476,5.89807834,5.33814812,9.77413328,34.3554898,11.8658558,63.2663155,26.5337467,97.5590673
0.377514823,3.5664927,4.59634829,6.80126657,7.63629161,26.1403787,45.385858,22.3547336,45.5714343,97.5277969
0.391050113,1.51697094,8.39370766,12.5237162,9.52865067,33.1658998,42.5727653,29.3440361,1.53773555,97.4617393
0.991141712,0.475033758,8.75785033,12.7829578,17.4554133,33.3081237,13.1135525,60.7041649,39.1069536,95.8300239
0.990764957,3.14655492,0.334372935,6.76607864,8.56826414,9.81419064,42.3333109,20.8408858,0.972134551,98.4180022
0.144219528,3.5904297,0.79181414,10.7026668,12.0647461,31.9510813,35.1478503,45.6097503,44.3894669,97.4477649
0.0224833628,3.51151612,4.61557618,5.31362096,15.6678564,6.71427439,31.0464351,59.3437967,19.2262416,98.1934491
0.985514719,2.18349981,4.68288361,0.399755359,22.9504949,5.71345942,19.2087249,37.9298893,60.3065497,97.727633
0.662104609,3.96867167,3.29571119,8.92088122,20.7042516,1.95458469,25.4593152,34.8881105,76.5358305,97.0511153
0.51180817,3.83966916,2.96919593,12.9349861,9.86050921,0.832689677,36.7709589,28.088707,28.9818886,98.0132559
0.504426814,3.60587747,8.96100816,2.95853262,18.8401697,31.2941526,1.12007305,11.8435903,19.2660864,97.9424262
0.993757665,0.340313001,8.1913586,14.5138409,22.0681251,34.5280248,38.8082849,15.4703715,53.8316702,95.3084097
0.979055857,3.96714165,8.43694418,8.39268705,24.8300494,26.842651,38.7045259,41.7519829,37.4338795,93.2735017
0.993448288,3.54151756,5.1424994,5.31111159,24.7694359,35.8698754,12.2438645,41.3129435,13.4675552,96.5178001
0.975344063,2.43065199,8.92805999,10.4965737,24.864698,1.41025531,19.2746845,13.8733177,21.3264174,97.4574336
0.184932835,0.664632762,5.58637567,3.93932001,0.23650449,35.9005905,28.8895833,8.1333949,73.3658731,98.5572042
0.823699488,3.66916291,8.1474652,15.018089,14.0976661,20.8432093,43.3097438,15.4961505,35.1862324,95.6510638
0.487166382,3.22150677,8.6946504,12.4253129,0.365416263,23.8336401,48.9855956,3.79364464,19.9784495,97.589201
0.642278708,3.11300502,0.619559022,15.8728708,11.4680984,27.8357565,21.1792076,29.9642394,72.1040985,97.0054982
0.529379196,1.10460522,2.47473656,6.92856025,0.487566367,28.1202199,11.6181965,2.65048409,3.39951777,99.1949572
0.858861144,3.5169956,4.82647391,2.75026798,24.6156299,21.4432917,1.90969541,1.6336329,0.592483396,98.3869915
0.368587359,3.39097262,0.172980236,0.495690577,17.299261,34.0977874,45.6140871,40.4402023,79.0772657,97.0847284
0.807940909,0.251404587,3.05302206,5.58527499,24.5574202,16.6480823,16.7687896,44.4690949,0.0991877919,98.4265457
0.332112938,3.28858609,7.3495381,13.66562,21.9922771,34.8496714,46.8584317,28.2931505,3.77208832,96.0045895
0.180412493,0.771097185,8.61839065,5.85190916,1.62079412,22.5890363,46.1868846,6.49142024,57.3328267,98.3566617
0.486563131,2.66613782,4.00131776,3.81803859,15.2728379,22.4445867,24.7290852,4.87802142,1.14669184,98.6704501
0.802654589,0.862675889,6.73574437,10.0543924,12.769102,14.8288999,1.79812479,48.4353616,46.9821351,97.9096902
0.360679742,3.77767172,7.4894436,1.91739953,2.70912887,10.5536878,5.21419699,30.0524036,3.47670112,98.8894421
0.0582880662,2.59011513,0.146130054,14.236116,3.75150627,2.25496348,36.9830136,11.1134659,40.5272812,98.9021813
0.486334717,3.31033175,1.67795836,7.90417464,21.0363271,10.8720544,36.2302807,63.1229847,55.6925241,96.9406503
0.00118906237,3.93828517,6.20749143,2.32611904,11.0666368,31.6293867,26.0001491,3.27339268,50.5120469,98.2007312
0.437512179,1.06877714,6.60922991,5.91478428,2.78024397,3.68686599,12.4633396,59.2303676,36.4344713,98.6787273
0.96188196,1.40039297,0.910482594,4.410584,1.07069255,28.9868397,40.580221,1.01145184,49.9555977,98.4572866
0.661184191,2.09079795,0.0925987359,14.7679176,19.3615605,14.0352538,25.1952084,61.2144415,39.3842302,97.3420091
0.65930347,3.65367379,7.41470348,8.74908402,9.14869042,17.3375143,10.3478534,20.0771514,36.3019639,97.8423919
0.495631805,0.3349812,4.56529537,6.96753458,23.9900066,0.0587655567,21.3323015,62.6823325,78.421392,97.743827
0.500129378,2.69783548,5.67191904,15.8992858,5.15070703,25.8236821,3.57364011,48.5476795,6.13760503,97.9656142
0.904560633,3.80223259,0.276904775,1.6685521,17.7424513,32.2254832,40.4202535,9.40546737,78.0764233,96.9687729
0.342721996,0.514319627,0.382429202,2.64462662,0.374343549,23.8925222,23.9839341,31.3209801,14.8240334,99.243405
0.0246343385,0.117306067,8.01689301,1.63687639,10.9085769,22.2499207,30.5122822,45.6189142,77.3184199,98.1658367
0.00473414827,2.26732014,6.41145806,0.667643816,7.95251347,11.3671527,43.1964228,23.8727853,17.5956353,98.8062162
0.470759829,0.24180148,8.90431519,5.02292677,6.76584377,19.4921413,6.01563843,23.2947265,33.4995965,98.7406835
0.589371876,2.29245745,2.99772119,1.24437992,3.58339275,1.55793475,16.6183716,6.49410156,33.3680405,99.2044056
0.88702304,0.784904562,8.75470189,14.710375,8.23718353,24.9747338,35.8663548,10.2206974,4.12698867,97.6685471
0.0212703091,1.96034146,7.78263844,10.318625,1.7650489,21.854694,5.23058434,5.78739688,66.7988951,98.6370322
0.569252958,1.73785068,0.126707323,9.90219506,15.9256721,18.3896293,19.7354135,15.7968961,33.45411,98.5571976
0.095971704,3.98571918,8.96014123,9.05550436,6.03412142,22.2893539,1.59344789,35.3681107,80.7931785,97.5032535
0.26356831,3.17032613,8.26049438,0.229535371,2.81403639,29.533782,8.53938093,0.4902502,60.2881934,98.556959
0.995421913,0.224397438,7.75740665,8.41524328,17.1778072,10.6629146,4.90717104,10.2186146,40.8224758,98.3232159
0.044694332,0.710549079,4.94634223,0.309217453,20.340211,11.4138498,33.4477806,37.6798851,7.37731851,98.8858422
0.0902603539,0.0230728444,8.51691494,13.8477112,3.87924154,33.7141477,40.3990565,56.0878691,16.22029,97.7096768
0.993336873,0.051275203,4.01025892,14.971842,24.6065759,18.3189773,20.485742,39.0083466,77.558638,96.4603696
0.934637726,1.82502931,2.85201481,15.6673223,13.5723054,14.0210911,44.2068984,61.833865,12.36366,96.8130703
0.0350781297,2.23250666,3.91379536,12.7265347,10.7313794,17.7033549,0.388619529,18.9759064,20.3247286,98.8776325
0.442611728,3.90122336,8.68733061,1.71648478,1.49948602,2.68053766,21.5008322,50.2674384,56.7471802,98.0348147
0.0817967621,3.03272286,6.68935687,0.0372046456,2.02887259,34.936633,27.2098621,62.8936178,36.7467943,97.9658443
0.257337574,0.290395957,1.54089662,8.62121999,1.31931017,34.0503874,39.2829058,2.3478646,46.2716519,98.7968053
0.835203606,1.06803042,5.37118873,6.34493719,23.9990765,3.568513,48.9972697,4.06478766,36.5590556,97.929534
0.139201795,2.25826188,5.86658395,8.31366554,24.6512179,18.7486274,0.246211758,28.8405218,64.1036867,97.965616
0.244324171,1.42537458,0.608889866,1.08794591,20.4795148,34.8546323,13.346781,60.5361175,28.510984,98.3901392
0.435776584,0.388192736,0.79944857,14.8126549,19.2052423,10.8102718,43.8805237,1.25537771,54.5904303,98.3095252
0.87828826,1.56315261,8.7881753,6.86639566,17.9873548,19.3997364,48.1424077,54.1343215,14.6072801,96.3302718
0.573458558,0.471951712,0.207958459,5.61388963,1.00469936,15.8143346,4.79219328,46.2268001,47.8784373,99.0500899
0.872447355,0.890790364,7.90571456,7.72380036,9.23864126,34.3348506,29.7188268,35.6867618,54.9348224,96.8399329
0.0171337342,3.86668259,7.50225555,0.727159061,20.8786502,10.7632671,46.5920859,5.46988258,35.8381026,98.0971603
0.98320072,2.6179754,0.70330742,6.20054378,7.09264743,8.82057056,48.0873394,61.2745779,22.5673686,97.7603101
0.862353935,2.33033158,4.23644396,5.17981726,1.85737155,24.2547862,30.2043611,6.13480246,4.58789632,98.6148303
0.4235679,3.62279234,0.609455535,1.98964774,0.0149356551,1.47391863,5.64918653,42.9426756,12.0854352,99.2521767
0.32490664,2.82358761,0.082980657,15.3882716,10.4393003,4.78178933,21.1424461,54.9761603,20.6624512,98.3874175
0.455719229,1.09229901,5.10618863,8.37747984,0.474492205,35.698295,7.13824215,26.6917642,41.1084025,98.5223399
0.958152797,2.69624032,8.34995884,1.34786976,21.3235758,14.8876674,23.1745279,55.2358148,35.8671034,96.7399631
0.423813975,0.165889932,0.252193001,15.3027048,13.3740296,3.3353103,6.20692425,62.4010436,8.02301076,98.8891514
0.982139531,3.27636206,4.08847357,15.9561318,22.9791849,16.0710689,46.8969101,40.9695177,79.3349894,92.7505276
0.753084724,0.379837735,8.84881982,10.8707334,0.650012621,35.6574664,4.1344276,6.95468843,29.677001,98.3953502
0.211015781,2.16889513,1.39587613,11.5378547,19.8799659,32.524848,28.7465151,3.49931687,77.2267682,97.6872285
0.922623458,2.1298221,8.82017019,2.84500373,12.4652163,4.16114556,33.1748688,62.7206911,3.36156965,97.6844106
0.0101698446,3.69831368,3.50538111,1.67164148,23.8725516,1.40421152,28.0158139,27.1463991,72.8108528,98.2242159
0.121905874,3.48806947,8.96287658,10.7850889,1.54636406,21.2266198,43.282821,0.486811489,68.1421324,97.5571262
0.405041947,2.15999628,6.87916902,7.45563428,16.9457727,10.9475725,48.7962023,6.23245052,56.6947539,97.6591039
0.945109799,1.84159936,8.46082314,1.874562,2.75542053,14.9080581,48.6351361,54.506723,79.0929096,96.5555351
0.688613073,2.07965981,1.89557802,14.1863689,22.3477312,33.577199,43.5321099,32.8770394,66.320647,95.5048105
0.847184882,2.54524457,4.33242386,8.97401549,16.0599962,29.3127151,47.3700834,60.0701985,80.7807462,93.9999276
0.685658966,3.48096926,1.46312551,4.88954041,3.9150151,35.508595,28.5229186,23.1090641,53.2082001,97.8394816
0.688493897,2.06771169,0.0681828847,5.24398924,12.0736585,31.6498878,4.98681972,30.6665728,26.6906943,98.5788977
0.291917341,1.01896715,4.00701221,13.9629306,4.64849196,3.17438193,48.7783141,61.5520741,12.2878963,98.2776649
0.434874731,3.75843708,0.117015434,8.31714082,15.9152925,19.1825228,28.1226028,3.37715548,70.6879727,98.0120279
0.969875904,2.81729104,4.97355361,13.3610422,23.4947437,1.66563535,30.3982255,37.8454291,45.7226717,96.5290018
0.997795858,3.81996982,5.02371215,8.05352899,18.2214771,33.6476595,38.4023017,63.3269909,21.1809822,94.5591538
0.903769566,2.62036297,0.991065905,12.1682927,0.774649205,28.1220325,4.08327917,36.1444348,70.2619671,97.8488105
0.85062089,1.54122198,7.46525841,15.2854345,9.84082254,28.3743487,43.1178877,27.8701471,77.9146325,95.2002885
0.0191625296,0.258541478,2.93989534,1.45941397,0.579018821,9.45983408,21.0038035,19.4952493,51.4529162,99.3860736
0.976093642,0.823360129,4.98078733,5.49793757,5.99490709,9.22108551,47.3450697,22.969126,73.5329735,97.8006967
0.000432108995,1.0498235,0.86304678,11.0706386,0.349199225,27.3475768,25.483704,58.2708726,38.6713283,98.6297693
0.521089945,3.834838,0.275065145,10.7020199,20.0744811,24.1977181,47.703702,23.6669852,13.9474051,97.4215511
0.502478614,0.632276636,6.01519447,0.663870506,8.86187398,23.7829708,16.8638687,19.6448192,74.0079876,98.4892841
0.923339726,2.28309294,8.87182413,10.2187961,5.16574675,29.8161577,0.220949014,50.2727616,7.97891063,97.5631505
0.118354634,0.745332621,6.31207714,7.25423923,3.12315319,22.8033273,48.3498284,63.4328093,4.08263737,98.2788486
0.34674247,2.80280304,6.09923312,15.6641624,5.58970346,30.4503498,4.12300147,12.128194,79.1727213,97.5815847
0.683649213,0.369316548,6.98226066,15.742019,0.177018449,0.214670431,10.8425203,63.0059679,77.5856471,97.8905059
0.564649124,0.231336983,0.18151596,15.5355266,2.49237474,20.6528886,1.49639247,16.8075033,65.4426962,98.8300563
0.928715071,3.65680274,8.73813671,15.7576347,10.259593,11.4914846,45.4364818,45.6490796,70.978205,93.4001471
0.990895201,3.90260294,6.85694545,15.4349104,10.216979,24.1422796,4.48269289,36.0742518,35.3739619,96.4627612
0.963282617,3.56376169,0.321003942,7.31244918,6.77096655,35.4742274,26.3234763,60.952326,52.8304184,96.6550633
0.478865816,1.19111038,6.73223235,1.11855854,24.3959474,32.6707118,33.5549406,22.0555753,0.0682511009,98.0700436
0.453447378,0.360358549,1.22881635,11.9403988,16.0676677,34.9795827,29.7346304,62.6055432,65.0088136,97.1061825
0.493042696,2.2744001,4.14548498,7.40647387,0.947422872,33.6041486,23.0370677,45.7104,79.3457154,97.4773332
0.0162467016,0.233255049,0.714631413,8.55139182,17.5661653,13.7390418,10.9923049,23.0768215,15.3624481,99.2319046
0.871126987,0.125080694,5.02023792,0.246695906,3.46576999,34.8425282,30.4489992,0.429605127,66.2850368,98.4359527
0.480091505,3.59166523,2.5145812,13.4511833,15.6832386,18.9949689,0.602320595,38.1417115,30.0529414,97.9627476
0.207944601,3.69963198,8.35788976,14.316807,22.7730714,31.6953223,15.356621,20.5440317,4.48234017,97.0943268
0.409589993,3.91605121,2.41350424,1.36134902,0.30145275,23.7835608,30.3616399,2.71869275,77.2905368,98.434345
0.766131216,1.469395,0.274015563,11.3414452,11.9829167,31.5096592,31.0907955,9.14298496,2.71886056,98.4292085
0.61832044,0.446524484,1.65826683,11.538771,18.9440948,26.4971422,23.7767767,27.8017338,80.6716434,97.5601118
0.897019279,0.812066816,0.915703644,0.410910174,15.8864091,4.14477587,1.69867425,41.2970802,0.0348811853,99.184733
0.78682273,0.518499863,5.46118078,7.2274576,24.8123495,30.4667992,37.422701,63.1314926,74.6672798,95.185533
0.0222713435,1.25788198,2.75038118,2.94501334,13.8112114,0.0423346292,37.4552103,8.77615604,56.7691033,99.0375629
0.11229566,1.41261548,4.1139294,8.55350099,22.9549459,5.43635724,1.16533272,45.383762,16.3105155,98.7898605
0.0456945575,3.95371198,4.58384294,1.15249139,15.5043947,10.6006005,0.39918061,58.8127489,63.1184575,98.2860757
0.657465309,0.0778076239,8.3536546,15.7740581,16.5547589,15.5985147,16.6543871,29.1051586,23.2884764,97.8380298
0.864612452,2.16593362,6.4042652,9.75153685,9.49976523,18.0780014,44.8762485,35.4081304,41.067042,96.8923334
0.960608492,3.78770834,0.0315217856,13.842933,3.39749793,2.51675363,47.7454944,45.0922722,52.9266492,97.2504003
0.849043828,3.51849332,7.46371686,1.2253105,2.80239442,35.7740639,25.4423559,46.5963651,52.0279487,96.8281821
0.542625687,3.63967704,0.116959145,6.63528537,23.8144787,35.9195564,21.7564315,29.1841518,2.5806153,97.8438398
0.942168088,0.0762292911,2.66781386,15.9068776,4.51924623,7.15879037,7.88040724,62.6996446,41.6722264,98.2481358
0.112867928,3.88504321,8.82281499,1.8692942,14.4180828,35.5927063,41.6691883,34.0219806,39.7753475,96.8431012
0.505749849,0.55087361,5.69869906,0.0625204519,16.8456791,0.473346809,48.3736457,10.2698388,77.4327858,98.4062123
0.975215878,1.81306811,0.530220097,2.50518301,13.4543206,2.543845,30.4928778,3.6535528,37.0346494,98.8293366
0.446115025,3.42090482,7.08132553,15.712189,16.8143924,35.2704305,19.2254328,20.6998494,78.9357358,95.3651751
0.206473612,0.80800923,0.475038491,1.727853,0.0396676245,24.0390224,43.3497194,61.0412651,0.685988623,98.9874413
0.76902847,0.245968562,4.48563839,10.8879999,4.08421615,26.5260792,48.7451057,36.5597127,74.7873867,97.1441755
0.690265617,1.17691239,0.824721358,1.94108253,24.6470192,25.1292645,42.9417267,0.784710646,5.86215733,98.5602788
0.534121557,3.92406005,8.27391994,1.37328492,13.7494982,18.4549572,44.1899135,8.98062459,32.093077,97.5851832
0.0224410077,0.664063841,2.07221094,11.8209667,4.66662238,9.96819563,37.3816038,56.9657474,59.8840141,98.4464328
0.968840741,1.2253095,3.99769357,7.53026475,1.81185786,2.72887592,0.296065959,35.239928,27.1733378,98.9140712
0.474748625,0.400541989,8.7957326,8.67167454,1.30308158,1.284547,34.5468566,36.5956564,29.3584697,98.5738165
0.957666439,1.99936005,7.29988404,2.04634474,13.9314028,28.9260046,20.9046701,19.3173025,73.2830893,97.155103
0.0101634548,3.26873992,3.851621,11.0119429,8.94479528,14.6510678,0.676028976,56.1880826,41.8976185,98.3734705
0.505151387,0.317450186,7.61688581,1.77738141,0.702018256,34.3019971,13.154473,62.9915372,13.6256383,98.4936712
0.846129795,3.61382689,3.57433238,13.874191,24.2634985,31.1312386,47.2683584,3.00393888,69.8635621,94.5266266
0.552820594,1.02288279,8.08000113,15.2516606,22.9057867,3.68121929,30.2882462,55.5810648,8.80352022,97.3003783
0.846102446,1.77522492,0.461813449,6.57534565,24.7410486,32.8369023,13.3617189,4.45322573,37.1649643,98.1142405
0.412618211,3.49710235,8.5483239,8.31967044,7.34531912,4.00105572,45.9285333,31.1621486,38.261967,97.5455968
0.936473117,1.2147218,8.6160289,15.2847307,16.3578732,2.5566987,30.5365911,3.24856958,8.49097907,97.9408355
0.43739635,1.28182148,8.04058523,5.53961444,0.468624698,1.69242494,6.24198424,0.0379318893,77.8628494,98.9539698
0.101958809,2.4867803,7.46213093,1.83908646,21.1345554,12.2007455,2.6268677,0.999754668,44.1408245,98.7867306
0.00517210458,3.71024651,4.75455626,13.9147753,15.0443768,1.20993616,42.7347602,1.45538941,16.1111906,98.4141622
0.0347244665,2.45643513,2.93670406,2.10681279,1.8790291,8.41271901,27.9958283,36.4229288,0.207936938,99.2271406
0.00274921814,0.824437188,0.710606046,0.277001262,24.3128246,0.926097958,17.5969583,48.4296525,6.5434704,99.2515037
0.151725421,0.196589474,0.178391073,2.16669086,24.3333791,30.3882853,5.32252387,40.0439882,75.0635315,98.5652795
0.975527775,2.78128879,2.52166417,1.08397181,16.115859,13.3083939,8.40600221,16.5606098,78.6824274,98.1308321
0.541440085,3.93402287,7.02520094,2.75955404,18.4761,4.05045325,48.956249,63.5775169,4.20916331,97.1760084
0.995649409,3.51846911,6.54810209,3.46998133,24.9628141,0.0237284973,3.81771897,30.5667281,8.85768872,98.0904969
0.184940228,1.16166982,0.41553681,15.8705279,24.9401182,26.7360127,0.22464856,3.48517969,19.5097603,98.7368064
0.547248868,2.44687069,1.25034646,15.2407788,12.139805,12.5307771,6.49285693,3.19527128,8.76380122,98.8373507
0.85099418,2.63675676,8.93460164,13.9550744,23.3371806,4.3117927,0.408161357,63.958114,0.0284359125,97.0956368
0.966638252,1.15641376,8.65373689,5.96609441,0.232543214,12.0294767,4.64882943,35.1037228,45.9036555,98.3544779
0.711754102,1.8047464,0.838588068,0.266065799,12.1373138,24.2395275,24.1452555,52.6486349,2.03430769,98.6049862
0.850409822,3.35148232,0.817693811,15.9642285,10.6071589,35.307945,44.4159283,42.4584548,80.0513515,94.4750665
0.650211082,0.390630301,2.97781525,14.4727487,17.94857,16.7266082,0.142013053,45.4705295,79.9730777,97.7435446
0.523528491,3.77338791,7.49367246,0.27219028,22.9719413,20.7613053,31.6578781,41.739382,12.393732,97.3123034
0.94674427,3.72376115,2.82058557,4.58966475,3.89919661,12.6682187,14.6337041,23.0714343,62.7696572,98.1429608
0.943477791,0.124918316,7.87979382,1.23518921,12.2265781,24.622108,5.13125564,1.32385552,53.2065246,98.5340668
0.992672322,3.37485326,2.60704579,8.21074761,21.9298375,35.6811381,6.65210837,43.082901,78.8692682,95.6466463
0.00842003106,2.06184783,3.3221913,0.122985683,4.71934618,25.9938402,25.1430262,3.71147368,54.0903584,99.0046873
0.439165016,0.185720865,3.17379192,14.0814605,17.3528565,35.2202555,47.4140382,0.966109127,57.4544413,97.5188606
0.838816006,3.92242861,0.579840679,13.1240604,0.130457978,25.3544272,48.8073466,58.8719809,27.0635429,96.7786434
0.548298196,0.99110223,3.27416416,5.11460474,14.3155119,1.16533023,2.3209731,6.00147713,3.57670888,99.3430504
0.601903512,0.769333165,4.91065315,5.95112878,7.22104091,20.2098599,9.68392145,37.4436632,4.61555252,98.8225907
0.840872787,2.19574667,8.8070871,11.9341381,1.65404155,35.2458591,45.1268818,33.309155,24.0065431,96.4071094
0.455542733,1.2268658,8.85019033,3.8203009,24.6831983,0.739011901,0.779940457,33.2529014,42.4163786,98.4200818
0.0169678703,0.715984727,3.49942712,15.7717567,6.1164049,33.7206889,43.035754,16.8715186,50.1344951,98.0662409
0.052916369,1.46165244,4.48310829,15.2907826,0.285997195,9.72700049,7.75449976,50.778647,76.8495345,98.4181257
0.0925783776,3.85917049,2.42641742,3.19571852,22.5643444,20.0674229,34.2685663,7.56672877,7.60705036,98.5239055
0.757077772,0.824428555,0.384129052,5.43463256,18.5461153,6.56508521,48.1658335,56.3766202,2.34798191,98.3407438
0.183448234,0.857888312,5.68991739,9.67391155,20.9866911,33.5764654,26.7508794,35.3044726,23.1238385,97.817817
0.68691559,3.96130348,3.66207198,11.4554456,5.74016464,35.9238813,22.6939402,1.37620577,32.7675672,97.6933975
0.963528115,0.0681030974,1.36970592,13.5952842,24.9084775,16.9653821,23.379053,0.971662015,13.5719158,98.3787635
0.270165094,2.65895962,2.55214465,15.8136434,6.10008212,34.6754967,31.4051069,60.9076906,75.3763648,96.3381974
0.936634389,0.0567163602,2.77169741,15.8548184,12.3963461,29.3610646,26.4226404,61.8014622,52.1117704,96.7098704
0.893493412,3.7750715,8.16006722,7.55510753,4.20665109,1.70621892,27.7957691,60.7233135,41.4234545,97.0655061
0.278069577,2.06151205,8.62417327,2.63147015,4.8730115,1.01407497,21.1761214,26.2166826,60.4777389,98.6326228
0.480870098,3.93492373,5.09200106,0.465507284,24.6576915,31.423211,13.4838105,60.6072783,3.19652461,97.4096792
0.100252593,3.78128975,0.307675253,9.06307882,4.94638329,12.7640719,2.39125844,12.9051865,1.85879061,99.2629658
0.985242194,3.86218851,8.55516717,4.79051715,3.47156301,31.0457663,2.98559862,3.86094758,74.6035223,97.3350047
0.991091549,1.10265124,0.583800822,3.44962242,15.3188769,20.6847155,43.57454,4.30213574,63.2753578,98.1000664
0.994880135,3.80172712,8.16246922,15.3246667,15.1156157,33.3414903,41.4158323,40.3510366,45.399979,91.8168512
0.018093958,0.4206111,2.72422249,5.34655268,5.48576842,35.0061828,1.24531196,9.08807934,49.8016173,99.1516456
0.39245204,3.76574099,6.3200035,4.08668456,20.1679219,17.6581393,44.0283755,46.8985444,80.7913133,95.8025315
0.170933221,3.49858682,1.68447573,10.6375153,1.12553129,24.1984418,15.2609732,32.8831824,34.9900525,98.5410617
0.66975132,2.04173292,7.66185894,1.53455433,23.8352391,34.3636347,2.18932444,60.0501388,59.0829227,96.6507407
0.024320961,3.04956527,4.59779237,1.94897946,7.02780388,23.4716534,0.107744279,61.2024207,26.684913,98.6856682
0.902927784,2.02907647,6.04834717,15.2371595,17.0926591,1.9040667,45.8001385,28.6393902,78.7621507,95.9887742
0.0556350006,0.229820671,5.84102678,12.6880549,0.217190303,0.457099932,19.7069142,30.1797279,38.8379198,99.06254
0.84952726,0.0186499711,3.26264543,12.9453207,6.25884222,25.0002105,30.6753963,42.2993068,15.7556179,98.1167008
0.0769073931,2.33022284,0.124242587,0.258063883,1.99949484,7.93412053,6.48408046,2.53435317,44.1370197,99.5432876
0.893359741,2.78864648,1.7582482,6.89321925,22.3999156,0.550525764,0.934429883,32.6047813,26.020061,98.4707561
0.864618149,2.54889352,7.3201264,14.8700394,1.17636072,30.3761509,21.7348398,3.20270014,4.78563944,97.9126472
0.38757141,3.65071956,3.69807986,15.3391648,20.847936,23.4148088,22.7190348,40.2524241,53.7789554,96.3840996
0.915159519,0.344129279,8.50679808,15.5650303,2.28747435,29.6371089,20.2669145,35.3071153,79.3374714,96.6020367
0.576197991,0.638535606,8.70284414,1.24704119,23.470718,32.1942613,12.1804182,56.5402843,0.70592575,97.8512174
0.534755097,2.51563114,0.478440341,7.37210373,23.355344,11.9032387,7.80188441,2.96648389,2.14495521,98.942806
0.687938044,0.698802023,1.72258571,13.329914,6.03927918,3.1178148,28.7375493,62.6825341,1.70870056,98.5858858
0.124203296,1.93915019,7.41897179,8.28246338,5.25305295,18.8076618,27.728576,57.6993952,32.571794,98.0319043
0.817516826,0.0211788807,8.89525845,6.41550315,2.12718103,2.20544977,31.2976976,7.05830041,46.6445771,98.6597741
0.556023048,0.31744167,7.29484637,11.5251032,10.0136914,0.159483511,22.37581,57.7819441,6.4988264,98.4480948
0.929239253,2.89647038,2.19978886,15.7358844,14.0759031,34.1320644,45.7419051,30.3005214,16.2790571,96.2257804
0.492211116,2.36889137,4.40384983,15.1183487,22.0101807,0.153881835,41.2307764,10.0045743,23.895404,97.9053503
0.193435859,0.30589924,2.80919331,0.199077047,2.94990209,5.76639096,5.08079242,45.5552575,19.2535038,99.4690359
0.364837004,3.26207641,3.86597083,7.77188165,21.898295,28.287908,25.6834741,27.6227389,80.2062905,96.7191044
0.496041216,3.85888183,0.510674986,10.5146572,24.7546972,3.16202779,11.1626652,50.8266039,43.958281,97.7915377
0.145622019,1.87707938,0.164622858,6.78467288,21.870508,3.78418245,33.6936179,58.2993382,77.1739449,98.0013254
0.136295676,2.88572595,0.891105184,1.43081281,24.4858829,13.2958573,15.6164253,27.7688261,28.6783437,98.76671
0.873449081,0.234788207,4.69215575,5.44295895,12.2046981,35.0793827,9.77964582,26.7849905,80.159457,97.7460415
0.457882347,2.51444188,0.505618138,3.42052535,1.20246685,14.1989412,45.7404812,63.0441313,79.3735446,97.9041324
0.0728485193,1.46025848,5.769506,3.71095171,3.07092144,18.6863801,46.2652868,63.5768889,71.8514998,97.8296983
0.194686655,0.39444542,3.24937228,0.355265878,4.61502609,21.2305336,34.8151862,38.966596,80.4664108,98.6102564
0.229340579,2.10847644,2.61802424,0.23729977,6.7144347,35.2858532,29.0393094,30.9209744,11.157803,98.75363
0.427333567,0.78101264,5.57873227,15.561357,5.82434268,21.2073781,44.1040765,44.6869315,16.7795515,97.767079
0.999645823,0.189398525,7.2472858,14.457552,18.8702619,3.58790096,2.5200653,24.4734746,78.0728092,97.5992218
0.262712741,1.65217837,0.364133658,15.9900145,12.7706499,16.290286,14.749389,2.58826086,56.826919,98.6361656
0.814585044,2.9233355,1.12455837,0.804381416,23.8100818,1.50510229,33.0127424,23.7217206,44.2448744,98.2334833
0.00226100488,0.00283589773,8.24159959,11.6698182,10.3675121,31.3561765,47.9905823,49.2630763,76.599864,96.8302299
0.324798286,3.53914746,5.51551345,14.6392118,14.4256219,2.05636612,1.83117872,6.035211,73.1420781,98.1540261
0.1731653,1.55675779,0.96332033,15.1551827,14.3044195,20.7058693,37.4924753,58.8173225,79.404798,97.1060771
0.473546883,3.60983998,5.80634102,0.308466725,0.625391177,15.7672904,6.60216561,34.7395498,75.4489986,98.376952
0.741206855,1.85444303,8.15406071,4.08594177,0.661479112,25.1703773,3.44649923,9.55120099,19.0287287,98.7410238
0.396177531,2.22308126,7.48523177,4.07163583,24.9740365,19.6289203,47.9970431,63.0899104,0.156156591,96.9427535
0.833954068,1.06407164,8.66694183,0.518037498,4.1503639,7.4390879,1.02122744,17.9848419,80.0358118,98.613827
0.272867637,0.345492315,6.05099993,14.4991211,10.5135731,2.33608235,30.6740271,12.2425426,0.523316263,98.905468
0.501052122,0.732080054,0.156297474,14.0295992,5.42862215,19.9476445,38.1933967,21.4442599,37.5593267,98.5043529
0.8584104,1.21435822,3.86673382,14.5694066,6.27569453,0.861050986,48.5697859,27.9389979,3.4657025,98.2775804
0.25435575,3.82834079,6.57841138,13.0845884,13.5577854,22.6075945,29.7279721,44.4425249,1.91933264,97.3219763
0.757077018,0.773744988,0.747018018,0.234366424,4.68202565,22.7594199,23.9146229,45.8016665,76.7078765,98.4429871
0.126850782,3.92437373,2.13591738,11.3126809,6.60660455,17.5717537,27.8541169,61.5741338,76.5291587,97.2922703
0.036023831,1.81011126,5.71477292,0.334995538,22.2968902,27.1202763,19.7147889,11.0455668,54.2203205,98.4321827
0.0564650181,0.030236911,0.431468763,11.9031144,11.9421108,15.9211909,48.2597688,6.44384915,17.4310145,98.9918279
0.708871133,3.98849965,6.10566695,15.9013296,8.82218648,35.2630024,45.2989356,34.2333149,80.1442084,92.9133644
0.551929372,1.10783118,7.46689777,0.268237896,19.1786322,14.7905546,6.60329503,59.5324859,63.901437,97.8952215
0.568187361,2.09993099,3.4653905,6.78778984,3.72474315,2.5316518,45.558753,41.7451178,53.403573,98.1884159
