0.849227879,3.68765501,7.9950255,15.3847547,22.1970373,28.8096984,48.3633031,55.4356984,78.3526439,77.1138304
0.999336423,3.99992185,8.998525,15.9736052,24.5018335,35.6690557,3.26956186,63.9412767,80.3712616,97.0896259
0.999995766,3.99994443,8.99964437,15.9997095,24.9992316,35.9840492,48.8607799,63.9061291,0.449886965,99.9414518
0.999940407,3.9947658,8.99842038,15.9867089,24.978843,35.9874355,48.5576936,2.44894267,78.9773165,99.9414151
0.998249256,3.98914405,8.59452314,7.32884706,23.3143364,31.5079017,43.4117481,63.92426,75.8958989,95.3789656
0.997630534,3.98463333,8.99757924,15.9566282,8.19545938,34.7692597,46.2191174,63.952684,75.1634904,72.4313724
0.999999999,4,8.99999993,15.9999995,24.9999983,35.9999924,48.9999855,63.9999986,80.9998386,0.000219087715
0.998131681,3.97159296,8.95737264,15.6095364,24.8372854,6.46283998,48.1904849,63.767339,75.550921,93.8318725
0.99215089,3.9820791,5.65498615,14.211158,24.5457022,33.6177986,43.8917575,59.2952896,63.2892152,97.4877576
0.958304321,2.28197146,8.80553231,14.8142596,23.7888879,28.404822,46.8397798,63.2949693,79.7155795,82.7550173
0.999985345,3.99997683,8.98522269,15.902423,24.7847272,34.4417718,36.406721,48.5854584,58.5528349,70.7567267
0.819321862,3.6077092,8.79242412,8.63514296,23.3042474,33.6798496,48.7058023,63.4670785,79.1594469,89.9057263
0.973476009,3.99626871,8.54838593,13.3869744,17.1290547,27.3165408,47.2437514,59.5574695,74.6166573,98.0553758
0.972915789,3.2100511,8.9013867,15.0481804,19.727598,35.9789346,47.8423821,63.5291701,46.9750794,94.6760034
0.976765189,3.42993321,7.56795475,14.1095026,24.1121815,34.091706,42.2330691,47.3812125,76.4183643,98.6188882
0.88505387,3.9722781,8.96022963,12.2181337,24.8359774,35.9220267,34.4126599,54.1021041,68.1777304,98.1743952
0.984154244,3.96586681,8.40691243,15.9104901,24.4022121,20.9431146,30.3897636,62.8765312,77.7365957,97.3718608
0.896601484,2.5619841,7.19692496,15.9719538,24.9044918,32.4417328,48.5512842,56.1494864,74.3169108,98.1675731
0.99999976,3.9999982,8.99989196,15.9989933,17.3790637,35.0828431,48.5280575,28.8449724,77.3827377,90.4039722
0.975387424,3.99048916,8.0912248,15.8237979,19.8893653,33.8766376,48.8186861,60.4156482,79.4480732,46.0186673
0.998633184,3.99117011,8.96317534,11.1488916,24.6268717,32.9496138,47.773065,39.2932209,74.1501797,84.6532192
0.992148722,3.98138752,7.61213425,15.5938546,23.7874426,32.1913523,46.8221117,60.414468,36.2436987,99.9505958
0.771169085,3.65230903,8.89310671,15.6988656,24.8516326,35.1803476,47.1958942,56.6416965,50.9183509,82.9744691
0.999225087,3.99945695,8.78524351,15.8693344,18.3331926,34.0602064,24.0986944,62.2511925,79.185781,85.7691878
0.905678951,3.95842824,8.89740011,15.9643892,23.7403506,29.8519953,42.7076459,33.1504901,79.1120372,97.0460316
0.996010296,3.94058019,8.97014372,11.6761516,24.3631272,34.5127408,30.1925946,63.3823067,78.4568668,65.5983421
0.963069614,3.99542462,8.87378943,13.8462526,24.6741539,22.3536199,47.458022,53.5333598,80.4651183,65.4260662
0.999551003,3.9954161,8.98065109,15.9730924,24.1677481,21.1389016,48.8343317,55.9824779,48.4763164,98.133872
0.99880653,3.99896868,8.99307522,12.2950686,24.4331423,34.9888224,48.0830771,60.2950963,38.8733906,79.3465667
0.998692188,3.9940413,8.94975476,15.9319414,14.1557039,35.7632816,46.9830681,58.4163974,48.062714,98.8545651
0.984055546,3.7017798,6.50326109,15.6280862,24.6827873,34.2060932,47.6902797,63.6052397,76.9161001,57.657451
0.901149042,3.91687751,8.91160348,15.6271233,24.7351095,34.3639648,47.4789955,50.9495873,42.4869062,87.4135019
0.969145132,3.21162014,8.39105347,15.8096506,24.8005389,34.3028008,46.8380096,60.0953989,76.6381084,54.5760647
0.999999758,3.99999724,8.99998725,15.9998059,24.9999,35.9993371,48.7217889,37.1675169,80.8147047,36.3573493
0.92195111,3.99113852,7.68117641,14.5248204,24.7224329,33.7914323,35.1907381,60.0680213,74.7511292,67.7987746
0.999999983,3.99999997,8.99998991,15.9999971,24.9999852,35.9999559,48.999789,63.9996104,47.5144943,34.635565
0.999999705,3.99997133,8.99971845,15.9993087,24.9670713,35.9952517,48.911335,27.7192594,47.339818,98.608522
0.999426038,3.99978612,8.8719588,11.619996,12.3032299,35.8290023,48.6012032,61.1448096,80.2593492,75.6979693
0.856779375,3.85837357,8.77552859,15.0503391,16.1583987,35.5491516,41.3231282,55.347482,80.4583771,89.1467945
0.766875111,3.91624392,8.56485469,13.1946805,24.4059244,31.0035719,45.668764,59.9095144,80.9475464,65.1504095
0.926745598,3.91245761,8.97621571,15.7813285,24.8925434,35.2157978,22.8886393,45.5817557,80.426394,95.8981828
0.999970882,3.99157735,8.9281236,15.9527578,24.6088449,16.528968,48.9934398,37.5639706,80.6937041,98.6949997
0.999577942,3.99600281,8.99891891,15.9997793,24.9864813,35.9680798,30.6357939,63.1451191,80.1004734,33.5238558
0.995377833,3.94339325,8.80373001,12.7538811,24.8913206,34.3636162,48.1992094,60.7980765,76.5984432,34.6983752
0.985678294,3.99768756,7.52649972,12.6077128,24.1101349,26.5943334,40.5624841,63.9895213,73.6212742,93.5601214
0.998930121,3.99847062,8.9885446,15.9152769,18.4652744,23.2677515,41.494064,63.7140067,79.7569042,66.3558463
0.997774632,3.95825691,6.66857083,15.9582285,24.4375106,34.6145166,28.2590948,56.4398161,72.2850023,98.440572
0.998896802,3.93347518,7.48725616,15.9982469,22.2768009,35.1209754,46.988166,32.7914076,78.3005144,79.3603494
0.855750809,3.96105334,7.46846952,15.8088118,24.4729228,35.6832455,47.2952014,38.7463912,67.0159544,96.3038698
0.999781824,3.99722226,8.97533985,15.9919816,23.7754779,35.946904,33.8149484,63.3701418,31.7796766,98.170122
0.974336608,3.49878402,8.9582685,14.7189228,23.8078986,35.5220928,47.4283001,36.4221854,72.9731645,74.8580174
0.981784243,2.91527628,8.97165515,12.5495494,22.4837195,25.8371484,47.6878221,62.3947474,79.4747888,95.3676686
0.991504477,3.98820939,7.11739184,15.1673026,18.1448207,28.993339,44.376553,61.9369027,76.5088469,88.3067186
0.909154843,3.78285478,8.95934119,15.3887444,24.7873055,34.7437968,47.3730422,63.1484118,72.4018197,32.2574755
0.96460489,3.97823059,8.98714134,9.60337299,22.8839833,35.0247611,48.7719859,61.6739277,65.9425757,65.437404
0.93597417,3.9097189,6.42821118,15.3944205,24.9069731,27.3011026,46.4805155,51.3903219,80.4282419,85.6953236
0.999954796,3.99959078,8.97445467,15.9167045,24.4635211,34.2551422,35.0429861,25.6810451,79.0443196,98.6140574
0.995260973,3.98311082,8.97746509,15.9465669,19.7035695,31.9629717,48.8551957,62.569093,43.7236393,69.2936186
0.989621038,3.82565656,6.17173956,11.9039398,24.7313762,34.3788595,48.9124092,56.4147514,78.0938361,70.9918977
0.929945783,3.98567837,8.99047872,14.1271465,19.7783654,34.0458952,37.133327,57.1421557,79.7914486,68.6358526
0.922594036,3.64390596,8.75838126,13.2221821,20.1394272,34.1231807,47.1647954,44.2900252,78.484217,99.0564819
0.999596398,3.99916165,8.99798557,14.6872865,24.9572191,35.9910918,21.0035975,59.6366186,63.4475175,91.7667715
0.85497723,3.69192674,7.66658161,15.2814065,22.5432912,34.8776839,33.0005291,62.492978,75.2377208,95.9702694
0.906793522,3.92960846,7.14865788,15.3396978,19.5752073,34.8273933,48.9537958,48.8379265,77.5187808,80.8079386
0.995159954,3.23052637,8.76474852,14.4978043,18.6054149,32.2343196,46.5745267,56.4315826,77.6488905,80.5068335
0.999925347,3.99966679,8.99847893,15.9804952,24.8766241,25.9743448,48.7600109,31.8115001,80.0947206,67.0156029
0.97371957,3.96841595,8.93547849,12.9760987,22.8229795,30.7494358,37.2222448,59.980143,63.2000591,98.6543232
0.988025428,3.78459695,7.92771728,15.7837134,24.6736776,28.471896,43.5070499,61.3118995,62.6532527,66.7731541
0.999996358,3.99984395,8.99922389,15.9992369,23.6487265,25.0143239,48.3053165,62.0206961,79.7070451,35.4639424
0.995206833,3.99484404,8.96373796,11.6042282,24.0085673,20.8773415,46.9852181,60.8490902,71.0210702,94.7718544
0.844179153,3.82776279,8.96589885,15.0004516,24.882297,32.2443122,28.7277832,62.1573164,73.45332,85.4390812
0.999963231,3.99989731,8.99948995,15.9993267,24.984666,35.8792122,48.962514,48.4471519,30.1787812,78.1285239
0.994696496,3.72995045,8.7789676,15.1380831,14.2842076,33.4559338,37.8267677,57.8490559,80.4984477,98.032508
0.944491026,3.99203663,7.76393881,15.2115463,22.2297569,25.6105108,48.3812492,52.104307,69.9286368,97.7636887
0.921481162,3.61042141,8.9230978,15.724479,24.1081516,23.9075882,48.0504317,50.4410922,71.0195518,89.1552237
0.996928767,3.96478655,8.78441112,15.8796273,20.0757058,29.5146891,37.2546475,48.0814485,73.8843377,99.7180963
0.995897256,3.78488158,8.16099063,15.5965392,23.6581928,35.2987943,25.5240793,63.6515709,76.457236,65.9422432
0.915085669,3.3790048,8.65062301,15.0911546,22.8070287,32.6100818,37.3612344,57.2286078,80.2614368,77.0732363
0.93140903,3.86910725,8.37079362,12.7022241,22.7397928,35.842043,48.622269,54.1582167,62.8198691,74.7380419
0.941657614,3.81041557,7.20562884,15.255241,23.962453,35.4912944,47.3380173,63.1963851,49.25372,72.5309949
0.9832606,3.55700354,8.64247251,15.4944253,24.5752666,32.0814158,45.7990882,51.0099204,52.7080098,91.9837514
0.997821654,3.99052275,8.96240668,14.6926975,19.8193029,30.5041618,48.595791,47.9034051,74.4243148,66.0168028
0.882294351,3.98193959,8.30838451,14.6583304,21.3824191,31.6386796,44.3822757,62.9937567,53.5518395,99.7941047
0.999962651,3.99878329,8.99840413,15.9927221,24.9538824,26.6979212,28.3856443,60.3455503,78.1373187,65.1965662
0.992841633,3.92392008,8.05083813,15.5856541,24.2919349,33.7059541,28.7827046,44.5522847,80.4121764,97.0539991
0.999807071,3.99944632,8.74540031,14.9916822,24.5577007,35.9917484,47.8406171,19.6249579,80.3693242,70.7158328
0.998600881,3.99967154,8.97100805,13.6906674,19.5721395,35.7003371,47.4962649,49.4797431,55.4021345,93.0494648
0.989821784,3.9573807,8.87379752,15.9874324,16.864104,35.7421548,38.9769584,60.6965166,68.0928285,65.5827999
0.99195127,3.55124838,8.92000343,12.7123684,24.7526956,32.5087395,45.8162921,59.4719765,63.5705595,66.0910215
0.969548509,3.64818112,8.11531536,15.9908049,20.2699904,34.4118671,46.3631084,48.7173971,70.0815623,78.6760888
0.947478992,3.99471279,8.10580436,15.7918275,24.0868428,34.7083507,27.8796174,62.296137,58.670283,96.8653076
0.988546941,3.99606869,7.71430029,12.9484992,24.1810577,35.8465067,41.4091193,61.2544873,54.3601367,85.4135861
0.965938597,3.96889407,6.88383223,13.6637494,21.0433075,35.9634919,42.7074307,47.5994353,79.5462815,98.5073074
0.990939587,3.9092746,8.45069916,14.9608851,22.11779,16.5847945,48.6664653,63.1504868,75.787835,82.6367735
0.960419648,3.99637582,8.75809033,14.0046379,23.0704713,35.7888615,46.9130879,29.7926691,70.3710004,98.3376961
0.984303469,3.99146047,8.91667342,15.2692964,19.7132483,35.9228689,48.1995397,63.8582803,25.5459238,99.0161036
0.796558159,3.58832178,8.70782384,14.8066982,20.9185545,35.3775183,45.0978222,56.1710582,74.5704801,78.1214775
0.925198409,3.94563559,8.0642368,13.3355231,22.3765119,35.9689184,30.5177212,56.8522894,78.8405105,97.9541112
0.927838677,3.90527731,8.60562822,15.843307,22.5200257,34.595495,42.2189576,59.5141994,58.5479339,65.1648783
0.996735861,3.26733266,8.65375639,14.9335902,24.1780504,29.7999773,38.3972892,53.7228975,77.1876723,87.7165833
0.94202656,3.48342198,8.82785436,12.2988548,17.7940772,31.2303718,48.9043086,63.5708236,75.1619888,91.3800661
0.992481912,3.97750744,8.0118409,15.9486138,24.9072786,35.3361007,47.4940846,63.5932558,34.0516907,64.9779378
0.998899309,3.99673023,8.43764286,14.9332603,24.6726466,33.5282333,41.0670732,54.5478925,80.6105234,55.7242124
0.995516765,3.99473266,8.57662129,15.1945267,24.949535,27.6188033,47.1145908,37.7939382,64.60125,98.8969831
0.910673615,3.96039209,8.92468904,15.7489414,23.2556781,26.2285048,31.8569062,60.1632438,76.0063074,90.7887861
0.949554147,3.89276525,8.04863383,15.6965468,15.1183353,34.5036514,45.4269458,58.0180151,67.4790419,96.8836974
0.985276526,3.99100531,8.90028681,15.985716,24.8298259,27.7021471,46.4011686,63.9912836,26.0161168,99.8496237
0.981324934,3.9841698,8.98299241,11.9484921,20.0427624,31.0909847,43.4928686,63.3105317,78.3758754,65.0298191
0.942876355,3.94992022,8.53488781,15.7210981,24.0251359,35.3428745,36.6274901,38.8760845,80.0069623,73.8665334
0.999922808,3.99989188,8.99871437,15.9959061,24.9741336,24.0243001,43.9556753,63.6011547,54.7318583,65.0242122
0.99754134,3.94713995,8.11479212,11.0013563,23.36506,35.266975,33.8706597,63.1312435,72.1687704,92.2322904
0.998368553,3.99926911,8.8881493,15.8420759,17.3965415,24.9597297,48.4355717,62.0728983,59.079343,92.8908609
0.981605256,3.88667411,8.22730989,13.8882057,10.845441,34.8991605,46.2445412,63.8069823,79.7596092,90.7776661
0.962592244,3.54523879,8.89565143,15.7336522,24.4322458,34.9477335,27.8122262,56.8806085,70.2058913,85.0835652
0.899711603,3.99016166,8.78679105,15.8257026,23.4282,28.5434693,48.4965519,45.9993928,72.9679762,66.5060167
0.99945823,3.69256557,8.98587625,15.6995197,22.4549245,35.9826427,44.7552088,61.5046061,64.5390882,56.0576935
0.993711031,3.98053786,8.6709044,10.2336899,16.7087454,35.2364376,47.1118833,59.9948503,73.4490348,94.3055902
0.976525494,3.60028885,8.90293616,15.4791879,21.5315833,26.0285618,46.4641235,60.8284283,67.4425315,73.4761934
0.999310873,3.99670503,8.9427772,15.9910533,21.2571916,30.1007134,35.1764434,63.8116748,55.7316434,87.3716999
0.999981342,3.99991303,8.93280862,15.926497,24.4749536,35.9095544,13.7091072,63.2281751,80.7061962,65.1135028
0.999905018,3.99996174,8.98186268,15.9643831,24.3757424,27.2994103,23.9984534,50.6223262,80.8459779,99.2838048
0.829391992,3.73833616,8.2641271,15.5421977,24.9725619,28.7510354,47.0276553,59.5449762,57.4795411,93.2328925
0.999525201,3.97204418,7.51649931,15.606803,24.8980347,34.9793687,46.4527399,46.6922984,59.8069113,67.9630804
0.922086205,3.96941099,8.58191697,10.4820987,24.7592152,31.4529869,46.6326251,59.2040057,65.7117797,88.5679962
0.999981697,3.99964137,8.99953716,15.9994413,24.9943703,35.2493617,48.8013992,33.3022194,59.7180938,65.0250938
0.999927455,3.98346612,8.96397895,15.8089323,12.8935832,30.023305,48.9623355,56.2243058,72.0399998,84.0416564
0.999998097,3.99981209,8.99987064,15.9969532,24.9714317,35.9961874,24.2942392,42.0344273,78.9029208,78.020839
0.996176926,3.55410845,8.8601622,15.3166785,24.4642741,17.1823268,39.1492814,63.967731,76.6684294,96.9702743
0.885197025,3.56343956,8.79225574,15.9739392,22.8251917,35.8269815,43.2465726,48.3166106,61.9933782,91.1020103
0.991759458,3.99998582,8.88184365,14.4472662,24.8089599,27.1238649,37.4547377,49.4256862,75.6847627,83.6719732
0.98868598,3.96251168,7.11608256,14.6494959,23.9549621,28.2988612,48.8556844,62.5291703,56.3076701,83.5281351
0.948713266,3.78900279,8.9187814,15.5295035,24.0648343,35.5450944,36.2872486,43.9553585,62.3889432,99.549851
0.969725978,3.9332986,8.13824794,12.81712,24.783461,29.1570767,47.483673,44.3855389,73.8876179,95.9461992
0.996025262,3.47153829,8.16111762,13.4014971,23.0814,35.5008424,41.403929,60.2581546,59.0619784,96.1022755
0.948324327,3.98284956,8.34452086,15.8116436,22.4477029,26.1638858,47.5672134,63.9354195,79.3509771,62.7463854
0.956115027,3.99652524,8.66966757,15.0657428,18.3292496,32.4893946,45.381424,63.760453,50.0618746,95.6625793
0.858076069,3.98998759,8.71871181,15.3025514,23.6777272,33.7000803,45.5100518,62.5526171,69.7573453,63.0692794
0.990847799,3.98691762,7.99244593,9.26226132,21.1051985,32.6127852,48.103023,60.7125114,78.2349773,83.1559558
0.996903943,3.56643975,8.87491592,14.7587532,20.1734929,34.7483142,36.2203421,57.4087896,69.3970314,91.1524258
0.999623274,3.99985873,8.99433438,15.9836956,22.1799104,35.5876578,45.1867697,55.8566817,78.963228,31.579219
0.995366885,3.92714532,8.761433,12.9286968,23.3748252,35.8265842,32.5060576,47.9706754,80.7075913,83.7219256
0.999938868,3.99967299,8.9723692,15.9755446,19.0386767,23.0297919,48.811255,44.9855811,77.1878182,93.6537292
0.93850071,3.74571118,8.50955812,14.0286723,24.0097388,26.4386064,46.4013653,63.5829237,60.4290053,87.884248
0.872724214,3.87842981,8.28956897,15.5769665,18.4510578,34.5213386,48.2576702,54.4653362,75.5994871,66.4165212
0.913924504,3.97830205,8.99382648,15.3705675,17.9171829,30.1549646,44.0363039,53.0884346,73.7085241,91.3772497
0.838399712,3.98309261,8.37389996,13.721996,23.2453175,34.6230622,40.5352631,56.9463379,67.6483393,90.409296
0.985033031,3.95265884,8.98265501,13.8219526,23.896812,35.8936764,34.5428623,63.3329099,53.4854353,74.556583
0.999927515,3.99871754,8.51286696,14.1618598,24.9816068,35.2114421,48.0452836,42.645575,45.9783976,97.61703
0.987987289,2.56627778,8.17344404,15.7270254,21.7484349,31.2810072,43.8860988,63.5552237,74.8085134,89.2637391
0.783869283,3.8198488,8.95187992,15.8494826,23.4120408,34.5204354,48.8590323,61.8723287,71.4955997,57.0753342
0.899258586,3.78815062,8.93046922,15.4550908,23.9055458,35.028696,47.182548,31.357175,79.1683055,70.9629471
0.995741696,3.97854294,7.69299976,14.5993958,21.799955,32.3559833,38.8983292,56.7096611,73.5225295,79.9254015
0.999950958,3.99998564,8.99927449,15.9960272,24.9037433,35.9101311,38.666417,63.2636484,36.0048077,65.6269715
0.929786628,3.96413198,8.21115274,15.949919,24.390309,35.2321433,48.6140953,49.5985566,75.4946022,53.5198024
0.95125664,3.55369461,8.67151861,12.9868087,24.8365836,34.7754048,37.4997411,55.4009998,72.7843921,82.5154952
0.926120736,3.93172504,8.19849293,15.9889055,24.024411,35.8756259,45.5440114,62.2168138,30.7256339,91.9856783
0.976867685,3.95728626,8.2315924,14.4585176,16.6639024,34.6715216,45.2056452,44.4356172,79.9238697,98.2041411
0.993794931,3.96029632,8.95767796,14.0849927,23.3256506,35.4899144,47.6204942,50.2430141,55.6232663,65.3284738
0.937766025,3.77425496,8.02322197,15.0315932,23.464114,35.9991205,43.1339414,52.9695368,56.6502117,91.9161467
0.998666191,3.9990043,8.92020537,15.8531007,21.0021,35.0941518,43.6260989,37.9400283,58.8857532,99.5183736
0.999880894,3.99965817,8.99963238,15.9791804,21.5848937,35.5392615,33.603134,57.9396194,79.3264443,64.6569229
0.998161647,3.97970127,8.93847133,15.9384456,24.4771695,19.7137994,40.3139276,54.6319029,79.1135807,71.2487455
0.999884358,3.99989904,8.99533659,15.9732597,24.8808547,28.5792497,48.2867877,16.6578094,80.7203345,96.727617
0.994709108,3.98742672,8.96196429,13.3881256,24.5592876,29.5045317,48.8455459,40.9950626,76.5872249,66.0026403
0.994900242,3.98088634,8.10491528,14.2670928,21.3882204,30.5478375,48.0646926,61.7835993,53.0048528,86.0848022
0.94808924,3.99623609,8.95053941,14.2310845,24.7846213,35.4516959,45.1933055,61.8899907,39.5188109,68.2064544
0.972395735,3.74695511,8.36599418,14.7787069,24.5319828,21.8085153,46.891697,48.4215696,76.2634608,99.6028338
0.999955808,3.99467387,8.99782123,15.9820507,24.8943834,35.7221703,38.2529455,45.6508137,42.7275267,99.3873133
0.96553615,3.92955789,7.91829531,14.3021386,24.7167087,28.9859607,48.1780049,49.6977322,77.945062,64.946191
0.996786722,3.99606957,8.48090994,14.0928554,18.2860558,33.2922746,33.8129663,62.8426288,69.6982419,99.3066352
0.964236408,3.06963645,8.7309061,15.2300085,22.548606,33.5292786,44.1049894,62.7570378,62.8844228,74.3610155
0.96917738,3.98896945,8.94536692,15.9553479,24.8923549,25.5065811,35.2572993,55.9811479,61.0686885,99.0697173
0.972534627,3.95568844,7.77486956,11.1884061,24.9903521,31.1447598,48.5935904,57.1755,65.2611621,87.5503456
0.999382419,3.998322,8.99873398,14.2964691,24.6578028,35.0650606,46.8609068,59.0853575,23.4417029,97.7184937
0.999999693,3.99999991,8.99999877,15.9999736,24.9994189,35.9978348,48.9597178,63.9980131,13.7049731,70.3263184
0.965272241,3.73527754,7.8017748,13.2398468,20.2350575,26.1412298,47.8142725,59.3207204,78.9746349,99.3978184
0.999973791,3.97444495,8.33949266,15.9553446,23.6731067,35.4645909,48.8754341,23.7161508,67.385051,93.4990451
0.984162786,3.96647765,7.14322903,15.8719533,20.2794804,35.2336886,47.6284145,51.8443265,67.9861311,69.6858631
0.98059806,3.54268145,8.90747017,15.7220638,24.6760718,33.5389292,46.7165273,60.4872085,76.96667,32.8693891
0.99999995,3.99999996,8.9984572,15.9178202,21.4035137,35.3422561,39.5166415,37.9057895,74.05962,74.0584178
0.999999851,3.99999836,8.9997741,15.9998425,23.2905648,28.3939365,48.4347319,46.8823415,54.7135067,79.7631274
0.995864615,3.98891154,8.2637185,12.800571,23.4858239,33.1675287,24.3175191,61.39116,79.5050928,99.1536711
0.934316898,3.9102635,8.93763893,15.8998893,21.0725011,24.487819,48.7747826,58.0657265,58.6957315,93.5444294
0.841890646,3.98091577,8.03854925,15.7491274,23.5171389,34.9690762,45.4008167,49.8216493,64.6790012,77.0145576
0.956094847,3.96959456,6.52781526,13.7716357,22.8923549,32.3710875,48.6216133,56.4051281,73.7313656,76.3961697
0.976092003,3.84851407,8.97760943,14.0531749,22.6329229,20.8906308,46.7791214,61.4766401,64.1468794,99.3806264
0.945193804,3.9552048,8.76930899,13.1751337,24.2119487,31.0684973,42.3094229,56.9278505,74.2238898,65.0189406
0.949798652,3.78247564,7.42721674,15.4776869,24.4579735,33.6295729,47.5391002,36.4542367,73.0634997,94.7030156
0.980564115,3.94420811,8.83969424,14.8441189,19.3476205,25.3923174,35.4974305,63.6324237,75.4320773,99.4856298
0.996278017,3.9706142,8.1634137,15.5981259,24.4203651,35.3929339,34.4445262,59.7841138,53.0249018,78.5705673
0.998315651,3.99963925,8.06731464,13.5630006,17.0801765,31.7506852,47.1897306,58.3720462,77.2885066,75.7230542
0.999899034,3.99939678,8.98882966,10.3024658,23.0330832,28.6958422,46.288166,57.6806272,70.9303153,87.0661449
0.984114678,3.97308349,8.9951485,15.782795,17.152877,33.0248658,47.884277,48.0258602,63.5428039,87.8122814
0.995496196,3.9915013,7.74846147,15.7493182,22.6666607,30.7286343,44.8065013,43.8126524,65.4872918,99.4284639
0.993762992,3.89469693,8.12675671,14.4982491,24.8706295,34.8604427,39.6508211,43.9653602,70.4358746,82.1646145
0.909779425,3.81544603,8.83467471,12.6553947,22.5056684,35.2507258,44.6010798,62.3956095,52.6663758,93.214721
0.994670442,3.9323158,8.99751798,13.7278068,24.7960721,27.6964056,47.9946124,58.4464146,53.5114641,73.2756065
0.975473406,3.75910001,8.3180036,11.8917982,22.8781824,35.9642523,48.879119,62.1088103,50.246942,86.4953145
0.999154831,3.63987615,8.35785516,14.0840905,18.7872892,35.8621276,46.5447633,61.2089365,56.8719654,88.7896908
0.914642171,3.87751144,8.84087158,15.8412892,24.1292707,34.165369,29.9612735,57.0388224,72.1061823,71.0386534
0.999883758,3.96333796,7.82210744,14.5736875,24.8768763,35.9418953,48.8657494,57.3911145,70.9052261,43.0174193
0.99265312,3.7570453,8.86643006,15.9388747,24.8168216,31.4413367,46.8200262,58.0563701,47.0223723,65.3082243
0.979007179,3.98120599,8.98483938,15.4692345,22.3501884,28.4048268,43.3701945,31.5900391,80.930107,99.9732855
0.986672245,3.59171635,6.72200706,15.5715007,24.4702838,34.4387646,35.2891265,56.6216088,77.5882979,82.7052067
0.999821204,3.99793751,8.33830193,15.5418764,16.9786819,35.8886923,48.8861435,60.3072911,54.9566007,67.4330116
0.939240808,3.62257774,7.47351429,15.1893024,23.3646172,28.6986218,44.5058025,60.8476007,63.9265987,99.5932083
0.956733442,3.99908156,8.72607673,14.7194963,23.5919484,35.7581728,39.5463825,63.6528728,78.7671416,38.7338706
0.988611491,3.66779371,7.42219099,15.5968919,24.8604896,35.7645209,43.4598676,55.6122317,50.3286941,89.5863525
0.999999976,3.99999963,8.99999819,15.9998892,24.9993745,35.3331587,25.994796,61.9967097,58.1902769,66.7469766
0.999816246,3.99950924,8.99961572,14.0027414,24.9028593,30.169975,38.3454972,63.3856501,44.3382497,96.6856601
0.905059146,3.94903652,8.98826254,15.5060373,21.1506277,35.4081625,45.7938535,56.1130818,79.1327347,54.6542265
0.99461688,3.99943565,8.9922442,15.9672963,24.7843426,26.9916798,47.533951,52.0672284,75.2950327,60.7658656
0.912315823,3.99122022,8.66778288,15.0157905,24.0075362,34.4191737,43.5166728,44.4121742,64.4660932,82.0495977
0.987750688,3.98841858,8.29526368,15.9960899,11.8676685,35.0462181,48.5301047,61.6668717,74.7130409,65.0551046
0.999484205,3.99991969,8.9857053,15.9941287,22.6607566,34.1003667,15.3639992,56.21765,80.9809629,94.605359
0.993768412,3.93021028,8.99286142,12.252561,21.3646679,35.9143616,47.5274982,43.2691681,77.1428633,67.405885
0.991076484,3.96069739,6.05040231,15.311832,21.0433494,35.9926186,43.7586486,61.0326526,64.9251486,83.2797585
0.998077046,3.98240707,8.9879548,15.9196389,20.4220619,35.6505179,44.2251208,53.1223526,42.9493989,92.0671785
0.960289434,3.99489601,8.84471887,12.8625635,18.3550755,33.3980989,48.3698174,60.7579293,61.6906905,82.1146071
0.951765077,3.98379832,8.11745556,15.8934838,21.194021,33.7902929,32.6439944,61.1525482,76.1929309,67.4247454
0.9999329,3.99994374,8.99945729,15.9995682,24.9987121,35.9163066,48.52075,49.1584467,62.027396,45.4377421
0.963199434,3.95935739,7.97555216,15.2826288,24.7678468,22.4338652,39.756797,59.9166693,80.3880597,73.5825802
0.995395797,3.71419988,8.23779495,13.7109447,21.5214701,33.8530705,42.8393645,62.6467177,68.5996029,66.885973
0.99863095,3.93680778,8.94026992,13.6190434,20.2822516,34.9035964,47.4146603,61.6023201,79.9594381,44.6140293
0.958462052,3.76327046,8.03722057,14.4287746,19.3800215,33.5931765,36.6917268,56.1029111,79.3589041,99.3068078
0.997788406,3.99947029,8.89789584,11.5067181,23.9743407,33.246272,45.8886657,53.0998042,54.3856894,97.2048618
0.977877371,3.97563136,8.91660094,15.0736513,24.9539249,31.4638954,47.3374495,63.3091001,65.4853805,41.6716292
0.966835068,3.87095407,8.91772316,14.9442889,21.1082173,35.3863462,27.2237201,62.0535834,67.6271964,93.9462143
0.86948772,3.92951939,8.98498994,14.9490874,22.6437384,35.3369641,44.8512935,63.2112569,45.2222228,76.4235739
0.99260231,3.93405119,8.85440627,14.404784,20.0883346,35.9212899,40.4674624,35.4609745,80.0438866,96.6309882
0.972444702,3.76184687,8.7981539,15.882612,18.9939446,35.71008,48.2847614,53.7076898,79.0508144,62.4659396
0.912882142,3.87512903,7.49532821,15.5966355,23.4350704,33.8957999,30.3593095,55.8562646,76.1340685,99.9597776
0.950072973,3.97532526,8.86189131,13.7068009,13.2177304,32.5161437,44.7536286,58.2858967,79.0479644,98.2730338
0.992826675,3.86967614,7.12498125,15.5693829,23.8994965,29.5654011,46.0428894,52.3216438,78.4929066,65.113877
0.999935306,3.99964118,8.96706535,15.9058428,24.4562779,14.1884385,47.3818826,60.7691508,63.2333262,91.5971606
0.996133346,3.62560012,8.71851933,12.94968,24.8209602,29.7267935,36.4388563,53.2508685,76.2635747,98.3564808
0.958963939,3.7664959,8.49970046,15.2800489,22.7884366,34.9131935,36.699327,63.7522387,48.2030503,97.7319613
0.95024758,3.47823129,8.01501308,14.329409,23.8745298,31.9617444,46.9823138,49.6950298,77.7693457,74.3215099
0.994384664,3.989886,8.23511668,15.8696561,24.4642825,25.1686579,42.6598898,52.4880792,64.9550948,89.8012914
0.999993779,3.9999832,8.99931375,15.9790006,24.9132655,31.7408867,30.7849604,46.5338578,63.5868814,98.2641229
0.999235292,3.99888477,8.81706927,14.5036686,24.8792965,28.1357121,28.3098871,61.2479292,69.0412872,93.5776913
0.94003029,3.90198523,8.62896107,12.0972445,24.9913821,34.2163104,46.2531675,37.7672202,79.3789928,84.5045731
0.923098125,3.91420586,8.99056721,15.2106151,20.3642095,28.6585725,44.3354837,62.3716644,70.4568707,65.8676682
0.999708801,3.99959733,8.97216012,13.6030594,24.5769187,31.5786732,38.6468374,38.2120947,73.6536789,99.8250421
0.917138821,3.95618286,8.58359328,14.1368019,22.3145782,26.1822017,48.7861455,49.9081594,77.7950462,83.501068
0.999951612,3.97954898,8.90466156,13.2266901,23.8140262,27.7096707,47.6120358,63.1936487,77.5348957,60.1498173
0.979657634,3.97942257,8.98346306,15.976479,24.9934281,32.0428959,27.8344449,63.9111776,50.5125861,93.163109
0.936392049,3.99067613,8.55121876,15.4486264,19.5229964,35.9423208,47.7233418,43.5247164,67.2564397,80.4757108
0.890067557,3.79474142,8.15706951,15.4108535,22.240051,35.9296549,42.9812127,41.303393,72.470507,98.7269023
0.998112547,3.90559843,8.86897729,13.0979329,21.3686517,23.0611612,46.0831435,52.2982322,79.6748992,98.499024
0.901998415,3.9954538,8.77547642,15.4102346,17.2602038,35.3276192,39.5171814,63.8138853,56.7853046,98.4736249
0.995968513,3.98364794,8.54877161,15.8542381,22.1053475,27.5763924,38.3802345,61.5659283,70.3387306,66.9731151
0.990736811,3.99629102,8.07285842,13.7738805,24.1160665,28.2602416,40.4107474,63.2615149,73.5501107,65.4740673
0.998844441,3.94865099,8.12046668,15.3647413,22.8531159,35.6572252,48.6763569,63.6681065,55.4702987,63.7863783
0.997293662,3.90890876,8.84064643,10.4325794,20.9341046,35.4097503,36.4133131,63.6917491,76.805144,79.8554297
0.982977324,3.94665012,8.08429772,15.8839471,24.8249522,30.1731122,45.5035794,35.087397,79.2423161,73.8141395
0.971260135,3.9904264,8.97215813,14.8786988,19.6438552,21.892926,48.6537006,61.0826324,71.1113631,80.1696017
0.980038462,3.96687079,8.02924982,15.7923977,24.967772,34.9639225,16.9301346,63.8957224,75.5685099,83.8304986
0.928073417,3.59593794,8.45772505,14.1528987,24.0871747,33.1757534,31.9204513,63.3536431,69.0100992,96.6327628
0.970357921,3.7393494,8.71124283,11.637649,24.8334298,28.6439297,40.792446,62.7012735,75.3157339,76.7519355
0.995369104,3.99558572,8.98696864,14.2556241,22.333258,34.5145754,24.52069,50.734856,79.5501676,98.9467583
0.990299789,3.99728201,8.89459773,14.3629683,22.068642,26.7425526,48.2960406,61.6819261,46.6049006,97.1518069
0.996570121,3.99217375,8.1072411,15.6235129,20.4994583,27.5898446,48.9042078,47.4101455,78.8066453,70.0748437
0.977174315,3.7200857,8.77850913,14.1691716,22.3197357,33.2642273,33.776026,61.668205,78.1524042,66.4513807
0.911800935,3.92477965,8.99728923,15.8271867,24.3492858,35.8061828,33.0800815,34.4207561,76.9313552,98.7237924
0.999940275,3.99961573,8.99886748,15.8382622,17.7973361,35.0129103,30.1974077,45.8408845,80.6717483,99.7791322
0.976362316,3.94275686,8.61304969,12.3531678,19.5344734,33.9945314,47.0742525,49.0943393,73.1659175,93.7617103
0.995897199,3.99672213,8.35733396,13.6627235,22.1369451,33.274817,48.6348043,40.454187,72.7077379,81.2731609
0.952958239,3.27463526,8.91362443,15.3135881,21.9468406,28.7614535,47.8276037,56.8177459,79.1950881,64.9461941
0.983847845,3.73676569,8.98932289,15.9220729,21.7848484,34.4145641,32.4336371,45.5631121,78.5271503,87.0239187
0.959333927,3.44732454,8.91524387,13.0295741,24.9707114,32.6636419,47.4366435,48.9604504,78.389505,65.0091739
0.998940929,3.9967055,8.96348976,15.5601999,21.6105233,35.7600051,45.0166267,18.8402264,79.5602036,97.9702206
0.970549318,3.78526529,8.93393324,15.4400099,20.8836958,33.574397,48.144941,30.9743485,80.0931042,83.7996095
0.984405937,3.84941576,5.76848191,15.98983,24.6991046,34.2422449,46.8391849,61.7506767,49.6308354,91.6240934
0.914614837,3.93939961,8.97866602,15.8410094,20.2782226,35.8806796,46.8157202,54.5352418,43.0965819,95.921259
0.999970442,3.99997334,8.99986894,15.9976993,24.6954842,29.7602026,34.7080726,44.618323,80.6164488,65.6442184
0.999821937,3.97658988,8.98544537,13.9479057,13.7709268,35.9324025,39.8545311,60.7167743,75.8023539,80.9956851
0.959637623,3.97858988,8.95138308,15.9334826,24.9251063,31.1560618,19.3286788,62.2038356,68.776999,97.5876687
0.989664338,3.91641275,7.22912055,13.9094337,24.9531481,32.4445802,39.7672838,51.2925898,72.6590586,93.259103
0.954724954,3.88766881,8.24063878,15.97229,24.7180895,35.1394493,46.145844,40.1214765,51.8016043,98.6847643
0.992689184,3.94633894,8.9656504,11.7312764,24.9043239,27.9742003,32.2689442,60.7908989,76.8796076,95.1654645
0.971257356,3.60865237,8.86541426,15.7811535,24.8565742,34.4533901,46.000845,49.0109669,79.1386182,54.7182219
0.998274408,3.99898813,8.92894298,15.2402498,18.9006085,35.8476231,36.6286817,52.3292833,61.1833647,98.5251196
0.934794768,3.99531313,8.96059495,15.9926058,24.0990917,28.0054386,48.5086061,54.2915216,41.3214401,98.0369485
0.999906443,3.96582396,8.95667222,15.99615,24.005905,22.6769603,40.5358471,43.5648271,77.0527244,95.7501969
0.995410594,3.95461666,8.94519717,14.6923305,18.5440571,33.3235122,37.5693123,52.6738101,79.9384668,75.0440902
0.995396382,3.97707916,8.59383372,10.7877658,24.9824712,33.9085507,38.4064993,43.8441813,79.7720663,98.6675908
0.952032505,3.92063584,8.91151485,15.2829122,20.3652701,35.9305935,48.9528856,63.0243198,74.3505683,34.0730601
0.955348609,3.82558157,8.96022432,15.9604117,18.4387193,31.8639917,31.6180793,55.5113338,77.8614528,99.8818452
0.947624729,3.94839432,8.97388909,15.6220178,24.7922248,30.263394,47.8207368,49.995277,60.032297,64.9338492
0.958069395,3.80686955,8.97363832,15.3384599,23.6573454,31.9703151,48.4335283,62.7527131,34.2515278,85.1129875
0.998754621,3.99905608,8.99161712,15.9748917,17.9372241,32.5169488,47.198417,62.2322237,76.7318849,50.0697976
0.999982619,3.99986231,8.99482206,15.9963356,24.9414936,35.9896599,37.8720609,61.8790486,63.0761344,46.80601
0.999731123,3.99864627,8.99950235,15.999502,24.9588463,30.4949402,48.6998229,46.0052547,36.1871324,99.6316363
0.938889652,3.83513831,7.3097385,15.588792,23.1444889,32.4832624,47.9625899,54.4228464,67.8973729,68.7804321
0.997952998,3.98791912,7.56990729,15.8924343,24.4525464,32.3301801,34.2562533,61.8350828,66.9094305,66.9442296
0.998903556,3.99963969,8.98998237,15.867905,20.5214949,13.5349796,45.1875656,62.7436893,75.8412798,97.2618423
0.927820811,3.62634619,8.91957276,14.437122,24.1987782,34.7519902,46.1874919,47.2225145,56.7481652,94.7310615
0.99523662,3.98068355,7.96975461,15.2807925,24.7254976,13.5149284,48.2572739,57.4595781,77.3357844,96.1802937
0.992771512,3.99887432,8.33891788,12.9332345,24.7272409,35.2607109,44.5516442,60.6614746,37.604332,98.2618457
0.999561443,3.97943105,8.39434833,15.9705585,23.6095928,34.8077463,46.6152424,62.6313694,25.080768,88.3731922
0.92559538,3.70964336,8.60855953,12.8916006,24.0432197,30.657023,41.8327138,49.0631012,80.8288955,93.9516061
0.986929202,3.94793272,8.89494521,14.9178925,24.8392139,35.6809928,47.9162557,36.6089107,80.3422576,64.4558177
0.956363023,3.81048087,8.96495598,15.8653331,24.7236832,34.4291727,35.5131295,60.2554656,51.3991682,74.5780619
0.912695523,3.91359368,8.60802982,15.7151704,24.506832,31.7297284,34.280014,54.1428557,62.6216826,99.0561834
0.949101194,3.96739661,8.09053277,14.60902,24.5419933,33.2741905,46.6237067,61.0927413,47.2301451,73.6124253
0.954575234,3.92075702,8.27101946,15.5781162,23.5001178,35.6152916,36.9864566,33.6045026,78.3376732,99.6734981
0.956480513,3.91840235,8.96243115,13.8938058,24.3534888,26.648641,47.236019,42.440539,72.602875,95.3743096
0.968556722,3.71160238,7.929126,14.8379875,24.526113,35.9506295,32.0185064,53.1932621,75.6473423,82.6864801
0.961838615,3.96005903,8.8745136,15.916007,21.9880613,18.3877165,48.9887003,55.2905844,80.1496425,69.2334991
0.946636459,3.9954579,8.93167219,15.8287546,24.6267954,35.332069,45.6393148,24.5834007,71.359358,85.4204725
0.996648583,3.99376458,8.91469741,13.4066858,17.0989958,34.3452931,45.7580823,60.2492312,72.0588972,65.173788
0.956600222,3.65967632,8.45830948,14.0624775,24.4564005,19.5112576,45.1544967,62.7871788,76.8729804,91.1666144
0.998585799,3.97835839,8.91931233,13.7974432,24.9482049,35.3380502,25.2345817,55.7868429,77.476046,70.1830661
0.999336151,3.86857818,8.56632698,15.0251006,23.6540637,31.8048135,38.0569429,53.9396858,60.3082959,93.2124028
0.92188564,3.91638328,7.95248569,15.5903232,23.9152748,28.9578092,39.0977008,58.6092893,70.6237252,82.1429069
0.986221044,3.75285039,8.99724463,15.9968133,22.7705487,35.491058,47.908111,44.519629,52.7197773,74.2060001
0.99617807,3.98518831,8.80175111,15.7090157,16.0300426,19.6798207,47.8976063,63.7162539,75.7486081,93.6788764
0.988815838,3.71779184,8.71020301,15.0526751,21.7319288,27.1880352,44.389453,49.1086916,79.1236901,83.0285233
0.943842014,3.94793121,8.92689307,15.0157386,23.4977634,35.5193014,48.3698965,50.9250577,79.8465212,38.8545191
0.912424556,3.7910783,7.85857602,14.3416909,21.2034342,35.0860642,36.5575045,63.02246,73.7401226,84.693504
0.995642051,3.88235796,7.98884181,15.2315352,23.4569494,29.9957493,27.2029001,59.6332797,78.7092093,95.7035505
0.953383245,3.67715551,8.42667155,15.1439419,24.8462898,34.9950634,48.2084669,62.3629642,66.7318555,49.2462069
0.931451266,3.99806515,8.93737404,12.1006277,21.7948104,34.5173118,45.6317063,46.778449,79.0378947,73.4766268
0.98264594,3.99515628,8.91262562,14.1967232,21.70182,35.7974628,43.7936132,63.6096121,38.7535978,85.9889827
0.958475068,3.97101532,8.60060041,15.9268345,21.7409904,33.4037746,40.9149522,49.8311792,73.7500492,65.2551677
0.9943712,3.88709941,8.53833978,14.4826811,17.5686126,35.4213517,48.3364626,42.7563667,80.5794402,72.2417989
0.996530784,3.98208528,8.69775634,15.729938,15.0596473,35.2322589,38.5530288,61.1823238,63.0927129,94.3636407
0.999416669,3.55513277,8.76891577,15.6448907,24.7012881,29.1396956,40.4684808,60.0532012,64.683632,66.6171183
0.986478276,3.98850837,8.07252374,15.7506319,23.1657148,35.2011479,46.352896,53.1328093,44.7238147,83.8198625
0.974575189,3.67616056,8.29527143,13.6931124,24.6413908,35.8330706,48.9593241,44.7395405,68.8515626,66.6339204
0.940460148,3.74582715,8.75563344,15.4324776,19.1007952,33.6421522,47.9453384,51.4581542,59.6052845,96.4178403
0.957285925,3.9919932,8.92061666,14.5889951,21.390407,31.4527483,34.2032826,53.0876818,77.8794323,88.2829208
0.900483457,3.97935697,8.39808024,15.9039214,24.0035763,29.2344592,46.8675909,59.7001657,53.7063501,73.8105579
0.998893837,3.99288976,8.99460235,15.9008203,20.366203,33.7506401,40.9697978,53.621657,59.8395777,72.3795375
0.951416312,3.85985857,8.58202188,15.7593169,23.8090157,29.8025889,40.1504317,45.7710452,72.4208924,90.8448947
0.927135531,3.93488489,8.52982463,15.9992771,19.7306844,30.8127939,48.6829664,59.8109961,55.670613,79.2837325
0.966085534,3.90162712,8.54688577,14.3983959,20.7767049,34.7836151,37.5840351,60.9940542,64.0099043,83.6279525
0.997381058,3.97858766,8.97275471,15.9484051,24.3766023,29.4969685,38.9882363,62.8633978,77.1296873,47.7912816
0.999825976,3.99922905,8.98877217,15.9415895,24.9312851,32.7969016,41.5543308,33.6878666,65.6689608,85.8609572
0.937920961,3.59834808,8.98916392,14.7297695,24.4290889,32.7710184,43.0497412,59.7274362,59.2178807,67.8928416
0.998712085,3.98658269,8.20411044,13.6744311,23.4791397,34.6120249,31.108498,61.4440857,72.9641965,71.9297832
0.970981077,3.98713053,8.57681046,15.9390635,24.259216,26.7124428,47.2970419,62.5987918,44.5462068,78.5492719
0.995187419,3.41218035,8.33703055,14.068536,23.3849716,34.3847037,48.9772644,62.6765157,46.8052149,83.1017586
0.997171762,3.99327243,8.99994832,10.8825986,24.8546363,33.7059614,38.856071,56.2615846,68.3724581,78.6191009
0.990581602,3.97948508,8.77547792,15.7915065,19.2207709,28.0800585,48.9876045,58.3483117,62.2989104,69.1382497
0.99063442,3.54543232,8.30534907,15.9997359,23.5953901,29.96254,48.0016917,58.0853396,80.187712,59.5102395
0.979383722,3.97562069,8.95402478,11.3694955,24.7856703,34.7378314,32.031681,60.8698968,62.7618687,98.5449415
0.998392381,3.99338574,8.12998382,15.1755537,24.0161593,29.0075696,40.8901903,35.9099393,80.256687,99.8843835
0.995384242,3.95232105,8.53370951,11.471755,23.2283947,30.4334297,48.7175791,53.8252807,74.1685654,69.50984
0.993634188,3.98814425,8.82193117,15.9640959,21.2760538,28.1739998,27.8989762,61.5565464,78.6653829,82.3356501
0.997691151,3.85913178,8.94591587,14.1992311,24.6897936,33.367164,39.1601966,45.1382908,75.0183569,67.7074077
0.791216728,3.85778486,8.55131222,14.5993944,23.2182524,34.1382053,44.3538646,59.5769189,59.2910017,90.9257939
0.933157873,3.999934,7.36379071,15.2034148,18.1735826,27.7500026,48.5100867,60.3346516,75.8696784,89.8709996
0.949978142,3.9751581,7.80078631,14.5401458,23.2980848,34.3421697,45.7407124,40.642356,79.1188914,73.1950116
0.912887352,3.96929817,8.93645777,14.0563849,17.2928489,32.9740673,45.1933724,61.5096388,71.3105899,73.6081453
0.968065938,3.53708852,7.58034892,15.8205013,22.6432326,30.0758811,42.0425558,61.7166516,72.3272057,75.1371357
0.996878183,3.97025649,8.34781873,14.8892243,24.4538974,30.7125581,47.8684112,63.1390393,79.8882817,31.7777931
0.999837805,3.99379747,6.89339454,15.6604076,24.1771448,33.5897491,37.0048963,57.7765549,57.5137222,98.9447948
0.983965227,3.97363031,8.89719416,14.8587328,15.7200887,26.9147083,44.6561484,61.3673009,78.0264061,82.3573533
0.989787735,3.96644138,8.87575955,13.7481105,23.843811,35.8777322,41.4970166,63.6464512,69.3710208,55.2738642
0.977848657,3.48863611,8.36740769,13.151375,19.4189634,29.7044717,44.6480165,62.8017406,74.242548,98.7873995
0.99996477,3.99888643,8.9790686,15.897975,21.0865544,23.2545017,40.59138,60.2845402,67.1215925,87.6981146
0.991167463,3.92618431,8.75898602,12.7574327,17.601448,31.5508273,40.6269996,63.6617656,76.0750346,86.153289
0.869564146,3.90419367,8.80222715,14.1542927,22.5290048,30.4066452,42.3895644,56.5528774,75.2230479,76.7548133
0.968170483,3.99727762,5.58674719,14.0792413,24.7360079,32.8746927,40.8673086,58.9538431,79.1762797,82.5872116
0.968039058,3.97532524,8.63607867,15.8505825,24.8171338,29.0246564,38.6387708,63.454585,43.093886,97.5363686
0.943190848,3.91449029,8.89577174,15.5856363,16.3526418,31.9346399,39.462911,63.3914303,71.4313268,82.6396941
0.97898636,3.95493632,8.93829603,13.7387817,21.2392644,29.1548325,44.2202152,63.7053677,61.7783481,75.1945197
0.970976505,3.82354494,8.39698111,13.609486,24.0934926,32.1368762,45.8365715,52.172272,61.9566501,87.071853
0.993388551,3.87577234,8.43762758,15.9782931,24.4550621,32.9930637,44.8323837,45.3156626,65.5761347,65.1932309
0.992275621,3.99386344,8.97336361,15.1543458,24.6774754,23.2514592,48.8441375,43.4693108,70.6069397,80.0076549
0.940737764,3.88674612,8.5636149,15.5408473,22.0171056,28.9983178,40.5438934,63.8974314,57.2799543,92.6018291
0.99896911,3.97694291,8.3773555,15.9752835,24.8028239,35.8002838,30.6467083,49.1653905,71.5345037,68.0523039
0.99838645,3.99060791,8.98111542,15.7825909,14.6043788,33.9005477,44.6681212,42.2641095,76.239282,97.9986737
0.933699564,3.96816478,8.97435381,13.4051539,22.2274246,35.8194407,29.2964282,58.9759301,75.2101926,84.8949626
0.991640314,3.9060155,8.93944701,14.37144,24.7097985,21.1180213,43.4699447,62.011661,67.691282,77.7750709
0.993755317,3.48276165,8.53862163,15.0821973,20.7018857,34.9402934,45.5786556,47.2829638,79.3431534,66.4277714
0.982087293,3.53232735,8.45939777,13.6803038,18.4145951,34.4353561,44.3833443,51.9864725,80.4445087,90.7100578
0.999981257,3.99896448,8.99555752,15.9925924,24.9806857,35.9669687,37.6030033,29.7962751,79.3089371,65.9885821
0.999962543,3.99981569,8.99355373,15.9944161,21.4715837,34.7239081,48.8152159,43.8707669,79.2340165,53.7883504
0.996769789,3.98356532,7.87038759,15.2572824,24.885059,35.0098117,47.9968181,36.0685845,61.2995558,85.7869141
0.961828267,3.9644977,8.68017177,15.8903878,13.9570033,35.0508207,46.2146802,53.3159683,73.9519465,76.7144372
0.92984969,3.83388953,8.86927396,15.2049327,15.8408013,26.9697325,47.3831649,62.0594571,69.9627804,99.3352733
0.960103993,3.99763165,8.76059127,15.4839893,24.7875722,35.0554302,35.932415,61.5679074,69.5621291,64.5884274
0.925625184,3.98521312,8.63594839,13.2662644,20.0357163,35.1089182,43.0048556,51.6197268,68.9458033,97.5858006
0.979321634,3.98712139,8.78768283,14.6330319,20.689326,29.5506324,47.9090992,50.3822414,60.6520076,96.6984052
0.999977102,3.95245833,8.97606724,15.3856796,13.4924575,35.5761368,46.1067912,63.0206088,64.973971,66.4443798
0.999562057,3.99989719,8.9958514,15.9636708,24.9058699,22.1872401,33.7705052,62.5910117,67.5994415,80.9645245
0.965497714,3.92867004,6.9891444,14.9241272,22.3285895,32.2963121,36.5726729,58.6925058,76.1848793,93.1691301
0.999391703,3.99996421,8.996311,15.9075878,24.847495,30.4290423,48.4864137,63.7205913,29.5114836,68.5167218
0.943039907,3.63294976,8.84079009,15.8971437,24.6602853,27.3267448,34.506519,55.9986074,72.9991914,92.8469054
0.998535572,3.94962163,7.63008234,15.8432969,15.3531644,34.5256524,43.6988975,61.4186417,67.4787006,87.2298564
0.984701663,3.96403705,8.50180424,14.6669928,22.9700212,25.9412581,48.8193295,55.8177553,68.4863026,67.5602648
0.882893403,3.69045495,8.93951034,14.1888345,22.4929005,31.8812143,46.1468661,41.2656388,79.2416045,95.7435985
0.999709294,3.99953013,8.9991293,15.9955781,24.9976509,35.8594526,37.5262974,48.9267444,80.8011939,45.1193064
0.971860573,3.92205344,8.11799276,15.9076607,19.5681976,34.3637916,45.2760843,38.2552524,74.91276,96.2337697
0.996266963,3.99675808,8.67195355,15.948396,22.2571296,35.4343273,22.7812219,56.4106783,77.7057845,75.8634389
0.967132823,3.80607374,8.76555076,14.9756005,24.7806432,26.0545848,37.8697427,62.6354722,75.6858201,65.0880092
0.909681805,3.89717879,8.09263863,15.1531587,20.8554328,29.2985495,48.308008,53.0797049,78.5180397,71.1332538
0.998980672,3.99126109,7.5062869,14.9640681,21.9077136,35.7721028,39.8530736,38.3170047,80.4621733,94.8407548
0.988577106,3.67236335,8.92652522,15.0702599,17.306119,29.7981501,48.8815682,56.2910257,76.9212587,67.9075666
0.945649903,3.98598073,8.93734912,15.9824233,24.7226806,35.4969988,48.9568407,63.3049119,80.4477445,18.7056154
0.993474466,3.91687167,7.99187291,14.432194,21.2516177,28.4974555,46.5075215,46.5570787,78.0755089,94.2813567
0.936117301,3.99912391,8.88174622,14.9965916,23.0339649,34.5405484,48.5807811,37.46482,56.593038,98.3611429
0.963571012,3.93237623,8.50492243,10.1865627,24.7974825,30.8469897,44.0966649,55.4078282,78.9710638,79.5695956
0.92726657,3.48170501,8.39886354,15.2875382,24.1686866,32.9581124,44.384464,59.6588167,51.8998589,93.8560775
0.999718673,3.99928412,8.99600083,15.9865971,24.736929,29.3748213,33.9643,63.9065953,59.2004043,65.1772667
0.991380258,3.5662505,8.9412376,15.2058035,24.8878446,28.2515171,29.5982555,60.7429636,70.5719333,96.3802017
0.939744952,3.97190092,7.97770053,15.6484331,24.539885,30.6142537,46.1343559,58.7476449,42.9194168,98.1127443
0.94284018,3.72922209,8.83556059,15.5603267,19.5384622,35.6702687,48.3955002,59.6397439,54.7875747,66.8639085
0.998593585,3.98635549,8.54840443,14.3772011,24.1669354,33.1375728,48.5172223,58.4901998,42.1454959,72.3935452
0.922257476,3.89909288,8.95025298,14.2130963,24.8639089,33.3724681,47.6639658,40.7419285,73.7037499,65.3807924
0.905573775,3.99081516,8.83770859,13.8121393,23.9604693,32.3440028,48.1480225,63.2545883,78.2925497,41.2234715
0.964461331,3.9912788,8.85562469,15.9530833,24.9167859,34.5725579,48.7422899,58.3340596,16.0428974,99.5951022
0.999999996,4,8.99999994,15.9999996,24.9999953,35.9999172,25.6487691,60.9388449,79.0157766,59.8622734
0.965448718,3.93252341,7.99735634,14.7553446,24.8983376,27.2966232,39.1160255,50.3511741,74.4105662,98.2609224
0.997586038,3.99713123,8.95260274,15.9391225,24.8233984,30.2052398,48.2621733,50.4326554,79.3652553,36.3851521
0.992054172,3.99851588,8.90519016,12.1648764,23.8912225,27.4899445,46.8078823,41.5423812,77.3125728,97.9808803
0.997570413,3.8150097,8.75639651,15.7133006,23.7738547,35.918536,40.5761533,54.3479386,46.5521218,81.8318712
0.918270132,3.66757483,8.56148881,15.0914488,24.3152243,34.8807512,45.2179596,33.3541263,73.1790645,98.0976196
0.999999969,3.99999994,8.99999963,15.9999986,24.9994851,35.999785,48.999235,63.9950105,70.340461,23.2923703
0.994878299,3.9191867,8.1179528,12.8139921,23.1575884,30.9529342,40.9437764,51.6874367,78.9905503,87.1484438
0.99999991,3.99998962,8.9994127,15.9997395,24.928198,35.9360897,48.8419326,14.3352572,64.2858762,99.0967996
0.996339369,3.99696587,8.39067777,11.6892974,24.6675904,25.8292055,48.6989925,55.2863398,66.6542742,94.5473435
0.964698354,3.99790589,8.8937737,15.9854801,24.6202743,33.1721511,28.8201388,37.7002008,78.5318856,99.6055589
0.970581623,3.88263957,7.77143963,15.7895454,18.8682811,35.4437592,46.3435165,60.8324393,58.4474393,73.4990603
0.993318662,3.97559232,8.93960769,14.1614532,24.7423782,30.3933672,46.9769791,43.7836939,61.7384953,82.3504472
0.996074511,3.63842538,8.78702706,15.9981786,24.6522525,33.8506932,25.6090412,46.7128674,78.8674862,95.9332109
0.989206229,3.8208514,8.36765156,15.9749465,24.0760751,34.5064842,41.6326936,61.9568198,75.5603731,40.8901085
0.876898226,3.89013568,8.17143441,14.9198743,21.2851049,33.9582027,40.1031196,62.9701239,71.578085,69.994109
0.999804326,3.99730654,7.73435799,14.8217481,24.2560228,34.8535041,38.4477868,63.4151136,44.4094346,93.9081711
0.999296214,3.99680097,8.98513315,15.7164828,24.9626022,17.1008098,47.0815454,62.3782692,68.0024143,65.1349273
0.954842749,3.99780684,8.87640994,15.8452426,24.6440392,35.6990244,48.8864864,43.5206301,41.8769203,82.6943576
0.884076515,3.84902497,7.62789735,15.3231778,24.6902577,34.921014,48.8483308,41.9914186,70.4079252,76.7574979
0.994079175,3.93256224,7.59652883,14.7487038,21.3129054,35.8402965,41.5654416,50.1535136,64.7556891,97.6062725
0.999799195,3.99800804,8.86035,14.7599743,17.4989604,35.7259531,45.9694715,61.9174884,47.9395093,84.1710978
0.998387972,3.95201379,8.92771409,12.4132666,22.0885524,33.4549242,48.9199688,60.0737294,54.130289,69.7475569
0.999416517,3.99612882,8.76601447,15.9578161,24.5336704,16.1035509,37.3918876,63.6002538,70.441244,97.2849702
0.996526856,3.99470642,8.36807578,15.8313345,20.0694463,21.4600944,48.318658,60.3786765,64.8455462,94.5184279
0.956417454,3.86052696,8.95130055,15.9475672,20.1910961,32.8318956,31.571402,61.5422111,75.0871406,70.7484938
0.993254034,3.93134738,8.20617521,14.5222186,20.0132062,26.8740225,41.8366732,61.7941364,69.5146075,97.912621
0.970176853,3.92439799,8.974945,15.0745829,18.5639558,30.3062878,40.4922646,57.2372317,65.885643,99.1504568
0.93692242,3.99975021,8.96610713,11.7615246,22.3786321,32.3922363,42.5625419,60.4677418,68.99323,77.3875076
0.993419992,3.49713017,8.66481858,14.2698121,22.0991111,34.1813551,47.7102881,54.4297232,64.4405086,69.3211019
0.926290246,3.89770431,8.95614667,15.7793585,23.7611979,35.7747212,36.8532912,56.2188525,44.3876563,99.5793872
0.946885234,3.88602022,8.16166552,15.3893619,24.2927436,35.6945411,45.1622299,48.6139922,60.266704,69.3036876
0.900170449,3.98427871,8.36668068,15.2101339,22.8842539,24.0327558,46.9476909,53.6569543,69.7701262,98.2505102
0.999848257,3.99984665,8.96159872,15.9458254,19.4905115,34.604,48.5372628,42.0235749,63.9456071,70.1283855
0.973240007,3.96275251,8.15819966,15.3346362,21.9696264,32.3950982,46.4192709,63.2730672,71.46519,63.8526457
0.945209505,3.98830109,8.00218732,14.2866924,16.720251,29.7974227,47.9707139,58.5746252,79.6614867,83.6441633
0.958511528,3.98258785,8.90782965,15.2452685,24.8521569,23.768369,42.2556696,62.8103794,56.1368757,85.9190009
0.98723621,3.93633754,8.9753241,14.7167133,24.4169234,17.5745881,45.580635,49.2123057,79.0075336,96.9021241
0.997126635,3.98243728,8.27681261,15.720732,18.6641021,35.6637906,38.0296028,60.4932816,60.8733279,82.2634992
0.99947293,3.90323615,8.88731379,12.9605521,23.8975534,35.5962727,44.9981454,33.7683804,74.0789417,87.9897815
0.996568046,3.99988268,8.97620144,13.4261154,23.7209464,31.5842222,48.4558777,54.7130536,40.8590629,99.3247533
0.999361152,3.99414187,8.979433,15.9829769,21.0290975,35.3091049,33.0595891,63.9521921,59.7234331,65.1324278
0.999999286,3.99999441,8.99520474,15.9697025,24.9699478,27.9847711,39.9809597,55.5744193,50.8482037,86.3668179
0.954136722,3.87408046,8.9869021,13.9248312,24.8986306,35.8863292,48.2977998,57.17578,63.9472491,59.5603289
0.993809785,3.70330981,8.97869453,13.7284637,22.7492983,35.3466783,46.020313,48.414488,58.468265,86.6087285
0.98663838,3.83800641,8.81740216,15.2598093,24.8135283,31.5702361,31.5730554,54.0511784,72.4054918,76.6769664
0.959061739,3.99445948,7.61190779,15.377311,22.7179573,22.554585,42.575771,61.9205561,74.9673014,91.2443548
0.999923134,3.99939711,7.78721735,15.6007947,22.693145,34.7803342,31.2008482,56.4169369,67.7589001,89.873574
0.96430683,3.98131435,8.92565807,13.9260282,23.822968,32.6461797,41.1866053,38.2834909,79.7292476,82.3605307
0.990452917,3.99378492,8.41084542,15.0066776,24.4047064,35.1089313,48.7561935,48.1243202,79.9997706,40.4012273
0.990077524,3.72093286,8.31965405,15.2443778,24.7594861,20.0644429,48.5927156,58.7093871,64.8696431,92.4775685
0.97176239,3.96537129,7.01997402,14.180067,23.5572641,35.598843,47.4329583,62.230371,74.9964859,63.7118534
0.916211165,3.97715469,7.80103138,14.7003412,20.089922,35.8711275,45.3372627,42.3512875,77.7944516,94.5067914
0.954895995,3.84333527,8.0566893,15.9959347,24.3215435,33.8205205,37.8886557,63.6735813,57.7993175,66.2981812
0.966445479,3.99342045,8.30493317,13.5676266,24.3684179,35.7508743,47.1824719,57.0190428,76.1574362,50.5548636
0.980295984,3.97632801,8.89593446,15.830689,22.4185403,24.3897624,48.3256284,45.517679,64.677936,97.6212005
0.985721751,3.96929445,8.99371209,14.0765942,22.9751687,35.4271705,35.7976124,48.1840348,61.7757651,99.4311965
0.904757469,3.93947272,8.69338211,15.2580992,21.2071817,28.4599383,41.6604332,48.6203878,78.7842623,96.5084678
0.897450487,3.88543732,8.46849469,14.2459473,24.6320197,29.3240095,47.621244,59.1310495,51.3902426,96.5639634
0.998983789,3.99009909,8.34934695,15.8876697,18.2815584,30.5366446,45.2422114,49.2811258,71.8084428,88.2886428
0.99849913,3.99640395,8.83691799,13.5202939,20.8675611,34.2705339,43.0625597,54.3754756,66.5874967,71.3258242
0.999730613,3.9539077,8.38803759,15.5891743,24.6714545,35.3899444,35.987868,56.0671064,42.7230469,99.7952139
0.999977307,3.99801272,8.99615162,15.9988344,21.9183675,35.2056501,48.4127515,63.8636917,52.4825904,52.6741521
0.983045612,3.19158792,7.92909218,14.3204557,23.0762733,32.5522211,41.7362908,56.192566,77.1150061,90.3954257
0.993293334,3.57666072,8.85490495,15.4811828,23.2930032,33.6282459,48.5048205,57.807718,34.9723149,96.6421865
0.995639999,3.99013479,8.47991798,12.9214255,22.1574278,28.228154,45.1365253,58.680588,61.2390372,99.3208227
0.979525084,3.95896987,8.41614977,15.4976962,19.8407907,35.4044363,38.3597063,49.2435264,72.8468348,82.9660799
0.999883233,3.99989752,8.9999559,15.9931648,20.30498,29.894038,47.5729159,36.4966027,78.9732561,71.8943907
0.998442176,3.95869568,8.99213049,15.993611,19.2998443,27.8964678,41.7550486,49.736594,79.620084,73.9926664
0.969680508,3.91231122,8.82769519,15.986991,21.9888995,28.618246,43.3696151,63.4356674,56.1991254,69.737576
0.975736451,3.88981408,7.77015476,15.9519307,24.9914363,34.0045887,48.6199494,48.4780818,80.4297998,50.976411
0.996621333,3.85316859,8.47701061,14.3411878,19.6792935,27.5545224,47.1037775,58.8103119,77.2215535,68.2308042
0.997953555,3.9964612,8.96410607,12.8882945,21.3557061,35.8377271,40.5473244,46.0307017,71.2652799,88.633446
0.999995801,3.99993816,8.99991417,15.9856449,24.8686992,35.6457216,19.8277199,47.9213215,70.9183453,98.7508112
0.987928339,3.96251718,6.13764074,13.3564976,23.7251374,29.731137,44.2291909,62.4098039,76.9296532,83.8243403
0.998307392,3.98543591,8.86519667,15.8055453,22.9842471,34.5898186,29.1038689,57.040898,61.0565777,86.1618713
0.998361028,3.99438719,8.08351942,15.6184072,20.7038274,33.4350699,24.4454764,63.7845238,79.4375147,82.3884599
0.998676967,3.98128337,8.95547552,15.9289508,20.708094,35.8223704,48.5574816,63.2814117,27.9190551,76.5688762
0.996641444,3.66059831,8.745255,15.1265503,23.949254,35.4168189,21.8181092,57.3307166,79.5940815,84.5387055
0.940450444,3.9972811,8.94575063,15.8541958,23.2826379,30.1547239,46.3657236,55.5116644,80.2492116,50.4483388
0.932721834,3.89856398,8.41642248,13.9492033,23.8019902,34.9578069,42.9496832,42.4947337,66.9623537,99.5878669
0.985721992,3.99113153,7.24360259,15.1083698,24.7417367,35.519957,43.348572,58.9731602,53.5276601,69.2632681
0.993013295,3.9797407,8.41784225,14.0793641,20.8945409,34.5409692,31.4783386,53.4675328,80.4972735,89.5933239
0.941358743,3.89817711,8.91847466,15.6952465,24.29331,34.2904983,48.8822027,63.1084895,56.1426143,52.3857855
0.992523897,3.74086421,8.79387725,12.4709678,23.6821056,28.5088866,46.7646917,62.8718497,60.010316,83.0992134
0.925234695,3.464199,8.94871813,15.8319105,21.0226284,35.3979291,31.4960991,56.9620612,77.5687572,85.5318218
0.94022148,3.94242737,7.80162252,12.8534513,24.9816467,34.596236,48.0620288,60.1434449,55.3078902,71.639535
0.958528142,3.91847348,8.92010812,15.6205685,21.4818864,25.4698263,48.4716621,52.7837239,77.4775739,64.9134057
0.998372725,3.99799582,8.18461433,15.2787219,23.8936497,28.746273,45.0178075,57.9505724,47.7221294,96.617743
0.95714778,3.9996069,8.97041164,15.9309339,23.8994388,35.8165052,44.4227067,40.458502,63.9264929,65.1184708
0.996766841,3.71263922,8.90152511,15.7723938,24.6875605,34.3215634,46.6347623,26.1317051,74.790965,78.2611662
0.999275394,3.99958543,8.93943478,15.6632989,15.7770537,30.0052155,37.5334038,63.6502919,78.5446193,70.6351456
0.939121717,3.98876715,8.90916966,13.6158751,23.9641206,28.0892905,35.9005497,61.079574,71.0786051,87.4539553
0.999921711,3.99956279,8.99939894,15.9826584,22.1077587,23.4060347,48.9526044,63.5735846,48.3870358,78.4956255
0.952847289,3.70226477,8.99577696,12.8018759,23.6542721,34.3974608,43.0139359,45.6909776,76.1335289,80.9002139
0.998438625,3.99502856,8.09616008,14.4102256,23.8443303,35.1617763,48.4549461,22.2965505,80.2460355,92.3396135
0.977709467,3.32518742,7.91054912,15.8448989,23.9326184,32.6874527,48.5059931,53.9006877,68.8061056,65.2134807
0.994771805,3.97984297,8.65112807,14.0593093,24.7774714,35.6340683,48.4514289,63.9153835,55.215841,54.2896947
0.962868539,3.95091509,8.92523805,14.3586258,22.2871983,33.0667731,46.7298919,54.5769525,52.697801,81.8910017
0.999570201,3.9983925,8.39236929,12.7081755,21.0884073,35.58685,37.7125744,59.9787509,76.3013733,66.1489304
0.928338911,3.96217644,8.81580617,15.364146,22.0111215,21.4304521,44.1837563,59.8874326,76.868637,78.9135867
0.999863681,3.99666304,8.94597285,15.7823003,21.9768841,28.8947054,48.5457037,63.5812691,67.3362939,54.9395077
0.999171734,3.95737879,8.97103726,12.6207463,22.0303691,27.639811,42.7667218,55.0218414,80.7624666,72.8120863
0.950698841,3.71571121,8.74879388,13.1998254,21.5278232,30.7326386,41.0406235,62.5643447,76.1694814,73.8087932
0.997006641,3.97600541,7.5036279,15.4030534,22.587843,35.6184195,46.7146558,54.1230339,78.6775699,59.9339248
0.921165048,3.85505997,8.33312931,14.4457586,23.1144446,35.055824,41.9260627,54.0932555,70.933663,67.7489423
0.937919503,3.9501898,8.96844198,15.9780735,24.6825495,35.5298387,45.9482891,54.6204467,44.8256088,64.9289993
0.991797621,3.99260496,8.56580117,13.5271744,24.6372146,30.1189954,39.8414293,60.187296,60.106435,82.2945031
0.99630119,3.59602322,8.90359723,15.5581765,22.937081,33.6405487,34.0606344,60.5678672,64.1590994,74.6325332
0.999962724,3.99716578,8.97411644,15.9870144,24.7414384,29.404325,12.642409,63.4444448,77.134346,99.6853516
0.999752716,3.99473179,8.67898956,15.8416746,11.5512529,33.3774965,45.1064563,52.3038584,74.9638119,99.5254962
0.899174782,3.93487798,8.72875159,14.333908,24.7780187,34.5429076,43.2080726,59.6798949,41.480193,97.1928202
0.996029325,3.96799591,8.86412976,8.90133009,24.3739414,34.6091403,48.3106862,52.975069,72.5901753,69.3271088
0.993749072,3.98464941,8.94591126,14.4182592,24.958743,35.4760343,43.1324972,22.2974588,74.2342959,98.6367208
0.96622393,3.86760919,8.9072834,15.933887,23.8781569,31.7353506,45.1439999,44.0618984,53.9560309,96.4113751
0.992945519,3.8411271,8.94507435,13.8892169,17.8805301,35.1666463,41.4714904,62.1693657,63.4444472,81.5601811
0.965127711,3.80285932,7.87607953,15.8135195,22.8352744,27.8885023,43.4408951,56.5252733,79.6469132,65.3887397
0.999976788,3.99966914,8.99910104,15.9979407,24.987046,35.986165,42.0682796,16.1349999,79.0070651,86.569862
0.992980118,3.90279667,8.45118697,14.8962536,24.9111351,32.8730342,40.1593794,58.6380111,61.4482037,64.9135618
0.846821968,3.81200769,8.70159664,12.4124836,24.7535368,33.4828619,35.5592617,59.097885,74.4211764,96.5125259
0.975726725,3.95013187,8.87433597,14.5295764,24.7183305,27.0579274,45.9774195,52.4420472,55.6303878,94.7096218
0.999261796,3.88865502,8.42179405,15.9530836,19.2329895,33.3088371,28.1825791,62.7654942,68.9508497,99.4702986
0.999326213,3.99904427,8.09231789,15.6632891,22.1660339,35.0560844,37.4840458,57.2549583,66.5495166,65.4607791
0.998657297,3.98762503,8.50104695,12.907448,24.678801,33.8717391,42.343063,51.2006003,71.674076,65.2556637
0.995252149,3.48102888,8.56504215,14.3140114,24.5508015,35.6375775,45.80908,62.4343362,75.5000541,44.4655448
0.96430312,3.98309551,8.79465691,15.9507937,23.45504,29.7641045,46.5639807,39.5763459,69.6616816,77.4812128
0.999774729,3.9997668,8.99693394,15.9988513,24.9117404,30.2757444,23.0774369,61.4143787,68.9274156,79.4478127
0.976247082,3.9475304,8.90406272,14.7837041,18.6473954,35.473439,47.8522257,52.6270446,60.8110959,72.0222811
0.95412033,3.4866005,8.70401209,15.4330981,23.9547664,33.3884643,35.5253955,59.0057147,58.5966549,98.6897301
0.962698406,3.98515947,8.71033774,14.7611947,24.5730657,35.481159,40.7536913,46.698816,58.1694283,83.8888095
0.992060977,3.99174354,8.96973812,14.3149377,23.2573151,30.2377229,37.7585672,59.0544182,69.8041755,66.1589252
0.999882227,3.99936148,8.99779852,15.9653653,22.3547908,32.6562396,47.19461,57.1978154,27.9410338,99.9627193
0.95458715,3.95443618,8.56824664,15.949926,21.5715065,33.5880907,45.3593569,62.2393934,33.9082664,99.5792115
0.993153407,3.74514482,8.80927205,15.88781,21.5618194,24.9710373,29.9343266,63.9096809,76.9636959,98.2866912
0.994993308,3.99414579,8.52188714,15.9006543,24.7056138,34.85692,47.9285027,47.9591117,46.106642,67.8814298
0.995155888,3.97371823,8.63103711,14.9422562,22.8377663,21.5328022,38.2299812,58.9393766,73.7733021,99.5541242
0.977973965,3.77544357,8.9086446,13.8935546,21.5314581,32.4608159,44.374485,52.0285939,78.8495698,64.9783117
0.878527949,3.94637451,8.90497882,14.5551761,20.8767626,31.2199306,46.7239481,52.3776498,66.6883801,91.2190627
0.988010047,3.62297007,8.20765674,15.5606044,23.8448876,26.590293,44.2543466,54.5164315,71.5125523,81.5141341
0.99988897,3.97822879,8.4910503,15.8939401,22.8834887,24.1270319,41.4449032,62.6141076,55.8735802,96.4827807
0.997826073,3.92008427,8.92412676,12.4671781,21.0546607,32.6348654,45.9808252,60.7334075,53.8334053,93.5189088
0.972527081,3.95837929,8.11315662,15.7134031,21.0875844,35.6253445,46.1677057,42.5195354,77.2775305,64.9291635
0.972494314,3.71125058,8.75666148,15.1086312,22.1226928,35.188696,48.6410387,45.2057748,67.8189057,65.5842575
0.96492242,3.90717558,8.89918687,15.7053484,20.2587275,26.0669771,36.8957237,62.8298409,78.5064157,73.1975324
0.958381371,3.98204116,8.97014254,15.8089661,24.6109169,34.4623404,39.320558,60.8372166,36.5691191,86.5558898
0.999353586,3.72500109,8.83762013,14.9796576,24.2223902,26.858267,47.484627,45.3136872,80.8959745,64.9277971
0.989622709,3.96752755,7.86555616,15.9632529,24.8100121,32.2423691,41.4104311,48.6717582,60.7718986,83.9635014
0.999954151,3.99884251,8.40034623,15.9746148,24.7318439,35.8550917,39.0868677,31.3842114,65.7424654,98.357951
0.999276452,3.99256347,8.34297702,15.5533657,24.1411866,25.6774227,34.8252192,47.6703556,79.3196668,99.0398746
0.999960699,3.99978654,8.99963898,15.9950662,24.997947,35.9661395,48.9817653,61.7798329,40.3799891,57.8521694
0.978884468,3.99434674,8.35546121,15.2129869,14.5011069,35.2379196,42.734349,63.9778023,67.799551,78.1924748
0.99925052,3.98164892,8.46476456,12.9821849,24.1438902,22.6974739,47.2558159,54.0712871,79.7340615,75.7792291
0.998450577,3.98181565,8.92931585,12.0665161,17.7832841,33.239561,48.5560178,52.2304602,76.3717504,78.1096819
0.99894938,3.92315885,7.96379449,15.841501,22.0379793,32.1955038,40.3211726,58.2169875,56.7617763,90.8330734
0.962635681,3.9909061,8.76286478,15.7651403,23.5231153,13.1224222,44.0840881,62.8669211,72.3916133,99.9609447
0.998292596,3.9895448,8.94534548,15.2291255,16.6831708,29.8401555,42.1804418,50.5592676,76.6985827,95.8011419
0.992642874,3.9614751,8.13857632,15.7583892,22.2887531,21.5587602,44.1784242,59.5532384,75.1463362,78.5834668
0.999977436,3.99853189,8.97906448,15.5973701,22.5232769,13.5071517,47.6649617,61.622399,79.5487047,70.6699816
0.986118697,3.82321575,8.86283008,15.5742836,21.1565051,32.7448761,44.1423064,44.1743806,68.8367241,84.0104515
0.999573277,3.99917767,8.99550788,15.9725254,21.5857288,34.5910057,34.9004788,56.621593,47.5866686,99.4727022
0.983239143,3.98659974,8.75724722,14.5595441,21.009763,35.0500861,48.2304275,61.7357678,67.3753698,58.6816839
0.999763179,3.997166,8.9986811,14.4710313,23.9192908,35.9015417,47.3913071,34.5898924,55.5824561,93.1761754
0.999989382,3.99981706,8.9997677,15.9990942,24.9972586,35.9967462,48.9510052,47.3908317,21.2913423,99.829299
0.927118824,3.89648249,8.91288148,11.8247403,24.5976381,35.988396,33.3986626,61.7018022,65.1293292,90.8080777
0.999906204,3.99992554,8.9990655,15.9962786,24.9983042,35.8546627,42.1353226,63.7673795,16.1078478,93.290585
0.927534355,3.99497638,8.52976457,15.988735,23.8137567,31.9200866,46.3179518,62.0777648,80.4481762,32.0341747
0.979386971,3.73289247,8.74353823,13.8179009,22.8818756,34.4955787,45.8067907,62.0273133,55.0861352,66.2535966
0.99995013,3.97994224,8.05714893,13.4614693,24.760694,26.9913659,48.0706539,51.5251367,63.0572155,95.6562476
0.999967029,3.99949151,8.98995967,15.9214682,23.9842874,35.8499781,32.8377819,36.7242815,72.1731185,86.734425
0.999960231,3.99993537,8.99879592,15.9851556,19.4494335,29.8838814,44.7790271,60.1001152,49.710989,88.8897543
0.911255132,3.6423735,8.55215635,15.3319697,24.5996415,33.980988,48.6488708,57.0526471,53.3210719,66.6002701
0.999459376,3.99902595,8.12643235,15.6435485,24.4830608,35.0314888,48.8707975,29.356412,71.5289596,69.8734291
0.989377976,3.94734645,8.97538058,15.5078755,20.9377829,35.9384522,38.2440314,62.3289381,79.977991,45.6988481
0.964189413,3.86796888,8.84336494,15.2668794,24.8098616,29.5921044,41.104158,46.0737469,79.6951019,65.2174088
0.994675327,3.98417379,7.00850791,15.419568,21.7663909,35.4093703,40.9014301,60.6412862,69.8020321,65.0430357
0.999134325,3.99851046,8.99961644,15.9899218,24.9986309,33.8013087,45.9048037,39.487016,49.0607149,84.0903866
0.987065641,3.95894628,8.94618313,15.9902393,24.5973794,30.7304723,48.5545683,27.3233001,64.1317507,98.2503884
0.99219275,3.9783703,8.9931016,15.7177465,22.410071,23.5534818,35.2292323,54.5325591,80.6467791,86.3772357
0.962151194,3.99144764,8.5765902,15.7204965,23.0674947,35.6774371,46.8591331,56.2848947,69.7235741,48.7620255
0.982495214,3.99292284,8.18581583,15.9732918,24.0724035,28.5018452,47.7427178,53.1738791,54.9346804,77.7362269
0.9993375,3.99825903,8.98675198,15.9772933,24.8174489,29.1492431,34.5495755,36.8384092,77.0931947,96.4665976
0.996676289,3.76064627,7.79558827,12.3824877,24.7792953,35.7020366,43.2550345,54.8383295,57.6055599,99.0014895
0.999243743,3.98959307,8.96784617,14.7267437,22.1456712,32.2810286,43.2833602,62.1562135,50.7883248,69.0497947
0.999145295,3.98445512,7.99756893,15.2053438,24.1077156,29.995194,43.4569003,63.4605026,79.8759826,50.7946575
0.915156977,3.88749381,8.85928884,15.4402807,24.0684017,26.4472841,44.8011448,56.5479294,60.531858,87.7881113
0.995491253,3.99729871,8.96755956,15.6166611,23.329733,33.0181858,45.4600968,54.5998049,67.7380687,62.5575506
0.998866426,3.99958026,8.99078992,15.9691109,23.5895505,23.7557566,48.5557385,29.0561303,80.8496735,94.6937285
0.999191823,3.99982639,8.99233661,14.8922426,24.9075224,35.9286005,31.8115889,56.7876821,48.591881,91.6021198
0.929169213,3.18200049,8.73228532,15.0533267,22.9371572,31.2175519,42.6042198,63.7657467,73.5739102,67.1532206
0.987157906,3.74722194,8.41416813,14.1219269,24.624264,34.64262,40.3132053,57.4819811,49.6977862,97.5214492
0.939527308,3.93605949,8.85258983,14.7096038,23.2256996,33.248377,33.7671743,63.3833084,59.7059547,84.2523374
0.997918402,3.8708289,8.91724666,15.8196665,21.98347,34.1285632,48.8458681,63.4194658,66.1129419,35.8520709
0.964167849,3.97242489,8.39585176,15.8727535,24.9197026,33.4082292,34.3686898,50.2564399,60.0587484,95.8382098
0.886942176,3.90538543,8.85451334,15.279524,24.290363,34.7530161,39.359128,58.5355727,79.1362462,62.6839124
0.975968893,3.74366792,8.52586023,14.9531285,22.3101571,31.4382725,47.0899248,62.1653449,44.6819008,94.5129867
0.999552494,3.98265867,8.49789448,15.6756986,24.3120318,25.875943,35.355204,54.1522896,80.8404299,69.2373296
0.999773111,3.99962129,8.99668885,15.9536559,21.3618716,35.9235582,48.5831763,52.060864,42.4397494,69.0365123
0.998878991,3.87591779,7.96741896,14.7421208,22.6564487,34.2452583,48.8919327,49.1488967,49.6744833,98.9554148
0.999857875,3.99956705,8.99996702,13.725946,24.4087574,35.6189936,40.4389223,55.3187537,44.1622023,91.8967041
0.98597506,3.76827133,8.93798366,15.126072,20.0268177,21.6331199,46.7239542,52.9351015,79.850413,95.8563958
0.981870562,3.65148622,8.71300739,13.814144,24.7442172,30.4420473,40.8462601,56.3312541,71.3924321,72.1160909
0.999975935,3.99957802,8.98720943,11.2905414,22.2349364,33.9033171,38.269422,62.9977759,56.8728719,99.763287
0.965039179,3.99407112,8.66206434,15.7695547,24.2869371,35.6494266,23.3853966,62.1160577,69.1347001,69.4276318
0.991022428,3.96698315,8.88814707,15.8156424,18.9515492,35.9940204,48.0420475,34.2860437,78.9349263,66.1070335
0.966230937,3.9382009,8.01198007,15.9912376,23.3372153,33.996484,45.2967008,31.7656191,74.8769158,90.9039387
0.95853013,3.99468066,8.72713349,12.6628476,24.6780646,31.2820991,47.251178,31.5669956,79.0220115,99.3168426
0.9601771,3.9963406,8.98244355,14.0287814,22.8377403,26.7289881,44.4055723,48.1778607,78.8069602,78.6704628
0.99961622,3.9986944,8.9745202,15.9728335,24.7648578,15.2962553,47.7796985,51.6892987,74.6915579,80.1147286
0.99996992,3.9981766,8.61143879,14.7598921,24.1802387,35.8261289,15.722876,61.8501585,78.3367277,84.2717568
0.995207118,3.87409932,8.46736131,15.7265145,20.8868429,35.9674945,43.0228191,61.7169217,45.4732384,77.9040353
0.992394614,3.97188625,8.34157759,15.7712364,22.2908352,25.0046714,45.7903627,43.0939595,76.9148814,94.8288378
0.987980693,3.53502811,8.74479897,15.4949499,23.8125609,33.4138295,47.9022808,36.9037594,65.8693442,91.5835349
0.944973206,3.54046138,8.44817943,15.734783,22.1110623,33.8343298,46.5292379,54.1558818,63.9024368,71.405942
0.999107306,3.99971292,8.90311177,15.8326275,20.7424819,29.5258764,48.5865039,63.9462017,80.961326,32.1681982
0.971795697,3.97607514,8.38589333,11.5160337,24.0873476,34.584766,48.0045903,48.8593749,67.7218261,78.9462997
0.919285592,3.88028955,7.12693693,15.1352105,24.2865015,32.9593092,39.4442343,58.6161513,72.2866589,77.5575734
0.996761797,3.99987811,8.97091948,14.2356055,24.7202005,33.3366514,46.3639933,54.481087,75.2444573,44.8367354
0.954063674,3.99774404,7.3533818,15.8981216,24.2578998,34.1063663,45.4409699,41.2828948,71.121015,76.5849841
0.933213058,3.87785116,7.7178669,15.4010365,24.9958182,33.3602324,33.4038688,50.9653698,80.9527236,77.7049147
0.994053112,3.99521248,7.41159565,15.0738995,24.7123704,35.6011632,46.5851994,46.0954456,53.8145961,89.3681189
0.999348115,3.99877803,8.95668651,15.9019643,24.824831,30.9375622,48.451033,41.4081839,80.8818637,55.3103948
0.999780743,3.98584053,8.99690672,15.961096,15.274013,29.74375,45.9561979,63.6700628,52.1542634,99.3420891
0.998253029,3.98883276,8.9958128,15.9888956,23.109833,26.9199539,41.810575,41.269137,77.9123101,77.763705
0.983329702,3.99959307,8.92251419,14.5696697,24.6319304,35.8091085,47.3495044,63.8818222,80.7933574,30.3290707
0.999850967,3.99409286,8.99159714,14.2924487,24.5880952,35.1980547,33.7807301,60.8010785,79.5823647,55.499837
0.98844781,3.92190831,8.4738788,15.0754023,23.2251994,35.5577724,30.2552899,49.8615025,68.589706,98.7730228
0.999714295,3.99227284,8.64896517,14.6853988,24.9915961,31.1468096,47.5524826,34.3725356,72.1642123,75.1178871
0.995744273,3.98359563,7.71964539,15.9198564,24.4902217,25.6670314,45.4504694,40.2765624,74.1928913,99.0849924
0.997209075,3.99698995,8.99062845,9.54229705,24.5013591,34.0436184,41.5526638,48.838886,76.1326484,89.9056106
0.933325306,3.96598505,8.76802344,15.2375871,23.5708107,35.5743369,24.0072946,57.1407345,74.993402,85.2538313
0.998866927,3.99915174,8.98713402,15.5328038,21.5465921,21.3358733,48.4740573,60.4831858,71.2046814,64.9647451
0.922536436,3.97577012,8.36732127,14.925905,16.3234012,31.855088,42.3766977,61.614577,71.6601805,96.7191923
0.959572912,3.89848963,8.99867967,15.9144064,24.754428,35.7156704,47.7134203,61.8867193,25.1224798,71.2970314
0.997949611,3.99892685,8.96999257,15.7780764,24.9314544,22.0120357,45.6287493,62.3808065,79.7406817,54.3389016
0.993223221,3.78011705,8.89015068,15.753551,17.9078237,34.5647654,41.0475894,38.8962278,78.4811514,99.876847
0.987582455,3.88971847,8.23377995,15.0048041,17.5473162,32.3640433,41.2717635,60.8095685,72.9383864,81.9476528
0.954449741,3.90649864,8.96211599,15.937895,24.9805537,34.6929373,47.819361,41.1481636,80.2245563,51.0340623
0.891911478,3.96124841,8.98027242,15.7893537,23.3505926,29.9534925,42.0640052,46.4546333,70.4873044,86.011812
0.992368373,3.96190667,8.55406066,15.206,23.39146,23.3181376,48.8928787,58.6846562,57.9933129,83.8079941
0.946283948,3.91891314,8.40539245,14.2177652,24.8692562,34.5283456,48.288376,61.1153729,78.1045562,32.7931253
0.982015985,3.98927725,8.98740341,12.4130481,23.3491656,30.6980328,37.9237363,46.8534949,78.9562073,97.769395
0.981987679,3.98689774,8.87539713,15.2894806,23.4858072,31.015865,44.559681,54.8217202,43.9781889,96.5408948
0.921361571,3.99069266,8.46166015,15.7322746,20.7770321,33.3153698,36.1057833,59.2249484,69.5717517,79.0608495
0.89865601,3.95678246,8.9052673,15.6984753,18.3592272,34.2335557,42.994307,58.0524729,62.9017637,82.2946227
0.999453201,3.99948249,8.96523568,15.0330958,22.9761669,35.6586181,48.4920172,46.3188914,38.1348508,96.7673643
0.998906174,3.74014874,8.94157147,15.9949997,21.4068708,33.0849033,30.5708718,60.4470856,59.4424629,99.5877411
0.940235125,3.9179338,8.54852769,13.4302743,24.6058895,27.528873,48.7986508,53.0633151,65.7262347,84.5505265
0.970999044,3.61899629,8.60026692,13.7555768,24.46622,31.8373963,35.9707927,58.4220219,64.719992,99.9973369
0.945813198,3.87411263,8.56704172,14.7616131,21.1071702,32.6079482,44.4171025,50.7389828,70.0531959,82.6862408
0.996197492,3.99649535,8.90952384,13.2645469,24.1511992,24.7461501,42.3406087,55.2081278,70.8103705,89.8823432
0.985315315,3.98558565,8.42231238,15.1239644,23.7186255,34.1593869,21.8948117,60.9782512,70.342634,96.8129561
0.9996777,3.999993,8.98728111,15.9171759,22.2685816,20.4383123,47.9985982,52.0508513,68.5593472,85.2937321
0.985277769,3.98877331,8.67177178,12.8385861,20.1048076,26.3636892,47.6638462,62.128295,73.633879,75.5831312
0.989440141,3.97478738,7.92108206,14.8664713,24.5054224,35.2579013,35.2634987,52.4636949,76.6255726,64.9469633
0.952482025,3.95290227,8.90370664,12.4493174,23.984665,35.3448324,48.1556915,36.7023749,67.0086507,96.1864484
0.996179309,3.98616935,8.99242318,14.5062855,24.9697689,35.9995575,48.400915,59.185462,29.5047846,69.5046069
0.998794314,3.99743066,8.98461794,13.7096458,22.6928735,34.2391538,28.9618424,61.5872648,69.1417537,79.2873283
0.945173382,3.76372053,8.7436263,15.7296062,24.889672,33.1643465,38.9323507,50.2377099,63.7998929,78.1239947
0.9650523,3.82632358,8.94980978,14.4430951,23.8114007,30.4110426,48.4260923,28.9888429,79.3920609,95.494853
0.993638521,3.99614326,7.8206885,15.795238,24.9943514,35.7035758,43.7061556,63.366485,22.9670892,99.4639584
0.980037068,3.93251774,8.53334779,12.9043152,24.4738009,35.3064544,46.1317905,56.0808528,49.9526996,80.7821493
0.991301023,3.68887084,8.95394692,15.1131699,23.1309883,33.4243679,41.8020124,61.3350791,79.0669807,51.2270753
0.959718697,3.91875792,8.41876809,14.7731601,24.6931591,34.946346,43.0004295,62.6670035,33.6244387,96.8099783
0.953067145,3.62339608,8.43167074,14.0613419,23.2033907,35.6752415,40.0885572,60.5307404,68.3545663,66.5418081
0.999884182,3.99558627,8.22649314,15.8945963,24.0520393,35.8177457,45.4945563,43.2963465,80.9881865,56.6641144
0.999697792,3.99647848,8.98865752,15.7207332,22.4999826,29.4745065,34.7603186,51.1351671,71.7945555,84.7089207
0.990265482,3.97730614,8.99209542,15.984579,19.5238498,29.9148695,48.2170627,32.4511163,74.9542629,98.9482093
0.988632361,3.9702335,8.9992575,14.541967,18.6866268,27.298933,46.8548961,58.4772199,66.5986106,85.9194364
0.990710274,3.73873718,8.9350737,15.9318983,18.8964022,32.0775133,43.8445589,63.2261372,79.4434243,64.0418453
0.999950125,3.99996253,8.99325865,15.9547236,24.9351164,35.4619504,15.1044715,63.7928215,66.5537411,82.1582436
0.998402461,3.98761177,8.97277723,12.4599096,23.5424305,33.3780512,46.8344315,45.7775005,64.8417425,80.8812584
0.898500633,3.97967977,8.87248915,15.9081077,23.7864719,35.0721116,39.7320446,37.5003523,80.5650111,67.5381679
0.997977356,3.99003382,8.43282938,14.5356448,22.7528375,34.2358056,44.4459126,49.7391899,58.6152497,81.2108187
0.999981081,3.99997902,8.99556574,15.9817148,21.9326032,33.6571238,48.0271762,26.3223232,78.3048307,70.2586515
0.999655838,3.99860453,8.97903346,15.9876821,24.5019408,35.8575143,48.6321951,24.5673647,60.7250998,83.6806626
0.997946188,3.97003139,8.98433581,15.6798184,24.7789202,35.8735627,41.7351372,61.2989134,53.2562541,64.1646638
0.999458427,3.84763705,8.9500565,15.7224756,18.3226122,25.7062837,44.5391822,54.9026624,69.4431744,99.1073667
0.999528957,3.95838391,8.50933547,14.905473,21.7382951,34.0798492,48.8483747,57.5747272,77.9434541,41.5481534
0.961075692,3.92478191,8.82831739,15.9370297,23.6276805,34.3189481,29.3261785,51.430206,78.7198812,67.4379159
0.910753026,3.56687476,8.65650767,14.5316396,21.8244465,34.7348881,46.398628,57.0444594,57.6426024,91.5200405
0.99844097,3.9823036,8.97053744,15.7674681,21.5615009,29.9185654,47.3002708,53.7644705,80.7958856,55.7596907
0.986300475,3.7214107,8.53813402,14.8407377,19.8382004,32.217829,43.1217515,54.1713361,67.1300445,95.6138321
0.994495425,3.97913527,8.52031126,15.0786422,24.4159634,23.6371502,48.3856053,63.856251,43.039827,96.8467098
0.999977928,3.99981981,8.99705453,15.9494481,24.6317905,30.4408966,48.8074596,63.3663973,54.5272903,52.8482509
0.942250083,3.94967693,8.35536611,15.2506249,20.5774614,27.7215984,42.8109929,58.1625868,70.3351037,92.4644746
0.880947516,3.74302819,8.78794738,15.9304086,24.1058213,32.5084147,48.8059733,58.5966311,45.3345875,77.5858138
0.942840133,3.92459711,8.1205955,15.0313129,23.8789466,31.6949193,34.1824224,54.5087743,69.8872521,98.6979968
0.978424845,3.99769984,8.58356037,14.9352801,19.9459201,35.395343,43.8190566,49.160973,56.216767,99.7838845
0.989060356,3.87731895,8.87987939,12.3359298,24.284524,32.9585355,44.9238638,63.5280386,75.8578952,60.2533578
0.972463938,3.44818977,8.70075824,15.0706505,24.8252881,29.8266997,47.8463668,45.5920158,79.9220677,64.9234152
0.858889608,3.87302481,8.47641732,15.6294622,23.3984855,27.865836,44.7969578,61.6272176,69.7327593,67.2181236
0.998891765,3.99553826,8.39188949,15.8101739,24.8144823,31.8094884,41.854485,58.8375873,43.9471295,81.071378
0.993967238,3.98612075,8.81887775,9.92922997,21.2393021,32.4353477,45.8701076,63.4767608,71.2810245,73.3683766
0.998301026,3.98827419,8.99595612,11.4650159,23.5096855,32.2696029,41.8202925,53.7274705,79.7682494,65.1850863
0.999298208,3.99687282,8.49920392,15.3808822,22.11707,32.7040281,46.3418728,32.9789556,71.0713544,95.7367022
0.909952482,3.90957767,8.45510012,15.7384769,23.8791199,34.575117,48.7492848,35.0735357,68.5508935,80.0839111
0.995931365,3.9644333,8.87468532,15.3583961,24.096836,28.32253,39.7738198,45.2394627,66.232358,97.9394933
0.964564788,3.69987373,8.66881739,15.2647421,20.6213238,25.4632077,41.2038392,60.1475169,78.0297776,86.9539671
0.967533868,3.70188117,8.27131435,13.6561942,24.7644873,24.7603313,48.3989224,57.0812962,68.8768572,88.8344576
0.980673686,3.98651674,8.78867103,15.8321391,23.4313256,35.6204362,40.2808114,29.575024,76.6998141,83.0937079
0.986285716,3.8674004,8.81632498,15.8182221,17.6872028,28.0741185,39.0123941,62.040208,73.6793465,86.7680283
0.994813523,3.98990032,7.33276919,14.7022484,24.2161866,32.2749759,48.9195048,34.6370385,78.8252237,82.5157536
0.93887551,3.77687565,8.75954694,13.2406382,23.9420097,35.2553059,47.2142347,55.1736984,80.6877717,61.3027518
0.99751412,3.99971043,8.89589715,14.5058323,20.8734031,31.6713521,43.0133223,42.7397614,69.8763845,98.4639028
0.929501999,3.94550762,8.98262031,14.6353914,24.7617665,28.811228,42.2795464,50.8612409,71.7044583,71.2371353
0.999997937,3.99975834,8.99741319,15.9876184,22.5728506,33.0456073,40.4560633,63.3820025,36.8929389,85.2213238
0.986037333,3.94782299,8.98916108,15.9784147,16.1401302,24.5299657,48.4030834,59.7849265,78.0916048,68.3218453
0.988879765,3.98096459,8.88171163,14.3934176,24.912243,33.4043,18.2946091,55.6002942,78.7111851,99.1861348
0.999288226,3.96333786,8.77821808,15.9469947,22.0041712,18.2557983,40.0393977,61.1403209,77.8763586,86.8809245
0.962247692,3.84097645,8.665565,15.7808545,23.4578771,33.6577905,46.0007152,32.7914019,78.2978906,71.1671114
0.986736095,3.99140643,8.75450435,14.551772,15.4616663,30.7603805,47.888497,63.3238362,74.9789648,65.0280522
0.998385765,3.99916018,8.98348976,15.8602001,24.8766266,35.8356433,40.8762605,42.9491779,76.5618627,63.4561798
0.999841508,3.99248657,8.97318931,14.5654241,21.9175313,34.3904702,44.6939203,42.8866878,68.943871,69.9755325
0.929001935,3.88596597,8.80166554,15.507157,22.8483847,31.1947781,47.4616924,62.8161683,48.5978874,68.9680433
0.998995714,3.99633455,8.99760473,15.938695,24.9032768,29.2477479,43.4296203,43.4820576,65.6441228,68.9040962
0.953320529,3.62228736,8.50075628,15.7283278,23.4311482,33.3692845,42.8117127,44.8911965,64.8403982,97.1148892
0.997815577,3.86123834,7.64778575,15.4151045,22.2680546,33.7328259,48.8039289,53.5605686,57.6986251,73.4012297
0.999671113,3.99988352,8.99967567,15.9943083,24.9479581,35.9109272,39.4746714,34.8429027,53.9868137,98.9354783
0.998211494,3.97920789,8.35230583,15.9155723,24.5586865,32.4771419,31.064388,62.6115925,63.3089423,67.1916025
0.986326631,3.99469092,8.77733342,15.9331616,19.3480751,33.7652531,42.0756057,44.5592895,79.6909413,66.1550368
0.967901291,3.55970503,8.34964129,14.8021535,22.8333618,33.947375,48.6794784,56.1880987,80.9126358,62.1627565
0.964624086,3.97581859,8.63409617,15.8943455,24.8773474,29.797562,48.1629624,59.2298987,66.4638359,57.6490302
0.998550075,3.95123288,8.49483306,15.89905,24.8138744,34.4515069,48.7332072,60.6926396,61.2353205,36.4139986
0.949925999,3.81537244,8.94889491,15.966833,19.8734955,30.5433046,48.800401,62.7094193,46.1747688,86.4859721
0.999935213,3.93833238,8.47442768,15.396468,23.5978976,34.112529,37.5045739,40.2959825,78.5367097,74.2628687
0.957023463,3.95784655,8.99425254,14.9523459,24.9444366,34.2717743,42.6563959,55.9212087,74.0316893,52.472821
0.999978085,3.99984352,8.99774516,15.5800998,24.7573285,30.319644,47.2679351,54.7896022,40.1257848,78.6628399
0.965916081,3.55964353,8.28912381,14.8622577,20.6808827,33.7079004,40.6578284,52.0074269,77.6333972,89.5961172
0.997907348,3.98037809,8.68456166,15.9218679,19.316658,35.909993,47.6095082,61.9918623,77.4304596,32.1000343
0.928728628,3.8540251,8.31810441,15.9167373,23.4065377,23.15263,42.3123746,59.6619947,72.5799397,87.0662123
0.968199138,3.76327999,8.49189936,15.7570389,24.7359282,32.9194866,48.5530209,53.6758723,80.9805957,36.6605836
0.999617805,3.99872835,8.98945272,15.9958238,24.8857046,35.6414641,41.6154828,53.9782439,30.8263276,92.1986399
0.964747847,3.99797433,7.83421175,13.9272218,23.8831894,26.4243428,42.4367366,63.0457967,66.1781879,91.057526
0.991441399,3.92915129,8.290143,15.6479131,22.0561106,35.9059039,46.9401775,55.3128301,35.0536555,99.3203564
0.997089748,3.99525757,8.39062813,15.905536,22.0401037,26.9239329,35.1614494,56.7487433,74.3299641,88.8671295
0.964040602,3.77881688,8.6161052,15.9346685,21.0029314,23.7743604,44.7604191,63.9444652,62.4083039,94.1510999
0.999332329,3.9957255,8.06191511,15.9629954,24.7257641,28.7354827,47.5464281,45.1309556,55.2172596,95.6783562
0.99995855,3.99969891,8.99570729,15.8794052,19.4036747,35.0107673,29.229321,60.9950465,62.541917,91.1410382
0.954115566,3.93492545,8.76208552,11.8795113,24.33245,34.572163,38.3606663,54.9539253,79.245952,66.1070383
0.936031902,3.95010557,8.50602763,14.698507,23.8403652,30.9707665,39.9772924,60.9342468,65.4420342,69.1044794
0.999847991,3.99998252,8.97266479,15.5813054,24.3250695,26.0870558,35.8421081,63.6157452,49.5312052,99.5346356
0.999471344,3.97408365,8.96297481,15.8149755,24.9869685,20.7140144,40.7708053,60.8300428,57.6885238,93.9284991
0.942637129,3.85816682,8.98838973,15.9906231,20.9837546,35.7073068,47.8487372,56.884689,68.1627603,61.1929856
0.982723777,3.74896068,7.96454283,15.5126867,17.3487769,33.8414224,45.3031051,61.4792829,62.4008875,90.799537
0.985453125,3.90013416,8.46092296,14.6197377,23.2880032,33.6019071,39.8473404,41.1615043,71.3035775,98.4187665
0.963272169,3.98704713,8.98992171,15.8348229,24.6413022,35.7725612,45.2787996,30.2725585,58.0512954,94.8046188
0.999995719,3.9999865,8.99323799,15.9093223,22.1674898,29.7795121,48.8617234,45.3595394,48.1061949,99.3363125
0.99656466,3.79829267,8.95875269,14.2466477,24.6883872,29.3511322,48.8642905,54.8391875,79.2884228,56.7253938
0.999997357,3.99998642,8.97273666,14.5481508,24.9513085,28.632392,44.4815422,30.5131161,74.8144226,99.2865813
0.964118778,3.99542687,7.67969567,15.8031586,24.9493099,34.5911686,42.3355664,62.008745,44.522502,74.1075393
0.987865317,3.6976546,8.84549271,15.9717573,20.7206934,29.7341546,48.705801,52.3940593,64.0379664,73.0348422
0.999975111,3.99999023,8.99529413,15.998973,24.8194762,30.479946,48.7892032,22.1627786,76.5073695,77.9881619
0.896258733,3.84203128,8.84775467,15.6182823,21.4736051,34.8141482,48.9538583,63.4628577,75.8177742,36.9310204
0.926868041,3.95191812,8.95719193,14.8359894,23.81583,29.7569105,47.9899071,61.8644951,72.0408273,59.7106303
0.999887711,3.69139033,8.99613082,15.042458,23.8433681,31.4821485,44.3800393,47.3638053,62.7383393,80.9797203
0.949166983,3.97846703,8.05729577,15.7064592,22.7719712,35.4260101,48.3572695,63.2155844,35.7036853,76.842624
0.990795297,3.71031843,7.39448317,15.4597557,24.067157,35.8067738,46.3187314,46.4508797,71.1839991,65.732367
0.929438021,3.99447635,8.68987285,15.1849638,22.1394654,33.3403401,48.4697596,61.319648,39.8033962,84.8191306
0.998219924,3.99331915,8.93257173,15.5984871,22.2804783,31.509169,24.6109328,58.1807184,71.9757856,96.5395553
0.999509205,3.99917189,8.997702,12.717836,21.2754132,33.569209,34.3633539,52.935822,72.7577676,99.6442355
0.965841645,3.91929132,7.80743646,15.5450986,24.1471125,34.3903812,44.7838889,63.7185205,73.9136563,44.1241525
0.997947974,3.99157926,8.51577623,15.5052776,20.4278361,34.6245021,48.6919226,53.3146544,73.3848811,64.2423681
0.999889547,3.99953106,8.99835284,15.9995548,24.91603,25.1495595,47.2718726,42.775234,54.6582425,99.768414
0.906343549,3.93931999,8.76545688,13.977289,22.1441232,34.0965107,48.885564,47.761988,66.2733208,76.3131527
0.994956323,3.98940649,8.98933075,15.8089418,19.6826885,30.6130643,38.919992,62.7289377,66.911713,65.5285187
0.97712909,3.96059676,8.95660981,15.1118323,23.7645908,21.1963099,48.7528196,39.3084692,80.7652655,92.9359431
0.993135914,3.9642182,7.6871635,15.4965821,24.4721781,24.6711819,41.5955033,63.3262101,72.8383306,66.022484
0.997634885,3.98120845,7.90774009,13.7663587,22.8813391,35.7241963,47.6590648,61.0044085,40.3871465,90.79872
0.999953521,3.99987782,8.99097272,15.9992748,24.9805632,21.9576282,44.2080298,53.9508561,63.3452207,76.0122833
0.990242591,3.98337179,8.82198368,15.6518772,12.7577685,35.5681218,48.0154754,54.7998924,64.5188646,88.4937269
0.999729353,3.99935122,8.99711827,15.8511524,16.5408193,30.9093037,41.2749283,62.2975328,62.1511742,84.7859917
0.998659938,3.98128098,8.9948003,15.9104031,24.9131885,26.2896403,30.9149642,49.2340052,79.678042,83.6597081
0.97476155,3.96898788,8.57459592,15.6648523,24.7365103,33.9327377,48.8670344,55.3943976,32.9488242,83.2410822
0.998358005,3.99938923,8.9184631,15.7507786,24.9589708,33.1059529,40.3606414,58.6052436,80.5353575,31.8778876
0.998131745,3.9960017,8.99935567,15.9933574,22.5017561,33.7976106,36.9891602,49.10574,58.332983,88.0191128
0.971447013,3.669496,8.77604578,15.7247987,24.5458199,35.2417096,29.2154502,61.8746556,68.2264563,65.7659656
0.999868104,3.80416912,8.94845452,14.9379592,21.9469411,28.1666352,38.2253297,53.6171077,68.7797075,99.4536324
0.97772467,3.90207006,8.81721533,13.0605291,24.7724097,21.0970174,46.2466358,63.6101418,75.3444596,67.2001732
0.998319652,3.98590672,8.90056369,15.9612512,20.9284362,32.6266082,32.2260321,40.489851,80.4293174,99.2635561
0.994382193,3.99364231,8.36005405,13.7513671,24.8547517,30.86997,45.7532627,63.4252798,53.0614639,65.7749131
0.99836058,3.99266996,8.18346975,15.9944229,19.0475686,32.9712648,46.3813109,53.8941836,62.1346568,75.2966423
0.991701694,3.97746536,7.77067111,14.0931049,22.7060814,27.1897637,46.2663882,57.5050325,79.829791,65.32247
0.998499412,3.99950839,8.99846046,15.9707381,16.4153091,35.5614626,45.1710484,53.5528648,61.0082223,72.8188563
0.995710347,3.98757739,8.55937316,14.4247246,22.0685607,30.4207552,32.2493992,63.1285886,68.0953835,91.9084134
0.912463159,3.99864809,8.94142219,15.6327055,22.9431962,33.8551127,46.847977,26.4771976,73.4114601,98.2985826
0.901078209,3.91543346,8.03374175,15.2334544,23.9637257,31.3767003,42.3082225,56.367233,75.9398145,64.9576871
0.992134845,3.52355032,8.26785745,14.9686855,24.5129932,29.9576168,46.4971777,57.8647694,64.2203715,68.057011
0.999816736,3.99990633,8.99488935,15.9788328,24.8995479,17.9332101,35.9944417,53.543367,79.1682068,94.977069
0.97985631,3.9759302,8.97690642,14.9931963,23.3372291,35.9821854,35.7065613,51.7043813,69.7422314,64.9325442
0.999954559,3.74647796,8.63692925,13.8718269,22.2701368,35.8002314,35.5025332,43.5631033,80.4657275,93.8968863
0.99562832,3.97005318,8.73468692,13.3542812,19.29805,32.2813517,41.257509,54.4760994,71.9489585,94.5258679
0.934038557,3.95675199,8.65758076,15.2650808,18.2267916,34.8269292,48.9836507,50.7491931,71.7236924,65.7098114
0.987154223,3.91522655,8.2359867,14.6996816,23.9617927,26.3138408,46.6340894,48.3243762,72.9434264,84.075868
0.995398879,3.95336074,8.95673816,15.9294085,24.4984044,22.7003675,24.4910888,62.4638249,78.1495175,97.195683
0.999717824,3.99858093,8.99858487,15.97426,24.9996452,34.2192073,32.0764845,61.9714788,45.2173551,77.1939221
0.953606587,3.81624704,8.96186258,12.1995245,21.8593762,34.0675415,45.0654774,49.4052485,69.8941963,94.8899382
0.926266877,3.77863639,8.76574696,15.7631774,24.2865285,34.6440542,41.884951,59.8446819,72.5122188,60.2390808
0.982865459,3.59161095,8.37390439,15.9351241,22.9964182,32.292888,47.2496795,45.6124937,74.4471289,65.4034381
0.999543503,3.9694502,8.9103846,15.8705153,20.51485,35.993446,47.8388029,27.8825447,66.9861824,96.1219188
0.999677558,3.99987617,8.95435817,15.9476537,22.5514758,26.0053248,42.8169508,52.7953776,56.8832957,98.3186977
0.999956046,3.99936971,8.99922891,15.9868068,24.930092,35.8356715,48.9796171,37.4798204,35.042363,99.1305836
0.942011093,3.71661947,8.59188366,11.7271997,24.5728206,32.2314374,44.0653804,63.3530173,68.3669238,70.0434865
0.965248881,3.96604095,8.58561716,15.970813,24.908365,28.7986489,27.8738894,48.9867656,78.3220193,99.4244883
0.996417869,3.91480885,8.75479142,15.9203301,23.8044413,28.0413919,32.1142423,61.0948986,64.9217415,86.4225011
0.936235345,3.93479632,7.49176927,15.7014352,24.5168935,35.2966144,41.4757337,55.4335955,53.5891765,89.8124126
0.999966344,3.99960468,8.99169576,15.9979436,22.3540367,27.0099056,45.2836227,54.4897962,62.2667658,67.8644234
0.999604182,3.67450933,8.89043532,11.4214668,24.2780435,35.9902955,34.6935317,57.8126957,78.307771,70.2376131
0.997626682,3.82811565,8.98637629,15.8067017,24.823352,32.200643,45.4882433,63.6898979,25.9985901,89.0301463
0.976001309,3.82434199,8.92238953,10.3637927,23.4993641,33.79276,45.8487354,51.8218797,77.6813364,72.5320154
0.995324657,3.89480676,8.51285605,14.5617105,18.3569108,35.1866294,43.0481435,56.8899345,73.1865473,66.0882229
0.951929387,3.96339552,8.87383755,12.530082,21.7544511,34.3914593,36.3458417,55.632237,71.6925174,96.0831691
0.992936013,3.80402394,8.12081982,13.9900089,24.9326817,29.9284951,41.2222587,54.6878002,70.5487985,79.9222254
0.968364456,3.96960365,8.69448605,11.5667476,24.0141186,28.5233891,43.8602184,56.952488,72.1061129,88.0286511
0.950486267,3.95149943,8.73557554,15.5818417,20.7789818,28.0509475,28.5432619,63.3651767,80.6153084,91.3664442
0.881348614,3.95201659,8.71961507,15.3285983,21.350402,34.1703679,45.9207724,58.5793412,60.7078044,66.5544993
0.958470767,3.8018205,8.81392234,13.2069534,24.7461623,33.5526723,48.6774435,61.9726981,74.8555318,45.4609732
0.999055974,3.69845557,8.94864687,15.674941,23.665747,34.8034308,46.768324,39.7960853,52.8013874,95.2063188
0.999688529,3.98849279,8.97607441,13.5801548,23.5347053,31.6233495,44.1564423,44.9383663,59.581448,99.862746
0.988309927,3.76671024,8.90797268,15.9088553,21.5432939,32.666396,37.801861,49.8210001,78.6514636,66.3405737
0.979882497,3.99531686,8.92208128,15.2464431,24.2807747,35.9903951,25.7601369,49.4192672,72.1313074,87.0904904
0.987811438,3.70566436,7.87323549,15.8520795,24.7845233,34.7122782,39.4467002,61.3784621,51.4966229,76.0174564
0.999833891,3.9829764,8.96736889,15.9882499,24.9473856,25.5724143,48.2388732,61.4659076,35.9636415,85.825872
0.998593528,3.99316474,8.97386385,15.9292731,20.363014,35.7167307,44.4146203,62.2742689,66.4444445,50.8629443
0.964540971,3.91469406,8.96199308,15.9882996,24.9496428,35.4687532,46.8429263,63.9820607,60.6974894,31.8354353
0.923802761,3.81227117,8.74005492,15.8615504,22.7321523,35.2493273,31.022591,58.9297463,64.7727764,87.2994273
0.994789915,3.99745938,8.24210609,15.7659051,24.3408988,32.4468186,47.7551475,56.5073841,70.642758,50.020266
0.956617231,3.83437527,8.74476563,15.22892,24.8614099,23.3744425,45.522346,56.0068093,74.0892009,66.5664499
0.999998871,3.99999652,8.99996154,15.9993409,24.9823557,35.9908945,23.7467788,54.9820842,54.8273925,97.9750216
0.966211251,3.99128459,8.7763643,15.4432853,21.0263301,35.8087271,44.1294004,56.4385147,53.6182245,68.200141
0.99773004,3.97633298,8.93005863,15.9900157,15.1376659,35.5808131,31.9265732,53.7320849,76.1186178,99.2533261
0.978152542,3.73724639,8.33041239,14.9070148,21.4803711,33.0049216,44.6794714,54.3489791,69.7747405,70.3323186
0.999748286,3.99822479,8.99357715,14.5217492,22.5723784,32.0476439,43.9115988,62.5071661,80.0420755,38.2084366
0.979957927,3.95002741,8.90172312,15.638982,22.5835056,30.9927968,39.8711477,59.6694355,79.7159643,63.4827331
0.99713724,3.98557034,8.96149784,14.3067709,24.1784619,31.5280001,47.2833315,61.9226154,62.9389602,62.3889904
0.995956789,3.92637603,8.92163958,12.7776954,23.4681848,32.8376946,34.9934842,56.3857211,78.4652001,68.4710628
0.999833143,3.99998619,8.96908656,15.9892609,24.9572347,35.8233971,16.9787765,50.9798011,80.480774,77.9054965
0.997901913,3.9890153,8.94221276,15.846669,21.0232681,35.7879143,32.0804199,50.4881566,69.6691015,79.5327733
0.966508109,3.96664822,7.92585051,15.3640461,24.9169991,29.5972976,48.7419836,63.1770027,68.6442542,60.5399
0.932874923,3.75861069,8.86003751,15.9984865,22.9855881,34.5872878,42.7884332,51.4424998,51.5306902,93.3455625
0.97850448,3.86308543,7.89028013,13.1720289,22.4151903,25.7593503,42.9877796,60.142945,80.5866055,89.9547478
0.852842022,3.99596477,8.49673947,15.5566217,24.405787,29.3812704,45.7750198,61.8055633,54.9688392,75.2714897
0.989627198,3.98247307,8.86291231,15.9334791,16.4453228,32.5719746,48.9653005,61.5903248,51.7629504,77.2233212
0.910373032,3.90383373,8.62261449,15.1254231,22.9338266,32.3003037,37.0127293,53.0912382,78.6014726,71.6520055
0.954286285,3.7473764,7.96747171,15.1346607,24.0526455,29.3014004,46.0821735,51.2230255,70.976138,80.0504152
0.961219108,3.91763682,8.87494958,13.5951287,24.6067903,35.4200638,36.8675615,62.1625518,78.0480546,62.9930671
0.99976946,3.98998276,8.99512412,14.7170589,21.040347,27.4513125,42.0484158,55.7711876,75.5324123,68.4088622
0.956804779,3.99577359,8.40822244,13.6738798,21.4977282,31.0030941,43.3778269,56.4461014,76.3889598,69.2486444
0.974742025,3.70277615,8.85233886,13.9445116,22.6684659,35.9292265,45.672928,41.5020668,78.694321,65.7886438
0.984074887,3.97178149,8.86390658,15.7937743,20.0078826,32.224164,48.3301158,63.6010486,36.6946176,88.0811206
0.999704947,3.95479421,8.5613011,15.092861,20.0458028,34.8948311,40.0072934,63.13083,59.6974654,67.204004
0.992244898,3.99555598,8.31817693,12.2079156,23.3227655,34.5183035,40.7596913,47.6327484,71.6255232,96.5228802
0.988018237,3.89309647,7.88142304,14.4260466,21.9859792,34.2044645,46.0850254,47.9275768,75.5511326,67.5708989
0.928926602,3.92035704,8.75822486,14.4953755,19.7755128,32.7738216,48.6036243,61.2385249,59.8751539,69.0593823
0.871398809,3.89242883,7.97710751,15.7225128,23.9811628,27.6688055,47.5103001,54.6495974,75.048174,67.4641669
0.989577928,3.82054474,8.3169311,15.5999477,24.8196142,27.6015204,31.9823794,55.6309188,76.8111069,88.9055585
0.968053161,3.94377543,8.6007982,14.5020701,24.4481447,32.1748652,46.5611436,52.198677,79.4169044,62.6758424
0.940597964,3.72364009,8.7652009,15.193155,23.8640557,32.9463545,40.9281923,42.8115311,78.1641871,76.2737701
0.969426661,3.8945046,8.88662246,13.6905701,23.6265997,33.2060711,32.8306568,54.5651746,71.6671975,91.3854654
0.979933642,3.97424034,6.99459246,15.6099627,24.6816868,35.7947241,48.0120856,56.9268319,71.9781194,57.1149776
0.998273267,3.99453452,7.80162402,15.7500296,22.9202923,25.1033054,43.5384282,61.8766054,64.381914,80.675157
0.956981759,3.91497936,8.99967868,15.2004945,18.7101281,33.0766795,39.5712256,59.096117,71.3459194,70.8584126
0.999905817,3.99632495,8.98582032,15.8600241,21.1130607,26.5275723,29.0169549,54.7476122,80.7285291,98.59615
0.993936538,3.94602126,8.96309991,14.4592862,21.5776333,35.4672938,31.5258334,63.72888,57.7137867,87.571159
0.996828199,3.99896722,8.7616164,14.0230029,20.2536588,32.619495,38.0045051,60.7548806,75.2750446,65.5461968
0.94740229,3.9621241,8.78778649,14.6981039,24.0476544,35.1026547,48.2556682,44.9456275,57.8469164,69.9035659
0.998239963,3.95342888,8.6717123,15.942599,24.7640051,33.4955015,35.0510075,57.4830121,76.8860333,63.225068
0.999969194,3.99997281,8.98685386,15.6073268,24.136835,12.3992168,41.079695,60.3658383,79.7358385,93.4231147
0.998889204,3.98265582,8.04695188,15.9894496,24.2443019,34.2794409,41.5646474,62.2038103,47.997812,65.2977989
0.955466553,3.91159851,8.02104265,15.9031547,24.9400986,33.520712,40.8330255,48.0589641,72.1619391,65.3101064
0.997106841,3.99827966,8.02024174,14.7449314,24.3502919,33.224145,43.8118423,51.206082,66.6955226,65.2556231
0.962840521,3.99290146,8.82264334,15.7811069,23.8346321,31.1326963,29.3399866,62.4321493,66.9674352,73.826755
0.954436929,3.7009135,8.93245907,13.8132778,22.6371336,28.3183736,46.8929655,57.4386652,65.2375561,86.0054485
0.998298202,3.97342526,8.90104327,15.8695667,17.6300261,35.98139,46.8209522,58.7946349,38.3897295,97.2376015
0.993347067,3.97028474,8.99279973,14.3775839,24.2505323,31.6387651,47.2507794,63.2580806,34.1097406,81.9614881
0.999970138,3.99989493,8.99189892,15.9676189,24.9956922,35.8307029,48.8765859,9.63019547,80.7922206,75.5722607
0.955237176,3.92642044,7.98691206,13.8102735,23.7912583,33.8804354,32.8059299,50.3813872,79.4268901,98.2300504
0.998276194,3.97842759,8.99294863,15.914947,21.0075572,25.331534,47.6429634,63.6555776,41.5456795,99.0042321
0.915579002,3.87884651,8.58206116,15.7111303,24.132653,30.7310083,45.0291119,57.5538718,46.9674242,95.4190942
0.980495805,3.43393609,8.66615239,15.4806102,21.9640057,34.8741344,48.8091374,45.0875093,65.5062738,77.8516936
0.996588719,3.98870552,8.55084439,14.4221649,22.9556203,24.2832054,41.9581891,63.2175635,64.1144373,88.8903203
0.999961191,3.99960872,8.82039339,13.9232575,23.182734,28.0026933,45.9954528,40.1831683,71.9205926,99.0924482
0.980210218,3.77782196,8.95648001,15.7138973,23.3684915,27.3791726,38.6260015,60.6800984,64.5483186,76.9450127
0.993638618,3.82466193,8.12159251,15.9177902,24.7374338,31.9621265,48.6366106,55.2344647,36.8862347,95.7933793
0.993641557,3.99580274,8.99801834,15.547303,22.9651392,31.6777892,48.9398229,53.3013459,51.0913479,65.218154
0.97015907,3.95384242,8.92864867,13.8164912,24.428073,31.7947977,48.7098095,62.6682195,47.9227775,64.9286842
0.989205934,3.9988492,8.49040216,15.5254525,22.376462,34.5891232,48.755555,62.9754339,36.4752344,67.8338823
0.980889828,3.98377452,8.4633636,15.6165752,21.5971936,35.3736315,47.5290388,45.1157441,61.815368,69.0184467
0.965846134,3.95338955,8.85148071,13.7770323,24.8109442,33.9935067,47.8356804,32.6093397,74.2452056,75.5162758
0.971681328,3.95108618,8.94534509,15.9521013,24.6578237,30.8372496,41.2231188,53.2506344,55.020448,74.0101806
0.985898295,3.9984493,8.08472929,14.0012965,23.8435361,32.4163729,44.9800966,33.5145435,77.6401325,98.7174033
0.975171455,3.98693235,8.99512165,15.9761056,24.9138419,35.0654964,47.4353342,51.5379651,72.7368004,32.4928428
0.997671088,3.98004664,8.78236674,13.8954858,24.7045988,18.8005825,48.0604194,62.8656652,59.3761238,94.4989913
0.9999333,3.99805576,8.95212679,15.9402146,24.9781316,29.1688063,48.7718391,36.3671412,59.479244,83.8360305
0.999690103,3.99978555,8.99665548,15.636292,21.9089105,35.2049271,48.7728896,38.303259,55.4355639,81.399067
0.988402752,3.93089718,8.80014869,12.3380898,24.5308701,34.8206387,46.0813574,39.6976593,76.8883336,68.9319545
0.997328572,3.98533333,8.99470911,15.9557244,24.9627117,25.3243829,48.612621,63.294686,66.6272549,50.8773798
0.999964973,3.99987414,8.98479735,15.9846974,24.9996865,32.2907888,44.2668287,33.3619125,73.5455555,65.1580444
0.999432309,3.99651578,8.99499311,14.3948659,24.9657641,31.5619058,34.079219,47.4386949,68.3231331,92.8127136
0.999437366,3.99507915,8.9935162,15.9029484,18.2326299,33.7423965,32.6458817,57.9638117,76.7584621,69.0467914
0.995025607,3.98932393,8.64770103,14.9532997,22.4636555,29.2677567,46.5695107,43.571022,74.2951147,73.6731519
0.987375944,3.99800982,8.55035004,15.9289162,24.4815216,34.4252756,37.0942531,42.6041007,65.7551389,82.797929
0.996703427,3.90897484,8.23657555,15.1347821,20.7477441,35.9354207,43.367906,38.8873096,76.1905632,84.0915381
0.994941629,3.78916562,8.61563637,15.51207,24.6346235,35.7884425,38.190734,63.2900527,36.2416053,90.7450658
0.981471042,3.83602542,7.97618809,15.9269172,24.5732051,34.0403059,34.8224717,63.6591471,46.5112637,96.5638344
0.994437589,3.9837563,7.77707127,14.3129239,24.1064208,33.1726582,45.4803348,63.5120461,72.5814565,59.8140166
0.997215223,3.99735065,8.69349271,14.4643209,24.8187737,35.4680289,46.4330646,29.1600353,67.9866394,86.0915651
0.899459504,3.92664923,8.85317326,15.9000762,21.6480368,35.3481206,47.8538871,31.6167822,74.9442867,82.8542664
0.987575315,3.74089851,8.99680889,15.9307807,20.1106004,23.695056,37.6489694,59.623245,76.163421,97.8022385
0.889801154,3.87587159,8.44498928,15.7794234,23.4505592,33.5543783,44.6705066,50.5899804,63.985621,74.0871131
0.96463135,3.97569649,8.75577971,13.7032151,24.8731319,31.0178644,44.2178545,55.7662669,48.3348087,98.5331069
0.998610318,3.99028053,8.86239201,12.9562983,23.8592045,31.5300615,26.3130973,61.7916174,80.3517844,80.0630313
0.948859809,3.82262029,8.96268231,11.9044994,21.6912044,35.4510892,45.5021933,59.2234448,56.4230066,93.8512322
0.999490511,3.96512873,8.96063361,13.7721988,24.5669511,35.3500845,47.4448913,45.7375362,74.8240067,64.7815059
0.964367784,3.87123456,8.8499379,15.9971628,24.5220036,33.8590059,42.0647726,62.9538434,43.3364084,65.7078563
0.962104511,3.80140618,8.66752367,14.8903607,23.1884146,25.4226965,48.572921,42.23224,79.5009383,89.1056804
0.979329383,3.72268644,8.99759426,15.1616109,23.004186,27.2337362,41.7942516,52.9115715,79.3028511,67.3268527
0.977039309,3.95605419,7.27964558,14.6031558,19.6820465,32.6680696,42.9546342,62.4912925,69.2973482,85.278314
0.988279772,3.97042813,8.98311367,15.4504359,12.6931357,34.1049835,37.9228167,61.7315654,79.2675246,79.7489548
0.997626392,3.95681934,8.93901858,14.3131308,15.5231566,27.6085329,47.8683193,55.0989669,74.2374501,98.3122527
0.966520707,3.89708335,8.96066186,14.7385267,23.9178286,28.0296238,38.0746614,56.939253,64.6690778,91.9435493
0.964905192,3.77404657,8.7593906,15.3969976,24.9089921,27.1493589,46.7133376,45.612052,70.9131832,75.8687926
0.999636856,3.99608444,8.99342753,15.755584,22.5674149,35.3208153,38.8640644,31.9534175,69.7905474,97.8620795
0.991514793,3.92109623,8.3572764,15.8586804,20.2565546,27.1734442,43.0864598,53.1696257,76.8106905,80.1392708
0.980543577,3.88978165,8.69528689,12.5265983,23.2807459,29.8786244,35.443816,57.4381087,79.9019766,89.5177351
0.997746144,3.9989072,8.99812968,13.9420474,22.2354007,29.2642214,40.0960209,62.6917402,54.5452257,94.7191055
0.998944369,3.77783558,8.96006156,15.9549547,22.2346376,29.972479,46.5510908,43.3862939,76.5915416,65.0387708
0.998267173,3.99611368,8.1767597,9.95395503,22.3816943,35.5581607,46.8124888,57.7889292,68.7898736,79.4023486
0.930650338,3.95440174,8.87963229,15.9267919,24.3228745,26.8420555,44.1573955,57.4462752,62.3204987,67.8156784
0.996933549,3.91213451,8.79275178,14.5089381,21.8131397,35.715909,48.3809971,28.9052209,79.2625658,74.9237033
0.980054888,3.99798866,8.93166338,11.1374052,24.362536,35.790634,46.8516702,62.9028812,69.3249552,63.0261307
0.999462186,3.9972251,8.01188955,12.6075469,22.9979858,34.6625412,40.5329133,63.9315202,68.3658175,65.0780052
0.88081048,3.98530351,8.65791002,15.4210304,24.7107126,34.0472558,48.9883354,41.1288078,60.8345997,76.9361757
0.954303345,3.98843025,8.54900298,15.8714096,16.7774664,32.158607,44.4081772,63.3874715,61.2341671,81.1214574
0.899197224,3.62402353,8.71170415,15.7527085,23.1910573,35.0644617,44.1550829,39.6513422,76.711237,77.6341315
0.978550239,3.3821448,7.93609807,14.2274729,24.0885712,34.8665634,36.3350591,62.085832,64.8114151,95.248129
0.981905687,3.97590357,8.66403216,15.9762387,22.5613335,35.3695569,36.0500657,61.9023212,45.8286323,85.3144048
0.998975107,3.99777504,8.98015428,15.8809917,24.6544865,25.0856259,37.5459209,52.0466086,68.3727895,84.3272169
0.960411668,3.98987626,8.56330699,14.7514228,24.925061,32.0956082,45.3224939,31.4405129,76.3767116,87.7827363
0.999816153,3.99902144,8.8776182,14.1219593,19.4384834,33.0299276,48.604556,59.4129194,54.8265219,71.4701137
0.977491902,3.74583187,8.88288547,15.2904758,23.0487992,21.2758624,43.7089588,62.3254212,74.761518,71.853989
0.963422175,3.81334072,8.91433661,15.898069,21.0907724,34.104599,43.4030158,58.1162798,47.3388798,89.5920455
0.994420752,3.98689433,8.03533543,15.5298631,24.9572787,35.8164149,31.4602081,63.3587748,78.974041,59.2019975
0.983181342,3.74026056,8.69661623,15.9437883,21.8794314,33.6677396,29.9529258,58.3875945,72.909608,80.1115966
0.93298383,3.98560771,8.95527364,15.7820895,24.8052028,35.9530294,45.8045918,26.9625968,76.2036821,66.7884111
0.998490884,3.98192181,8.82843897,14.9337775,24.1860432,32.5591145,41.8733104,62.56268,33.1687319,97.7094989
0.998879075,3.99735567,8.96952054,12.783968,24.7319067,32.654626,47.1025091,53.5945854,58.2791507,66.0413931
0.996487744,3.98628449,8.96778327,15.9600555,24.9858739,35.7326552,15.6770054,63.6828375,57.4928821,99.6718353
0.994470108,3.70765455,8.76786518,14.3839179,22.3340409,31.494196,47.2035751,61.9233443,76.4419943,62.1520462
0.972445912,3.74128519,8.82381208,15.1403125,24.9154936,32.4672017,32.2388463,55.6750286,61.1718171,98.4034293
0.992856638,3.7622152,8.65883583,15.7010445,22.4493162,28.8357535,48.338357,62.2314582,49.2515546,74.5968575
0.99942537,3.99382555,8.94895636,15.9591638,20.1507721,23.2645386,47.7838537,56.0057033,57.8379905,99.4395092
0.998073176,3.99031101,8.53942107,15.9888719,19.758813,33.6255048,48.4051308,54.9954305,47.405223,83.2074968
0.988542573,3.9912059,8.48414563,15.9879269,24.1529638,33.5260472,45.7313018,38.0601914,58.6099791,88.147796
0.912592751,3.88606936,8.61348895,14.6769127,17.2956328,34.9268227,43.5410111,55.4126048,73.1968206,87.872752
0.957507791,3.81493132,7.90557484,14.8094524,21.307263,32.8484778,46.2052737,50.4751696,72.6316948,81.5574814
0.999095236,3.99985629,8.62071011,15.8627914,24.9988336,34.349812,48.395321,55.8105698,57.1242859,56.801288
0.991623831,3.94475725,8.98229808,11.553407,20.6074005,28.7693441,46.6388349,54.5774358,78.9134147,83.2896833
0.999968346,3.99944569,8.99983893,15.9536014,24.9588474,35.8877388,31.4512482,43.0655443,74.5271799,65.1550473
0.998673386,3.97800344,8.93854912,14.3204871,24.6546911,35.6461837,48.0062148,63.6539221,59.934529,36.4625724
0.991859135,3.77206436,8.3228746,11.8369169,21.885046,35.8831552,47.2956737,55.7025664,56.6131064,99.4534221
0.984246236,3.86609873,7.90969109,14.5526869,24.399915,30.9048192,44.3340705,43.1785448,79.6753604,75.7287532
0.998036295,3.76174499,8.84379173,15.3097024,23.2573245,31.2028042,41.5691161,34.4679195,76.6428448,99.2547872
0.995867857,3.96536114,8.16210856,14.266432,23.5206432,34.8514739,26.5263463,53.0399436,78.17529,96.6040656
0.978436501,3.90232771,7.82057796,15.5856791,22.9931001,28.8987925,43.8318625,53.3842062,65.6466508,91.8186256
0.99829407,3.99428615,8.99715354,15.7134217,19.4823118,34.9051283,40.2646838,61.9493984,47.7441922,81.9124817
0.999991954,3.99979676,8.99948394,15.9935033,24.9989285,35.9980877,48.9525737,39.1549524,70.9274819,53.0145059
0.977381332,3.9832346,8.28344571,15.3352846,18.8174061,28.0078458,37.976104,58.8747464,78.1811414,94.6100614
0.92713994,3.99410751,8.47512693,15.9557247,24.064407,31.9218147,47.8545745,51.0985777,55.0274469,70.3254995
0.999600189,3.85072996,8.55523226,14.2850247,24.6279623,35.5497659,30.5932977,49.2346284,74.9418453,83.9454592
0.950872492,3.95606095,8.35887596,15.9630311,24.4589843,27.9090457,46.6481316,61.7681435,54.1436279,66.2378589
0.999878948,3.99560293,8.95290118,12.6950338,24.9410635,35.6770776,44.8065208,61.2609765,28.9743068,99.5588045
0.996666814,3.99228327,7.88469297,15.9795118,24.4426043,35.2948378,44.3620095,53.1846759,80.0475301,39.5488679
0.999682104,3.99341499,8.70630148,15.955985,22.925651,23.4806816,44.5757727,51.5049109,75.5599907,68.836811
0.998441128,3.72189002,8.36832061,14.2950229,24.8282097,32.8749883,36.6816104,56.8510619,75.865719,65.0306879
0.999525177,3.99616062,8.9960046,12.4914918,24.1070325,32.5452144,39.3554489,61.8703885,50.153603,95.6670493
0.999637646,3.99868041,8.99910337,15.8883497,24.2159259,26.3144623,39.0717372,54.9106505,71.0344045,65.2464881
0.993084777,3.99790522,8.62756567,15.9037448,21.8055438,35.2184817,48.1353505,45.0352145,47.4242932,90.1745287
0.992574582,3.6669567,8.14963059,13.0216916,24.8867897,34.6429623,43.0576779,55.1681494,62.3556996,83.9728906
0.999313997,3.98690469,8.9611869,14.770512,22.5928962,35.7214648,35.8007872,55.048387,58.4522853,78.418413
0.992562647,3.69873849,8.61495016,15.8382849,21.8655047,31.5059599,38.9969379,51.7245175,68.8730457,89.9197418
0.999176477,3.98233402,8.94421112,12.8806433,22.4690194,35.5584938,48.8178693,63.2080103,69.7192655,44.7811804
0.912822424,3.99688102,8.68335283,15.8598307,24.8611578,35.1744545,47.9287479,38.0939727,49.8165198,96.8751758
0.996049375,3.95139998,7.64085348,15.9519154,22.4698689,32.3943601,47.1016335,32.5803839,73.507635,99.430002
0.993596429,3.96142395,8.72557779,15.7786963,24.9539878,27.7779077,41.5502918,32.7663231,80.7139957,90.4467495
0.974293295,3.94052722,8.95452031,14.1381084,21.4997474,25.5416008,44.0798158,59.0743092,69.5504598,85.734913
