0.200281573,0.5295955,2.05103309,3.04561329,5.66026568,10.2026906,11.7330538,27.99661,13.9532015,15.299909
0.124171225,3.78314199,7.35174701,15.6658302,24.3884137,30.3406011,41.4896176,60.085399,80.1146856,0.0984861454
0.945852817,3.79315071,7.83895585,13.03272,1.44415299,31.5061422,48.6356882,2.6277028,4.81066699,0.652168184
0.96466329,0.383687161,1.41776191,9.46556753,24.6772065,35.7254681,40.7551496,1.04294547,71.8680045,0.703468435
0.933411592,3.39451511,8.13469668,1.50600414,24.0806079,32.7999707,1.50639391,44.3590749,8.8227123,0.728339296
0.960854644,0.336033942,8.37555483,14.1334109,6.6208927,3.37477662,27.0462538,55.3634982,78.8672498,0.650673046
0.724499123,2.62701261,0.452028461,2.20861194,0.220023701,33.0312152,48.5014114,62.9831252,77.6902544,0.76879602
0.930681519,3.8571713,7.8256861,0.544470504,23.3058809,2.79303539,47.0207835,8.23988903,70.6407571,0.559583089
0.547564038,3.63516888,0.637646352,12.3062081,22.5620289,0.0277702175,47.2768958,62.4160555,3.34730555,0.966608959
0.00166122196,3.68063014,0.789281766,15.0375793,0.929497835,31.7809559,14.3270408,11.1987533,72.7054164,2.28667823
0.0689656777,0.42457838,8.7498749,14.4842891,21.0116104,24.6754787,1.0496655,2.25712684,60.1561478,2.00877666
0.0463495972,3.99071956,0.0531506539,4.09429243,19.9575197,1.48877057,2.40515743,62.015879,77.0486224,2.54677827
0.256445658,0.328667876,8.82221416,15.917231,1.40848826,32.3454874,41.6587607,61.113828,5.19884775,1.00579011
0.038078785,3.96055532,2.36965319,3.13083934,18.7762788,33.0010619,44.7088136,7.87514776,7.09821037,2.19822476
0.639379166,0.182596345,2.01771777,15.6134638,24.1980922,32.1639694,5.21825819,55.2038906,4.79685838,1.40167113
0.241622136,3.77293355,8.31189618,0.0696020797,2.81586545,1.80082221,35.9590025,60.0228373,45.3418428,1.78742289
0.39800058,0.782990784,8.38373315,2.49432259,3.24968525,25.1423134,47.449288,6.77038256,78.2404654,1.71955651
0.94161513,2.90197708,3.43991676,13.655097,20.6478744,5.50727763,6.55394564,0.214717627,31.3358011,1.95893979
0.0356388139,3.92617934,7.41652031,15.0344091,17.6774731,7.61898076,0.285239352,53.5742561,8.25511847,1.57782718
0.99475932,3.67955241,5.03410561,14.6008559,7.16368057,35.9702337,5.06108412,60.9185737,63.8739108,0.271739369
0.488851018,0.476238908,0.331502896,1.01186194,22.4432485,5.29493214,48.8971768,46.8255177,66.4150453,2.150646
0.976908813,3.62569515,2.38137509,1.37088145,0.632178015,0.0229022261,33.9157772,7.1401816,6.36890937,6.0935228
0.0125692245,1.00382252,7.30142212,0.00278503448,23.1376164,34.4428453,1.22704946,56.1896395,75.0150644,1.38690918
0.6283138,0.280124974,0.135971782,14.7159921,5.74917831,2.07334316,47.2012919,2.75894523,42.5154398,4.61716012
0.165534811,0.574254131,7.85066238,10.8135733,24.5733242,5.55818894,44.2109974,23.8153229,10.2911285,1.97607109
0.554289947,3.8045607,7.31644477,0.866349787,1.15760753,8.51015877,3.04669094,0.959534169,79.5961348,3.64763912
0.936635498,0.131286006,5.67879962,13.4848579,0.0117021846,31.2172072,4.90095021,1.65911484,56.6279724,2.49878754
0.995122616,0.103209043,5.92736668,0.447696574,6.9317551,2.8915015,45.5505661,54.0271361,2.62888658,3.17021238
0.803769983,3.84840329,0.256637463,4.09928616,1.0977283,35.3081563,0.248695684,19.3676504,10.251246,4.38546231
0.717206696,0.371784393,1.30565647,3.85465764,1.92328621,35.5266105,48.6503669,4.8552284,2.30807031,5.02649095
0.204852135,3.79933286,7.62155899,13.4079484,5.29541475,0.0513596256,47.9127808,5.36497724,72.3589758,1.13315979
0.671812274,0.59557936,4.28018132,0.0133070126,24.4546268,12.8347868,3.07902528,6.76289034,80.8708794,3.38374868
0.0293366527,0.244489877,2.56805358,11.1582607,1.38687326,13.2176299,39.0728126,62.3814102,76.3942744,2.33511278
0.942909965,1.95111353,0.821558111,3.4260907,22.3536517,32.8661553,45.5596408,61.2356574,4.67496333,0.728083119
0.864047303,0.172072718,0.0588857113,15.45271,2.65079617,2.78095194,15.5973814,57.7169884,1.80127799,5.2662572
0.111746481,0.492438527,0.932229421,14.1864393,24.1953413,1.58520264,3.40392682,35.0015676,59.9235005,4.06911549
0.993735243,2.83289167,0.923186575,15.9942515,24.0393156,5.43945342,22.9940215,60.7593341,78.6300921,0.334314721
0.976506792,0.598643743,3.16211605,1.21685578,5.77358133,16.6773389,0.0464778864,60.2825623,62.0476552,2.93619859
0.00100824051,3.78199277,8.89318639,8.50416387,2.31595035,34.8156029,2.50163888,3.97665799,24.9211847,2.96247289
0.489690359,0.903422105,8.58445261,15.813412,0.025449961,3.94199139,17.7616357,15.4263577,8.59835005,4.51148728
0.215376729,3.34672244,0.819128956,10.8450935,2.32300783,25.6213222,29.3496893,60.3792347,12.4007189,2.11459864
0.189090068,0.147065204,8.38097702,0.143637359,22.0517129,33.3187163,10.4318522,8.01983765,6.84881232,4.85297789
0.980992688,2.17645057,8.11072033,5.11397205,22.7003257,35.0978024,39.1515546,62.9260975,79.6329708,0.106298756
0.0414734539,0.177357698,1.91436595,15.5529274,9.45431422,34.0690294,24.7410702,11.9727567,12.8096158,4.64533336
0.0152793196,3.19809875,5.50275044,1.29179369,23.713349,0.369080141,15.1490793,8.58883596,41.2162897,4.76025327
0.163982962,0.24656052,8.87097194,0.756173298,7.81972097,1.51241272,4.24750862,57.3092166,75.9421264,4.29407677
0.704407272,3.89206799,4.47027709,15.9057536,0.00150759006,0.486815237,13.4800141,41.2690931,52.7094717,1.43030526
0.112229468,0.962698449,0.163868902,0.257126384,2.3798894,34.2737269,3.441843,35.3375662,79.0709965,6.71618214
0.966519714,1.18735414,8.68726956,15.8923772,23.725489,6.18231472,13.8337174,61.7652059,9.89133365,0.590219312
0.672098453,3.83479855,7.78327307,13.2809785,20.9465119,33.1565338,24.3149656,2.12412167,65.9553338,0.296507058
0.949660684,3.78846117,1.50052694,2.4112972,22.9249524,35.5312794,8.45636647,34.1568582,73.8050868,0.577331399
0.999698353,3.72084417,0.512849298,11.4811606,6.03980581,15.8633076,47.1087387,19.0319828,79.1461441,0.641905555
0.972898786,2.03958142,7.30090419,0.527485959,2.27581397,35.4316635,32.6236282,57.8855686,23.7320217,0.894278032
0.94903281,1.57778382,4.07842159,3.61176074,23.2229844,12.5261913,48.5889782,1.24910969,2.26102976,2.08186226
0.0253330232,3.08848209,0.266624371,14.4992114,12.8845716,1.43308423,2.51345069,7.2696561,6.46733608,10.4916714
0.728965558,2.89650094,3.35545403,1.98372541,19.4889344,0.749785245,2.23305194,59.9562068,5.02153379,3.39612102
0.9655005,0.667585189,0.234604642,1.77816264,21.2180626,17.2492845,0.986013049,12.958447,0.782771667,8.05288982
0.0346305818,0.14475007,1.8324556,0.14457801,21.7540822,30.0365477,43.9056028,39.792996,1.11869098,4.34618005
0.0573777245,1.38966063,0.058796268,12.780224,20.6639324,34.1446456,39.5527214,37.3406139,80.6179542,0.811162026
0.038193523,3.67416225,8.20095928,13.3736907,5.65642063,25.1445617,0.882864126,52.6332928,80.6872709,0.743423075
0.0918255337,1.24697965,4.47079604,15.4117321,1.53226239,3.93693883,0.178269107,9.3634466,75.2375671,6.25282684
0.109950342,3.74157861,1.6011989,2.39981147,21.299029,32.8043497,3.68219863,63.6242754,26.826079,1.73950094
0.452605704,3.7762723,8.56931908,11.6368513,19.6239362,28.0743427,40.1215196,43.5972493,3.7586724,0.375314638
0.261900794,3.06660247,0.872351824,1.09708464,10.4712149,21.1811356,31.7755822,1.58025605,80.1942505,3.18974714
0.33062825,3.47598752,2.07498238,14.6290875,23.5530969,9.93650396,47.3967035,4.43426132,38.7661873,1.06270931
0.985368602,0.360373307,1.78689127,14.7227262,7.5918615,30.8394109,35.3609092,50.678073,43.5028493,0.785992413
0.0339856325,0.786100874,8.99412936,0.590403281,4.54367335,22.3460071,23.6034446,62.8163461,13.0720614,3.71777154
0.841210551,0.9029553,8.93187326,12.4336087,18.2200353,34.7521643,21.2682318,0.224922299,5.4030639,1.10533148
0.24378908,1.45225092,8.95769205,15.8761969,23.8146839,4.88426069,13.2973102,62.5526253,73.3725598,0.524565382
0.0263874657,1.97654168,8.40618666,1.38509603,23.9202515,3.84010331,38.9499955,54.3011345,79.9462583,0.919795096
0.786106155,0.344598716,8.25890537,0.751148008,0.850895537,1.4418467,6.96553506,11.4256887,39.9302171,8.84506524
0.0958145638,1.42149812,7.01762047,0.261798009,0.0611624332,4.25810009,46.1255528,4.13551706,2.06964176,11.8196507
0.845538127,3.83721299,0.0871603853,12.2748355,23.6879633,33.9829083,14.6190838,22.1281846,5.56624663,0.962168972
0.698399151,3.97809678,8.713357,11.3620655,3.49097108,32.7612832,47.4837235,58.6989782,73.0592459,0.131319199
0.0440934599,0.315119812,0.492046211,13.9034007,16.3357326,6.70617018,41.6529348,61.2246932,14.4524778,3.17016608
0.958757692,3.3621176,6.99882078,14.5437416,7.29029642,4.33725119,43.8014974,58.4711332,5.48735516,0.557233507
0.175848228,1.92467249,8.9336062,0.212241575,23.6627418,35.5694016,47.5469165,37.910282,48.2318733,0.566587119
0.341337021,3.40525677,0.338569624,4.15941558,5.1526425,0.665910893,43.5070595,58.9695378,77.2299226,1.83548261
0.572685591,0.506925991,8.78654571,6.17560979,2.30259389,35.5615394,14.690275,48.916632,78.2590995,0.974750972
0.745494753,2.12125494,8.846519,6.12415625,1.08463707,6.47318695,3.88326782,61.4951808,17.0915653,2.5443799
0.993683871,3.37930275,8.86793508,6.01762377,3.44172403,28.8803468,5.42867157,2.19829944,23.8173763,1.67434855
0.936399599,0.272213088,6.94210051,15.7924403,24.2871714,28.0647639,16.9960547,41.3920612,76.4095463,0.289940794
0.707981056,0.150428204,0.55535299,1.45370331,0.611892005,13.0592624,42.2253042,17.8782574,80.8375662,4.73257541
0.601417155,0.0725155063,6.22825854,14.8289741,22.7613745,0.607438099,28.8720639,7.54686171,71.0076225,1.43419281
0.25979713,1.64148029,0.808353207,8.87527461,23.0318333,30.2726685,6.45195101,1.22846705,49.1640538,3.27622661
0.756439957,1.94541057,1.15987208,15.9467194,0.802486437,17.8409427,11.8746682,0.716131658,5.09385065,5.7210897
0.224312826,0.102646062,2.63782658,15.9134454,1.99618499,35.8288519,4.78387179,55.5535814,72.1947973,1.84864097
0.34790059,0.660870573,7.31636562,14.5014088,20.5909357,31.4740197,48.7935071,11.0686051,58.2775024,0.533949067
0.966441766,3.94703642,4.14253372,15.2252062,3.18716243,23.9601179,2.31494356,1.64091843,74.5657238,0.99314223
0.90136579,1.01929912,7.56070416,3.11959968,23.6121972,0.285815975,21.3818156,61.6150068,54.9526072,0.931509534
0.943286132,3.24008485,0.238837771,0.260304079,10.8291386,7.67895824,0.341718266,13.399374,64.9006947,4.58370763
0.985520568,2.57672791,6.89829541,2.93498883,0.558172155,8.92714826,36.1793588,33.2850426,78.1029449,1.06779576
0.013083444,3.57377209,0.871958554,5.34651122,4.39712046,3.46106661,41.03269,13.6107019,24.1319914,7.18415787
0.0101598622,3.02721816,5.52530128,3.09097117,21.8006005,3.87854895,36.4400254,59.4383805,6.15307677,2.1508202
0.882493124,0.247759683,0.218238951,8.78585998,24.9199178,5.84435712,24.6499819,60.4017785,5.93710049,2.36477346
0.784611165,3.83939777,1.70612573,1.52024366,23.0237485,14.6037011,44.104929,63.4010952,58.4816405,0.463161101
0.413993783,3.97404502,8.4930198,3.88222928,0.980425219,4.32958528,15.4347814,8.32059238,5.31067435,5.46393573
0.0289505799,2.28958845,2.50430949,10.5414276,2.77122944,1.51655469,0.99996815,63.3008222,31.537708,6.3812631
0.568510701,3.83742117,7.95944695,13.1998954,16.6285754,2.11189812,47.1920737,56.4028461,74.209047,0.220738232
0.416343201,1.92069532,2.53393161,15.6240245,1.53037842,30.3408872,48.0350606,1.65135273,53.5174628,1.4659658
0.941091076,3.67085584,0.166610073,2.16089463,22.1187147,34.9031071,44.2655579,5.52681041,31.7704331,0.908272882
0.730292529,0.106153581,0.277293591,13.2860146,3.19982584,6.44108241,4.45372423,40.1543259,73.095862,4.245856
0.380438339,0.108632555,4.02155241,0.411199756,23.4910965,21.3963992,7.18950421,63.9964382,5.23641759,3.9528578
0.311468237,3.38665214,7.79079127,13.917937,23.0731543,22.3257255,0.638602982,2.61265299,8.68063967,1.64613797
0.525541638,3.11322623,8.98497729,15.1348074,4.23022771,32.3093958,0.020224479,59.9677638,7.8549064,0.82773511
0.123939832,0.22704348,8.81947075,13.9463438,19.0633018,31.5558101,8.84798093,54.8772717,23.1673775,1.14599576
0.976261385,0.1004069,7.96223227,0.422626019,23.5554635,31.2121908,37.1459266,3.38003665,50.9743607,0.98374067
0.00384722883,2.64149982,8.29697659,2.28536927,15.93958,30.9907203,17.7436734,5.11759556,75.2142029,1.64572835
0.920519012,0.652138029,1.08865494,0.0418182537,23.1865472,30.6697804,25.8600193,63.1426222,68.4087436,0.830602879
0.986713802,2.79547885,8.12918261,12.7504126,12.7881065,6.77701407,45.2916733,2.81230188,43.4838641,0.66139084
0.152379301,0.155646414,8.8858665,13.7924557,2.81579192,0.0212936718,46.1181768,34.2170783,58.7689513,2.05023106
0.0664566667,3.74878977,4.29683088,1.4873904,10.2663239,30.3918823,38.6088059,52.5073269,74.2202171,0.824377389
0.0127225379,3.31077517,0.446056238,15.7638866,24.4409717,6.35244521,34.7718756,48.2122459,80.0089,0.733165439
0.483676759,0.621141954,7.94883499,0.123873904,3.04486146,35.9807258,0.0788147785,2.14201793,41.6332138,5.78383579
0.795551294,3.32241762,8.71398224,14.0436715,24.9794086,5.64635793,3.18191191,25.3303411,79.789529,0.418692312
0.0702045714,3.71292526,7.05342932,14.1982279,8.776182,1.85882367,39.8117344,27.1926216,3.02579718,2.06563815
0.969952454,3.9635671,8.26264922,0.614007332,24.4081628,4.30770952,5.0006086,13.3599816,36.9699142,1.39429794
0.042308751,0.332715437,8.88378564,15.6182756,0.559128425,32.0708805,31.6973996,13.3158309,69.8236585,1.47465096
0.682575555,0.18940514,7.49740873,15.9085232,22.7327398,27.5861655,44.4866078,58.0139962,1.5628156,0.421678909
0.0343950363,0.30950062,3.99806748,2.70256339,21.8483112,6.57534059,37.7698063,2.7869305,70.8002773,4.54382129
0.958064662,0.771115294,0.30318231,2.81793041,1.49435363,22.4660085,24.7779086,52.6488271,6.1212925,4.63240905
0.871150141,1.68168293,0.101196507,15.661664,14.9785107,27.1149786,45.522467,13.1945352,0.700701163,1.39766553
0.647414244,0.364801115,7.22774924,6.72272933,20.1747232,2.26452896,10.8047527,1.93124864,13.2837778,5.54975429
0.00408588443,2.68583856,1.99934778,10.7345349,23.9511289,31.1375597,44.8713387,55.6271296,16.6655776,0.802789553
0.604553778,2.94138779,8.78527548,0.222352088,14.1742755,2.94937527,46.4822387,26.1036541,5.20796904,1.96961504
0.455163415,3.72605031,8.38699939,4.08664282,19.0716432,17.4339685,11.8539828,58.6304377,73.1099844,0.502935374
0.233745215,2.223321,7.55114922,5.62642173,5.1093965,34.0227907,44.9766872,0.236348897,5.46233297,2.53777297
0.948974333,1.64647332,0.623346511,1.03966586,2.60006403,34.95754,15.4816433,13.0340954,70.9263816,2.91392956
0.00231650379,3.73391657,8.85543799,0.615660973,17.8343379,24.0718103,9.41308522,44.0467109,6.41745588,2.1554621
0.116963672,3.23374394,3.45229806,15.5973037,24.8165453,24.0157248,0.389281257,33.5021486,79.2436377,0.751587097
0.103529081,0.0530751106,0.0751123298,4.28964883,0.199897424,13.9334574,48.480503,52.0012546,1.37418114,9.82189523
0.386367711,2.72850324,4.39645638,2.20862032,0.440140336,32.311635,2.2447974,61.7926237,26.1047636,2.97037479
0.0226838742,0.991498001,0.240545743,3.29299008,2.00674585,3.42364014,17.8574454,6.6410048,80.1997946,14.937732
0.550456275,2.07448854,4.33994419,9.6745867,13.716548,12.9920391,23.4128046,37.8871526,42.2386511,1.56029314
0.0308834599,0.233239088,0.111053989,6.19448624,23.0160181,7.51174555,46.151893,6.35569215,5.21182437,8.85356765
0.957224337,0.277721014,8.22843529,2.33227722,22.7864267,30.9214926,2.0781746,52.0887363,80.2290175,0.594833954
0.138044421,0.450345723,2.1612809,1.15203761,3.58776919,35.4770736,42.4339145,53.2905219,47.8422958,2.87244329
0.642630304,2.75004893,0.162796035,0.200818785,23.689552,0.431543911,23.0824211,17.308218,24.3260736,5.00388007
0.91217684,3.82459726,0.0139015666,15.3664539,12.4848943,12.4109921,10.2677419,53.4711919,2.93991831,1.42605945
0.880592703,0.486226013,0.00135703012,8.54685386,23.3950189,0.119763063,44.7231238,2.01433987,79.7471759,1.9612467
0.86184171,3.89449467,6.23686717,0.0472956076,17.0269965,32.7309875,40.4352778,19.2184353,76.2431815,0.374910891
0.817623855,3.21652364,0.253820155,15.9206115,15.1839731,31.7307967,42.8745948,63.1046739,71.1972295,0.188572953
0.436006845,3.86818763,1.41645805,2.50752924,0.0685865642,3.93751343,13.3228441,47.0739359,4.60747524,7.60669229
0.930588563,1.60790937,0.298583663,9.41443503,6.89001029,0.580234481,43.5568174,63.2556991,43.7073915,1.55185393
0.29363671,0.608743515,7.092583,0.0755149573,8.09357512,5.35264206,46.0805977,41.2801918,45.7941779,3.19739979
0.940139038,3.66724631,7.66964305,10.1168429,2.77832359,29.2097843,44.7056185,1.73635346,79.5984025,0.375751964
0.734040174,0.0528206136,8.45111997,15.9525356,3.54034363,3.67975866,45.8745801,62.7822863,17.5739691,1.07892749
0.895225004,0.186585331,8.86424674,7.81332862,10.3345557,25.744213,47.622467,32.3958161,36.0459353,0.742300281
0.243885725,3.94951485,7.86601352,5.49203124,0.889181882,28.0510337,45.9003067,51.5335929,16.575175,0.941278497
0.0173725626,3.92263566,8.40930135,14.4495173,7.8701727,34.5493295,36.1787995,21.0067841,46.8530839,0.566902461
0.917369359,0.907244582,0.134307501,12.9887445,21.6076059,13.0060811,1.63920454,15.8181159,79.8272549,1.8605255
0.52133339,0.201122256,0.588955717,13.4733208,22.0349475,23.5622612,14.8687051,61.8138409,72.42339,0.968892219
0.301477091,3.70184659,2.10504971,1.01425815,10.3699965,19.4859837,12.1517061,2.25133711,18.0007846,7.00600573
0.0340623362,1.94273905,8.13429584,5.52915474,0.786934118,1.44248227,21.5048708,10.9240485,61.3612279,5.74492366
0.124045551,3.33432593,0.0358500327,15.1671108,2.54956634,0.808558764,23.7475122,25.3872989,76.3576973,3.20837045
0.044743273,0.000754715875,1.54014686,2.21902062,23.5618399,5.5333225,14.3614516,62.5863902,62.5984902,4.44392945
0.0436807331,0.568324182,8.60520238,11.7979736,0.847559574,28.7046145,3.34164494,11.7897052,7.05607651,6.61470136
0.89444656,3.85334459,7.11565674,1.49825425,20.5611582,30.794546,38.0210188,13.4039894,1.0758133,0.776222503
0.917238166,0.0873960089,1.94562487,5.54156662,1.73466955,6.61131763,27.7875575,8.46136782,2.79569633,10.9185866
0.0524745803,3.76108198,1.13604232,7.93482447,0.929490652,31.6071166,6.54509183,61.8557904,73.7477733,1.73369434
0.947642325,0.0982519426,7.47089803,7.792424,11.3597538,33.6700287,11.1245643,46.4344173,9.17710601,1.44024469
0.117731236,2.8355009,0.593268286,14.3290435,19.1153798,31.9516944,0.173690134,36.8458174,4.62283774,2.63589747
0.794257358,0.333669434,8.95988085,1.27534199,16.6762433,3.7755151,31.4174676,12.2495408,68.3835127,1.96597942
0.132620496,3.81072334,6.36107608,15.2990762,18.0848534,3.06781834,12.0088116,1.43151841,75.3424732,1.42769217
0.815496901,0.225658028,1.42755571,14.0957681,18.0858877,28.1006796,5.60945782,2.818167,6.24308514,3.86291994
0.647170564,3.98264498,0.706931373,2.48105475,4.82383466,34.8323686,43.0366837,37.280686,20.8704653,1.42646536
0.00905151852,0.515486993,8.52726067,2.96901103,19.0131606,6.03399227,1.78042403,43.8682744,17.8288923,6.09843648
0.0132696098,0.0893261452,2.93517418,4.39530655,24.8706558,1.60024591,4.53669299,5.48443997,21.4936069,15.1716812
0.896137382,1.52390738,0.700468385,1.37271876,23.8815488,3.15556163,10.2413278,49.6286418,76.6751763,1.9429137
0.577808664,0.920830993,0.914639066,0.60229151,16.7396954,27.4463757,31.6273386,11.3378505,34.4928734,3.94478286
0.881404381,3.05373865,0.417405036,7.69144918,9.66630091,16.5878579,11.0638556,57.7587571,80.2795721,1.00490203
0.675783074,3.54451971,1.6711936,13.7792352,5.63316009,2.19115991,47.4002166,17.5554292,17.8440991,2.04705685
0.146129851,0.0176430307,1.18443975,14.0068114,6.99977551,29.1269833,12.5334743,62.8272167,1.30589002,4.42218027
0.995237873,3.85172158,8.7403768,2.68949592,3.68432432,32.311911,8.55976171,63.8890943,70.8848511,0.374197575
0.66902041,0.904123974,8.12615173,2.1904295,22.7322569,15.8997683,48.1921543,58.1705399,10.45889,0.860355047
0.104831789,3.63152456,6.825051,6.45724535,23.3164388,6.31654101,46.4203975,12.5659354,75.528601,0.820328294
0.781595711,1.11642975,8.62826311,12.8320241,5.98278269,3.78539498,12.431601,2.50518748,71.7432486,2.07033597
0.163801042,0.0164184999,8.87788683,15.3669372,0.17750432,11.9737589,4.03769153,59.4045043,14.5600297,3.88475083
0.106406951,1.52649558,8.57517184,10.5122513,11.5751574,26.8853741,36.0463984,58.5386761,65.215612,0.562598031
0.0123013686,2.99641124,1.53832108,11.6665972,0.780504418,25.8303753,9.68822741,3.96817187,6.40983612,8.65391153
0.91777088,3.90073652,8.27698653,13.0002839,24.642667,27.7984182,0.0203643725,63.0387059,44.967414,0.178949534
0.472534897,3.57605726,6.28728431,2.46660022,0.234164321,15.2636293,48.7524805,6.4526062,41.7054744,2.22764894
0.493871387,1.98559573,8.7916611,15.0188412,8.85044383,35.1496811,0.939551591,17.0365237,77.018921,0.738369053
0.000660928432,0.43289664,8.31112744,9.10027269,6.69233263,4.36960535,48.9416218,62.4809955,7.7101358,2.67447685
0.940862596,0.31060439,0.73795742,1.51173865,24.6742356,35.8244572,2.24873498,20.2303015,54.014292,2.34598955
0.0828948664,0.856077893,0.227586164,0.0722888336,23.3725409,32.1049853,27.8856033,48.7635038,61.0139822,2.27969148
0.122961358,2.44619072,2.53656764,14.3863507,24.056925,35.6244227,32.2216569,1.81275952,3.85919905,1.64145642
0.0225496818,3.97001085,8.93782224,14.1837281,2.99631655,13.0929345,28.5159605,62.3643824,38.1892868,0.785280471
0.987964227,2.85907456,1.04880722,9.42753279,0.849351939,0.0835809019,1.01296337,28.5718565,19.2272442,6.05346527
0.249635541,2.49811881,4.23630582,1.05237795,11.4314969,6.00189082,2.42144299,35.5164125,76.3749109,4.11023939
0.945451722,0.828365896,5.27764236,11.2624678,12.9633662,0.425846514,39.7476477,28.3615492,0.70508274,2.28270166
0.995416872,3.88545304,6.32071662,9.39406879,22.0533488,0.911253959,21.0227627,51.6867903,35.2910236,0.525198507
0.029096501,0.0995666478,3.18746265,6.55069163,2.30347763,20.9499735,35.6677293,1.99335468,38.3637406,8.84707404
0.841002597,2.92261798,0.990692671,1.01640525,16.7546826,30.1675985,3.84814255,58.425253,1.55316467,2.22618134
0.0980537059,3.95454187,8.96684016,1.21358334,19.8363293,20.4296025,38.5600281,5.73579207,22.0944914,1.54288276
0.763446689,0.994039905,6.36452953,6.48493388,0.443275471,0.18841018,47.1079079,0.794163227,44.9314135,3.77799382
0.919485896,3.19783798,4.64152517,12.646353,5.08566636,35.704186,43.9004318,54.2793363,21.2684174,0.361189827
0.0306735654,2.12245184,0.108204666,1.05924144,16.6731722,1.44836102,8.98826173,62.3214138,15.1906347,9.1107924
0.879374408,2.58270821,8.04816932,8.14543698,6.81134146,4.63092806,0.0108090374,45.2799884,76.9063728,1.15521798
0.0389031186,3.3788569,1.00791649,3.64889538,23.4134428,14.0167582,43.0860804,33.6377961,48.6498434,1.71109387
0.31838147,0.149486046,0.926957413,0.663539924,0.180473877,11.8432139,6.66472477,0.0381987691,2.53974543,40.9315508
0.527114348,0.843373912,5.81700697,14.9974716,22.6653319,16.1760498,47.4605406,61.7866248,60.5004382,0.317609358
0.261376975,3.85129049,1.43829225,14.8938856,2.3999708,16.2853412,48.6322601,55.3743449,66.590126,0.691383715
0.794890921,2.9268371,7.540246,15.8481037,11.0610073,3.38444441,3.2084452,31.7890274,7.82553628,1.71872775
0.70262321,3.95317823,2.39974619,6.28299416,22.3169878,9.52408562,20.8346597,18.4492891,77.4591247,0.969968981
0.833844298,1.68446284,6.22559103,15.1261061,0.726659329,18.6672023,48.5495647,32.0433619,71.867557,0.533998101
0.481931566,3.29528905,8.82705079,0.431327209,2.05687963,28.7654202,22.3453177,28.4147456,79.2661016,1.06698918
0.998157875,0.157599,1.72439687,3.44556341,8.72548854,34.9716646,44.5994262,38.6048104,79.7963597,0.895899939
0.449653889,1.331636,1.81396563,7.6806711,1.62370005,20.9184497,0.521968335,2.24888313,46.8012339,8.77302648
0.814139713,0.984624288,1.30590275,11.2134483,0.664736738,32.0117186,1.299345,43.2215493,31.1071146,3.06763767
0.109242043,0.124069704,2.7889015,1.89776383,12.057442,35.1753761,0.744344578,19.8521662,29.5606613,8.8935387
0.073660905,0.0753241349,4.43865572,15.0872977,6.58096321,8.99808566,41.9572162,20.810716,7.21979477,5.23186295
0.986602543,3.31578644,0.951053562,0.635040261,1.75260797,8.75824023,43.2065947,55.1659875,8.54512324,2.52679306
0.902191169,0.507912809,1.10381699,5.07051412,6.45426878,2.72926048,9.09337459,1.75896829,74.6467212,7.31528144
0.0932409522,0.402731991,1.61227464,13.3330146,12.4620857,0.395661336,35.2256479,25.4216967,79.0458907,3.35622333
0.825074674,0.120184647,8.87256386,0.321339443,13.6750414,16.4459261,47.2038842,59.6662918,75.1361088,0.603690624
0.0172545919,3.9917061,1.36006765,13.612319,22.2596355,25.4799935,30.2858459,2.89019027,80.2759989,0.89092341
0.863833722,1.81344001,5.59401782,8.28009208,17.9805893,35.6616981,2.93972031,20.7402096,46.4510492,1.01895789
0.336491947,1.68059633,4.01080913,15.4116002,23.0694853,5.52905475,14.7316509,61.2012206,1.15758176,1.77743915
0.755096681,3.63969057,0.628686299,0.587779135,10.6311224,3.27505965,48.9014417,12.4474269,65.690696,2.17207221
0.151755416,2.21313178,0.238000251,7.23595795,23.0395754,1.64580984,17.8659027,0.297009379,80.7932344,4.35339983
0.943145538,1.78821001,5.50251174,10.1595295,23.7683672,35.9249747,47.7064451,19.8821937,20.2878589,0.400560714
0.0457920437,2.5075136,8.50737289,0.739715875,0.632349041,4.16208109,5.57641211,45.3986371,8.72504445,8.7558883
0.00124641648,3.79408686,7.24026149,12.5776198,0.0866021961,7.9532791,3.75917024,25.3050912,28.6892311,4.07667553
0.360443567,3.90012857,3.28708944,7.31074034,11.8951522,31.4251219,8.1992247,21.3806417,61.3134559,1.41447149
0.946770231,1.4690728,6.0896265,0.626747877,8.98681821,23.6933254,24.1199559,9.27294299,13.1028974,3.24211915
0.125098677,2.13385364,8.2756285,4.42337677,12.0209192,15.2486714,0.571689122,5.71959937,1.65365586,7.69676332
0.18450741,0.0641680789,5.56402795,8.20939798,11.487146,20.8263431,0.473746423,31.6814755,69.050365,3.608675
0.792702894,3.83016426,3.53422649,15.5461108,5.44411806,34.9807478,7.38924833,32.7792962,12.190266,1.0246979
0.983933392,3.87410689,0.25760782,1.09266589,19.4306162,29.3278273,1.07900204,6.25286407,4.91866448,3.31467559
0.967239929,1.6059702,7.96755421,15.4375444,4.38897405,22.3010819,24.8849001,33.3279665,19.1532289,0.883207952
0.0651521068,0.0458384361,5.4148412,14.641932,10.860416,8.65788389,1.43539407,21.7705702,12.6224994,8.31690669
0.967565253,3.47685301,7.80424817,15.998096,24.9981094,26.2444783,25.7877752,13.2407149,11.0059476,0.335768439
0.251871846,0.840449592,3.2316772,15.6421983,3.79157184,35.9250219,48.7871258,62.9853609,44.2474925,0.737048462
0.264839753,0.646894554,0.802729574,0.846131936,20.2178909,3.01373035,48.681542,49.2099866,0.31023753,5.64552168
0.137317165,3.55839085,4.21878572,5.56732502,3.17441706,3.49563827,47.900765,61.5935428,3.38435763,2.70106256
0.658637916,2.90978854,1.83608931,12.7164804,21.6960946,30.6173966,3.51893942,63.7582375,41.3819411,0.607090872
0.985629793,1.9197406,2.43057716,15.4849739,24.9317713,4.7226146,39.4498696,19.5365159,38.2500242,0.779169082
0.110382471,0.792779548,0.553209784,1.41659693,1.16337336,4.05523052,11.2419084,62.3727872,54.9712582,10.8028191
0.985507162,1.67550583,0.509689819,13.0787432,10.0582268,34.0108459,16.7236142,12.7787013,65.3479393,1.1694756
0.823398604,3.44134806,6.15806749,13.582904,24.7928808,27.2842137,45.9786958,44.3310512,60.7213653,0.112273136
0.0783389663,2.57202478,0.0462375451,5.53674783,0.188735384,31.7888539,48.0039718,23.1894489,62.1007085,2.64730983
0.198811195,1.67904554,8.36638422,12.1235828,1.65118901,2.20854804,4.17432289,50.7361776,64.468041,2.56438154
0.602085983,1.03647826,0.202728528,9.34821823,17.9746559,0.0600000099,0.571892288,10.1795029,18.8633716,9.95339386
0.34975636,1.42058466,8.4743823,7.01026076,21.0195877,1.7436185,1.35589239,4.54983098,67.0897704,3.08711211
0.471589967,0.0503258389,4.10934134,15.4664414,13.2503685,34.477954,20.3795267,11.3704062,78.9955864,1.17942261
0.447841733,3.50402419,0.302926453,11.1731329,16.9452001,33.0888882,44.8407662,24.4988102,49.9969408,0.675538594
0.897067632,0.0627336353,5.31947044,13.0483624,12.2301225,2.40349789,4.88518099,39.4931675,22.3589231,3.17938281
0.0349241714,3.88219593,0.150632041,4.75149325,3.66720626,14.0192976,3.17861327,16.9185188,77.8926311,6.0703399
0.473315944,0.084264312,0.518155709,10.0320066,24.8972449,33.1125327,46.7356558,21.1154743,9.84270514,1.79883156
0.0332722138,0.824388251,7.86000625,2.0000751,23.8470739,32.7891211,47.3091604,2.68869907,6.28412434,2.38530221
0.457615502,0.574994793,8.85935963,5.79080931,22.081265,28.5426784,22.8609416,19.389819,76.8076423,0.833616404
0.42195205,2.99244266,4.46350343,5.51484279,24.9417901,31.2005644,16.1788199,21.4543527,9.24679411,1.56337124
0.0356912073,3.44848379,6.00077657,1.86995232,6.70105401,35.4451877,48.0058748,0.962976546,71.82017,1.35056427
0.964395492,2.38012646,6.26699235,4.16065379,12.6692502,10.2063254,45.8833435,63.1566967,43.7919504,0.558987177
0.302319166,0.312918155,7.2347074,6.62640944,15.724071,35.2241351,38.162929,56.6170183,12.943187,1.1110643
0.134997078,3.58357864,2.71382988,14.8243954,2.52095042,28.24372,43.8316789,17.0142386,7.98320131,1.96312943
0.0737378127,1.24567411,0.100783057,3.30814706,0.0431685359,0.768360347,35.1606994,7.67310018,2.27138633,26.5306636
0.989525914,3.84812768,7.83430848,2.1735199,3.67013054,12.7930296,27.8332002,50.4099401,9.95293976,1.2070922
0.992200765,3.67301757,0.914336165,7.5518781,19.3987442,13.9585564,34.651385,27.2044768,12.2023325,1.21593411
0.449898544,1.7793458,3.29593885,15.7230605,2.30899477,10.4760351,41.8163097,63.6307323,2.17463327,1.79622191
0.892785169,0.16135056,8.59242111,13.9049637,7.38171311,20.8113315,0.0669307905,61.2647122,55.7111268,0.885071202
0.617240734,3.86004885,8.64212336,10.9641656,4.26823383,16.1365955,26.8961748,24.8301924,51.9464964,0.771668375
0.936054405,1.06555688,1.83246603,0.456004895,0.116059952,0.892254465,27.3866294,39.2886404,45.7898992,5.77429476
0.220566423,0.239470737,1.765529,0.43723318,7.1532132,34.6381741,10.6063628,62.8770734,8.82488111,6.55559605
0.255665484,3.8791899,3.47535778,0.601175666,12.4365949,31.4647299,32.2798294,62.8157611,0.628533442,1.54348415
0.423506914,3.52280793,8.62395782,12.1939371,24.2192452,4.10976089,33.6891508,24.2385628,22.1801337,0.7556102
0.0572995679,0.135349359,6.33753873,0.0237885788,24.7103816,10.6320643,34.1708894,39.3639458,27.6375408,3.58558872
0.903731974,0.0931657274,4.131855,0.154775307,14.5446546,2.89414789,8.08977849,50.8175134,12.5900782,5.92890302
0.570925162,2.15675788,1.41690911,15.9847875,0.506698678,23.1619413,20.0725218,55.9994373,79.1555768,0.95677983
0.864344384,0.144215737,8.62624153,0.429233149,22.064896,28.3789415,1.18436706,15.2257277,33.9265894,2.28008894
0.0325980648,3.50269781,4.14479026,2.64856338,3.75735526,35.8125704,24.3248456,27.010971,27.0716833,3.00168016
0.655618086,3.89270557,1.58055024,9.43622844,4.20539326,7.26405302,14.8893894,3.87549225,59.9883359,3.17630635
0.292975498,0.156750534,5.63899865,8.26729764,6.98673067,1.41450314,18.4488966,62.1773792,29.3783816,4.40366652
0.286847745,0.200183131,1.0752321,14.9794629,24.7401427,10.9131445,45.2161885,9.76932416,41.8050202,2.2005632
0.975539506,3.56993637,8.8212943,4.4323996,23.9689444,30.3092098,9.3772791,26.030797,75.4381625,0.288653173
0.0140750068,2.2345592,0.532203812,13.7768445,17.8511998,0.166784501,42.3946702,23.7998577,5.32657035,4.36634984
0.911001241,0.791447347,4.17502739,10.1072248,0.199865073,13.1504761,21.8483537,63.0610703,34.6881353,1.90379761
0.0550378151,0.0822368656,4.84874932,12.3196112,24.5400728,28.8052896,3.40609817,18.6670365,11.2421182,3.8115275
0.436375197,0.631759133,4.44545205,10.1557842,0.414971716,35.1786788,27.2957385,28.0508412,33.5232073,2.52119977
0.828192623,1.73367599,4.25799984,9.25031197,21.8644358,0.824314546,41.1798428,43.909176,77.8615533,0.598069678
0.283006652,1.97119558,4.23916478,6.4753827,24.6202716,25.7823699,38.5072291,62.6938315,80.0211253,0.406014772
0.157116102,2.60128255,8.45049593,13.306743,22.5470913,34.5070812,0.69934049,55.9224369,61.2521965,0.415159885
0.56796087,2.87335393,1.03393619,13.0942462,17.1818469,0.432736857,1.37248548,48.8013281,55.587055,1.97668526
0.317231795,2.85914334,3.6499167,0.266581603,0.682802394,1.23816099,2.41157804,10.9611508,40.5778373,13.6572885
0.0282995543,2.52243408,5.73660592,12.6856637,12.4215339,26.9574984,19.9751126,29.6715654,2.53015488,2.28042308
0.0294218576,1.97264084,4.89296314,5.38920404,0.550343888,35.4668082,3.60061343,0.665983737,72.3794039,4.8907664
0.0285379207,2.54733211,2.27427918,1.44034804,24.8897847,32.5599783,48.3936972,2.43987262,59.4074064,1.54544718
0.01025612,1.49843593,0.478665135,14.0887564,8.95235455,17.6010269,11.5149138,39.387624,45.3046928,4.13433883
0.952121584,1.2298305,3.96281258,5.31733918,13.3119872,13.7792176,48.0617868,12.344543,64.2108081,1.23461122
0.711128374,3.73835599,5.73547268,10.8254093,10.3967967,20.1055399,24.2394667,8.77359894,2.37613433,1.65018917
0.0369100487,1.38875422,1.7822338,3.56174132,9.66610343,11.8085447,46.5643423,36.4416119,73.6223589,2.95912214
0.0724188546,0.574757425,8.8831089,11.3976923,14.0852839,9.16705371,36.3032656,1.28620896,62.4129777,2.2241738
0.382224228,0.170396315,8.66444946,6.04819306,6.21981126,16.3697752,20.1603692,0.423835248,24.551875,5.83581089
0.0360536212,3.81284785,5.70090096,1.85310922,14.385382,0.165139753,4.76911039,51.5113399,29.2234721,4.11164646
0.99471138,0.456622245,5.51266147,9.42445106,19.9203893,2.8553162,1.76869262,42.3404043,79.9551396,1.28357112
0.509910804,0.283562035,4.11100616,1.20996784,24.8897524,31.778124,47.5429544,14.9346508,79.3240033,0.972459099
0.943352399,3.69507338,6.97099338,15.0856738,13.9372294,25.9401171,21.1632291,63.2041507,0.203028433,0.341467366
0.822322712,3.11129559,7.97612816,15.6194042,5.19778447,13.1955662,24.3381595,63.2764002,79.0487836,0.276558858
0.548592957,0.807281362,8.95017521,15.2796851,8.85568074,17.8937555,44.0293107,3.42842576,27.2764458,1.32073325
0.511877474,0.498800701,7.52259987,0.597252339,9.40635679,25.3994345,0.402317866,63.6817931,35.3065369,2.74711074
0.874775191,1.38652572,7.50982273,2.8277112,8.34698806,18.4726682,8.35007747,4.9005498,75.3559625,2.24061855
0.163740276,3.93124158,0.848753238,15.9923049,22.9196239,14.5701198,10.8947173,56.8350136,32.9986255,1.06088823
0.0486131902,0.167551298,0.0779887392,10.2342028,9.76086254,1.1759464,0.178462713,13.6134782,2.1862911,28.6520815
0.60843518,3.88027135,8.37133814,0.142515034,17.5783889,21.5735458,41.6294578,57.8584027,12.8772519,0.579007657
0.0278462209,0.0457382426,1.62594714,5.85533983,16.7132612,35.6850173,46.3944798,19.6206966,46.8894852,2.63262973
0.223571859,2.28896403,5.89146471,15.7287106,0.686977303,30.2796561,19.2998925,55.2399493,42.8143,1.05318001
0.942803559,2.7976555,0.441041223,9.91971988,1.14377248,33.6731001,32.3849177,1.71385956,6.12259572,2.68615335
0.358215176,2.08983437,8.6541035,0.920131274,13.5098782,15.1531843,21.1907525,27.3998575,37.2157917,2.39905528
0.824359263,0.0245158877,0.086681569,13.9682325,18.8805794,1.29272017,25.5180434,44.0882268,79.5161699,1.50621872
0.503772007,3.58446002,0.0440669046,4.67993883,24.5811871,15.8570149,1.15616101,36.0464683,11.3808705,3.23638374
0.592370891,3.91027952,0.152610539,15.8672534,13.9504295,21.4116964,14.1291077,18.1713467,78.2454068,0.890821243
0.727257381,0.059183022,6.05036552,11.5435296,18.9081241,19.9309889,0.177894925,1.14939031,68.0943586,2.13955971
0.850658776,0.0881729853,4.32756817,7.89028483,6.27664824,23.9427983,47.1104704,57.0468497,3.04106524,1.56540634
0.533711766,0.37461415,0.3150242,4.64307575,6.52211634,24.7813288,21.4954436,59.978316,70.3138619,2.47676516
0.19003657,3.77854653,4.57075513,10.1002502,17.0391496,2.86259882,21.3672454,61.7717063,67.1648004,0.894385199
0.18536848,1.95215875,4.34725079,3.98934147,13.8469961,2.10697944,32.671275,15.8296061,0.240611059,7.32893386
0.747782416,3.91626679,1.56577917,0.0897348375,6.52095797,32.7464288,1.67329675,60.2103561,65.1236428,1.30182292
0.032609799,0.291564528,0.731301032,10.6247873,16.8742137,7.07073021,2.39912341,57.5571463,3.7437128,8.90761122
0.0755068767,0.176308375,7.23342941,0.441115543,9.10771686,33.6921379,26.8988644,19.8718212,42.650903,3.91183313
0.979376981,1.55564906,4.03599668,15.9931394,19.8344361,10.608715,39.0262276,63.7486831,0.147159846,0.597715929
0.821322267,3.85338781,8.74994351,0.534422212,9.42829738,16.4075379,2.02769819,32.0306252,43.9398314,1.49000579
0.459238711,1.70006493,2.23030598,15.5601206,23.3552802,10.3595343,22.7203638,5.42662427,6.67505772,2.93415025
0.0435124897,1.25765533,3.17949724,8.55142856,18.530961,35.8010418,5.59464833,61.7200544,21.4575101,2.10729404
0.552951761,1.84097826,2.97363854,1.6764698,0.668538292,16.0172321,40.315886,22.3299083,3.50472307,6.13119019
0.0390825817,3.44379992,8.87682932,15.7695679,23.6370055,24.6977863,21.3622111,15.2583635,80.133956,0.382715985
0.504165557,2.0420335,1.02818893,1.37130771,11.8260383,14.7252107,30.7840941,60.4328198,18.228896,3.10556759
0.385908671,3.86812748,8.14161426,0.19703529,24.3314463,19.6097318,1.0385704,14.6975102,57.0205289,1.44314915
0.865685069,2.27584598,4.82266854,1.04902583,23.4016694,17.0749636,31.1878702,28.1273433,40.8278132,1.11389355
0.328485654,3.43357093,0.0599843776,0.279883638,0.00672885217,18.8522185,18.0171972,57.5136012,49.4790348,4.00012886
0.115131394,0.0533598606,1.8431477,15.6148424,10.4005285,2.42309334,12.1544582,62.6669007,74.1655742,2.99292601
0.104324383,1.51960543,0.0189194726,5.29702372,4.80893901,34.3265405,35.6156601,10.9707824,2.4551465,7.61852677
0.707170974,1.69023074,8.34314478,5.74981974,20.6569159,8.33040205,6.89701833,43.3462807,11.3133734,1.91365089
0.680186494,3.57762567,2.59783499,5.00041709,15.6407606,34.9388497,28.9182547,61.5272559,51.3707939,0.467921994
0.103154124,2.84543542,7.27439503,8.45746845,1.05047892,7.77483515,37.6407635,50.0399651,78.0817381,1.22399227
0.133844073,2.06933916,7.61244196,12.9992077,21.379691,4.99251612,39.7696018,62.2991,26.5444348,0.778008676
0.45442306,1.95347237,0.0226800093,5.65851669,22.9530159,30.7265506,1.54717429,43.5699953,72.0287202,1.53857892
0.824314462,1.01267855,0.198986469,9.53882866,23.5832771,20.35915,43.873529,39.7082739,61.9650521,0.729475869
0.153158576,0.544767432,8.78902303,0.195531912,9.85132657,30.5936368,47.9848572,51.5858613,75.3941617,0.917109209
0.895669641,2.07865139,8.76116336,15.7733806,23.7624867,1.6029819,18.1256706,6.72138524,8.00101624,1.20184839
0.204838336,2.87165766,8.88807457,15.7677467,0.811432558,18.3556952,27.4519263,0.685791076,7.70842417,2.57102354
0.981000098,2.67458332,8.37428474,8.18416033,23.7228048,13.2199437,43.0016244,35.6578226,6.35833026,0.484532747
0.0589103126,0.422497096,2.04454811,1.28023794,20.2486202,26.7253635,1.61283,12.8441049,79.5710087,5.58180423
0.777143335,1.79211638,0.224934105,0.831114024,0.833447802,11.1703751,0.671887731,29.2794817,5.37803597,14.330991
0.60397652,0.133490568,8.04595021,5.84043661,0.340796297,3.97924634,37.0129892,29.1385648,4.88435417,5.33056142
0.927899842,0.850554532,7.35753729,12.6740464,7.34065986,35.2370995,40.7407581,5.12109429,68.6370109,0.552962018
0.770965414,2.46285341,2.64871712,5.31309241,1.78779053,32.2494028,48.6101659,18.3608431,59.092658,1.15290185
0.947668312,1.84525409,2.667304,0.672505506,10.6250535,0.394645047,11.9768232,3.22211963,12.8646178,9.56450022
0.0941651422,2.53418007,8.92014273,13.9357346,15.4564914,3.2414216,14.3908083,3.02441123,19.3382283,3.15179767
0.152333705,1.09033932,2.99929206,0.180806868,23.1578565,20.2958295,16.3414402,7.2960378,0.641984146,8.9211984
0.953916982,1.93088341,0.804254678,14.4148852,23.3993022,31.7837806,29.9443081,57.4508339,10.3333021,0.50274452
0.295336187,2.86118121,8.7132086,6.92795769,9.66401734,33.3207618,8.22632447,40.2748652,45.1314278,1.0622581
0.309523037,0.614752496,0.326698632,1.46472931,15.1648581,1.10972698,4.33023667,17.3554671,57.3775743,12.9575796
0.33506279,1.60123851,0.0350582446,7.50918617,23.2686085,0.725338888,30.9934345,47.8749913,34.1441752,2.92321481
0.355838433,2.30617868,8.87651753,6.4534336,23.2163933,33.0081939,11.8628404,61.0720113,6.70055071,0.756272067
0.963711461,0.394071182,7.09731658,13.5107801,5.7520396,35.3225297,35.0582683,63.1048692,75.3507776,0.265753048
0.0819603615,2.03118219,4.67781164,8.85369768,6.40132933,17.484492,40.6385615,1.70198816,77.6018332,2.3193165
0.69861053,2.18868589,2.79842373,14.4135848,14.2493313,19.454971,37.6997695,1.34039193,80.958543,0.82118295
0.934393948,1.43636163,2.09245753,8.77113548,13.2407309,17.227857,0.806802358,46.9253713,3.43759776,3.16126714
0.848457605,0.107871749,2.2510755,12.1351035,4.19416718,23.5695467,34.533602,1.63153327,36.9304307,3.11003558
0.937770696,0.448372733,8.55118009,13.6600287,0.160589465,34.5990794,47.269053,18.2514593,0.350080291,1.06501436
0.518894362,0.230171181,1.09585184,7.0790148,1.56532378,12.091408,0.399394409,63.5060661,23.3535245,8.06627148
0.0529815839,1.84592188,0.920493159,15.5173869,1.12788758,9.22534407,46.7647167,19.0609898,48.1648404,3.5836191
0.615820369,0.371738425,8.56733376,0.317480274,12.3296249,34.5688039,40.6804143,24.4546274,1.16730217,2.04016537
0.0763181216,2.71467561,3.49435057,8.08883145,20.2971783,13.9335037,0.54047512,24.509826,41.3161355,3.52933075
0.0618699226,3.39115578,7.09922311,6.47622968,21.862813,33.5495901,48.9455586,20.9016432,78.3645956,0.369801699
0.0195197384,0.272972914,8.67545694,14.9419069,13.4839808,0.381313579,1.00358516,14.7015297,61.5220009,4.24739404
0.443746005,0.15641916,2.10784664,4.58410388,7.86560298,31.9525889,20.6356778,2.39858249,72.1101229,4.21187004
0.869101625,3.96403709,8.03560595,0.763089702,14.4509682,3.48825306,25.9552406,41.4413808,72.5043783,0.688263077
0.179271117,0.0386493895,3.55565243,15.7341002,17.2231478,28.0017486,45.445056,41.869128,18.2685827,1.31913732
0.763484263,3.52004754,3.23781688,7.0904154,0.955644751,16.590714,27.3994036,63.708578,38.0577039,1.17300161
0.722822219,1.89210792,1.47992502,10.8440637,0.278206216,1.16910341,39.6369901,31.2057956,75.6921701,2.1306698
0.536557824,3.70940095,8.77911071,8.02430619,0.803317549,1.95558827,48.4174529,11.9265091,1.06153124,2.32705666
0.982602378,2.3926914,4.41991842,15.2335451,22.1748441,25.350563,9.40820056,0.818690092,80.6511584,0.535398867
0.234498938,0.894616578,8.59686672,2.73598106,24.4277053,9.27686726,0.419229897,50.9346975,75.2552374,1.71485733
0.322058468,3.34670524,0.168710712,0.926122092,20.8343791,19.3098677,1.28884635,4.7551353,60.1918428,4.6304496
0.000537487213,0.134190343,7.50847778,10.6418721,15.5380495,33.1180851,26.7551401,0.83471933,16.6148555,3.26321016
0.419823515,3.89526365,8.31628218,3.11921261,13.4475045,17.5790703,48.2292412,40.3027793,71.9017925,0.432319435
0.445207326,2.3981089,2.28652115,15.2195524,4.71428517,11.5067159,1.87087881,45.5316065,2.16513532,4.28825568
0.9180729,0.204905426,8.65237177,13.1775623,5.13924638,0.45192756,48.3827296,17.6802178,80.2668809,0.92654363
0.0509200827,3.25532282,0.473901255,15.7482621,14.1271279,13.87967,43.0288632,57.6039544,27.4154978,1.17405373
0.64361479,0.935118013,1.18898368,5.7755348,20.9585136,35.6234321,9.55842466,34.5381421,3.2334125,2.89335606
0.936565785,3.44457434,2.16227349,14.80997,23.696699,29.4047606,46.0204766,1.50238815,43.8382636,0.359354973
0.952159949,3.80902614,5.18041843,2.29789925,19.9887099,0.356830526,28.9245036,6.70234648,8.02056917,2.3015326
0.0709010116,2.53320889,8.19391103,10.7781153,18.41128,19.2709514,42.0322759,4.52015361,2.81195367,1.76127247
0.107151214,3.56182039,7.90939419,5.66788439,18.9577155,32.1480416,32.8512987,63.7088072,42.933939,0.417083427
0.0102907973,3.8297235,4.86657224,0.852573112,14.3692097,4.76352944,44.4256005,62.7812161,75.8093306,1.04862127
0.0275558392,0.523955817,4.78217337,7.08945822,0.819107623,24.1082145,9.20336545,48.2782844,26.7373401,6.28263339
0.521094279,0.126198074,2.27481338,1.40175856,11.4939264,4.92614749,40.5079127,13.6985441,29.6549165,7.58727794
0.0307907532,2.00075689,6.12224156,15.1356939,2.51191532,25.5755577,11.4319966,11.1900168,48.8690062,2.87626631
0.636165435,0.129881425,6.56349328,15.3449346,22.3678145,15.6353019,25.2055442,32.1060204,27.6987897,1.09612666
0.629987322,0.787657986,4.87747767,6.69725874,1.29329179,16.3514233,41.3377685,54.6932306,77.3639963,1.19821707
0.661090012,3.75935914,7.98525142,0.214349955,4.03078242,29.3185174,33.1059008,20.7347275,10.8404403,1.62698762
0.158262114,3.64540767,0.825202927,0.329956331,14.9625733,1.39653326,48.3664642,44.6214671,1.26325288,4.34806329
0.526814188,0.664207774,7.51511423,0.933017649,1.9181718,19.747384,13.9956947,33.4908757,1.45294218,6.68437058
0.256929041,0.825537453,6.31793294,6.22029995,0.908339757,23.7114765,47.3467874,60.6769487,27.1821,1.80028262
0.61292272,1.56864913,0.643151917,0.807599187,8.31178204,30.4137808,0.562993957,6.84334389,10.2271458,10.3448754
0.958743895,2.43456763,4.00069674,1.26228058,23.6713274,27.3600689,17.2566434,1.83536878,79.7889718,0.982242122
0.0745120873,1.29860561,3.74517776,14.5823425,20.984535,17.395651,17.2949829,11.4653374,73.3128464,1.82076218
0.916545562,1.52506951,8.64751185,11.9673575,24.0267478,25.2724958,36.5280878,8.58264265,71.4761664,0.295490954
0.265434654,0.640924994,0.0593494526,13.3088898,3.92258131,2.62675844,16.23672,12.476756,41.5597037,10.4904415
0.013447918,0.0766315796,8.88065565,2.09679438,13.7860391,2.82231788,30.8925011,8.18352181,5.63339503,9.81363627
0.99853541,1.53851451,4.08003051,3.68507739,23.586912,0.330013583,3.4548857,1.65094769,44.9016399,3.79768269
0.580256662,1.49485078,8.90330005,6.69142573,23.1128534,11.1274432,47.5551551,26.7647777,55.2051047,0.61674205
0.0142913931,0.781776106,7.44979367,1.2128368,0.231274346,17.3202125,6.54911488,22.1697934,80.6422068,6.4440327
0.275405525,2.96265878,3.16358913,13.2312295,14.4908871,33.6082704,19.3289532,53.1814578,76.8999486,0.502550342
0.265151226,1.58659595,4.31584866,9.72174442,2.12267474,1.14396106,3.47554791,7.22773984,5.8516931,15.1394279
0.840530044,3.15378857,3.88018341,0.431303777,1.44153135,4.05704661,3.78714086,63.3161921,34.476207,3.53612259
0.798311715,0.899970666,4.06571253,7.87644949,17.9478253,34.7039512,45.3349995,57.9092591,41.6609892,0.452150748
0.116454029,0.971433288,6.47835837,15.5895968,22.4282016,1.12861726,44.467919,31.7574728,65.6160966,0.953584786
0.973228033,0.174212871,8.9903841,0.685469397,1.06898573,23.678167,20.3525991,60.2553799,50.8391492,1.44199252
0.268572396,3.58502434,3.38411057,10.2156955,23.7421576,13.5968697,41.6342073,34.1191652,1.02513562,1.24795869
0.198368862,3.94187899,7.11024919,15.9256784,23.244577,31.1122449,4.76376291,62.1233144,13.3451043,0.45116966
0.708482114,1.83555977,5.06949272,15.9362052,24.688179,13.2823478,0.571268278,60.4812279,75.9335303,0.459255814
0.522794608,2.43589348,0.138969608,8.28835001,9.84165081,12.4202474,25.9948774,15.5478132,0.12110571,5.89552241
0.748341076,1.47385456,6.91561859,8.53623996,19.6639649,24.8515376,10.6063511,62.6201181,51.0351704,0.585574541
0.474600891,2.46872287,8.60693636,15.6077868,0.112997228,34.7679599,39.6105892,27.6537603,11.072715,0.811145275
0.775333018,0.0881612096,3.88226342,14.5799386,7.85547531,2.84197362,39.5411994,40.4083879,50.3399049,1.6532981
0.848668958,2.31673906,3.2249371,6.25393928,9.30859596,35.3841045,22.6546408,34.675898,17.4874141,1.43049913
0.951323581,3.58169711,3.56262427,0.0463794396,17.9675634,8.40734229,2.99687512,59.4026209,55.4978159,1.28250571
0.487480157,0.315982446,6.11319071,0.7043323,21.4265058,22.0078544,29.9562446,63.480682,50.399881,1.15846311
0.107701727,0.571687537,0.792961438,12.9829155,18.5330191,13.6120629,46.1980773,60.1918307,76.0614739,1.04900936
0.979593143,0.0878393352,0.710341756,8.38025729,23.4129275,1.54428048,47.2606099,24.9080086,6.20260441,2.78879969
0.997552891,3.48574237,1.9620771,1.11982691,7.70438799,18.2145564,32.7334319,36.2961034,56.4600733,1.24662556
0.200278626,0.331463136,6.52708267,15.4282665,10.7431421,14.3842496,21.8912305,44.2925447,51.6349637,1.67554398
0.390657622,3.13061742,0.645797862,15.8660752,8.01005263,35.934448,19.4201282,6.65380538,28.4854109,1.95608456
0.449457152,0.105385004,7.21295218,12.5994842,24.2677916,27.033616,46.2570123,9.9349978,1.90862849,1.23997612
0.0940435422,2.35925563,0.0212219311,10.0924374,11.867749,16.2095436,29.6708409,6.3005358,46.9612783,4.32238631
0.898553169,3.93246471,2.10219642,11.760303,11.5815717,2.12416328,33.7721466,54.1632305,62.5415952,0.608201294
0.566972475,0.425537979,0.0378455711,10.7920233,8.64895437,18.6855991,28.3983902,41.4617151,19.0426534,3.76562807
0.926570897,3.50826059,7.50522246,9.37575494,16.1145444,17.4935454,2.74653464,3.92848557,53.2284476,1.01428069
0.553877312,0.0639009476,4.46225923,0.33921314,8.05508098,9.71423022,9.61942658,29.6522119,76.8559785,5.35025382
0.43398564,3.98663933,7.75617896,3.73298795,6.76323008,28.2354805,2.34224686,25.0030596,3.06638496,2.68293823
0.986183264,3.12846014,0.0664169728,0.480110355,8.14802432,27.1363494,44.4054744,4.97327975,2.42076452,3.09174634
0.851960663,3.61146219,4.15126247,4.03263802,0.854878361,25.8344784,5.55213576,24.4842493,64.2653642,1.7836798
0.00350995036,3.96694281,0.917407731,3.32751547,8.67577616,19.8286455,10.949459,42.5240498,17.3455573,5.26648074
0.217708441,0.103075888,0.892013749,12.5779207,7.99006119,20.1001923,48.9070228,6.96454183,77.2720613,2.65742138
0.450306982,1.23781799,0.0155234942,15.8282089,13.6042924,32.1723545,1.03640156,31.0871389,62.7036036,1.84879928
0.975608199,0.188026426,0.360335935,14.5174275,16.2567182,2.39341773,19.2894676,18.3924042,1.43966185,4.90028337
0.832337981,0.417818772,5.13022234,6.48317375,4.22054297,13.9184959,0.218794732,2.98195666,7.27180097,9.81200088
0.569759664,3.80271768,0.621178641,0.265628539,0.654464821,35.4099479,25.8529554,36.0763262,79.5003388,1.51577929
0.607041805,2.20645768,8.85219564,15.7371056,21.1471903,29.9922696,10.9902366,41.6748638,17.0042645,0.498913859
0.114948869,3.78258333,4.2256215,1.81427497,19.561531,29.7369698,1.7024723,60.6718302,80.3048754,0.927270744
0.257692486,0.150460085,1.76095822,7.86621305,24.1292593,22.2629504,34.583046,63.0259816,17.3053075,1.84747297
0.858969421,2.79620773,8.69264554,0.52190692,5.76500747,25.1720836,42.477941,59.7617241,80.1098315,0.344329532
0.761711536,0.343164396,8.01899672,0.494016737,23.3426537,28.771715,19.3462154,48.1209838,1.73929352,1.54098631
0.746873557,2.81545762,7.64146232,0.101691634,20.5176319,21.3683116,1.65041866,5.99036244,10.152213,2.89327786
0.646104992,0.346384486,3.78913949,0.119962752,0.334330532,27.4942801,0.497030077,30.804246,39.1861578,7.47225121
0.630872414,0.290635606,1.60343307,5.1549846,24.7282836,11.8968299,8.19400746,34.8516827,30.6683604,3.99403202
0.0427793088,3.96736957,8.05565507,7.81280221,21.510644,6.32776855,9.26384377,31.8984857,68.1523199,1.1590328
0.990209827,1.82626267,4.49244064,6.13304933,9.62525671,31.2328269,19.2212425,56.7153419,79.4194698,0.522827899
0.382311243,2.02023167,4.57580163,0.885334343,24.7098516,33.804019,38.3116756,57.9034952,0.0565163275,1.0744301
0.966508768,0.45145629,8.15819663,15.6634358,11.5092109,14.8421202,10.2276597,5.58643124,3.98648034,2.39564619
0.452723526,3.6971841,5.78972293,15.7747999,11.033418,19.6651036,42.7344315,58.2401031,32.1622962,0.380547169
0.555399951,2.42792721,4.88825806,8.80557308,17.6043085,0.881585475,28.3207562,1.24013129,54.2783278,2.25052254
0.9973852,0.212201813,5.57072261,0.239875831,24.364201,20.3409523,19.5805895,9.10100177,0.67939753,3.45913705
0.123329462,3.19304509,3.39495182,14.1427329,1.42404902,12.9482161,0.908481818,38.9928611,72.1604677,2.53932906
0.892006317,3.80068622,4.79990938,9.02569341,23.1704264,0.514065458,48.8613686,28.7635221,46.2161547,0.49529314
0.10898366,2.75350574,4.88481823,2.02668664,22.691173,29.5836905,23.2551687,33.4628682,53.6951884,1.3009541
0.174395746,0.27719201,6.2237424,7.89072241,17.7679106,0.392874051,20.4631844,55.8243214,80.203322,1.91614775
0.997030324,0.354642123,1.05786847,8.16969518,18.8545157,18.498033,0.600459699,61.2913198,54.6891072,1.60309695
0.00160651747,0.00295661576,3.80664251,11.0946112,4.89079856,35.497975,30.5787598,32.9344954,73.4875897,2.06680921
0.986786738,3.6987931,3.6353142,11.9568888,24.1096792,16.3840242,3.12404691,35.0778022,61.5366299,0.516437117
0.307743264,0.964123566,0.0557467346,1.66287821,18.7407071,0.092992656,20.31808,6.49253375,0.0185740921,17.9998544
0.943113809,3.65518002,1.37391543,11.3718002,9.13364882,13.2993953,47.5535822,56.2360887,10.0536272,0.769195085
0.691913772,3.97904824,8.69330526,4.23383881,9.57646609,2.39843507,36.0671173,1.35817042,54.1311083,1.37918968
0.581247894,0.133411001,5.03707907,7.44529882,20.5270912,34.3025729,26.3270429,11.2465727,36.8898166,1.66985019
0.372521136,3.85090841,4.98969542,15.6639905,1.07682329,33.363343,2.32193647,27.1494539,56.7899175,1.12956469
0.30974891,3.79972458,4.43466896,7.96670176,13.0571212,1.49293517,48.6753313,40.8723801,38.0861861,1.23193477
0.968092194,2.90203691,5.70229315,11.4505749,2.83146392,19.3164186,4.14796927,48.2214806,33.4440847,1.20150819
0.510624932,0.292952899,8.23359135,12.3907873,18.6901249,35.8971028,47.1044367,52.5951295,78.9000074,0.208937307
0.0720538707,0.0376184397,0.569509652,8.4421643,24.1490038,32.1213037,9.18831208,37.8266848,52.0055114,2.95064962
0.820319974,0.471228587,8.86242861,1.48905954,4.09947019,35.7055592,26.3157206,18.6996179,56.2919179,1.5058022
0.513361336,0.25592597,3.03251028,0.711689927,14.6446927,12.0249929,0.0758156362,0.304846615,4.50189641,17.7921226
0.730035993,2.85974714,8.48302031,9.10626264,13.9941371,35.2244855,46.1790642,26.8176939,46.8052242,0.294758753
0.15947791,1.38094028,3.29245005,7.48083084,3.63105326,3.04151393,47.264081,37.1055397,21.270328,4.94786005
0.0154607669,3.3964344,8.71430077,7.56091218,6.64221477,15.4132583,41.6947642,19.4644235,43.747647,1.50792494
0.559222014,3.37755383,5.73123296,12.146419,1.3506467,0.459472463,24.9813997,39.6864503,2.7470978,2.74827727
0.940208685,0.349481289,3.89703584,7.96675363,14.4191052,24.3364927,37.3390735,19.3407526,5.0980958,2.08156215
0.107072786,2.28925803,8.00936226,0.625003524,13.178492,22.9166815,44.4623908,38.4034189,7.92500081,2.00960629
0.106325001,0.017138591,0.108674279,15.0908571,0.0559870969,23.0041977,37.5005067,43.1227568,35.6564842,4.09354579
0.0159444027,3.91030285,1.0351902,2.56302036,7.31760713,17.3132044,42.2298616,53.9220469,35.2377413,2.39765209
0.425655668,3.97927075,8.10802966,4.71900258,0.431733777,8.85539878,11.8243774,48.7332424,65.3116555,1.51577274
0.214763569,2.12523555,6.37629133,5.91708856,13.2927528,16.2662732,4.42841115,60.4816076,3.00987384,3.14425099
0.821822741,1.4991997,2.36092607,14.3723692,6.89044195,11.0272165,8.74949887,4.99916592,67.0549602,2.7644764
0.121190951,3.42524015,0.0252521471,2.51170971,9.85161174,1.49536752,6.31811662,7.29610062,1.97832104,19.452929
0.151979761,1.29539059,8.1666245,11.4809365,0.154767442,1.69400385,42.3615706,1.19723123,32.7358265,4.66133368
0.579754392,3.72826236,2.03723758,6.84815024,13.8454848,1.53169492,4.35085259,21.9159582,27.223684,4.30626918
0.99922054,3.59848201,8.29616653,10.0816023,2.32815931,6.2979203,12.4492681,6.33246365,78.1101313,1.1040606
0.194915863,3.80365863,0.203930833,13.2720045,10.2796634,29.2357188,0.98821251,61.2410094,37.5203437,1.55353514
0.278062279,1.5708613,3.29839116,8.99603394,19.2850706,34.8212444,33.5570827,5.07940713,72.8944333,1.13878693
0.508997353,2.87404956,0.339529398,0.83660999,20.1626539,34.1617943,39.8497936,30.6691857,1.26975737,2.00284439
0.238384207,2.09349213,2.97490414,7.49135729,5.06545924,14.6496793,17.9125293,63.8438564,80.6138812,1.75291415
0.923837388,3.73994497,2.82400359,10.7171468,17.3229841,32.2462156,24.6979646,25.7178802,61.2721271,0.410923022
0.17673646,1.63871163,4.10947055,3.32728325,2.57746923,28.116535,25.3220324,29.2560952,74.9158487,2.7391768
0.206471635,0.675054869,3.70616229,0.834999204,2.86191065,0.190559937,47.286167,9.93822104,70.4713329,7.23744254
0.724863647,3.13325309,1.31545563,8.64489184,22.9642986,15.7914855,21.0932365,62.7283323,3.90020124,1.130158
0.031695412,2.81915935,3.62507685,10.0739528,1.44423937,33.596722,0.144701308,40.4831068,19.7129556,3.90587756
0.450345246,3.81018903,4.15598901,1.25740514,20.6377961,13.5926881,43.9770899,9.07845694,7.12019426,2.20707777
0.318143257,0.134856213,5.68883475,9.32558646,23.6433049,33.1562734,18.3581829,54.8304751,80.7402917,0.618820911
0.778782641,3.99938555,3.76406534,2.92655271,4.01772451,1.28991458,10.3368066,33.5779138,70.8716425,2.38661189
0.55711531,1.7480695,8.55910536,10.4599164,12.2097352,12.9880757,30.7449194,32.4703638,1.77829211,1.63563795
0.664574669,2.02581973,8.89263181,7.93392443,2.29365983,35.3386792,12.4972942,36.6022554,7.72899648,1.56888575
0.931270248,3.43624764,2.28186944,4.23049722,21.8231051,8.53571514,48.6792373,62.6178313,2.39263409,0.775400779
0.160969771,1.67573712,0.255962695,15.9378076,16.7697838,35.6499643,28.5148128,37.1707362,31.0881768,1.35479939
0.937923148,2.69737894,6.40780153,3.41390817,2.42909002,1.03104713,17.4346383,5.18065048,39.4780511,4.08937426
0.576055788,3.07850033,0.798995792,1.28405564,20.5048017,34.8512884,34.8496956,28.5175666,79.4077508,0.760835543
0.568440178,3.09626928,6.7449986,14.5625227,0.499086827,18.9393206,1.58037393,4.3685132,17.2141849,3.19918555
0.545341288,2.20407792,8.85971041,0.271883018,14.9029546,34.4995165,23.6469992,58.9271885,67.4031909,0.500111349
0.600327444,2.81341039,2.22387068,15.2791258,19.1671509,24.919822,4.69466725,17.3353853,35.2106383,1.41281916
0.449098597,0.0004807394,0.179520966,3.92689297,23.8907982,11.0087562,27.4468548,17.3565023,79.3979721,3.41778813
0.3051468,2.40907245,2.88166286,5.52479238,11.2272801,31.5318384,48.4657917,49.0589623,27.8184597,1.14438166
0.969912419,1.27211002,0.794468831,10.022481,24.7471131,35.6108157,14.9434254,38.0745785,60.0413032,0.64176648
0.387027198,3.06444682,0.354814905,9.5539676,21.1460088,1.39640678,45.4730163,15.6543286,78.84862,1.34457359
0.648209004,1.79489186,6.1816878,15.3365837,3.0649258,17.5792956,4.38375843,40.2650469,79.283778,1.08948086
0.443266383,3.91240392,8.48856136,14.6680328,21.2936401,10.3817566,41.0817017,1.51483232,65.5426404,0.411214966
0.55839151,3.54445467,8.21173358,15.3000576,18.857283,13.4715306,16.3524093,56.0892521,45.6380859,0.36530508
0.241176011,1.7808778,7.22972161,1.65516463,16.1749004,2.23402671,48.0293834,5.02499998,49.580402,2.893338
0.200452446,0.0170150772,4.43790493,8.65454415,1.44298523,3.24387061,21.4147848,17.3560622,70.0372745,7.17238067
0.572559872,0.0550733004,3.63815968,0.977430344,18.2371766,17.6063041,34.235157,42.1655545,5.6620307,3.70510931
0.237745278,3.13956014,5.82130393,15.386868,23.5776881,29.0935682,32.1240528,35.2063054,40.9750853,0.410707374
0.628314106,0.300692672,3.91891307,5.63913903,14.0775952,3.08404243,40.1543773,60.8909678,43.6590773,1.88182088
0.451040957,2.58144828,5.40288464,9.39033956,24.1202293,19.7190396,2.58342777,7.4063735,79.6324749,1.19705311
0.0513465838,3.92813446,0.350704562,14.7405776,1.38785827,1.05700116,23.1640007,16.1427904,20.0962213,6.60565579
0.992270479,0.359760542,5.61470239,2.31645119,7.18000067,34.9506236,4.26085879,30.3720589,79.9800833,1.55880404
0.395362015,3.39754888,5.85913488,9.741992,8.84307168,0.728278354,0.237239203,23.8749754,64.1810496,2.70255559
0.0351265399,1.48702405,0.929893636,8.39526099,17.4242485,35.0554042,0.242142275,3.50721252,2.17794462,8.3266956
0.125528213,3.01068307,1.23831976,7.89384821,24.8543932,4.01310633,27.6006743,2.00332305,7.40452558,5.28637193
0.976706522,2.02603243,7.93572889,8.5251643,3.80692999,11.6241859,43.1372696,5.34263507,2.11053676,2.03618178
0.144512678,3.29829188,5.38110242,14.5571105,8.36850355,35.1924144,47.5157378,57.4768844,78.4636543,0.243396696
0.885782627,1.39447052,1.94860325,14.5331453,4.02060686,35.0487856,44.8348618,22.8856202,79.2521609,0.57246237
0.222641966,3.77408646,6.91013402,4.66221064,9.02217667,15.4414381,0.341138841,0.679833502,42.982734,4.17888562
0.568178194,1.48365137,8.38931402,9.24582614,4.06231702,0.521566741,24.4621923,34.0449707,42.8074551,2.38903689
0.549999758,3.38375715,6.3145676,1.66685727,23.2344763,2.65387927,48.6582825,50.6176561,54.3543739,0.619931086
0.922756739,3.09004443,5.34783113,12.4404172,22.0179412,7.97444101,46.8630992,2.75322196,1.77375366,0.958174251
0.202891757,0.00703118742,4.88962562,1.66710959,4.86086748,31.1036369,3.84517469,57.2747986,72.8247584,3.43180958
0.251413325,2.01501074,5.14237919,1.71924637,24.0215585,7.67964905,16.145044,48.0049159,43.8182038,2.29826336
0.651778222,1.74630186,4.71464901,5.5215874,2.06172248,1.97228096,38.2827732,63.4366443,4.65941208,3.0221414
0.627627739,2.15764043,7.79116947,9.21821242,3.90009467,34.4032044,25.3936497,1.39912012,34.1869418,1.524021
0.996886247,2.66863361,8.38148473,15.3136454,0.685327954,26.3619797,18.7732137,13.5863207,72.5096574,0.541976524
0.640088064,3.8403954,3.43221523,7.54030612,15.5076739,17.9645867,47.3792797,5.9469482,58.6724155,0.822276574
0.575461866,3.15033662,8.34193219,1.51886417,11.7970505,33.1598908,3.1107913,0.0906382502,64.9987922,1.5767688
0.461974637,1.63091858,6.4092892,15.8640541,4.93396422,0.196743284,41.7376093,63.9986623,52.5457867,0.885088583
0.378186101,0.695184874,8.93738916,1.24379697,13.2744275,4.75625807,25.0843708,60.108688,8.50453644,3.25488908
0.970433325,0.291606242,2.30874489,7.24503472,11.4039777,23.9800895,18.1909338,31.3797266,49.4423028,2.06572274
0.00376894744,1.37879869,3.30657405,13.4933123,22.0301453,15.3398324,27.9898065,32.2316701,27.4385157,2.19415343
0.950027523,0.450289872,0.0492177559,14.582798,7.94811874,13.0056675,41.1788381,21.8535908,77.5841033,1.37180459
0.562961136,2.75126802,1.26367197,13.395231,21.3233029,8.28290048,47.2418749,61.6381895,62.0793069,0.447245574
0.765750982,3.90700164,2.19736112,7.19708697,2.25112432,13.8910002,8.22158199,0.167875201,6.93372186,5.95086763
0.0114733577,3.3308903,5.11484108,10.9048712,22.1410454,35.3512206,5.39693332,9.48013178,46.2900053,1.38048296
0.0362304393,3.69997575,3.3580839,0.562100657,11.2902115,6.60146183,47.3245022,19.473021,64.628648,2.64581093
0.966840751,2.77003873,0.0920646997,14.8113907,11.0067622,22.5389569,27.561395,35.7427946,31.8287897,0.971470985
0.747249097,0.0622917693,6.60997641,12.2196862,0.416179595,28.4118584,19.198321,1.54265991,9.47332309,4.04504262
0.167426827,3.77069264,4.57002035,4.14584437,23.7599393,11.952292,2.95650744,5.25125507,2.33371373,5.1473092
0.0634505078,1.65074169,0.0349104842,3.09423735,7.57369445,23.1589322,0.236074511,62.307667,46.7775533,5.91298898
0.745702014,0.0549784098,0.0498006838,0.000163696706,4.29882898,0.602758566,19.8221634,0.131103367,34.7468278,20.3569215
0.867491187,3.69751966,0.479218043,14.6091576,0.173653045,26.7648942,23.9243857,4.11495519,50.6906321,1.51808649
0.0392860486,1.12247767,3.33487098,10.9806166,11.2855779,2.45876285,44.137047,0.455034882,40.2105041,5.28661835
0.993604462,2.04077975,7.61682659,0.0081210658,13.2668014,0.188494485,0.0364896367,33.0205038,40.0038043,3.09766288
0.819894201,3.8473161,4.14385102,6.58495632,2.12639143,19.0955222,46.8787863,27.1169756,13.9329021,1.34304691
0.385814498,1.53709563,4.42418815,14.8093746,8.06196112,32.2280626,1.42626453,13.3589169,14.321286,3.32095335
0.0633122023,0.352733256,0.872642961,9.79600016,2.14788315,35.2399364,7.63644064,19.1449632,52.3914735,6.75046517
0.0285069221,0.46335781,8.22310906,3.18925682,2.87398438,4.39979579,4.58403809,20.8042386,31.4350926,12.9017849
0.0241795373,1.54193536,7.44226018,0.11894358,23.5699086,20.813476,0.123239418,17.3517058,58.3691571,3.50595596
0.942545272,1.43357178,4.59185727,0.613469795,10.2919362,2.26286758,21.7987688,62.5716372,72.7818306,1.576891
0.903607169,3.70273438,8.67773201,2.91887021,2.26820812,31.3544254,7.93291567,63.3648047,15.5315436,0.881290469
0.779677974,0.190864526,8.68519244,1.82989512,4.76150108,2.23000784,5.09290634,55.4800079,46.1851715,3.69659741
0.777303414,0.553937609,4.5661237,15.7175195,6.79722431,22.9665205,8.58860384,57.0315983,2.62309542,1.9439835
0.39283673,1.62769646,1.56251062,14.4282921,0.47752366,1.06581101,28.6998337,2.74933773,0.150984697,10.2953278
0.60879082,3.78926594,4.93346555,15.5654055,12.1422429,35.5330236,48.3568014,24.5035689,70.2206572,0.206487332
0.993996335,0.385590896,1.4089326,1.6535612,24.0672729,34.0634806,44.8059542,28.3055687,24.9243069,1.22377477
0.600162434,3.72009546,8.19993325,14.7166127,22.047201,32.1217061,18.3955738,43.6350386,78.5881384,0.138260653
0.106892889,2.19513831,3.80148249,0.91776643,1.4068555,28.8293037,13.7581389,2.66558355,0.585682324,12.663281
0.958552259,1.55126813,0.367905254,0.681968049,9.12029951,14.2183259,48.1881124,33.4428038,31.8972031,2.60565458
0.97730324,2.14221684,0.536392777,10.9393974,3.83198951,6.11658776,29.2509551,4.96732241,37.7001458,3.63356612
0.536526118,1.57784233,6.29099879,1.45177919,0.0825041556,16.7721746,13.5275961,61.7906097,64.2652766,2.30624969
0.0809785761,0.0277161766,4.10800516,7.54256651,24.8677499,3.27139606,14.0923125,42.4444583,25.3265211,4.99213109
0.275309194,0.486463435,8.97965045,15.9735046,4.20485868,30.3261255,4.3430442,42.5061997,42.649644,1.52366591
0.638542406,3.9288768,1.42272497,13.7573583,6.12541543,35.7943602,48.7435201,1.75303111,29.3546432,0.896686105
0.89798195,1.53053691,8.40120091,12.4154791,17.1208621,0.473285739,46.976584,61.9714577,23.1474965,0.493913434
0.48063627,0.215191489,1.62755718,5.96171506,10.2265905,4.76182167,5.35849389,61.657778,73.7533357,3.998931
0.473316754,0.138735842,8.39991803,6.08417647,1.17798356,33.6522842,46.1958821,12.003936,28.0359006,2.19444989
0.101794787,3.45995821,7.91455164,15.7678429,3.3366106,4.9166711,19.7240505,22.3563577,80.1196735,1.31750728
0.089073896,0.259879205,8.52706527,13.1306648,23.5673009,29.7024795,45.6966349,60.5289396,37.8275201,0.43448967
0.0386724998,3.8748194,0.201715366,11.0758219,11.4675656,14.9409366,16.7716601,43.4822618,68.8164915,1.85310537
0.628995332,2.09816375,8.63586687,0.0256382674,23.2849381,35.9336639,1.48266899,35.5496384,54.1348426,0.867592959
0.57051401,2.51586868,0.461100874,1.28424027,0.353433122,21.8166955,17.968672,16.2883951,39.305486,6.57018419
0.770155842,0.0369354412,1.74141106,15.8144537,2.3801758,5.20504131,1.53702239,12.7155707,18.4745278,9.37640459
0.542422438,1.97568156,2.87992124,1.48657445,13.8387031,17.4006163,32.8826566,48.0786807,73.8957964,1.34412435
0.979982707,2.27740662,0.83942514,9.27701318,23.0632938,35.6809748,2.91842934,1.3609578,32.4225,1.61736983
0.256208603,0.39198868,0.345923789,15.8953138,0.842031499,2.91370852,14.5625426,60.9361443,32.6241392,6.03433785
0.314686508,3.74453285,5.31824514,8.43735836,22.9405818,17.7954837,0.944584973,63.5293302,32.2127709,0.95809472
0.00860735123,2.65500816,6.12499818,1.50128055,0.0348074362,14.4123551,27.8383517,35.4958418,43.8082563,4.37550096
0.958618757,2.02178417,0.284747131,11.9911747,24.4900261,5.57127603,0.593687677,40.6318775,25.2684017,2.08154027
0.0141606163,3.98991463,5.61415444,1.94418759,6.18878651,21.5062179,20.4235841,18.5178067,76.9202555,2.2390023
0.281959886,3.59920677,8.70354035,6.04928024,9.77021066,11.4200655,28.6378286,49.6142441,13.4156666,1.42025907
0.055928879,3.98667592,0.140061053,8.89976633,16.2073592,31.8045889,15.9600053,18.035622,26.197941,2.61105656
0.0010998873,1.94322371,8.4619465,3.43954314,0.6275467,31.9354261,20.0172392,58.4353571,54.4802599,1.72138404
0.355102217,0.811812515,0.299107201,9.05728102,2.6908261,35.5885758,45.1801879,51.4838441,11.3491301,2.53446312
0.52609176,0.0968280863,7.62670627,7.20399335,8.61901422,14.0717783,27.7358939,26.343075,76.0151477,1.79909126
0.100891169,2.71149218,0.110484753,5.18622057,20.0141545,4.1678085,38.5976364,63.3143156,75.5617003,1.4448322
0.1599109,2.48996244,1.79711324,0.146097802,11.6652392,11.0515448,26.287031,28.904045,38.3292037,5.65159074
0.251675526,3.64227961,8.53522743,1.00859556,11.6648718,2.15981882,16.4352865,19.4088032,75.6286206,2.20906081
0.164907974,2.43326277,8.65660468,11.6531922,23.7511978,16.3884382,6.09789868,37.0717788,32.1287111,1.17399952
0.930120219,2.12211278,5.28635782,15.672821,7.97292708,1.4190466,24.3859917,25.2906506,45.5187555,1.31988934
0.91696434,1.67861721,1.16868778,7.35200501,20.5440228,12.0838166,22.7380677,10.0623331,37.5031356,2.42829952
0.492475744,0.159324389,3.97126428,1.84672637,21.7656836,22.8163417,3.06969693,57.9870031,75.3810705,1.81051938
0.573572858,0.156068884,6.86189668,3.3733249,11.6742344,12.7552792,46.2481213,6.75912288,0.731871332,4.56135906
0.0328100817,1.75617542,0.0907847872,8.56874522,23.2827338,18.5864075,13.2710698,62.5243345,38.5886112,2.38146945
0.125184159,3.88063136,3.98539356,8.0169874,8.60510221,1.372075,27.8545674,7.46315837,72.5238148,2.81895007
0.614186429,2.52526488,4.78527768,3.84345436,7.71460866,13.5760667,6.74199458,32.2651151,9.85851016,4.55754977
0.426727173,0.0143943317,4.33245012,9.75865597,21.4545088,15.7388746,42.5546884,16.5188145,80.6399303,1.20652295
0.971798849,0.0930080209,7.16806771,15.4916312,24.7591644,3.27683888,40.603375,61.2886797,79.5312607,0.247444131
0.980145068,1.19262469,0.997071853,15.6206787,13.6682309,31.6177998,5.93578283,62.3047192,65.0736845,0.603523673
0.681435999,3.57936176,5.24943527,0.459670775,21.385489,1.31521593,1.13528774,25.8364655,72.743051,1.95978211
0.96986317,1.96121146,4.68236255,0.830790297,17.3320542,35.7621615,47.1606684,6.99262899,26.7243257,1.02170479
0.0130858626,3.73637274,2.73740309,15.1712069,10.1167507,10.4101869,5.45936561,35.9938455,26.0224839,3.12177875
0.144527341,0.28410135,6.50564007,14.7426452,5.68486029,29.4434344,48.7298339,21.3146184,33.9083231,1.56815967
0.00792793325,0.979096253,8.25912663,7.36223865,14.289021,8.02931703,28.2175651,39.9888359,35.8998346,2.65390415
0.0547699887,2.07679783,1.66757416,1.63358817,24.5569186,4.50891404,1.79428432,28.1294615,4.88354012,10.7558295
0.785477993,2.11448066,4.67210208,14.2571302,5.60562945,19.8923991,48.389066,28.7767134,2.81203684,1.1697692
0.638189858,0.227781881,0.742657086,13.9335829,8.94971403,25.694934,47.3060404,62.1988268,80.5986004,0.624146653
0.175698157,3.83566857,4.68370156,8.83918995,0.414847734,32.1780488,33.300996,15.463233,63.9869035,1.33393656
0.337503698,1.6986011,0.874458817,0.052148521,19.4690499,23.5039603,4.16527045,44.0170236,22.9279045,5.05847512
0.343162278,2.11364817,0.190633475,15.9587931,17.8676841,3.11955763,19.6069213,11.1373511,62.597752,2.72777536
0.136906239,3.9326535,0.241582635,2.27439282,2.68774778,33.0867372,44.6329782,7.13653246,9.74662687,4.59111864
0.92562531,3.93832583,7.74506776,7.74015707,13.7810917,27.0836579,15.0253972,45.5184075,45.4031619,0.394217736
0.542965422,2.47937045,6.2530201,2.68233244,15.56443,23.5800158,29.026332,2.04013154,61.3711608,1.52116971
0.041779696,0.765404672,0.35171713,12.9951924,15.9358006,11.5216575,0.67661495,5.05137789,43.6745402,9.25497112
0.461265327,1.94538288,0.112469081,0.476164416,4.52396043,13.2523215,48.6824726,5.63768694,41.2649588,6.15860501
0.00961254072,2.23188745,7.49789334,14.3883081,0.459148723,24.3541351,48.9311383,24.3476718,75.0778224,0.865633363
0.484510921,0.700208245,0.899947338,9.62649907,0.890388235,21.2473042,26.4618272,26.0303904,66.7887409,3.50866191
0.152494703,3.91386365,0.689305534,3.83665309,4.10688354,35.1240727,3.11741273,17.4442221,1.31795634,7.29956274
0.292314213,3.6999052,0.690199846,14.5578813,3.610625,12.6351795,42.8221753,0.391973823,75.8160651,1.77387765
0.593522865,1.35514605,8.86435173,10.9501374,10.8743804,22.6237685,7.72689645,20.8308353,30.1829543,1.76499846
0.895565611,3.08488259,8.14896233,11.7509861,16.910681,25.6543361,0.580611023,9.57317526,0.451228995,1.29367421
0.993365679,1.98786332,4.54226984,6.98522289,13.5018488,0.825625208,22.1627887,53.5365798,16.8289035,1.81302912
0.364633781,1.59983404,0.923978141,7.64553941,4.03270412,3.82771854,0.633706504,23.1251724,71.8518273,7.74045188
0.350745012,3.88564993,4.76636432,14.7290042,22.4580475,3.46167756,6.00905935,6.8707901,27.0453506,2.09621077
0.952924699,3.22166672,5.7433851,7.241617,21.6513707,28.2050767,41.8191267,61.4683159,12.6376465,0.284886846
0.858579464,0.580218626,8.40252342,3.93088011,3.59685761,3.43564766,47.5440118,38.1467855,56.9824319,1.51108398
0.0260637319,0.212567076,1.38341128,7.09934922,10.5661291,14.3008744,25.5825647,52.4597059,33.2571961,5.53766499
0.956262035,3.58410747,4.71197209,5.53772146,0.757092436,35.211697,47.6263681,54.0335764,58.6218028,0.34624774
0.751607988,1.10181149,4.82769709,7.29790976,24.9521506,29.9447568,2.07892052,4.46325389,7.47742471,2.69013946
0.216406085,0.548262069,5.94134551,2.12261633,16.8947599,0.330621522,17.3622265,15.5957165,47.0894015,6.85179032
0.801802487,3.57756609,0.345038081,5.43116617,2.51526649,34.6807546,4.68510119,63.3412507,0.506002499,2.29660695
0.993342813,0.450639174,4.258329,3.08536586,24.5998996,0.73829327,33.3404014,48.4911657,19.0112782,1.88310093
0.182707399,3.05303442,0.78646183,10.7803905,3.16091345,0.680263711,28.8449368,52.052074,29.3712039,3.98269465
0.811949404,1.7345233,0.299586038,7.36451014,23.9404335,24.287722,48.6505106,8.00931782,26.0776773,1.35562933
0.409267746,2.25203499,4.39214673,1.44030251,23.6941111,2.77273791,23.6916244,14.5386768,80.4197925,2.19711491
0.960682129,0.738137337,4.21699378,0.0255676434,21.4302842,5.45268678,31.7230637,0.695206285,45.9827247,3.23150769
0.736927298,2.14837483,8.4053534,8.48822581,8.76739647,5.23080272,2.86006058,0.0498217046,6.77538427,4.93685611
0.929218263,1.485376,1.60758388,1.17751731,22.7084918,16.7359157,17.0610419,59.9916658,30.2829171,1.66465413
0.0639604885,3.9357175,8.10907771,4.03399648,11.529426,0.0913156048,30.953531,3.91167984,19.7475504,4.03910984
0.257646172,1.03681734,4.02527974,15.7806848,15.5762316,21.2033619,1.23010861,59.3441453,26.6413899,1.89266029
0.0960698491,2.58381805,5.01740318,11.5472233,15.9104926,11.0139082,47.3058634,58.3144433,74.4792894,0.564424401
0.664963398,0.159350216,4.94794821,0.294252657,2.35062253,9.95459474,20.2448808,63.6239711,20.3535934,5.28037854
0.72077408,0.199882126,7.69249021,4.76983536,10.3483417,35.3942619,10.0178693,8.26725659,4.78600512,3.65305712
0.191256351,1.7819601,3.15768052,12.6869971,22.4371013,0.520598782,2.3189753,26.1457596,9.84783717,5.43445665
0.482955656,0.142857654,2.26933253,13.6388011,17.7025902,3.50519636,21.5533841,51.888793,39.1631402,2.43888558
0.6727079,0.806718177,5.65288701,7.23892685,1.00547459,34.5765835,22.6472067,63.4821993,1.67482605,1.91559886
0.99553947,0.127465116,5.18895733,1.43265346,22.822909,13.8699639,16.9900088,36.6738688,73.0421218,1.35337921
0.465150311,3.12513078,0.1642095,10.4339109,4.28094928,35.8769794,27.7566925,34.9141734,63.9299001,1.15604343
0.33594789,1.10477963,0.0701353276,15.5812448,3.09615967,17.5039154,43.9716759,18.2288413,5.23329649,4.62294976
0.490567223,3.85326325,4.0397997,1.62413208,1.23091784,18.771956,43.9145764,44.7800806,54.1874441,1.3209536
0.661687792,3.94685742,6.37364782,6.93136644,24.180855,10.986525,8.88188266,31.088102,2.18987648,1.42539402
0.0346296234,0.0803233982,4.48954362,15.5725288,24.2047947,14.3774623,13.6233351,51.4525052,73.7281185,1.26579594
0.482856112,1.45071713,4.95643034,13.7328761,13.2013116,35.2005193,36.9245778,8.3327255,20.398662,1.25498146
0.140045877,3.00422875,0.163203622,12.3791502,13.0907538,23.4717151,1.51899518,0.982284159,77.5193529,3.19706972
0.397425562,2.12567291,4.9152566,15.4980032,17.0945698,12.1470147,47.4706642,28.0199487,24.3991896,0.974080487
0.947938416,0.00383951701,1.19421552,2.09830739,3.51934192,35.3947357,20.8572733,2.86449605,19.7249844,6.61125064
0.101659523,2.36640585,0.411933384,4.20335379,9.01108911,35.0994667,28.2242661,59.0905176,58.636329,1.70289399
0.215363199,2.43717311,3.52905855,5.13259664,11.7996852,24.9259544,46.97991,6.98534701,33.8265237,2.38534114
0.0517852698,1.42011652,8.77122895,12.5243472,1.09863967,21.3651815,28.0455419,39.7358654,0.873694454,2.80974428
0.993216457,3.95596059,8.61669535,3.19789421,4.6999705,25.0621498,26.6131054,18.8898493,52.7726627,0.710723174
0.0425528144,0.740604673,7.52116019,5.58114767,16.170228,33.1511303,47.7035755,20.8895633,64.4075496,1.06545461
0.939309739,3.91516573,4.9283051,5.37566294,19.9484953,35.0798176,19.7289647,2.23302806,33.5422583,0.771118644
0.744745162,3.72776417,1.19778934,12.8806635,8.29809553,23.1718431,1.58787937,41.1279866,48.1839575,1.29652753
0.759235965,1.9154847,3.49073194,11.9674775,2.17920934,1.39882806,2.86269688,57.9218779,67.0802304,2.17156881
0.432743415,0.474333065,0.260597158,10.4114494,14.422564,0.0467434935,40.3132474,28.4077634,11.743793,5.67859127
0.468258675,0.0942301862,8.38516523,13.2836504,16.1124559,2.9460317,18.9939736,59.7087274,5.79745109,2.01900951
0.88796526,0.128500717,8.35098211,15.9223013,9.5592911,18.7280676,19.9165518,24.1459607,77.4081347,0.729706722
0.637288213,3.61195716,4.86906546,11.3479628,8.1424819,0.998328338,3.95317745,60.1512744,23.3748623,1.8766469
0.683649754,0.405630902,3.23676887,7.77679894,1.03084423,0.574504763,10.4826712,35.5982756,35.7144441,7.56990428
0.379723096,0.0242963787,0.785783889,6.52411896,4.48032838,1.26583125,47.4017105,50.3480416,70.2877067,3.64107703
0.252263229,3.15235868,3.80784516,15.0285404,13.559827,0.0188133326,38.3774536,29.8613607,70.7357833,1.07158323
0.118361997,1.24030352,4.00779213,5.26622685,21.0540492,7.78379338,46.570885,52.0681352,47.0157482,1.63432022
0.144556846,2.26761638,8.61395083,1.19407366,7.49382703,34.201282,12.1780756,5.11515281,23.2536461,4.0132544
0.93657248,3.89468449,4.4151348,0.303130329,10.4866189,33.988983,6.58434684,27.5818718,20.9070934,1.63266284
0.5208227,1.86849951,8.7101665,12.0327556,16.4416962,15.2474055,20.6130506,17.6878519,80.6533679,0.731981601
0.784179146,2.79564753,5.50805705,15.8485251,22.1276891,0.102510374,42.0472502,13.2361776,76.4904731,0.456825059
0.514714619,3.23440067,1.28730083,15.4046138,14.5994326,32.6364275,33.2618375,51.8569081,8.92905662,0.707063268
0.630677163,3.1643117,5.81999739,8.34881287,22.6529026,3.36078178,0.897466671,53.1883546,61.6060308,0.95017494
0.0551091852,0.880302109,7.28448727,6.00459592,11.3180573,32.5280213,3.34003446,40.4365552,1.49745695,4.28806116
0.938566514,1.94962082,7.37365069,14.1282406,20.8445386,13.191349,25.8653544,52.2596676,71.1696972,0.26223604
0.0414141487,0.190386059,8.59160501,5.52062671,1.83302985,11.1350457,25.471504,46.456774,79.7361737,2.82036806
0.942228407,0.131352954,8.2104579,9.18376101,24.1739605,24.1267045,40.1832566,54.8479151,46.7132469,0.319568231
0.305048344,3.79009283,0.203058687,3.21307493,3.35995916,30.0003793,0.510289361,1.87205282,50.1082906,6.31476878
0.764172716,1.80337962,3.15301851,1.39052211,16.414174,33.1512224,0.809714087,46.8436421,46.9463387,1.70696403
0.919880399,1.71949376,7.94631816,4.92323441,13.7510187,19.2556412,34.7916311,33.8867689,79.6385527,0.519263038
0.668317156,1.6257473,8.85358492,9.24766729,2.41264801,35.1001787,44.5127093,54.9953876,24.6531769,0.553679507
0.4585403,2.74726522,2.89470937,11.3429717,2.06997141,21.6136317,27.6422717,19.1480243,36.5068344,2.41638397
0.452254754,0.182617784,2.82845136,15.6125283,24.6295539,34.4326332,12.6124863,5.29890737,43.9630013,1.62418513
0.0920352173,3.34358552,8.19408311,15.9196016,13.6623642,33.6322157,28.1048415,61.4802116,22.6757007,0.397373689
0.0362694059,2.31961807,4.09709029,1.41588114,7.36619534,5.24882124,23.055387,63.85605,15.9887588,5.45347385
0.234916424,0.961354183,3.32946396,9.42369345,0.0245846808,19.0004117,27.1118491,23.3122591,1.44155664,7.57471714
0.0519708665,1.89741528,4.18185057,5.97788295,9.81064471,18.0080525,12.7113859,0.344258577,32.8479049,7.37936095
0.0174570507,1.60260749,6.80430734,10.6550069,10.4698176,23.3624861,1.77540018,61.584839,61.2414733,1.5523465
0.99583093,3.72178233,8.99022725,11.9990395,6.02595428,4.62757364,21.2744246,8.16833023,6.48773458,1.51857542
0.663535751,0.181484746,4.98177976,3.15111153,1.14293816,13.4806917,29.9250861,19.4910708,43.5725658,5.13736869
0.652668855,1.62181466,4.13771455,15.2326592,23.9109615,31.002195,35.2405601,32.7748054,78.6643656,0.278873546
0.428334762,0.0893848502,5.15514729,15.2188091,10.1941463,11.5437278,15.5627474,1.43167213,78.6123147,2.7896777
0.669475254,3.48240609,1.79791323,8.04908174,1.43248187,1.04092393,47.3782092,46.447304,40.296065,1.76753711
0.353014155,0.435580345,1.79743421,9.7365933,17.0681969,21.8665306,31.0059149,1.84349611,9.6683659,5.09856957
0.740338437,3.47242063,2.19032569,4.98456532,24.3583319,22.2978913,0.897917885,63.0934076,74.5466338,0.607416677
0.980245364,3.93535486,3.3955648,0.457814381,22.6348392,34.1892805,31.6287993,43.4031741,6.51414184,0.637975476
0.95088696,2.22852354,6.28907352,7.92658769,9.62390574,34.5366667,40.5019106,9.9425568,0.698864835,1.10311702
0.574771238,0.720776651,4.70965481,0.299397893,12.4693659,32.5918082,41.5408733,33.2498245,57.9656656,1.38985788
0.00111130113,2.71055226,0.566473089,13.7123803,24.9621361,19.6146497,15.5394275,1.51299119,26.3793478,3.35423209
0.596653083,3.7934428,0.884725579,2.8138919,20.4394195,0.464704447,46.6692822,36.0819372,36.8527205,1.61199738
0.946114447,1.38203907,8.84384971,6.36806896,6.46092284,19.7715216,27.1717713,58.7228235,13.2815105,1.02613888
0.985007889,0.110336851,5.47078757,6.26975578,24.6645782,18.0936959,11.9061486,51.7737682,22.4291734,1.33240274
0.49745035,2.59210415,3.36241447,1.95540101,0.663756265,8.28222962,31.8952883,5.36901102,77.1628352,4.0974942
0.40317794,0.84655091,8.95758226,12.5957586,1.42878421,19.5497411,0.679516228,4.74024216,67.3944166,3.04137381
0.481584833,3.98516824,6.12590799,12.6854542,6.91861803,8.94700344,0.390462559,59.4341032,77.1674253,0.814985621
0.114188794,0.684218437,8.23335135,5.21982948,2.6157297,18.0993933,44.240155,23.8836002,4.64210197,4.55557661
0.121795771,0.0860772524,6.07585907,5.26827161,24.7515514,35.0260433,14.5760652,37.7836935,28.5238001,2.05869629
0.973355024,0.71156082,7.2060649,14.8138075,24.4721601,5.17711577,48.7070724,33.6526579,40.7791012,0.439303202
0.609566724,3.951704,0.650506576,12.5582736,17.0376461,2.47298709,26.5335399,0.268127352,33.4332653,2.4378449
0.543426514,1.47770945,8.69115334,3.93639608,23.4514087,32.8696689,27.9361322,5.97515911,10.7567818,1.40518682
0.119174459,3.86053458,0.0105572292,11.4406234,16.4958852,30.7328891,48.5478359,58.0931096,64.4109841,0.44609617
0.994764986,0.0604461506,8.81652065,5.80013823,17.0675584,6.41342711,8.80566676,21.9966845,43.3817319,2.21057644
0.50591995,3.98638871,7.27869623,8.97346412,1.58043043,17.7036602,7.37316103,63.6309753,7.34311275,1.55226812
0.136969756,0.202751873,8.21414728,7.41923642,11.10386,32.5089464,7.97972071,2.82909387,76.6725169,2.66387962
0.0107901767,1.40199883,7.63717566,0.0200907663,2.60235709,18.4545435,34.7260956,3.25033358,46.0136456,6.02039779
0.00814330345,3.4580046,6.03763293,15.1052225,2.30439907,7.25071183,3.69372596,60.6722065,7.3076823,3.10417131
0.953484077,0.827527542,0.574648374,1.98263131,15.7569632,3.2850687,32.8703816,34.6171628,64.1100403,2.64475184
0.843545885,1.90277144,8.72916356,3.64788725,21.9389879,5.14002711,33.2595769,2.2329686,32.2775561,1.57045486
0.502882479,3.78332904,5.42506302,0.0607956127,21.5497844,17.6055202,16.3026832,52.5008272,16.9638666,1.40922773
0.990976892,1.39449147,2.74067096,0.811988026,23.5668089,17.7951909,43.2465121,35.4328368,80.6056168,0.678523944
0.0655717617,0.258396953,6.47459298,15.0830969,21.265158,5.05393547,23.8106192,2.71276075,32.1087636,3.67085197
0.639379227,0.186697362,4.10076999,15.3622192,1.27727428,24.694261,38.7172752,1.62595299,80.2303691,1.57716113
0.992853884,3.58089006,0.0432590652,12.5424143,0.557014603,16.9119708,26.5318253,26.6289262,0.458973823,2.50747853
0.84821408,3.73620295,5.31668889,9.93795588,5.03813351,1.31026953,34.9805766,21.6175423,78.5112104,0.904617847
0.473845746,3.70182037,1.11357395,8.5997637,12.8571161,20.9527333,0.801649185,61.8029048,1.79933993,2.4427789
0.96119881,3.47359897,1.75010343,3.53470896,24.7709753,1.12473919,4.75239199,4.50896797,7.87805644,4.2990401
0.488899609,3.74290283,6.67755736,15.4784285,3.04239717,12.3397536,46.60275,47.5687337,80.6285831,0.340254198
0.553761609,0.285460374,3.89811993,8.3584055,24.5643588,4.57657791,30.6861066,21.4124553,9.03179863,3.49506351
0.632414452,3.95878543,7.44003812,13.7255365,20.4574027,3.69692533,46.5827558,56.6554269,19.9471091,0.333149052
0.360005955,2.48033694,6.80182018,0.340938494,3.36447619,31.3219226,48.3919834,28.8202061,36.9609876,1.56138032
0.375855139,3.98929586,0.214734749,0.0834398121,16.2076906,3.82570954,3.67524701,39.0223465,51.357005,4.52080704
0.0853825654,0.0991087333,3.87108064,0.448693164,8.1031339,20.6950146,34.1775097,56.6924853,79.228663,2.75182157
0.79914177,0.702891345,3.36336198,14.2663213,21.9730097,0.537685929,1.20786451,19.0418153,45.2974492,2.78490333
0.247056872,1.1393752,3.32754688,0.14280989,0.32160295,7.46031341,45.5801254,62.9125384,34.2143195,4.55875261
0.0616711583,2.02863205,7.24228357,8.99556257,6.90629799,34.776516,39.3430364,42.3340375,25.5248754,1.18639919
0.184097395,0.499695547,5.36188743,0.430314347,0.458181068,0.934852135,21.8592141,45.4685568,38.010958,9.86901297
0.400306582,3.81087493,3.09354721,0.440680132,22.6733914,31.2319308,47.7224396,50.9944064,49.3451992,0.504384245
0.815000939,2.88310229,0.675556841,9.03791875,19.2194417,30.4652382,1.71191719,12.0062515,77.2914529,1.17563951
0.405420831,3.63160375,0.81955293,7.51304263,24.5430007,27.6666456,23.5650386,51.7267909,76.1579002,0.516541714
0.448153258,0.4472005,0.222295897,2.00379762,21.6041,0.156999618,14.5537865,60.7215171,3.21106572,7.81133832
0.0125374915,2.87047948,0.334424882,8.31820419,18.840365,0.021060504,40.7841853,62.4349802,0.900412022,3.20148631
0.993758508,0.396975914,8.94192745,8.84397164,0.986594591,9.64121454,5.29852035,25.1187138,33.1878103,3.21151926
0.0284741065,2.25722954,2.82789493,14.9866903,14.5378149,17.3602396,40.2158715,2.8106865,9.12263599,3.13241573
0.930813192,0.709264517,1.36966482,12.3673582,3.41971421,0.196962068,46.7425646,44.7777379,4.35564404,3.13744726
0.874814462,0.0266731214,0.664090213,2.42526829,14.8188822,15.7714858,4.57604746,37.3938905,79.8836268,3.37509326
0.456776824,0.192327986,1.02702257,14.5215498,24.5112534,15.3160367,22.6346677,44.2254114,0.620155885,2.5970548
0.0363862915,2.17760586,6.79890663,9.28666795,1.60654796,1.80228307,20.3780375,42.6794739,2.42782928,6.08374674
0.913453876,1.67717577,0.659497245,9.1914486,1.05711217,24.3133285,46.4304654,41.5755909,11.3352211,1.90713975
0.463914342,0.0334135983,3.56028103,10.0324314,11.0533429,33.8902892,2.84444067,41.161683,35.9524693,2.76495253
0.790804853,0.228664192,7.10790146,9.77761765,19.406079,11.4763892,43.1110552,5.88485527,33.8713845,1.45480986
0.0579751553,1.55374242,3.93480289,0.412744463,14.056538,33.4564841,26.036606,35.574121,7.91192476,4.09546203
0.905270467,3.52298695,6.39382984,1.95224132,17.6874154,32.2430202,0.600536571,62.9788102,66.9045758,0.430926288
0.310509824,2.95447064,8.52294712,2.08411162,5.72511235,31.6271165,23.0668828,60.2112536,3.21272096,1.52061761
0.00300338818,1.9117805,7.41336533,0.766480081,3.48550582,8.49069641,47.8219574,59.6098054,7.59236913,3.60251053
0.280241685,0.0879758504,5.87276362,0.956750103,0.1546524,34.9097573,0.396871466,8.12241963,1.90692946,14.7759225
0.467559552,1.09359571,0.141906082,0.0275843963,24.3921076,11.7399336,45.0036827,16.8430186,10.9009505,4.94045931
0.0774066304,3.89294999,1.82361756,8.07160923,18.0253863,3.84086784,7.43953592,48.6925622,9.98850444,3.96715096
0.185208986,3.22971981,4.27689855,13.9268611,7.42986857,34.2734819,46.8367226,63.7336302,3.95247106,0.662999646
0.190063597,1.59551641,8.64976959,15.4266534,18.3805706,32.0391373,40.5347951,27.821312,11.1263304,0.694200631
0.826406347,1.64592869,7.02782535,1.17463992,22.1454836,34.7658847,41.1388699,40.4717656,21.4711808,0.607888593
0.95834995,3.9504158,5.93633551,12.428215,1.57742616,16.9940288,41.7075999,45.2327506,44.0932319,0.44098997
0.583482745,2.37797478,5.89983911,9.94837972,3.77811621,34.2707362,33.0253195,43.8139891,78.107025,0.503170185
0.792933545,3.33633054,3.84155397,14.2177748,22.0952195,6.27076658,28.2756775,35.6730004,5.21047838,0.950533563
0.695390503,1.71272092,3.82613798,1.60175829,13.6744634,2.45651021,41.6052969,39.4770037,2.53173751,3.49970704
0.853771798,1.37042108,1.50097707,15.860631,15.0398956,0.75618067,1.53605268,55.4283472,0.293405809,3.15102996
0.0632474348,3.99854837,8.10558774,11.7568299,20.3754122,35.3569383,38.1953487,0.294696003,31.5845933,0.614324908
0.216200256,2.71080294,1.04635069,0.0284608826,22.4094596,15.5342314,16.0987309,55.3402649,70.663493,1.95925821
0.574203992,2.58597849,5.71617534,10.2380027,9.54804889,34.6430568,24.3034205,4.68750176,79.534519,0.79625304
0.0554542761,0.0800711159,3.94930123,1.61029717,12.9134431,16.1840104,33.5694311,20.1517797,3.74784943,9.64749312
0.160418839,0.637695043,3.91631149,7.90613688,22.5665119,0.527450837,12.0679172,18.9178188,80.7227821,3.68105165
0.530889125,2.61411717,7.80154898,15.348926,2.18676928,4.36512866,44.5319756,29.9283753,38.2256244,1.07263212
0.0652559069,3.02411102,5.02619605,2.27017474,16.9168391,30.694359,0.125389274,0.545338512,17.0914638,5.41939981
0.55732893,0.109331867,3.46654108,9.16608728,10.0452191,7.19545548,13.6385914,2.3589994,40.1240545,7.2010855
0.0927588987,3.99523955,8.9800222,11.0810635,24.1154003,10.8463334,35.8329925,45.8508507,69.9227377,0.317525725
0.39451533,2.4765844,8.89639372,8.33649018,24.0475995,25.9263338,48.8537287,53.0513161,62.6102326,0.202744781
0.817513846,3.82085513,2.50250149,4.52019553,4.57232658,31.8135706,25.4258653,4.59435439,42.1633947,1.78060552
0.948825898,3.66747685,7.38752968,12.8202493,21.7662595,0.752788766,21.9421799,10.7330546,48.6612329,0.65829879
0.462517381,2.11848515,3.10474002,14.8719572,1.53924256,28.8715611,0.446217637,3.36956272,71.179487,2.64994761
0.00187425036,2.00210325,3.03595892,7.75391804,0.157039834,20.6906207,31.6615475,58.2901275,43.2497125,2.8334816
0.972338332,0.361404944,4.79902542,14.6137633,21.1251028,35.4282083,2.58207273,41.6606606,38.8824546,0.705041313
0.512903918,1.50458718,8.09271309,11.0735002,0.496235921,21.9414544,29.9770417,8.01922271,74.7681788,1.4079289
0.896481425,0.653239062,6.72507245,11.186821,1.407014,32.6653204,8.22043181,38.9191314,42.8309195,1.40193109
0.244656116,3.74138997,3.46787029,0.881718114,4.74429564,17.8225842,32.9025056,35.802335,2.33384386,4.17296679
0.987502692,3.83099535,7.96258536,10.9725718,0.0217400491,22.1544083,1.55303955,44.3241631,76.2016602,0.544873303
0.991618958,0.559328454,1.42497965,1.1253674,3.20304928,12.454926,35.308865,60.2034718,80.6838137,1.81239424
0.401458823,1.27377342,0.697182126,15.1822135,24.1592419,27.9054379,47.2243033,59.9066271,3.39497699,0.768392475
0.106146313,0.00435049832,2.51735687,0.385653041,2.61041906,33.5710007,48.7385927,21.5873486,3.25045401,8.1225234
0.717254236,3.56779185,8.72462038,11.901829,3.18874113,26.1678578,37.0026466,58.0977214,0.5106644,0.520180327
0.323737967,0.256075356,8.68165405,8.10603985,22.2058268,19.197287,22.8709926,48.0298194,6.54836287,1.67503013
0.0153531823,0.163742211,0.0345077673,7.06141375,14.3452381,0.600599053,19.4207119,19.4675128,28.4608095,14.8442014
0.606479812,0.424816612,8.75880855,9.41394531,19.029329,1.34290707,46.6032513,58.5727341,60.6756682,0.603698497
0.0138042942,0.0350888223,3.91013045,15.22223,0.0301041175,8.58225963,35.4400501,59.9802796,31.0832651,3.72308605
0.375508783,0.704438562,7.87254723,8.71348694,24.3358406,17.9610741,16.0234968,3.80204231,36.6082763,2.19105711
0.986050298,2.18943161,3.99849919,15.6015469,11.2487822,11.9261642,42.2503321,55.2898803,51.9130594,0.407900928
0.793237294,3.75679929,1.18288577,15.5754045,24.7228013,23.2146074,48.873526,39.6424634,39.0862217,0.257302236
0.900868293,3.57362314,4.23943799,14.6388493,4.90738731,4.9802933,5.15784645,9.04527948,30.3904085,2.49705989
0.967369143,2.29277049,5.83584037,1.72281303,17.6853935,19.3085212,19.4859944,44.5491042,1.00600552,1.57476851
0.557683548,3.94957963,1.31582363,3.64037715,24.7168305,22.7082124,28.4816493,13.1656244,33.7270821,1.44451022
0.536853912,3.6148007,4.39938764,9.79207865,24.1653859,32.602572,42.7761612,14.2914553,5.68115722,0.667941354
0.780032739,0.041004818,2.62794447,8.64469401,17.7691547,30.5028575,29.3000053,57.7169511,1.00949204,1.50993744
0.940854383,3.75843839,0.166391997,11.6449726,7.89856398,1.67725207,2.14444069,34.7620909,68.928326,1.92113063
0.983337401,3.80679033,1.63132955,6.67695991,18.226955,22.223099,4.93451957,34.573515,26.662721,1.30866602
0.628306254,3.77285102,5.19110014,1.45773854,6.58073612,3.5020022,46.4831841,46.8574323,16.2817969,1.82863921
0.162398843,1.74939735,4.7728166,15.5175234,4.71256036,5.76274062,19.5750055,14.5212759,34.2779273,4.43079571
0.905447945,3.45444342,6.36858489,15.6554124,0.806915027,17.0220366,45.4201126,6.31179112,43.3773177,0.705521065
0.0160889933,1.63084131,3.48719684,2.34179622,22.7641827,32.5707209,0.14425112,30.6005938,0.227590385,5.49844463
0.0926887226,3.27744155,8.91028344,7.3488165,11.8108721,7.67068386,7.0553897,63.9146743,48.0072571,1.39210515
0.228892656,3.99548764,0.361569294,3.36910809,0.936979172,32.8448853,48.9821879,56.9885811,59.5898599,1.08603788
0.986819333,1.89014519,8.2580043,5.82806209,0.374291907,22.6426823,48.4041521,39.9475877,49.4932312,0.650635175
0.0543025229,2.65001207,6.19392417,12.9484915,14.5273023,14.9324569,18.7887039,33.6269131,60.1541992,1.29487943
0.0233303914,0.455552738,1.06846609,4.8170821,1.09200931,4.89656194,0.703041541,9.16791356,46.9840615,26.9431778
0.875554166,1.7554547,8.83611908,15.3838624,19.6491454,26.1897587,48.011674,0.267575473,21.6940401,0.439626808
0.297018523,3.96123298,0.996160162,4.38015529,1.9843037,0.276931912,14.148263,54.6700205,69.6521739,3.49812367
0.737440803,0.670301797,3.96518673,12.254924,0.794341276,0.711105142,48.3795016,10.8186427,6.23578151,4.85291288
0.0360556264,3.94764923,0.316342657,12.0373872,13.0720835,3.61121444,45.8436705,24.2548548,44.7326098,2.15417453
0.976347351,1.87974232,1.86569435,1.28879798,20.0430765,20.1409631,1.58894011,0.413250894,42.4082687,3.83992841
0.140248867,0.65081838,5.18514966,15.6629149,22.8296957,34.1216311,3.06869771,36.0521318,50.8527829,1.16997266
0.0898430804,3.97061054,4.61540023,0.0564295873,6.89386605,21.8975727,6.13049656,48.6603871,54.581153,2.71890125
0.466766818,3.79962118,0.524693145,13.3647845,21.7712451,13.4153046,4.11724256,13.7086635,1.90785473,3.15821763
0.0811759313,1.29550954,3.66482241,13.6359542,17.9417849,32.5126953,44.7404411,62.1635095,58.3509485,0.498978425
0.448658941,2.44328937,0.820082259,7.3289453,14.9743969,35.5509768,18.0580426,58.1515505,11.5288747,1.62110844
0.231165068,0.765213805,2.13393417,0.0561713204,0.111534447,35.3655977,40.2889567,7.17731545,67.2562229,4.77449615
0.742665702,3.92983807,1.77415967,2.31384628,13.7726419,2.58015961,28.2330093,59.0201398,19.6042847,1.91650814
0.979766008,3.70918374,0.565132685,5.66228175,21.8272563,1.00215991,42.6048974,30.7070234,77.1306371,0.702340817
0.0522378036,3.84306085,5.22844755,13.3652597,9.24999955,21.2291836,3.93295135,0.14794758,69.0461363,2.10895496
0.661826744,1.28834916,2.88980492,8.8022841,6.23249731,35.3984604,8.0626972,32.3290089,72.9663864,1.55821193
0.24302377,2.00201246,8.60277334,3.22060786,1.18181213,18.3117378,1.87353085,39.7492752,43.1169608,3.87289213
0.578025044,3.46764092,1.44230771,6.87237683,0.0584769878,11.2647366,3.30478164,34.5666655,42.9639629,4.47114578
0.119782615,0.745644119,0.0915924716,0.701636583,0.634452293,19.0651624,38.3627163,26.3490584,41.2898265,9.71394553
0.813260683,1.88921267,8.99412187,0.366756953,6.38143276,3.94621125,16.2957995,29.3900409,8.12241208,4.17374033
0.698101202,3.94760035,7.46806729,3.21241314,10.9807236,4.35059427,6.04049543,56.9557028,8.22352284,1.98614591
0.373681486,1.85896048,7.98471487,0.182815164,0.897606695,15.9490528,48.6320653,51.0982672,71.6042384,1.26085932
0.613629551,1.08745186,1.80763518,10.5323527,14.4567202,34.6991702,33.9634379,29.3882579,51.1959284,1.06923365
0.535255326,0.14507027,4.94105411,2.30471464,23.9670136,19.5813713,38.2566171,1.25763068,21.5140833,3.28068899
0.829919978,1.86027868,3.83349034,13.2839363,23.6210745,35.1357119,24.3763569,5.78633979,44.3131884,0.651347358
0.128102498,0.0747169219,8.47644049,4.50736596,17.655739,21.6068558,19.6347674,46.4141064,63.1371046,1.66961565
0.961890927,2.00324254,1.11915905,15.4776162,6.7104538,10.9397101,15.9357259,61.0546162,41.6816691,1.2272322
0.165205897,2.4620374,7.79068926,10.870161,10.6175139,33.919997,45.4461196,1.218005,69.6221205,0.720550759
0.261892213,2.48967383,8.88327261,0.289360926,23.8891845,7.95407788,22.032185,2.52539417,15.56701,3.54386498
0.958169333,3.80792912,8.69551161,6.15741325,24.4444442,18.3929062,45.698147,29.7232639,49.228921,0.213376908
0.989843054,1.16881673,0.681362889,6.5174702,4.87755207,2.90531535,18.5587891,42.5383705,78.9663426,2.67745283
0.235588038,2.11261761,6.2192121,0.529220686,22.8313485,2.12270531,0.419455766,55.8929842,1.75298861,4.99758778
0.845041805,2.47045812,2.2267694,5.89036121,11.4077179,6.50078425,47.2044426,7.92501575,14.8580971,2.86043709
0.541732543,3.59539641,8.61195069,5.43154233,12.3937098,1.55527437,4.75894335,20.3243259,29.0408822,2.70190649
0.357442913,2.17217384,8.3827519,5.17549113,13.2490127,1.66627654,45.0660311,41.5139667,77.5041002,0.901421664
0.122923423,3.89585872,3.8195278,12.0955037,14.2657431,20.656954,45.4970601,31.4636696,53.0242231,0.7220647
0.336555207,1.93347669,8.87132246,11.2296085,0.0462836237,4.15996326,6.12832194,0.923291266,37.6603353,5.63536524
0.908444375,0.89842617,8.65943621,0.256619528,14.0693875,20.4429016,48.7931263,2.70879054,28.6570896,1.59320618
0.936749018,3.7629665,0.400581584,1.02165838,4.70696294,14.2937359,9.28166038,39.0085794,1.51094534,4.88625612
0.644852286,0.129485851,0.604578047,0.254637927,12.0306844,35.5858954,32.862103,44.8856128,31.0007788,2.86293208
0.507916614,2.21813837,0.566059019,1.34033056,23.3369778,35.4028748,11.0469033,5.62028337,76.0673072,2.00780163
0.138457313,0.208254797,0.311357847,7.09569473,14.595863,18.2439234,18.5402505,19.5791903,54.9936306,6.20035949
0.521447168,3.85017729,4.34198946,6.78538231,15.5007887,31.3281934,44.8444874,42.1880734,79.6697097,0.293434976
0.356957095,1.51160792,3.58718532,13.908746,6.71066555,16.064448,42.4363242,42.1877621,73.0488831,0.999631571
0.925407006,1.26219297,3.77397374,10.9806959,13.3699357,12.2528181,17.8484168,0.445779234,5.33029638,3.83652889
0.815022188,0.311665127,4.85053388,1.64060237,8.75619325,22.089652,39.174853,62.3724414,47.6150659,1.2966761
0.0608398686,2.14268924,0.400706722,4.76065934,19.3773671,0.589091068,1.16182639,32.4128603,74.6008555,5.88313257
0.952275401,3.57065568,0.0224276343,14.1177786,21.101411,2.03824919,28.3847537,62.112733,31.2661594,0.676590484
0.72541426,0.149882218,6.90848303,3.33191648,24.2503146,0.0535449218,48.9040432,5.55613032,7.44482255,3.12586391
0.00297696842,0.135632953,8.06183252,0.389519163,4.1383856,5.539351,5.27057743,51.7156905,2.03769361,13.9053698
0.75285923,1.22031701,4.20284534,9.28279204,24.8216809,4.30576277,9.46643874,63.2632463,42.2465892,1.22687039
0.752439756,1.01993632,4.65688985,7.72915245,24.7894719,16.7821039,44.6722642,37.543821,29.1086888,0.847743783
0.526039295,0.569702599,6.73107564,14.5569362,3.79242544,20.5840071,42.7492385,63.2826172,49.291618,0.706790248
0.491966411,1.91789449,4.61866682,1.65901801,17.3682897,12.736139,0.391421415,16.4829041,45.7775876,4.55363969
0.968360633,0.948642647,8.63319098,0.0725769103,5.9377051,28.8138133,2.39495417,30.0339563,16.0779801,3.02408698
0.0528143337,2.60202761,0.62570701,7.56927774,1.32957384,30.4523979,1.97499754,27.1459877,64.0600015,4.83592262
0.609515243,0.490726985,8.20899307,13.4159492,15.4042761,35.5234314,24.9241593,63.1452094,42.4426218,0.406355137
0.618387337,0.943869316,8.12606865,15.7081556,10.8928978,2.78490094,7.93546346,55.2939177,56.7948929,1.16315076
0.351223275,0.0383157879,8.94025739,6.94379258,0.502886519,2.89975419,38.3406559,54.078373,39.5060836,2.81385535
0.0489407364,2.18782385,6.19960787,6.77231461,22.3307364,18.2685923,43.8699585,25.3283754,37.9757503,1.28674596
0.546087896,0.397088422,4.19648266,11.1716424,2.8033752,23.5108784,15.4255547,61.7761595,80.8894059,1.30426186
0.484888457,2.08121767,6.80710127,14.1350685,0.150571542,8.1445148,17.504287,62.109094,34.8581473,1.59104756
0.976673836,3.82866969,1.01574087,13.4344412,1.02168402,30.8783828,44.8891394,62.3886056,67.4498587,0.273748155
0.589481615,1.67003139,0.489465926,0.806776248,11.7006329,3.65448481,6.70502596,52.7299781,31.313561,6.74223999
0.22081735,1.1088027,8.20587863,0.35929174,10.3379265,35.3252844,0.0744560841,34.4599579,41.1488299,3.15982077
0.998660045,1.91751935,8.43251946,4.18590086,0.680904626,27.3082364,7.52670105,42.1414217,59.3248203,1.1340426
0.900135811,2.3303269,4.05957584,0.517640822,18.7332708,0.117460806,41.0562371,18.5177228,75.1363598,1.40313304
0.661896076,1.94942164,8.84129464,10.02503,16.6860494,25.1016791,48.8920643,62.5951321,5.5496428,0.382680922
0.453499868,3.88911192,0.684131834,9.25108403,17.139428,17.8076223,33.6292926,54.2304838,35.1105308,0.926249112
0.150969246,1.36043925,2.03074231,4.77510467,23.7252026,35.2524091,47.9652961,6.18090451,13.2411057,2.39640524
0.0233815368,3.8939585,3.96127234,7.29640961,10.5567513,3.33970335,8.70332836,15.4640609,0.596375236,8.01735512
0.424184911,1.10320683,3.59370475,0.703570702,1.42621917,29.4705106,31.1305405,49.6256282,12.572211,4.09926059
0.540734357,0.489320196,0.0102184955,1.31956267,2.9527184,1.92689825,29.0991129,63.7274239,33.9359517,7.38395978
0.991434524,0.160199469,1.06307097,3.61566397,0.725529564,27.3245604,37.9563457,1.70110664,58.8506429,3.72595193
0.200629825,3.94189739,7.80624039,11.5238327,1.64929223,28.3025722,18.1443335,32.4094013,1.02118234,1.77410564
0.394722526,0.40598771,7.72974253,13.8359462,19.9188362,1.26826998,5.19060629,24.1891882,24.9156899,3.25103071
0.186160597,3.20459091,8.00865993,11.6399405,0.749732054,1.07514275,46.1745426,55.5587953,21.1018848,1.45260633
0.862378808,0.0025136359,5.05502697,15.712378,21.7772888,15.6862955,15.7463091,62.9780087,49.8548695,0.634855326
0.102406458,0.581361486,6.62061102,9.97240693,9.75507166,5.02483191,44.0319128,60.5491505,62.7400325,1.42613941
0.862794536,3.95107307,3.79127204,15.8386298,12.267968,18.3422756,14.4634373,61.3762929,80.1823883,0.274447289
0.903918906,0.660217291,0.612024085,14.7356508,22.0048652,15.5091267,29.7989955,3.54844651,69.2808928,1.2643289
0.171805684,2.15249729,2.29942096,0.654464014,11.8385724,30.0753772,1.17568424,16.6204525,55.6174935,5.35865283
0.391923642,0.242633563,4.37014671,0.0990404189,0.894250954,6.73312846,21.3557745,1.96196947,18.7575926,19.0255041
0.319806128,3.92637035,5.63972694,14.0279852,13.0419845,31.1532062,10.8036844,42.4791888,35.0907071,0.713492713
0.773008869,3.84024001,6.55633372,9.42371567,0.608236168,32.5804048,25.6749784,33.1262449,21.2597619,0.879178357
0.0885587149,1.62528382,0.326736196,2.58709327,14.4947363,18.767829,47.5057257,29.6913983,19.4037261,4.55582625
0.0228263289,2.56843823,8.41804447,3.6859594,21.7494431,25.7617083,6.84823823,60.5256588,49.0406854,1.03448179
0.851362853,3.42186643,7.44557982,3.30671614,12.4658348,19.1318943,45.9331452,4.40356046,33.7171096,0.955705673
0.00076944707,3.72838762,6.77414758,5.50819229,0.293425238,9.50108159,33.589935,22.2539143,7.00935837,4.72934733
0.0962705282,0.0750699062,3.82480633,9.81324831,5.10056932,0.386670822,25.5569205,1.51960895,5.14798626,17.223007
0.23802741,2.10673473,8.753985,9.29054145,3.3284128,22.5127632,16.3488627,42.2337829,79.9739832,1.082752
0.0906234249,0.43160893,4.61541095,0.376622006,15.4469731,24.8786914,43.7814756,2.95325512,44.7509477,4.28285351
0.0411694069,3.73688474,4.09921453,0.886483618,4.89087499,1.34765912,8.31213861,4.06666887,76.574992,7.57756763
0.843068764,1.82686661,0.331179233,7.3410992,9.14723576,18.1315313,44.4362993,41.642919,66.4959698,1.0967262
0.956216163,0.500173619,5.44054215,14.5634054,23.6784447,19.6120074,4.09455419,27.6535505,6.60980618,1.52059882
0.324225866,1.05654545,3.05859754,12.1757432,21.4301632,2.52333938,2.40228084,62.8689751,79.5635745,1.59851794
0.283994334,0.371082844,1.77607257,11.4696332,3.31936472,19.5304505,0.382125263,4.41376931,7.87312345,14.8923481
0.297864001,0.801084977,8.62921961,9.41142019,2.71748057,32.6820396,47.6924366,32.3672406,76.205997,0.732126531
0.109833898,3.91326841,5.17979099,15.5505517,22.066803,2.53116627,34.4516715,59.0918064,5.05088744,0.884532235
0.349793578,3.92264361,8.70999829,7.00659861,24.848184,33.736204,5.96228862,4.15983588,33.3638801,0.894024143
0.729343894,0.331293175,0.0998882256,8.57139134,17.7722838,34.2350953,1.69773527,20.6845524,77.5472101,2.08604679
0.142913946,3.81879414,5.56465978,11.0879781,5.69910229,14.1296031,27.5481531,1.05616322,29.0274557,2.910496
0.777925313,2.36296569,5.31983217,7.85651576,19.4693778,31.4399926,5.38432325,52.6640807,6.58744145,1.02517583
0.20328546,2.47493547,0.540978429,3.95457966,0.969307044,23.2466132,46.0431507,51.2434446,0.726665756,4.17996722
0.0732067763,1.54515854,3.3291176,15.0747288,1.51205738,18.9337106,20.2443613,52.2187597,11.0032758,3.62204985
0.984633933,2.97006655,4.29395103,11.4400292,0.892257132,30.4784905,10.874689,1.17338073,11.4032571,2.39578531
0.305969491,1.71695962,2.11591714,5.7233063,24.3890618,10.025866,33.6595998,15.5344818,40.5457248,2.79288403
0.258043332,3.73710218,3.32164503,15.8010613,0.68290286,3.66965739,10.7960501,2.89270556,52.7795557,4.0609799
0.525935855,1.61566046,5.411953,8.34500353,22.6160551,11.5738352,18.3053439,46.9099576,80.567213,0.804398035
0.608608855,3.55611859,8.29173149,5.56639456,3.7397096,4.75079731,47.1629718,57.5567346,75.9865221,0.51910115
0.211691299,3.58265497,3.78480648,14.6534076,12.2206342,24.7654269,0.720212413,2.10288727,19.2709264,3.07311005
0.329621506,3.79461055,0.0438558231,14.3730122,23.7752466,22.4213386,31.9014826,13.3469802,3.41220381,1.55995827
0.984623548,2.2718918,8.29219051,3.28169972,5.51120321,2.5810549,48.7137881,53.0754085,8.08909373,1.25666328
0.0394779495,2.02358998,5.57267554,10.5917824,0.134732411,20.804597,42.006652,18.024344,29.2982085,3.06068458
0.506135619,2.48542648,1.26638252,14.3840027,12.3966792,1.42106662,21.5964055,36.2943923,20.0620091,2.93247702
0.445316071,1.70884564,1.27966672,11.3041425,7.38073395,33.1133985,17.5422554,63.5911235,50.6408442,1.2355625
0.253163806,3.69633733,0.768422683,15.7867295,24.3157401,35.486264,7.67501802,33.9956836,47.4029793,0.732710073
0.0721187094,0.396593062,3.46409914,0.203163281,10.2582293,14.4862454,3.16642392,5.33783388,61.9828277,12.9755952
0.0337621086,1.75903362,0.175589573,14.4603533,17.4330458,31.9688372,0.335006116,58.0542609,48.0476322,1.81619108
0.894119147,1.8419941,5.3884642,10.5204117,0.873474253,7.89375589,14.0945601,27.7828919,3.87834299,3.92016507
0.971679896,0.0960239117,4.21623717,9.41875568,20.3541682,25.2081491,34.520147,26.2671123,80.1854157,0.612837288
0.958522964,3.58184057,8.98763647,14.5888594,17.1253169,0.289724322,12.7899293,60.5272163,1.17081,0.609054487
0.823990413,3.22751014,1.71646794,6.53623183,22.5756719,6.21681081,18.9730101,47.517714,48.371511,1.10758025
0.251460097,1.15939546,4.40902927,9.87559699,17.4353248,15.1266146,1.37610909,0.346792102,5.73943051,7.76590459
0.177782715,3.97635833,5.97251264,5.36877054,13.9476621,26.4350996,25.4782902,3.42726752,2.63916059,2.65313021
0.345133482,2.63373957,2.83705562,0.700118147,10.7589053,35.8857533,32.4695515,3.594746,1.13392762,4.33464731
0.0410287413,2.28022016,8.23535422,1.06388027,13.493349,11.1117319,31.1398455,61.8886066,42.7917201,1.68531283
0.471384906,2.26442683,4.99898016,5.08373641,3.68425014,30.5166045,0.779245347,17.9938606,28.8749612,4.19440427
0.424401513,3.66491817,0.629257802,1.66378986,17.6815707,34.7882518,13.8120454,34.0216316,32.3513241,1.96715229
0.53101676,3.19472929,4.08423871,1.42214847,21.9520016,32.0996732,4.36462864,4.3278682,43.6397121,2.08317856
0.655761554,1.53773521,1.61025187,0.894410149,13.0490138,21.2768106,15.4554651,14.3707233,71.820721,3.33579961
0.168512456,0.755405248,0.215990539,5.60530804,0.644005218,34.265815,18.447764,37.3148198,17.9419866,7.62891122
0.287202666,0.0608420633,5.78825547,3.92847395,15.4089045,3.53849796,48.3673312,63.6536945,4.61147503,2.96888573
0.0425463971,0.309183894,1.02083459,5.63002496,24.7335271,30.8003744,24.3527829,0.290775955,29.1998334,5.32776096
0.406350002,2.09795783,0.848739022,15.5675522,18.5151893,14.093016,23.5735906,47.4609782,56.5242635,1.08943435
0.363543234,0.284504281,3.74278273,7.02115252,7.04755714,33.5416004,13.1720762,1.41732979,16.5312919,6.92934361
0.0210296349,1.78029349,3.13346284,9.08431184,12.5454528,2.05278406,17.8873551,23.2195402,54.1851629,5.11480243
0.00512126927,0.292690195,7.29925214,15.1657611,17.1043313,32.3940789,26.24856,16.3889636,72.534893,1.03324421
0.902687319,1.86308465,1.94337346,2.27148101,1.22079391,25.7517822,24.7779676,53.9456252,50.7793062,1.85484933
0.539403891,3.04475126,2.5523189,5.01986942,1.47707813,0.363017611,23.4614646,18.0701001,30.5939578,6.29242506
0.934589646,2.5927075,8.17854268,15.585371,11.4530247,23.0200095,7.21446789,35.9990642,56.032269,0.464829002
0.632461212,3.10238752,4.11068587,7.63975829,2.21483663,35.6533772,8.58881769,61.7259172,65.1672841,0.815304605
0.543401555,3.79973588,4.86215308,12.8120816,7.27463129,21.2083583,17.5291602,32.1236969,79.7020264,0.681771908
0.0515156393,3.29340007,0.393532391,14.3980332,5.85020869,35.2188074,14.2872241,33.1443246,0.840151373,3.22976329
0.85596865,1.06042663,5.82828467,15.9653689,15.5555435,24.5081015,43.0947149,31.1811896,38.2899593,0.490132579
0.0925791492,3.91104366,2.049452,3.80402056,22.1460593,12.698669,25.2217818,4.55418909,78.7927543,2.0917631
0.886125934,0.47427694,7.13817973,2.46533214,16.9333544,34.3988393,23.53576,49.0028073,48.3253552,0.769908522
0.328372815,3.84759643,5.74473862,15.6834097,11.0412833,30.0216882,46.976677,0.0130756795,35.1374787,0.669791027
0.539665371,0.62355925,0.360702718,9.47659848,14.360286,4.79058087,26.2595057,0.669769854,71.9152559,4.54506929
0.0774975457,2.00500002,4.57959111,2.1116098,2.85305134,1.77681196,25.6959319,45.0973686,80.3334934,4.03003069
0.716157109,1.8101157,5.88290681,0.026200302,13.0444922,19.8434128,5.76917832,53.0025437,78.1557317,1.36012075
0.931998846,0.418393597,8.86767338,14.1981417,6.51220903,1.00394591,34.4617615,24.5893265,31.3997654,1.53772559
0.741713459,3.91242283,0.203711503,6.71864112,12.8145463,34.6741756,1.1840125,7.44243482,36.7057029,2.29201758
0.650592991,2.06556685,8.95960506,9.03523954,23.860969,9.08113311,30.7666942,62.4709378,36.7694449,0.452917355
0.84420809,2.4215077,5.1298268,10.6648553,19.0978639,4.02917189,3.11955537,0.479574383,76.1990378,1.68222374
0.184837214,2.23624089,1.12625944,3.63082694,23.9192623,15.8990206,31.0868729,51.0343903,8.85580385,2.73508228
0.38772314,1.85126489,4.97023689,10.2604241,23.3563311,35.79417,44.3924188,38.3773977,21.4178076,0.573545875
0.934252762,3.94466622,4.51153283,0.590843559,16.1057643,20.9965379,22.8833637,63.6000742,79.0352536,0.399534866
0.0937402836,1.97178285,8.44734845,15.2629612,19.6711434,18.5857591,47.4391296,39.7727041,55.4818728,0.425585121
0.747364414,3.81484271,0.138358563,6.03087058,1.31542427,12.0033185,43.2485334,15.8049695,43.1867141,2.48473484
0.349138608,3.89033185,1.81670457,9.51757084,15.3330537,3.79111598,45.3063313,4.5850215,5.64002508,3.08141335
0.699791248,1.56603952,0.959123616,1.76109438,22.989373,10.6433995,48.4755879,8.10605142,58.7328453,2.03365931
0.951009181,2.44524079,2.61451886,7.49956702,20.6608011,30.3619747,40.4370517,58.1584416,77.1119734,0.230945132
0.192138979,1.11926914,8.00186224,0.530882024,16.4596396,17.5140716,31.3065259,8.85723523,80.4335862,2.1368203
0.505464341,1.356703,4.74150155,7.85178718,20.29229,3.6255667,31.1688926,59.5295824,2.14086486,2.02801344
0.562384615,3.99286476,0.175534189,12.8055457,10.636288,20.2928561,46.3218311,24.8355472,3.85019887,1.43285132
0.862627296,0.707836209,1.35712785,5.77390891,3.26097349,10.3413609,47.9827209,4.68925491,35.8264328,4.56899271
0.984472415,0.111511391,4.88687317,15.4264944,14.2057895,9.65485532,23.347571,13.8779616,39.1082127,1.74715173
0.950783323,3.26127049,0.389431515,3.86751953,14.6886436,31.726624,45.4199612,2.98890257,74.0207078,0.784290567
0.76462775,0.394371759,0.463857887,3.66134732,0.413237966,29.21832,43.9698218,41.527714,45.9285926,2.61605772
