0.126862259,0.507449035,1.14176033,2.02979614,3.17155647,4.56704131,6.21625068,8.11918456,10.275843,36.2225422
0.901635063,3.12200427,7.93304916,8.45739968,24.2443486,35.6632306,37.9970335,62.8804269,80.1578855,0.0639365928
0.912355655,3.84596306,6.97740454,14.6453905,1.68386602,1.06021899,47.7756916,3.98099002,36.0694746,1.00026317
0.0538531747,0.441228504,8.38678376,13.6437252,22.0147546,2.85261569,37.9911843,62.4768805,1.17753322,1.5351554
0.00314942701,3.72967898,1.6080621,15.4660884,3.97983843,20.3681136,3.92675149,56.0487636,75.3930445,1.51043512
0.8987976,0.365085269,8.97324467,0.57444761,10.5327767,35.1046452,48.6884253,8.31275875,0.678718596,1.71687738
0.141434597,0.365112864,1.01677361,12.2917491,17.8539847,31.5660052,46.0729161,0.65486759,78.9238452,1.59899771
0.8859962,3.75250843,0.92050937,0.0017452538,20.832001,33.7552491,0.641520415,2.65614569,42.8295905,2.19277873
0.00463682413,3.72441282,0.464280574,0.290853314,13.0807068,32.3136225,47.7112365,61.0645895,10.8276874,1.81852883
0.966675533,3.66276156,0.0754456614,14.2492985,24.9378413,7.63007714,9.12824348,63.2009227,12.5395282,0.850835574
0.964302455,0.12544867,0.935553771,1.51508649,12.591559,1.91916984,48.3023549,45.294516,61.9273072,2.33884176
0.858333853,0.0683012903,8.86451887,15.9442376,10.6260485,24.4763206,2.07040363,9.50043348,73.1347544,1.08474459
0.989824666,3.93262606,8.20375911,1.0300648,0.467317237,6.0491618,5.80165264,61.8788455,78.1612272,0.962334034
0.0357554583,3.7679509,8.88916833,0.448285543,22.3986173,5.12899932,25.9858225,8.77456326,22.8883986,2.87039629
0.000184740406,0.419727989,5.32869007,0.522535503,22.2721899,5.32068544,1.03460483,55.6452432,77.9648504,3.96635766
0.0537455301,1.2044979,8.99161872,5.57484176,0.571102521,33.8689059,3.67611514,58.0796183,20.4332692,3.08738281
0.97098806,1.58532015,1.07043798,15.7353673,0.497935037,27.063609,46.3818918,63.2890039,23.1472532,0.745115221
0.999110579,0.205975359,4.11269729,3.73938699,24.8080959,35.5223694,0.629551683,59.9185433,13.8685452,1.31998185
0.0304519925,3.22655454,1.57965576,14.7099914,23.1638637,21.6812823,7.23036824,1.04361278,5.06246349,3.7400474
0.064116166,2.40160806,8.60986546,7.1266306,2.00077574,2.93443178,47.6320175,50.0473436,73.0309568,1.26900838
0.993644694,0.745510355,4.03320653,12.6261532,24.6192494,1.0445002,31.189728,4.90861258,3.86225146,2.37566025
0.89093519,3.79095138,5.66980457,0.720700816,1.27907613,32.3028532,46.3501632,6.78170997,76.1899957,0.750648555
0.201103743,3.80242054,7.38438289,14.7967535,1.61835353,35.5217057,34.4467162,14.3140393,0.0733522727,1.27809189
0.986167061,2.03915476,0.166530906,15.7954528,3.39826411,21.0598016,0.116948227,7.24746859,20.5090244,4.07522518
0.99986756,3.09631536,8.48754754,0.375976704,23.5007314,2.58141214,7.88600457,57.5723897,3.9917878,1.29447895
0.0653580311,1.88971519,0.997055148,15.1215442,5.92764244,1.27648609,46.1439163,23.2513864,2.59703152,5.76796491
0.183739089,0.411508408,0.499066038,15.6495959,23.0604488,2.82736428,48.335126,60.686865,76.1147651,0.953828035
0.634495559,3.86743899,0.106077746,1.50874738,21.1207717,2.60648296,42.411086,0.158957005,60.2315705,2.28261717
0.482595658,3.94090641,6.33161213,14.9422289,21.9403728,2.65664129,13.8428234,5.65844053,77.7220781,0.799197923
0.345557076,3.11107981,8.81631643,15.6983251,2.73404238,1.51239001,3.72787683,42.3522288,7.47998885,2.66205848
0.934188235,3.60663496,1.60596575,0.829213351,0.919995213,17.797742,3.60633889,62.3512129,1.05807966,3.83846728
0.519915963,0.910349396,0.545154771,0.73996424,7.15464952,33.4001202,10.6437653,51.9360879,73.1896344,2.82245869
0.0305299601,0.468155777,0.661835427,15.0542538,13.8185754,34.2679216,17.6381475,56.6129732,7.89779803,2.80201305
0.0530154649,0.123677088,5.94184074,0.919588328,24.251603,31.2367115,10.0851809,13.8917834,9.11754477,5.91683014
0.0439785714,0.591401212,8.28038998,2.69224417,0.855775422,11.5452337,1.01184221,3.96024177,80.7258298,8.92735199
0.885918369,2.52011099,7.88731713,2.02491841,1.25575889,7.97705056,8.55977944,0.278283984,6.47862343,6.61669197
0.0894961171,0.644962207,8.72957116,15.8267196,24.4939686,28.9873647,3.59157687,58.2954475,75.4136118,0.489615004
0.99607475,0.113298804,0.479233017,15.0565754,24.7865789,18.7662775,12.0135325,41.0646687,78.3256249,0.800576859
0.9670312,3.57354056,1.11645839,14.7842429,23.0781333,34.8279261,39.4085944,9.46484885,45.2013313,0.333328299
0.6066551,0.209043417,3.13360486,13.3278319,1.35956771,0.366491692,4.93521559,49.8525914,61.3865721,4.25911343
0.925930289,0.441472352,8.60808594,1.9562814,23.7836337,9.40536299,48.9125892,1.15708157,69.6980025,0.946034801
0.103881257,3.72915695,8.86694567,8.45498525,10.8392137,35.5160667,3.44687873,17.8819641,78.6846129,0.873357033
0.00237424765,3.61592094,1.76236614,1.93363654,4.10831375,33.7381004,0.345215216,26.1644108,1.58584954,8.57020199
0.585470371,0.00211644173,8.03483126,9.61607042,2.02440099,34.7147572,47.5355371,44.1101063,58.922754,0.711805982
0.778317345,0.718483311,7.98525008,0.174278945,1.72847727,0.745205758,44.4718323,53.6617053,5.41833071,3.50702766
0.337306271,0.426017998,0.190107293,0.236932069,22.0582603,11.7807173,46.980122,11.6370905,0.733040985,7.98673583
0.376860066,3.54851885,8.90181729,10.3880398,24.6651718,32.4615011,0.611960264,57.7517097,11.3708457,0.520304493
0.697145284,3.6831849,7.39928308,12.0013341,16.2841061,17.2384957,48.1804723,57.7285942,5.67303762,0.344429747
0.212290512,3.86651152,1.03301003,1.42133153,0.498358219,1.30547756,23.3585946,63.8692991,54.8138427,4.08004988
0.275962029,0.37530219,8.33379663,14.4354664,13.8811239,0.0702473224,38.9914054,3.33054298,51.176709,2.28573939
0.0217720107,3.6887372,1.36378709,12.7460112,22.2033938,32.3133752,42.0547282,49.3925823,77.3689949,0.34870925
0.793464139,3.00710591,0.965130796,5.25029564,2.68569751,19.4658969,42.6418921,10.814675,2.83862594,3.68716978
0.994941534,3.92944819,5.03028958,12.5814249,0.0117283082,31.8494526,13.2699833,38.6730672,73.7105513,0.452487665
0.0300848945,2.54728868,0.632032987,4.58385911,1.43761025,17.1582496,25.4548242,0.3004013,71.9440161,7.1041754
0.284238412,0.77994255,1.11249001,8.21274504,24.3843165,3.17893728,5.98730521,41.3240203,6.08631853,6.7775215
0.296484115,0.0340970643,2.40605939,2.91589916,24.2455677,29.1691436,45.9999833,63.6331663,53.9475451,1.00953419
0.781222259,0.0100006629,0.182567411,14.9519502,2.2302769,13.3400007,45.449282,6.63952822,48.790806,3.28445898
0.690653035,3.22225534,1.00249496,1.65832878,24.2684411,6.75409961,11.0959469,58.2266582,70.1722534,1.28256726
0.667480158,1.35609327,8.68398464,13.7418177,23.0170425,32.3037111,16.976905,5.01911023,5.29754991,1.00507192
0.0378483711,0.470292222,0.453093105,2.01923415,1.98185273,12.9582809,35.1544504,62.496006,3.00336773,10.7856062
0.926399752,0.00255860947,6.75573614,15.3906935,24.0398988,19.553966,48.3287277,48.2294577,41.1278079,0.307308377
0.213373524,0.675256046,2.31381584,14.7605383,0.572635571,34.9719068,1.14012001,3.91444835,78.6376607,4.00282859
0.872894306,2.93838203,3.12021463,13.239703,12.0129571,2.5484962,38.8946767,55.9421456,75.4828889,0.47916176
0.213541863,3.99234252,7.4267401,0.392540105,8.47116023,35.6976915,42.3321433,59.2094639,77.7848507,0.392440523
0.0375005068,1.08406779,8.83668352,0.248748995,7.38182348,23.4823148,48.0002791,6.12579441,55.9744282,2.774017
0.0465907124,0.20041382,0.798894598,14.2604474,17.7189891,4.39133842,7.11150983,15.8638351,80.3381915,5.32665812
0.672586369,0.636426946,0.962300014,0.669032559,19.4222203,6.12854641,8.81925861,0.364928633,67.5281018,7.25290658
0.660192936,3.45067245,7.76681505,1.52978677,23.6346578,3.87909683,48.973314,54.1898746,62.297415,0.389163454
0.971083471,3.99959326,2.61867214,3.59585544,5.53493982,1.0563123,7.40554356,6.49220616,74.0503506,3.07793925
0.0317126298,3.97667936,0.112526191,2.18256336,16.1599361,0.0664413181,0.924510884,6.86291674,21.5683583,13.9271623
0.273330806,3.48342244,4.23210914,3.65929145,21.4240079,33.5537538,46.1954073,1.581967,35.5885111,1.10119098
0.892509506,1.62907165,8.566316,1.9074651,16.8218054,34.6807732,5.11192789,25.0409757,80.5926143,0.721285713
0.0943076676,0.115878737,8.04133563,11.9608475,3.06968995,24.8818129,17.1896209,2.55909181,3.36151315,6.85220724
0.896720413,0.719929904,8.68927025,11.6711874,21.3234177,11.0612303,2.85419003,63.179448,41.7443295,0.724638153
0.0243785605,2.92186494,8.51429159,15.4645569,13.7632574,27.455574,46.049834,5.9549349,66.5602661,0.525608092
0.970367524,3.8679232,0.41668257,2.1048201,24.549185,33.3394775,44.3695531,48.4303877,22.1820354,0.467173981
0.968610204,1.72678176,4.54734886,14.7417786,7.92656112,31.2662706,0.285668502,62.9949507,5.2353896,1.07302465
0.697015182,2.93665375,0.764098929,14.5967895,0.376393891,1.515053,15.6471299,61.7952813,1.63599841,3.40855956
0.81710051,0.0330806337,8.96897555,1.01690043,4.7585864,3.68871901,5.85340514,45.9495984,64.4199286,3.34664861
0.704707418,0.0702949688,3.25696703,3.27965295,1.76106875,33.5268647,19.074856,43.239179,1.11570578,4.97096867
0.0123517094,2.38072114,1.75544613,3.16997668,21.5595473,1.88921179,48.9762895,55.5061228,34.6854592,2.33615344
0.0553339483,3.99067324,7.3015153,2.78684372,10.1287111,11.8754664,9.4778191,57.0849601,3.70182463,3.07694691
0.774147583,0.393714398,2.60525861,2.81149276,7.4357773,33.2770263,36.7230634,0.687999636,54.6875127,2.83689546
0.928669651,0.603297813,8.15927744,15.9572894,3.37915101,26.4829666,42.4927943,1.82053918,7.34309687,1.3201193
0.00420622435,2.77605038,2.42697614,3.88980243,24.8584467,30.116238,4.91695409,32.9761906,69.4006961,1.77549026
0.422979392,0.0585861001,1.47731651,12.9040697,22.968028,34.0509986,4.26579451,10.7210663,36.6535398,2.87534705
0.950615206,3.95905411,8.60055157,0.835966364,3.26043549,33.3205991,4.50299974,33.85022,31.1934993,1.13065266
0.916634359,3.49471093,8.11490103,2.02958741,23.8681599,3.11457236,3.56289204,4.60606283,48.2177956,1.64275559
0.117591624,1.44968061,1.75953909,13.4639462,0.849067397,29.1970647,47.7286914,60.2336107,73.7787619,0.960358738
0.367390726,2.94375431,8.27709222,0.158004746,24.3527572,31.3771707,38.2588233,49.6899585,3.96534644,0.729965321
0.166107165,3.05250468,7.75380532,12.8108054,23.7595745,3.12395967,22.3088772,60.4726529,55.5317849,0.589002679
0.918660618,3.71604888,8.17555268,6.24680238,21.8868138,2.41802066,43.1109011,2.5018602,0.967473894,1.12051732
0.946553714,2.91309036,0.696810519,4.0789121,16.0558203,0.246144327,44.8454748,63.8634848,12.1354824,1.47431952
0.125478958,3.69940885,8.92013236,13.6259356,4.84429475,26.0090056,29.0699158,62.7911083,43.2310433,0.486187313
0.801866154,3.85777614,3.69795286,11.5443149,14.531194,1.12040046,3.49888576,7.54011846,8.56947993,3.36144985
0.138315053,2.64436895,8.79517802,8.1014351,1.28079106,1.80762332,44.5425119,5.22125381,12.1662815,4.32418173
0.632361418,0.393404648,8.89181349,15.4832199,3.86928367,8.71284594,33.7579414,62.3296242,27.8361743,1.05118602
0.774442199,0.200126222,7.92316056,0.994804733,24.5049171,5.96384087,13.9833604,18.7280517,13.1181249,3.85703655
0.0859168088,0.0152251236,8.74946858,2.34377469,24.720709,8.57637044,47.7177436,11.9082254,17.1424844,3.35883611
0.0807979009,3.881285,1.7033295,13.9714352,2.98685229,0.0380845182,38.2288433,31.5671865,67.9689097,2.06616179
0.623683809,1.01508872,1.34122012,10.465105,23.4693676,35.511625,48.8379641,26.987049,4.21703371,1.06427766
0.139867906,3.03958848,5.31794969,15.6097147,0.742758264,12.2949191,0.959281275,2.14253923,52.7220207,4.26192383
0.660969818,3.67894593,0.0995722572,15.130536,17.0607469,21.5610703,1.23732614,25.7834186,78.3624886,0.937415593
0.984333302,2.75921926,4.94588389,2.61419825,1.29675936,28.2738313,46.6617115,61.8919287,32.4571899,0.690544356
0.00773464237,3.98453709,0.258643601,0.0408848226,23.6737717,14.5161506,1.2825718,59.0160452,13.5065622,4.4215434
0.0661721975,0.624492988,8.67072159,1.45392335,6.39029609,2.45716273,7.53234313,37.9964075,17.2381882,10.2376813
0.93203315,2.72460548,0.999665754,13.1241491,2.46017245,33.2903904,48.443344,4.28771293,80.4827081,0.645329741
0.945857151,0.0845420901,2.02254418,15.8221438,4.32985157,31.4141922,3.16889897,59.6701172,75.5062204,0.989447155
0.233291335,3.70984123,7.42838082,1.41604059,11.5534985,6.69616711,8.82090153,36.4303408,76.8722353,1.93180637
0.00999899023,0.212115012,2.28827291,3.56043168,0.273710699,0.368232798,44.7650879,27.210309,55.2604204,10.0453261
0.800762494,1.66094676,7.94741063,5.56533009,0.785679534,7.07892442,42.8515928,6.16486037,76.9604407,1.64888114
0.490807905,1.96323162,4.41727115,7.85292648,12.2701976,17.6690846,24.0495873,31.4117059,39.7554403,1.93843106
0.98786517,0.199679568,0.0326426136,15.3322801,15.0490231,5.66199586,17.9182931,62.3705769,7.95476751,2.36419661
0.0274034711,2.28055329,2.83292863,5.38922154,1.00994742,34.8283247,48.5288034,24.2922166,29.4688991,2.84753656
0.958472344,0.178747386,0.466455456,1.27438688,16.5942951,0.458559741,4.10178918,58.4760028,28.0699471,6.02204844
0.980070319,0.167406904,3.617617,11.1802085,2.75631551,0.568380241,17.3769027,17.7681444,6.58511248,7.15438012
0.9902069,1.62944513,4.68977414,14.2824791,21.2907716,12.9584489,38.9974247,7.4672049,77.5989988,0.497376968
0.0813901304,3.69568462,3.08549409,15.820773,18.3301183,34.9884148,35.7812748,62.5454542,1.8329993,0.557808084
0.816761358,1.23258168,0.000711388886,5.25566758,18.7577643,16.9131843,5.29166748,2.68462664,0.658050105,8.03909976
0.565472284,3.57071746,2.35890409,1.95730655,0.704974332,33.8451864,0.0643314319,4.20359314,73.14028,3.43839471
0.0380803063,0.0628303085,8.97523796,12.1322411,4.02580362,16.8213884,12.3522385,52.3398628,76.0316411,1.88844791
0.0438554352,0.313200003,8.89300142,2.97762018,20.0974026,2.9451717,48.3204457,58.4242773,61.798103,1.31590431
0.0399456816,1.46828247,3.20285889,2.57678772,18.8612352,1.1240069,37.0003069,6.73620266,80.1876113,4.19183572
0.454626182,3.60898406,0.439052638,14.5025506,0.57414769,35.5683225,22.8619139,40.7336428,2.95413919,1.86064915
0.407269835,3.93644926,8.78101412,0.896590658,20.3112315,30.0496989,1.75553382,9.47850654,11.7189444,1.97097331
0.183446596,0.747724338,6.75662911,10.0718507,21.2413351,4.49176106,1.39942166,0.10418722,29.2038071,6.23748857
0.0412029019,1.98868771,8.71712477,11.9396914,22.4906063,35.4535932,44.291495,62.8983046,55.4408234,0.223656869
0.997161008,1.1402425,0.125489052,5.50131336,19.6463439,30.3879182,45.9259645,38.7722189,76.8026452,0.563596925
0.970478585,3.33434208,0.646612063,8.19368666,23.8932852,35.1991395,5.35857662,63.4739965,70.1909401,0.339922742
0.319099306,0.408162425,8.96820545,10.0072496,24.755859,31.2806073,34.2542429,13.1405281,66.8947238,0.636015637
0.906773315,0.556405215,7.88050354,6.44076802,15.606461,32.8186527,36.8803374,61.1672044,6.58693768,0.625861496
0.0321187172,3.2771215,5.80731992,13.5570487,20.808585,7.03824023,43.1519461,7.52107367,8.4609778,1.8407117
0.145178805,0.0806828645,0.083031334,0.902454935,24.312656,32.8458047,21.0148118,5.14798671,73.6754186,4.28751457
0.826140976,3.80553213,8.05162201,15.3087547,22.2497169,1.42903208,7.8157418,51.1640583,13.0703764,0.608911107
0.97136377,2.84354949,7.95674603,12.4987584,4.11268325,31.4890349,0.285841503,2.79268074,31.1156754,1.34463742
0.0735849645,2.96999563,1.61240213,1.14251545,3.52685801,1.29968676,37.8870032,15.4950761,12.331575,11.6953535
0.139885136,0.197953738,6.76908155,14.1398245,0.0472940505,28.6143932,46.4220944,49.815446,0.254559233,2.05833236
0.68030856,3.78388689,8.52068917,14.6185546,21.9490544,32.7708951,22.3673523,0.117424458,67.7778523,0.257418421
0.923067397,3.97496125,7.14078696,0.367008202,12.9794534,29.7687147,41.9068775,3.77395916,6.24159315,1.06982038
0.143697011,0.462679135,0.558495492,15.3488467,0.103976764,32.4539564,24.0178921,8.76649845,13.339002,7.05312604
0.439158707,3.76153165,0.140527862,6.84760857,24.6206674,35.3618459,3.46227564,35.8749279,7.48444251,1.77622481
0.03370946,2.21957377,0.846962189,10.477345,19.9026576,5.71057055,2.12229942,60.7167606,64.0355284,2.64001626
0.00231576292,3.68410955,6.36584957,13.9265792,0.0253406121,1.29552028,40.5738783,53.7757095,0.442528341,2.3335462
0.688287741,0.208244808,8.93360248,0.101169743,6.8122897,27.5802533,7.23623268,1.77974856,30.6712132,5.14064506
0.925855634,3.42257827,7.36432993,7.63221248,4.05488451,0.639293908,22.6117353,52.8133052,21.7939279,1.35430486
0.96007671,0.0370413922,5.74802688,1.93389625,10.9286032,2.92998781,43.9709479,2.24752045,17.8151483,4.83809397
0.242746107,3.33530784,1.16730765,14.1150532,24.5302425,6.89055133,45.5919694,2.91228899,64.3458155,1.10883932
0.805267159,0.500552146,1.754815,0.312308647,1.51785653,15.2851488,2.03591234,20.3476685,39.5692819,11.0190243
0.980550956,0.479699388,5.19214574,0.69960285,22.2267215,20.8916252,23.8801625,57.3276043,62.0723417,0.834855981
0.798000317,3.96527814,0.967008368,13.3504618,20.6435692,9.31300796,43.1810144,5.62837589,5.20626423,1.3098661
0.740821798,3.96785015,8.22940017,15.1621171,21.4105317,31.4013353,3.05193865,52.1571781,78.0799511,0.137957269
0.384282855,2.56774667,0.266145496,0.190855295,12.0389618,19.9178137,41.7784197,63.8702536,75.117542,1.27282841
0.105331205,1.20627302,4.1190218,0.709890254,17.3835967,23.1975783,2.31190291,62.8926325,15.7882392,4.52949414
0.349815106,1.36992712,0.821351108,13.241005,21.2044078,10.7737049,40.3673022,63.0175774,0.536648757,1.68249459
0.432304994,3.00013252,7.26124576,15.568848,2.54365588,1.76303379,4.50378009,50.980577,79.1742135,1.16348266
0.913591818,2.95073462,2.24265191,0.445579641,1.33909766,8.94867726,38.6809976,37.2601979,71.0604471,1.83258841
0.128833932,1.24757584,0.016092747,0.836975448,4.75993483,0.323457912,0.486084044,46.5169282,63.296504,13.9646971
0.0136263389,0.0715129394,4.31543969,13.5020897,2.53472068,1.51256217,7.66634064,35.5096196,12.8793632,12.1501577
0.00844280795,3.59309263,2.49267432,14.8929781,3.56691547,34.7736477,22.7263886,9.68349922,79.191949,1.35007928
0.990033759,1.98953658,4.81780789,15.8171576,23.3882371,15.9855852,2.35606008,8.23091552,41.7620207,1.05750571
0.328903433,3.51996838,0.244160204,15.2898734,1.41067947,13.3774664,20.5218982,0.70837766,2.15577165,6.46213576
0.225373013,3.37692133,8.81261976,1.24508879,22.1988033,29.2145574,6.89502135,63.508595,77.1486919,0.488899294
0.182072109,0.343754737,3.34319067,3.56538843,5.44266686,35.8587262,2.19247676,1.24976879,16.2811563,12.448451
0.169548642,2.41613361,8.90469545,0.384686157,2.21913362,31.6492953,40.4342091,59.7588621,19.2316982,1.43184657
0.0255869497,0.159452636,8.82101487,12.0833541,20.2067779,22.0561367,7.47138176,43.772415,3.77023412,2.57005539
0.943994381,2.85427538,8.56408528,15.2557253,4.64787606,24.2681538,42.0055585,58.0208068,65.4336534,0.166001327
0.0357583575,3.9628588,8.47758915,6.82806132,11.2916512,5.44652394,37.7406323,2.36051855,72.4383036,1.50083881
0.919184342,2.92494324,7.92239313,10.0645446,4.37613179,35.4916029,31.8091965,35.4824066,1.02297476,0.69539922
0.955745244,0.841289051,7.97644052,8.95256869,2.84687634,32.328816,3.28200933,46.6687868,53.5365855,1.05969017
0.854730687,1.83459679,4.65339655,15.3526849,0.89880816,9.02698858,17.1459058,2.92400402,70.5403163,2.0727492
0.17064406,0.0588873532,3.86942656,15.0261105,24.7475253,9.58671289,32.5081999,20.0037279,13.4842053,2.94560808
0.591480126,0.0259072688,7.7027986,8.77528274,22.1515072,0.549167577,18.8642839,28.7610967,75.6245485,1.53941273
0.176824976,3.58947585,0.721283484,15.3093646,13.2681425,32.6474218,39.7697583,1.73368648,22.8681119,1.54192896
0.00396534521,2.58222799,7.8881595,11.1940211,15.4873995,31.2812874,0.813667636,5.63194135,0.048454701,3.32204336
0.0916910707,0.20730402,0.356978337,10.1953949,15.6286669,30.2466955,0.287708629,43.7798148,80.1746188,2.91302404
0.495700539,0.955826138,1.28226522,8.94485614,0.308070611,3.94958159,44.3965014,63.9992182,64.3705932,2.23641458
0.253654262,0.668737104,7.79515851,0.407304697,21.2031895,17.2883596,12.8750206,8.45290336,65.7452192,3.23940885
0.811171793,1.45728806,1.44092292,13.4961783,22.2941863,33.6792132,25.2302951,63.4378693,30.7148119,0.498191972
0.963950473,0.462389909,7.62119924,2.6587746,21.9136148,3.05870805,48.6000332,51.9296686,17.6423751,1.06536198
0.132214082,0.488273449,5.42669678,0.875926845,2.66013594,12.822775,22.2942849,60.1419888,68.8562811,3.97442706
0.00403309567,3.13695576,6.33485232,15.756295,0.0784979435,27.8135085,2.22959285,48.0221426,5.25281181,2.55007564
0.115484429,3.78720031,7.81995316,5.24929002,1.27717971,22.4056115,15.126074,15.5758928,30.4136183,3.20187899
0.98469824,3.29329031,5.24315399,4.78058105,17.5402162,33.7167677,2.33465232,50.28762,0.0365336733,0.984186988
0.00142456824,3.77087366,2.41547162,12.1448955,11.3408774,8.82284732,2.17093462,40.356746,4.84688492,4.81569659
0.0239883168,0.686560357,6.79483192,15.5377894,11.9168226,15.8932607,46.3228244,46.6421912,54.8109115,0.958028354
0.56945419,3.26629344,1.33614129,2.71418432,2.02466695,5.15160154,4.03862511,15.8983218,3.91678175,12.8311132
0.38243932,2.63058399,0.506579978,0.15945416,12.4157171,30.178083,47.6944522,12.615654,80.110567,1.64168424
0.201458811,3.672972,8.19087574,0.0862735063,15.6231575,4.90715194,46.9619,59.6287279,5.10110009,1.43417702
0.893373,3.68006994,6.60490459,4.67801131,23.9625787,20.245597,43.2131338,6.71337056,80.5178998,0.322996994
0.102868381,3.63548685,3.66179051,3.045417,0.505427562,28.3982994,3.01994481,53.8285681,71.8166158,2.34300731
0.0168406456,0.162921429,4.99601949,12.6214707,1.65407487,0.0522256103,18.7232154,4.02481082,77.1974259,7.78807714
0.996033512,1.34094837,2.96825157,0.718608275,21.327007,25.9298906,32.2200132,29.7288145,5.29631452,1.85350476
0.726304311,3.98623186,1.34759186,8.84685921,1.81667766,11.3781548,0.882667371,48.3141388,60.4091511,2.09188877
0.0121532623,1.03951643,7.09361012,14.7649002,15.1215283,32.4377302,44.8228558,15.3310701,6.70238625,1.46520739
0.95572084,3.20060031,1.10099136,0.64327398,17.9777769,3.59557681,31.1141922,10.746151,3.23993102,4.11610919
0.879676743,2.90807093,8.88329772,1.03956538,24.9614036,1.88754761,10.9062623,54.2706317,79.1103186,0.565940464
0.70875503,0.183167672,5.62288752,6.88097368,0.819881237,6.83130032,13.1545039,63.6687373,0.591893478,5.27826386
0.889439542,3.2415471,1.53481321,2.85435744,8.10227222,35.8404954,26.1413734,31.4292385,49.6260215,1.13529887
0.31442064,1.87076466,4.36850235,14.9670978,0.0187993399,22.9831281,45.5073182,0.649726183,50.5591238,1.95974636
0.345511553,0.0506563746,7.60879655,0.0775605068,11.8116215,25.8077311,30.6751606,37.1246366,22.4875841,3.14133216
0.58100773,3.98764252,0.692805624,12.4162306,11.8548565,28.1851617,27.2389562,61.5654204,53.182147,0.512209179
0.945376389,3.76389104,8.36271052,14.356813,23.369815,2.13226123,23.0226044,48.2122554,80.2117595,0.17956911
0.709477158,0.730386632,8.1182754,6.85275809,9.85191485,8.83127387,47.9382209,51.8256361,72.7305972,0.688335671
0.191106262,3.69179788,0.105692421,5.99559471,24.9378352,7.48328576,32.10005,20.2970594,16.0453109,3.15624131
0.377704717,0.332741015,0.851030966,4.0487841,24.866238,2.68089708,29.7229026,61.1588169,71.173917,2.11938577
0.0662425701,1.3555019,4.32097972,3.03330579,7.45371607,35.4326831,6.9480008,10.5135785,78.1074208,3.94535926
0.0438501234,3.95609843,4.82905728,15.9390557,24.5460313,29.0135939,15.6159619,17.5962991,77.2022523,0.494223693
0.561291319,2.49277008,8.97010819,2.85937332,14.8241757,35.8862705,44.3014331,25.0589112,57.105388,0.471194747
0.0357391844,2.67388709,0.0455880859,2.13148439,24.7783558,35.7501284,16.8892765,1.39872557,25.7942643,4.3770915
0.981674074,3.98465943,4.88482612,2.26247949,14.8325498,22.5572714,5.52689086,46.3081832,78.0071647,0.607559166
0.850910679,1.02315254,0.280593425,15.8821137,4.19452767,32.2941953,44.2918364,6.39358712,1.28922713,2.32669072
0.303150732,0.217393801,3.90961948,15.9549245,16.2749543,11.7469238,8.91221595,56.9646146,35.7881101,2.19401323
0.00109447958,1.5796732,3.52694314,5.92583673,18.027996,31.0020157,31.1387286,37.3711587,1.34774352,2.884024
0.848472618,1.11716033,0.255683125,7.58450457,1.20049748,2.53597677,46.4977957,47.6108456,4.40664927,4.43925506
0.648375736,1.00400574,5.2301303,15.6444855,13.8558254,35.7938142,36.2543331,15.1196578,45.6738812,0.688986599
0.5829794,0.539070709,0.363161151,2.93239591,7.46562905,35.7515247,48.8307165,59.8891084,35.748431,1.63276511
0.682869631,3.95953391,8.74464256,2.14674036,0.414307066,19.0927664,32.835754,42.472596,56.8526729,0.818646177
0.466946263,3.86334329,7.22384233,1.987736,24.8109291,32.0911314,4.96236816,5.90586883,75.8583268,0.809243175
0.581078861,0.769679364,0.00241581537,8.18241585,2.91115235,3.94217338,21.9248258,13.776955,77.5599477,6.15112056
0.720530868,3.8492193,4.11480619,2.75142684,5.04827107,30.6603717,6.62393118,0.537264347,7.34301136,4.04461116
0.72177884,3.74783515,4.19713918,14.7877796,15.9546356,35.3666567,15.5145357,31.0886621,14.1047019,0.627744959
0.136425033,3.58210572,1.01445989,7.1597389,21.4558115,11.267184,10.2915594,0.311727703,69.8719926,3.25808918
0.213486156,0.24729961,0.820220087,11.4471182,12.0553635,20.8712938,48.7755824,1.58430404,4.30049727,5.69711676
0.776309085,1.70713335,8.52804413,10.3779945,10.8660477,0.955513292,4.50785074,12.3394315,36.4825583,2.83498585
0.728149271,0.0191893019,5.65784284,11.314835,13.1750146,10.7567588,44.7070329,32.7863778,0.824849102,2.09857423
0.963411554,0.231935224,4.80443459,0.235050507,22.6466737,32.6074414,7.16949319,8.71447823,40.7981656,2.42821463
0.445415857,0.417202402,8.82173723,1.66697785,1.40122095,0.46151877,22.7931291,2.77030772,41.2111127,8.87982787
0.0123163057,0.000597026199,4.5769935,4.49731802,3.78754713,10.5186562,36.8253999,7.17804784,1.83519791,14.9997508
0.215523985,1.24645344,2.57182958,11.9816973,0.603461638,25.0268489,3.06082336,55.1943072,43.9433557,3.5399007
0.569582898,3.91906468,8.37024605,15.5116893,1.50375139,33.9115065,47.216578,18.3195987,72.7678323,0.249966665
0.207542519,0.668448245,5.87173841,2.32434082,14.3690393,0.639846778,35.2593046,60.2534947,10.7395332,4.19725092
0.458542736,2.91105547,4.74607746,0.575703256,18.507227,1.38833279,7.77095224,27.9436745,21.9429255,4.86082418
0.999976971,2.45181894,8.37202651,4.71033867,22.9093964,19.0454767,29.0275672,29.1551826,34.3676515,0.56679553
0.443987206,0.371873629,4.68016775,15.2523274,15.4176792,35.9053373,39.4780541,62.2439392,68.1994322,0.35505024
0.0263632964,0.351693509,6.5538247,14.4564898,15.9753209,31.9948608,7.65624414,5.87135014,70.5988894,1.98079307
0.555500865,1.21213714,0.874874605,12.4755393,19.3565367,0.450290758,10.9389451,3.72204113,35.874523,5.54930187
0.00361182681,2.81589246,6.0853372,0.466382429,22.6398249,10.8526416,33.1399169,63.4550049,71.2127457,0.979214239
0.405520676,2.34403022,0.260835569,1.53494811,9.17641647,4.36543701,2.58592917,62.317182,6.17363731,8.98129852
0.598772534,2.27991457,5.67940696,15.631516,23.2643661,6.04857091,41.2843233,33.4656314,31.4730921,0.637861487
0.373582197,3.18391275,0.0485036178,9.2449849,6.97062885,7.7171943,42.0373301,51.4692687,25.3107285,2.3152597
0.939720223,3.51116287,0.257419562,11.4676978,2.49453143,0.849199227,22.446628,12.3773726,33.540026,3.52939824
0.60105746,3.89094413,6.97043887,14.5174379,16.5300541,29.691859,47.7405878,1.38339922,23.7819457,0.436222838
0.619433708,3.28934238,8.94913406,0.17093169,13.8264153,8.00860223,44.3417538,14.1789494,42.5287214,1.28060506
0.977875706,0.6279807,5.56115811,2.46106671,4.91903139,34.7912897,34.3088662,60.2299575,77.0708981,0.618339269
0.939311454,0.0304324925,7.82752859,7.59640409,13.6931389,22.4426711,29.9074436,16.2027498,80.5131465,0.850314937
0.863794315,3.16418271,0.942283191,10.5841548,24.8289855,1.09330137,20.5747125,8.08793646,78.4031436,1.18503769
0.379187264,0.00139700621,7.82883775,14.7129733,1.47275353,3.69879012,40.2420328,1.10440344,2.16239699,5.80660191
0.984953985,0.486508746,1.69310878,12.5852545,0.581551588,34.7580556,9.03809133,4.1808632,75.6437007,2.24705154
0.832921238,3.62896184,8.91378925,0.0995723308,14.8627548,33.5808887,29.9387197,62.7759393,44.5652723,0.303038256
0.522753901,3.69923129,2.20569451,0.191459686,2.91083871,32.3512839,27.2615063,44.5871579,0.459750939,2.87936352
0.127268194,3.98613377,6.63793979,15.7404536,9.06920957,1.73563115,14.6357155,3.22568086,7.61678933,3.69976506
0.613408607,2.23381695,8.46321221,9.25806207,0.389364048,27.4198297,12.35572,0.765297801,78.9245467,1.49126983
0.377966294,1.91802924,0.714314099,15.0703403,11.2638786,17.2899135,48.4239707,27.0055623,74.0199228,1.00965486
0.993122594,1.64574689,0.152931285,9.45086172,13.4889286,12.1281442,7.78588603,35.7701221,46.1213938,2.41037531
0.312396588,1.79781466,8.70989289,3.85751806,2.04077836,35.0810718,48.4199257,2.20870364,2.12883999,2.63783019
0.698818214,0.150897343,0.296190307,1.90308339,1.75402442,7.03924025,17.0287835,55.8547628,79.7320858,5.01953097
0.549176849,0.0612190198,2.04314966,7.49569074,18.8661511,12.0974357,40.2924135,19.0617918,65.2234218,2.2022286
0.390167379,2.17255556,4.81782476,0.321301043,12.6666137,18.3985629,28.1021851,3.16837609,3.66643742,5.91727338
0.148437892,3.18261386,4.93002231,8.68446325,12.146674,34.7749754,4.09819548,43.5872024,33.0468323,1.55691152
0.108942345,3.9759586,8.8563813,12.8009837,15.8335536,20.9302928,26.4476278,34.3250113,5.65089501,0.909110675
0.602038113,1.81827522,8.44113847,5.71427184,12.1356126,19.0677851,0.358520431,62.2405045,76.1389525,0.87704397
0.0925858659,0.362593865,4.75895759,1.42269801,11.3836309,35.5454366,38.319658,41.1330229,74.3115191,1.66407042
0.306953662,3.88080359,1.49852154,6.49148715,22.5382874,1.43502336,46.8735151,39.4044191,78.5605427,0.840252462
0.935218133,0.844645469,8.90189099,12.5899419,23.6768396,16.7649783,44.9040276,5.21427962,25.8157695,0.624647643
0.223419503,0.0463754405,7.72206239,8.36028799,24.0004029,35.6699005,43.5793338,45.5361229,17.2349528,0.804431299
0.768530005,2.73514589,3.5931381,15.7724417,24.1062929,6.43019853,0.471865881,54.3998195,73.109648,0.573662864
0.0329940375,2.12315368,8.64891766,5.97179435,24.9181164,34.2464715,16.9404555,36.8781651,44.7025799,0.850481622
0.634143818,0.220565163,6.83705144,13.0196607,8.49578259,19.6098439,3.60183156,27.4063709,13.7643866,3.32304787
0.336164739,3.68308287,3.54093782,8.07459619,21.4657592,0.0205463916,29.0232497,62.3782266,8.67470476,1.51624222
0.94336495,0.538881203,2.19686788,8.45934493,0.328625983,33.4323366,12.6327351,1.80161917,9.88888439,5.78113248
0.636164888,0.0930661839,0.367543571,5.87519215,13.0539359,32.4015388,0.901391218,11.3400257,80.7613197,3.75636122
0.489678276,0.0911701974,0.669392148,0.842377291,21.6173778,33.5072831,12.1242607,39.7711704,22.858897,4.09503122
0.684969067,1.10040236,5.54059412,12.0273419,24.273742,27.0466681,1.83820413,32.2570104,80.4609073,0.665157171
0.976199853,3.96370116,4.33230513,5.42622839,22.8446544,0.153131621,24.0687383,36.9424954,36.0957154,0.932774378
0.981260406,0.174595431,5.45715375,14.9033539,1.0464614,18.5425905,39.9063381,55.9343555,71.7777474,0.600261839
0.121142617,0.175888162,0.342769268,1.64103397,20.0905369,16.7807085,12.7496153,7.55594173,21.1520459,13.9334192
0.0353857959,2.91628578,4.53415182,4.42600404,6.01545138,2.43561518,4.60656207,3.25045622,48.6222919,9.90052256
0.468613876,3.9736724,3.40224458,8.04375446,11.5331965,19.3437132,40.5451944,0.106360346,75.4291457,1.03957818
0.00651687524,2.1164884,8.59628159,1.25274869,23.3550809,5.53739512,9.52740438,57.5809047,23.1174203,2.73239271
0.0599383158,1.53309431,6.11129366,8.02238513,0.354541303,12.6369742,34.8799893,53.52554,24.9974886,3.24420908
0.275833455,3.73151562,8.06179865,15.3776009,5.21673598,3.86143931,37.0364898,33.0247767,49.8937315,0.89108926
0.0269271513,2.25852518,6.82374485,15.4305855,21.6401213,7.94679007,2.31474965,61.3843753,9.10770894,1.76741792
0.00396156823,2.32830927,8.76116283,15.7577279,12.7068987,21.379032,1.89361259,32.5834859,59.0392547,1.22426491
0.557140322,3.42958059,2.16203616,7.71865335,24.0731353,31.946508,28.5289062,26.5484905,71.4818011,0.509988436
0.903385895,0.826966498,6.35836309,14.2371749,6.55977021,0.0833583624,44.9221058,18.06705,46.714421,1.43753407
0.373967105,1.06051918,0.328174396,13.559245,3.48677416,3.18728192,0.880849144,8.4004069,2.07408697,18.0252053
0.276954488,3.09635235,0.886221468,15.5097232,24.8728021,17.5455179,15.678636,49.4164164,17.3522656,1.2418884
0.375288852,1.91892437,7.56416726,10.5940938,10.8356611,21.5360436,16.720062,62.8005147,0.316430918,1.47901704
0.0863062484,2.19646515,8.97708715,3.38427932,24.347698,16.9339993,40.4615285,19.4736282,77.5431904,0.807418425
0.558971164,2.51341857,6.80833882,3.11209621,1.56398084,15.589373,3.52732806,55.9055685,26.438132,3.07347097
0.737903262,3.76049107,5.79015368,12.6452328,0.668496569,15.0074426,19.1756835,16.6035245,19.5368252,1.88651997
0.279281743,3.55304977,0.241733304,6.77624564,0.563286152,24.6965136,41.2467244,40.0934736,74.684949,1.47756934
0.992474024,2.0436663,8.77403963,0.504920773,9.69287385,11.7082314,5.77871636,6.38158837,70.0596565,2.14467798
0.88993036,0.238239925,0.221461428,9.07061305,2.80228097,33.0281353,27.045477,38.3102779,51.6889049,2.04283821
0.636769226,0.721533422,6.32749403,3.89730366,21.8479653,34.2045691,38.3732053,0.603095979,30.6713022,1.42179137
0.138755803,0.27512819,0.178835959,15.4594973,5.89244287,13.3736878,32.0816298,63.9364843,25.9342348,3.45745981
0.824934573,2.7014936,0.00673670741,9.28682926,5.84276598,35.0897222,1.3087489,57.6558755,78.8478634,0.957833369
0.0851459555,0.192294963,8.77823927,13.9864139,21.3423235,0.621237394,1.54741577,48.8708891,77.2460857,1.63903393
0.665823037,1.95110785,0.606724275,0.38202931,7.4478343,1.08167012,48.4960096,8.40248615,46.3025275,5.45600211
0.569586052,0.131127983,8.70303798,7.03893011,23.9035926,32.6610908,9.46345911,61.8543339,42.7647896,0.680383773
0.998993977,0.367083909,3.55333785,10.5765448,24.9822551,2.53744114,30.9969805,61.7169365,36.1351352,0.899270326
0.108441626,2.31364872,3.36166958,11.6989599,0.65592092,34.650586,0.542758548,10.6356549,1.83759723,7.04018221
0.0235214885,1.30263179,2.99826964,1.63167016,24.1879713,3.21733226,2.31842205,14.0007371,58.7111595,8.03591727
0.353892983,3.51743669,3.5064547,1.74961247,21.4638228,25.1563412,25.3524041,55.9745999,36.8308537,1.00720118
0.952797438,2.66613029,3.7166101,9.0062038,11.3550301,27.3465902,2.91557781,2.76402858,69.645254,1.40575118
0.267436277,3.20604668,0.0598656689,12.7329731,4.81049997,0.105176272,5.03284738,17.0656204,47.9438626,6.74618082
0.990138453,1.02791567,0.402141846,15.6408982,19.6509925,34.8935103,20.726305,7.84812427,80.2717525,0.67974051
0.709635286,3.3609753,8.80179394,13.7789933,24.2818658,7.65808696,12.8863918,2.07175773,5.10331458,1.21505677
0.633197693,0.614472583,7.74158899,15.7977087,12.6397706,16.7382248,20.8855438,47.4582622,79.7505143,0.565715914
0.00420169207,2.47135417,0.111348165,14.9841876,23.8150964,14.8694556,47.5586881,40.3202152,37.7872645,1.13737694
0.124527935,3.76398265,2.82688852,0.91615174,9.00358685,33.5292338,24.2722596,24.6437948,56.0146331,2.15442196
0.541048498,1.60843328,2.11091222,0.180799149,22.9551535,10.4624829,25.7928643,60.9576907,4.94648947,2.98652321
0.97065594,3.25750259,1.90374239,2.13029164,18.4556608,13.378711,48.9931182,40.9302865,54.8325343,0.683161534
0.129134457,1.45125417,7.26477853,9.1249059,3.58342733,2.3950119,6.75803173,0.31248501,4.98093802,13.1060125
0.981932467,1.3558808,0.64955135,0.0169449449,19.9901381,34.9209886,12.3250695,31.9254454,74.621521,1.32630478
0.900009111,1.81251357,6.56011325,10.3528395,0.272154366,34.7017333,43.597845,3.89423794,53.7346573,0.852015052
0.104664915,0.412893813,7.88922014,10.8850564,1.78453659,25.4973761,35.9337833,18.4112716,78.7737096,1.73783077
0.584920591,3.0414615,4.14789067,15.2861031,2.39928197,35.6142355,44.176963,44.691831,39.9973473,0.475641546
0.321722602,0.767066429,0.192304705,1.89365862,4.25057505,20.7572909,37.8230264,19.0752767,28.0667424,8.15017401
0.43883396,1.92943633,0.0817094911,9.40696422,10.6993683,34.968307,16.7905618,10.4120669,24.815844,3.60148585
0.0537605663,2.21535176,3.18823101,13.5085006,20.8900977,35.8163633,13.0903153,62.6017025,64.3115911,0.610646196
0.84804899,0.637472175,4.48841532,13.859911,24.256363,2.43779902,5.56446061,39.0392049,4.95743306,2.36899375
0.604595842,1.76924284,8.24474233,9.57209928,22.3009449,17.2529917,36.7929886,63.6861995,48.035863,0.34582944
0.186834441,0.50577626,1.30861482,12.2476756,10.4435404,35.4002352,48.6637721,43.1262117,28.1467724,1.58463896
0.996365902,3.68682918,1.210681,14.0720185,19.3974343,18.2558442,46.2418618,61.3511195,30.7113057,0.277049716
0.029334723,0.11475998,1.73470699,7.50297788,10.233206,20.8700839,21.0962735,1.39647624,58.9479515,7.63879671
0.097367853,1.84601957,4.61471946,11.7153828,6.93621665,2.87022768,48.8864439,3.21749219,76.4327551,2.46153341
0.400706217,2.67754838,3.50000833,1.13765612,0.91634196,1.38143274,45.9240725,61.2396182,7.92694758,4.05465719
0.0252520638,1.64574316,0.0118453265,1.92782731,1.55241964,23.7844315,1.27983574,62.9541083,27.4617253,9.62319497
0.816380882,3.65394078,8.51104853,14.5647139,8.04051021,17.0714614,0.0713864589,31.0755447,59.079079,0.656808454
0.0769343693,0.143780427,1.16468688,15.8087852,3.51930628,34.5320194,32.1906159,24.4007161,69.4019645,2.30522391
0.403285028,0.0458714646,6.66383582,5.49088165,20.6997451,0.88689749,2.8394299,59.1652563,28.4284114,3.7494564
0.933026087,1.47774375,0.988186214,6.12568997,16.3614812,17.8767214,46.3557079,0.500410021,33.4013827,2.13116065
0.475348841,0.751861839,1.21933718,0.711107768,24.356663,17.9068761,1.18051911,58.7555365,61.132039,2.79417539
0.0553014325,1.80470569,8.29932124,8.34151712,6.0596656,28.5115423,45.5857363,58.08231,77.6884587,0.553024308
0.951888812,1.58103647,1.08002008,14.0401085,6.41085964,32.1379875,47.850765,51.9934646,78.6709415,0.351790456
0.142964161,3.19462026,8.96111955,6.28668049,19.1235014,12.5112714,1.27717986,4.65229053,59.5436788,2.20117703
0.0149884517,3.6436334,5.72991927,4.89461013,12.0507522,17.2684265,46.8818291,29.9133467,42.5482273,1.39539942
0.614150329,0.0983077698,0.582045488,15.0018036,11.4276745,21.4931731,16.0069104,23.6973053,10.8973176,4.31883267
0.924118353,2.62866804,0.0534108868,11.8698216,12.6429438,21.5363202,23.0484485,39.5416307,0.237606776,1.75966073
0.266731947,3.85532306,0.932843273,0.527817391,10.9795192,11.2025029,0.634101838,31.8035515,73.7729341,4.2742536
0.523116833,0.0984383449,5.51984273,15.9941942,22.5350874,31.9889046,18.4018867,54.2176235,4.55387293,0.9243416
0.40575368,2.00841438,7.69599452,13.4753861,1.27168647,33.4576995,4.83901577,50.0742684,78.7584529,0.761699659
0.028331141,0.6459472,0.977813865,0.209105834,16.3152497,14.9784315,41.5119359,38.0176173,63.3995984,4.02909145
0.493824282,2.81882759,0.079344315,2.73760469,17.0655693,30.2740246,37.4733935,23.9330096,2.64761686,2.64342253
0.997886952,1.94404115,3.37428153,4.53262913,6.09040867,16.5578937,11.5947476,63.9002854,65.9341246,1.25642626
0.990258681,1.11061418,4.70814782,3.27172849,18.6575188,2.76325733,2.81188921,30.5918802,57.8767751,2.65516993
0.938658294,0.119805126,3.52067748,10.7135743,23.5045782,23.6826486,24.8749919,7.82302183,32.3088033,1.56111699
0.802462256,3.93257471,6.26201342,15.3947729,6.16939348,20.1544394,15.8743993,58.8139171,6.96747726,0.668511569
0.630753306,0.283258079,1.61669156,1.30663756,13.5271925,2.19411856,17.0827362,24.22611,0.292549447,12.9659043
0.999004691,1.08739163,8.53004433,6.14227898,2.0043908,18.4266033,32.5609735,26.4897031,35.9950395,1.47674132
0.706220448,1.7882701,7.77496066,4.91346666,7.24098363,34.8649948,5.40050125,23.80343,0.313932139,2.65540466
0.355234915,1.7328717,0.842811437,14.4565654,17.9606751,21.6965672,13.8892555,0.936222285,69.7206891,2.22309668
0.0199591187,1.81163144,0.201560422,6.44624277,9.37842961,33.5037292,28.8243203,47.4800624,57.4701949,2.267641
0.00062468648,1.99642267,4.22050689,8.99433481,24.6643959,13.6820655,30.590498,34.6131327,59.3841551,1.37511083
0.398855634,2.2665773,5.32063089,15.7214322,9.54943066,32.0847257,5.4231363,8.68796865,43.9032985,1.64140083
0.460314528,2.02510853,8.99783039,15.1739956,8.34984881,15.7088943,42.7208794,16.7444052,19.2609088,1.08380408
0.966611183,3.33662638,6.02911403,0.568027258,16.9283255,20.687089,48.8712681,54.0771278,13.0183395,0.563717563
0.37466329,3.8636474,0.724284989,8.99166738,4.61506479,22.16735,3.60931939,63.7791591,0.413191105,3.2063592
0.364061936,3.15583168,0.141897256,15.7638671,23.9275619,0.766826056,0.0619690093,16.3436912,0.529191495,4.85645722
0.754457843,0.69186315,0.323904277,13.9718951,15.0627444,13.7449552,48.2679905,58.9266863,56.7201029,0.770163965
0.866674941,0.822962907,7.95953506,15.8325608,2.89002344,32.5784759,30.5503781,49.9004047,25.4416493,0.605930365
0.443946756,1.65252337,4.41046425,4.7513279,24.3249409,6.16653623,44.881755,28.286341,20.9253401,1.96069087
0.12495118,0.217937701,6.47759965,8.91954781,10.6875103,35.9793221,16.9674878,54.2922656,53.2932708,1.4517753
0.970362216,3.51107207,5.82345917,15.7837369,20.7278401,32.8448641,48.4970704,31.6892531,72.4905212,0.0826146462
0.151860845,1.30087961,8.73816133,0.493188173,1.58378186,26.8153373,1.86935283,12.0332434,3.44530479,10.2828838
0.720354393,3.98513222,4.7639319,6.05070957,22.3058689,28.4247721,20.6126351,8.5651854,24.1367963,0.986886349
0.827257399,2.86044463,7.85912128,7.5578413,0.998131966,0.869696953,1.35660017,20.0868645,80.9124539,2.16969965
0.976325127,0.385657124,3.91340206,0.975084693,6.63817204,25.5707447,48.3287321,48.3266299,2.11261083,2.13222231
0.896383485,2.0689146,0.557451542,0.156570271,11.682094,22.9738067,28.2680735,60.7491915,24.8833178,1.92651646
0.520728355,3.52582202,5.60422569,9.28221721,9.72598417,21.0468928,47.8126964,48.3110357,75.4024762,0.356543044
0.898710963,2.54060735,8.97236806,6.38228197,4.70790788,1.16304429,48.0272242,21.6260033,15.488151,1.55632852
0.688210541,3.0182663,0.00373664824,15.6477281,24.0092665,34.1878957,48.949668,47.111005,64.1172461,0.191731208
0.0574764689,0.0280496422,7.71825828,6.69673763,12.6082982,11.0408437,26.4883044,31.2578948,49.9142045,3.38948395
0.459913561,3.06887011,5.62486237,1.8877908,0.1562124,0.665007893,22.8498744,32.4417861,41.8908086,4.4820127
0.23070841,2.06496555,4.22116922,12.7841547,23.8884601,26.4227916,37.918395,0.607765913,49.0071575,1.04813519
0.513680082,1.684525,8.57636626,14.2003699,15.0272328,18.2893036,27.664853,2.85197082,77.2963019,0.755435976
0.55887141,3.80715928,6.58355456,6.75816629,0.782464806,1.27582931,31.1194631,62.4536986,75.066682,0.891385245
0.0712149786,3.64058242,7.35456977,4.00741857,13.5687283,35.448831,33.3509785,24.6796313,8.30671653,1.43975555
0.00533404015,2.59685137,2.88235771,10.2862091,0.493799441,34.9735813,39.4459948,62.4772808,9.69192643,1.78270015
0.0597930192,3.76509676,8.9577056,0.280914113,2.06796584,9.07470873,30.8014026,56.3901495,47.135867,1.89840719
0.473330398,1.05598632,8.91465138,9.8592215,12.3996175,0.534306513,21.8996933,38.0682614,6.66844414,2.87792875
0.653793345,1.21900064,8.42330975,1.00800282,21.099006,15.8299722,19.5216716,59.7355039,8.37111603,1.53291479
0.929078995,0.122690458,4.63168363,6.58974964,3.00336669,3.72087007,6.34713929,4.40162757,73.6019283,5.69926811
0.422429661,3.10128085,7.26126589,0.170414023,0.232011872,35.1698755,21.9102343,13.4643228,69.4486342,1.77218949
0.0554023427,0.588696484,4.99905714,7.3836872,2.54812078,1.82290376,2.10092421,39.4882317,79.3683595,6.84456689
0.788508256,1.83302546,8.23261146,15.1126529,22.433981,33.0033357,47.7245307,32.8972517,10.2642224,0.266654916
0.12048648,0.0650935751,4.56236167,15.3113223,14.6783883,35.5269095,6.49033193,11.766545,0.406730632,4.43907301
0.973139029,2.19060921,3.53031331,10.6236603,12.2786027,23.7253266,21.1837368,1.39043444,11.4307584,2.11198911
0.129174462,0.140739005,3.15103304,6.06626746,5.87051922,22.7758113,6.88820672,41.9139956,0.662898826,10.2004452
0.98339415,3.6218949,2.67197834,12.337759,1.11763288,13.0402805,48.9933716,46.4931445,43.3852189,0.640020247
0.100915356,0.33756127,3.13261034,15.6125478,0.142963673,4.01825236,47.3223928,37.1674621,42.4427098,3.70723851
0.0631193309,3.38638033,6.51208399,15.2809711,17.6268554,6.56488259,43.5305645,62.9529218,2.22410283,0.808006772
0.969788949,0.971431477,6.40989329,1.91391563,11.2188722,8.043201,2.82993551,42.7444097,6.69937276,4.32514557
0.513749449,2.34794539,4.31586298,10.1495025,10.4497822,6.46406331,40.1692298,2.93225184,2.98271334,3.64915256
0.797356196,0.662321393,8.18020808,1.34617806,1.89777769,30.1674202,48.7700876,8.96354968,73.8864707,1.23067368
0.994499655,2.22277317,4.83440543,15.7368615,14.7358286,21.703562,26.90555,38.6334003,39.9405872,0.490067309
0.0689788685,1.31136863,0.388197481,14.9956782,0.568785274,13.786709,23.4363502,42.7591113,76.4237608,3.16599463
0.950300959,2.83289729,1.13583685,1.79556998,3.35100828,29.3703914,43.7842191,63.1774796,80.8734966,0.582599591
0.650530187,1.84339716,4.44622325,1.19836844,20.2786561,33.6579811,29.5191508,4.39805159,78.5359584,1.0731573
0.00754723978,3.38583569,3.91614021,2.7883175,23.8314767,15.3047988,10.5542233,6.31026456,10.9052185,5.33570234
0.859381834,2.52196608,6.03894668,6.35890973,15.9309641,2.4686318,24.9011435,5.90185797,71.5419642,1.4364758
0.895576409,3.810794,0.0330455066,11.370363,21.392157,18.6955762,11.6356272,1.28906527,42.1706631,1.47877909
0.65984416,0.00321451202,4.55918299,0.335138194,1.0431775,11.0653411,47.8948882,60.5864268,45.6581937,2.76100594
0.707497764,3.65966319,8.90845241,0.63923961,12.0314336,17.7192799,21.6923028,29.431947,8.52251684,1.59368796
0.924607289,3.49879282,0.474561942,3.48899505,24.2808683,19.5180893,11.6050262,33.5341354,30.646416,1.46962726
0.725385346,2.20603123,1.72557046,6.51157958,0.184276514,31.8749301,8.09896636,60.5094355,27.9487977,2.30768991
0.682951354,1.45364513,7.68101469,13.891464,2.8681212,6.49873645,0.358582449,63.6019171,37.2353145,1.7598469
0.0190955703,3.75700171,8.83752101,9.27221857,22.1522738,19.102922,20.1590993,36.5484367,77.9320298,0.503219754
0.00296817022,3.54414727,5.58710992,9.87819832,10.7485716,1.78873904,4.54211976,60.6130501,44.9708923,2.35475418
0.841643772,2.02750497,0.621222721,1.58271257,13.5158571,15.8539864,29.8752463,13.4077247,80.5308045,2.13400708
0.878267168,0.145171024,8.7511498,4.57729448,4.04421798,30.4870674,11.0815159,61.4372697,0.241885532,2.02174228
0.570728344,0.925091042,0.0115595162,9.38806884,14.4889697,23.2027531,22.6905433,54.8075612,79.331694,1.23569348
0.953299643,0.428429863,1.39657979,0.562613033,24.7456968,1.33432363,46.2468625,43.1256531,16.2649116,2.59001092
0.260277194,1.91520443,1.89188702,15.9025579,16.0781761,1.30339979,24.8270506,43.4140276,75.3834573,1.44899355
0.640662993,2.49170262,4.60339387,9.31707568,0.142156077,20.4727404,45.3898785,46.613138,3.80961456,1.59367344
0.540429554,3.99806976,8.00643576,9.18379728,0.126429671,35.861001,5.23197038,36.2138161,7.09709639,1.41414526
0.942604726,1.43049856,5.37576788,15.1656498,14.1817693,4.31618513,2.89037626,25.539649,77.0526498,1.20349998
0.463802875,0.539665032,4.83795009,9.6484244,1.67011356,28.2218898,34.4383036,21.6412771,16.3828406,3.2804488
0.28378064,2.00487421,8.8219021,6.59320772,18.8158598,18.9430243,37.3064327,6.80997458,29.4167146,1.51797347
0.868672872,3.13983216,7.1081115,0.0533640236,1.38928827,35.6659574,2.37547402,50.405648,80.6522221,0.846586268
0.44136119,3.83008303,0.462243512,3.42524219,0.0711957575,31.085419,28.0905107,2.89172331,31.8856621,4.25686434
0.460701371,0.0317579117,3.94924869,0.0403901115,10.6821944,15.3227335,28.8309388,0.769031763,77.3510108,5.20452826
0.999500907,2.44700885,6.47489404,8.0785379,24.9788843,28.9552428,3.763585,58.2178321,44.4295979,0.380178439
0.970096392,1.64024658,8.15468516,6.74388086,0.633867702,4.91683991,23.5858159,59.8300602,75.7128284,0.932043137
0.457943097,2.59852311,3.10034846,11.6561772,2.14148188,24.3158612,6.36845088,24.2336817,80.3534764,1.89503289
0.944780366,3.6944144,0.0514658159,1.75283136,5.99467623,3.63371527,21.577113,60.7838812,33.7809135,2.50866892
0.0600009067,1.7409574,0.609752849,10.8731403,13.859097,6.97353639,32.9744733,15.6374912,44.6957507,4.58554395
0.236935661,0.710636847,8.26534891,1.27845435,23.4097567,32.8056342,33.0668968,60.518911,67.5049167,0.588993456
0.939188931,3.7934606,1.55754289,9.9971294,8.99035962,1.40286923,46.3092184,3.96339676,66.836821,1.232072
0.215724575,2.73172595,0.265774903,5.11785762,24.7391585,23.092087,39.0728556,63.3260843,1.89601789,1.51480145
0.0270746886,0.177164696,3.61586182,6.73702291,20.5375671,35.843127,37.3419623,18.7561322,43.4277538,2.14998291
0.873562165,3.83722939,0.70729058,13.2138245,7.41937843,32.3903207,38.2742345,3.99547625,20.21114,1.11345911
0.0310088089,0.660203925,0.106565853,0.0929673613,16.4100635,5.66864617,23.0519076,51.4766967,21.3154504,10.1937489
0.50803763,2.35377444,8.74566274,0.628758125,11.7778311,0.0109664965,5.87170739,63.7205845,50.451464,2.12176831
0.566873814,1.79275264,6.28576026,4.92915243,19.1639289,18.9414789,1.95383052,10.4875576,10.605933,3.87044685
0.177004705,3.67229429,0.562889579,2.64026074,10.7223384,14.8917822,19.3049632,38.5527088,24.5242444,4.56666818
0.331314497,1.61099425,8.95582201,8.00092927,11.9034998,17.4548614,48.8043976,58.1362615,10.3115117,0.930906475
0.013104667,1.00055051,0.56805027,12.837141,15.357434,17.8471093,5.94261836,20.3581318,19.1372066,7.46685431
0.00514282938,0.0205713175,0.0462854645,0.0822852701,0.128570735,0.185141858,0.25199864,0.329141081,0.41656918,95.9678708
0.415710194,3.36490639,4.45863784,4.13533797,22.8520523,35.1988908,48.6702384,57.0732588,78.7976665,0.212101905
0.995124199,0.20967897,0.167523956,13.4669091,3.65922189,0.780981297,29.8800085,53.9464799,68.9599542,2.00491215
0.0351636522,3.98200796,3.61764854,12.1227538,4.87959935,16.4537461,30.0945091,26.6638885,15.1545473,2.67452914
0.0927635436,0.307511684,0.784952752,13.6904858,24.9920487,23.5612882,41.60929,63.133842,43.6423494,1.00271879
0.490982218,3.75254786,2.41173794,12.5859497,18.8389058,0.70519533,11.1854998,40.0919058,41.3367505,1.61047373
0.980043609,2.37175605,4.73370606,14.9293959,9.93339058,0.713434155,3.65844165,54.1110918,6.48022964,1.88300989
0.973630369,3.22245809,8.66938629,9.55634509,8.58106522,31.6268406,16.7549864,61.4621305,43.0648823,0.306248426
0.737896509,3.30649904,0.741120813,0.0311132521,17.0631677,8.15027238,2.2157971,1.1779666,27.9507792,7.1276327
0.598314958,3.51802584,7.78549832,15.769429,19.9885478,32.4329081,32.5125055,50.521725,38.769198,0.172091434
0.487482656,0.484030247,6.96681148,2.13424499,22.2742099,18.2109498,48.2289428,33.7526717,62.2096931,0.956469937
0.0655248841,1.10690589,8.47624172,14.5682161,0.0118929078,35.8331058,4.09652454,6.9067002,61.9019879,2.47582845
0.411620097,0.395878485,3.44180617,6.10888981,0.173588959,25.2138644,18.263723,29.2478394,61.3035568,4.15904335
0.746328961,2.20338917,0.81396049,0.415926621,22.6229871,35.342579,3.70829297,60.4473862,4.07521496,2.02168531
0.113047758,3.97465494,4.55772132,4.66186895,0.0492443098,3.81472529,46.3974215,20.1966329,66.8366085,2.58084703
0.579850263,2.17349658,4.40332401,15.4072568,9.00700143,8.16911904,41.355633,62.8551884,29.300385,0.826744858
0.913013225,0.0531159006,1.61761927,13.0260096,0.22366615,13.1860611,2.89737534,51.1834241,20.0082701,4.83188652
0.49773616,1.80659201,7.63183252,0.371799961,13.8155358,32.7037446,5.22112584,54.1544465,37.6940572,1.50056929
0.0369443782,3.69665659,3.84159121,15.3307471,24.7917449,35.7944987,2.91193177,50.726192,14.0595732,0.821249029
0.404117546,0.0143981166,4.47557877,14.3152241,6.20487633,14.913325,22.122983,11.7230781,47.8074023,3.74045912
0.899803048,3.9593391,1.3773916,3.23673622,24.7276984,33.7358287,46.3762841,4.18935669,13.3116315,0.829063485
0.552872748,0.529096222,1.17044945,11.9890341,18.2751723,1.18246516,2.30281478,55.3900902,77.5149496,2.36321479
0.566376313,0.346763613,0.12609316,7.55155053,10.7965861,11.8397507,25.4398601,55.8092759,3.1633136,5.14984784
0.647213955,2.89975194,0.294504182,15.5231792,3.23865693,10.2341641,45.7268045,18.8120843,18.6062905,2.26322068
0.145533648,3.93611378,5.09475913,2.87404504,0.11711698,26.4745268,45.4229327,4.21949896,6.47884842,3.73630174
0.127552975,3.13137391,2.25307149,7.77328946,8.86869379,8.83649655,20.4132653,47.9988881,77.5989606,2.02056138
0.750250545,1.84362234,3.96167301,3.26812492,24.0241923,35.4237362,47.2767364,58.9178563,30.8944018,0.42131655
0.0139289866,0.417912936,8.69111078,2.66464238,1.00699916,35.4741892,25.4498813,19.795117,31.0475777,4.46971938
0.288953481,1.76464599,5.41148595,10.3898984,23.4729541,14.3126655,1.31939863,35.4386665,42.6104541,1.92673638
0.396276725,0.891680064,5.5503838,0.53432414,6.85283492,0.858946089,0.41775158,18.4826887,58.9130008,9.95642808
0.106610382,3.2027315,0.693686227,6.72785791,4.85597254,20.635948,5.95922415,0.888623268,29.2248789,9.29794943
0.606509008,2.38757611,8.98113746,12.4041159,18.7123591,34.0123322,1.72440671,30.1761132,42.9491011,0.593207541
0.890454186,3.45402149,8.4131224,0.619089373,7.86732455,1.61823785,24.123801,29.6790206,80.1136603,1.1080491
0.618116214,2.71685011,4.7247132,2.23060463,2.76889979,17.1342949,16.4607289,1.92155442,50.0745693,4.29586538
0.0478352313,3.86693086,7.89077594,9.37106009,17.8234016,11.3908892,47.19515,59.9330176,78.7560022,0.311489511
0.523170667,3.71760193,3.90534762,0.315607406,13.1463726,1.56108347,39.6489246,37.1930683,20.1210777,2.5482241
0.678116143,0.392034706,2.08643005,4.67523407,1.02981748,11.7250623,47.8059289,27.751771,70.8939386,2.94976176
0.45046301,3.72725026,8.76406139,6.36407966,1.69812223,22.0901219,0.922985882,37.3860918,75.9946439,1.16593914
0.843776346,1.39619639,4.21357306,9.8176931,21.824997,18.3244833,48.4429532,59.7085096,1.16464746,0.660172813
0.253586092,0.0857717935,3.52470154,2.94902083,19.0516162,0.738405202,35.9009781,2.2710973,33.3269182,8.17292044
0.349398423,1.35719146,5.21291479,13.2601852,24.8944676,1.89560375,48.1999073,36.3656459,77.722894,0.62183402
0.639653514,2.62643728,5.69555934,2.25039919,22.5924328,15.8664829,21.7478936,33.7610156,77.6965334,0.831131411
0.0352584189,2.3529856,5.91503368,15.9486724,2.08829288,33.0312331,48.910981,29.8540203,76.5954669,0.603266166
0.68692246,0.423121877,7.67112817,6.49085391,5.90881801,13.6861883,26.9038591,1.51562312,1.36412978,5.49839955
0.897977522,1.23282182,0.0819137372,15.5096539,23.0519973,14.2818853,32.185347,36.7362449,22.8674457,1.12399394
0.297307351,3.37858034,8.54938272,7.95635942,16.4574549,0.639590426,29.3949435,29.7986924,33.6959857,1.43781723
0.617237711,3.65681369,0.152237733,4.72813858,15.3518227,26.0400054,3.22733039,62.3566907,36.5774017,1.53742291
0.0089632147,2.57899808,2.74653028,15.8833604,11.9339912,35.4100748,28.7567575,36.3407627,34.4238113,1.14932226
0.0242003151,2.93878575,0.387222716,1.87056506,22.7920692,23.4822759,47.1090434,25.7213372,53.8061569,1.78179625
0.887429958,0.141195672,2.42022204,10.083177,18.6817162,12.3895883,10.6300221,6.24495521,79.6866545,2.33407436
0.886294494,3.80626482,8.75898839,14.7874678,7.76844899,20.6240043,26.7318452,1.46501124,58.7805688,0.488207069
0.398900465,1.28044949,1.15793205,5.98037116,0.153197313,35.6936314,47.4526591,16.7735249,71.6771507,2.0890389
0.942244437,1.209044,0.905669353,4.59522604,24.9437472,6.56402939,24.0127344,23.5463589,40.0613804,2.43419276
0.00304012932,0.381813942,2.58056589,1.01490425,2.33697812,3.73146248,3.6612206,51.1146975,16.0994449,21.6912926
0.805828646,2.24819547,3.19786077,13.2373905,1.28463614,22.8665974,25.7287564,61.6607929,56.8841942,0.769526718
0.323294592,2.44884714,3.99139025,11.1927582,7.3243337,0.110200066,21.9581415,41.1224864,12.1872817,3.98751923
0.809955585,3.69408141,5.45903334,7.06362664,22.4577908,33.2496691,47.8965633,33.3575897,1.27855013,0.401346255
0.643665978,0.37634127,2.62739833,8.32652627,12.3860525,32.2324227,3.16872318,55.8112788,45.7695122,1.89443572
0.142931095,0.971649642,5.65993523,9.83350054,11.9430576,2.83586097,46.7069433,30.818513,18.6645905,3.22866406
0.877973539,0.405064201,8.80656543,12.3471411,22.4995635,0.236570969,21.8434944,20.3890347,28.4843698,1.43090409
0.878555887,3.55516159,8.10195044,15.0774872,23.9478441,23.6388974,4.01316577,33.0149138,2.09581177,0.519222069
0.058529059,2.79157605,4.54192946,12.8150752,10.8883582,0.917327503,12.9623317,5.10644195,80.9617868,3.18285631
0.40738974,3.99745307,2.68583544,10.3756084,23.2042222,26.442407,45.6440279,57.6994441,33.610815,0.348263445
0.880473241,0.455056323,0.296144613,0.537788928,22.8414213,29.9054361,33.5717538,7.13863448,54.4593945,2.20599228
0.925933533,0.65957761,3.42201588,6.79275713,9.17036146,1.82171281,23.8564954,49.7869162,41.3870786,2.60717332
0.807167905,0.283937039,0.292082034,7.15155305,6.48755747,16.3848845,22.8048612,4.31220266,34.4125688,6.73514517
0.944618118,0.786866177,1.93464196,13.3820288,24.6217971,26.7039243,1.16479135,33.499702,27.2000352,1.36686119
0.385640287,1.82521579,0.903847433,14.1578816,24.2430943,5.30756171,43.8136009,4.16597614,1.97559742,3.01271881
0.205038721,0.343155759,7.69237885,1.44243882,4.79567822,1.38789273,46.7039013,28.0411756,70.9225772,3.58956669
0.79102048,2.72482186,0.182299169,6.93712199,0.327024318,30.6687053,1.26628779,21.549572,9.69041074,5.41836122
0.680609774,0.0338660181,2.66887293,15.5508295,4.36117479,33.5012378,20.8304924,54.9681737,12.7765024,1.79162181
0.217088292,2.41172509,4.19321595,9.56542256,21.9640552,35.8203557,6.42279235,1.1376498,61.3578426,1.5505067
0.15154298,3.93147924,0.83592176,0.599136502,8.88622852,1.21348066,25.8195615,7.01375196,71.0384467,5.95595034
0.426523858,2.34595347,0.990118968,15.874653,8.2707649,9.71381684,0.162895038,55.8718713,38.6531379,2.65306922
0.243911024,1.65034141,2.89828189,6.08650894,12.4308669,0.835343371,48.4773738,47.3095246,74.9006389,1.7462621
0.370476224,2.37556696,4.84642692,6.92851692,24.3498079,31.99965,19.2157169,63.4173875,0.0391880796,0.965458352
0.0307344585,2.21617516,7.32568372,4.91792108,24.2182031,14.8884094,40.1482714,54.8544391,23.487523,1.08531649
0.993272153,3.70031478,7.17873331,14.1702427,23.8581947,13.9368955,29.1316635,10.2761895,50.5200907,0.329226217
0.655764651,1.74594794,0.330712327,9.39037686,0.0996994088,0.933067577,30.0353303,7.57023967,1.28850418,10.8749224
0.566234947,2.84298428,4.58289245,4.75278873,12.6878465,28.2749005,22.1223713,62.2937798,75.3767318,0.579549013
0.996000638,3.13090691,2.59302578,5.30539739,24.7091753,17.4377661,0.726830281,19.3783327,75.4785996,1.0217503
0.523128492,0.882233574,8.32425839,1.44142298,3.11891162,28.1485358,22.3781435,45.0052179,64.1630877,1.6170701
0.995189762,0.61733361,7.93345851,4.68832433,19.7923259,35.4558734,47.4533226,31.3378346,49.3426837,0.382450874
0.0969665414,2.86664641,8.3839225,8.1518484,0.181392953,34.0867571,38.2843428,33.8927046,43.8995679,1.07857237
0.578808422,0.132563196,8.97668611,7.40166971,24.7855678,30.2940974,6.66260805,17.5718549,43.2397777,1.30965733
0.453949247,2.09999295,5.8085585,2.56475577,2.89094665,18.9220402,47.2698209,35.1078308,52.2860152,1.66582378
0.122811716,0.386019143,8.60338892,5.61332695,11.2283185,20.6635936,1.38485621,0.363568723,38.6009723,6.55787817
0.441120916,3.67692646,4.73170805,3.23047733,10.3631827,34.5775588,44.9583933,46.6486877,31.0000648,0.724955545
0.762517207,2.50680507,8.71400121,14.6104259,8.48013704,0.9551351,44.8562691,44.8193989,80.540992,0.354403762
0.368731942,1.11101019,1.68354538,14.839504,24.2857838,30.4813751,27.8644745,32.9450622,55.2584417,0.831108297
0.0697962921,0.265128242,0.0233164807,8.67571743,7.47325904,4.4131108,15.1806869,62.4379193,63.4191715,5.93819543
0.889286296,0.939133747,0.0469926163,12.0976034,19.4056451,0.975874795,29.3015662,27.9806705,79.8982855,1.48621591
0.844855505,1.94585679,0.0337668196,0.922556058,2.18697944,9.4512669,21.0194021,41.9140562,1.95232447,7.90339765
0.461175184,3.88526863,8.34721029,15.2238362,17.2105169,10.3068645,42.8372924,12.2420517,71.0817579,0.360367669
0.97042633,3.82130406,1.47902341,15.9049493,3.88068053,32.5406144,46.4219797,47.2984857,2.08634026,0.515610184
0.799371549,0.150516378,3.889715,13.2267453,21.7304437,33.9372821,48.8640505,23.6358509,80.6789975,0.346229889
0.00866193045,2.32426052,8.65465234,1.31894192,11.6513695,35.3774089,16.4855977,35.839987,74.2427671,1.25547269
0.442136761,3.97013767,4.73361783,12.2932243,6.59549083,0.59669156,28.0321563,1.89464375,44.6481927,2.4401733
0.412500604,3.59062238,8.07820305,9.52657835,1.87860776,34.2153668,40.3846813,60.5236517,6.3457358,0.610064358
0.710368943,0.683286568,8.99405155,14.2655333,1.2793067,1.88317967,8.98432937,39.9984392,78.1755387,1.57124564
0.175637508,3.75838063,6.98227148,0.0652167425,12.6527984,8.0387875,48.8660545,3.62931258,7.41210008,3.47212642
0.912474994,3.8688681,0.148832325,14.9775745,0.146592967,19.8547216,19.4710273,35.9908599,43.5141505,1.26573338
0.0546838832,0.288102072,4.79592418,1.95155484,24.6595695,4.87359821,14.3802319,26.8504713,15.0250543,8.25594818
0.69834431,0.291250751,6.86557042,1.14134692,22.8400555,32.849482,7.13840443,30.254077,0.345093745,2.68983139
0.210507581,0.0036627613,3.51006573,13.6438139,24.3430995,13.6410562,23.4545562,58.4173534,76.5176748,1.00105887
0.167257545,0.390243873,6.36474728,12.9910886,8.16473933,35.6745205,2.26822088,63.9848336,1.38938146,2.43477053
0.719513513,3.45442182,5.55179368,10.6603515,0.824010687,34.7725644,46.9447461,3.06541285,0.498378181,1.27665857
0.140521648,2.989379,5.6087575,0.688673593,10.2141948,28.7602456,1.9708957,1.10241976,40.9669889,5.17417991
0.666500673,3.5072137,3.91655881,15.2959826,11.842249,11.0568755,1.23329837,1.3657319,52.9739613,1.94099387
0.63112286,1.12762902,0.136966333,12.4322779,8.27333997,0.0359152816,37.6049663,32.2209001,41.3448547,3.32415234
0.818356606,0.477883142,8.50941613,13.7901545,17.3862426,15.2346847,23.6092791,62.8958182,2.55155043,0.819560915
0.71851006,3.99428065,8.7186064,8.2092674,8.05821796,13.6358036,1.29344449,41.6935101,8.63767747,1.5215026
0.881093035,2.12258365,5.09263141,3.29988405,8.04866747,34.4940365,45.2868852,25.7045384,20.4736007,1.09758712
0.192834049,3.84742074,8.1009494,1.16735784,5.9112813,1.30292999,14.0796846,21.237214,7.41194151,6.26364208
0.549683361,2.11300034,2.69246198,0.37072938,10.7010652,4.03636576,20.687901,60.8036489,49.2680668,3.03199623
0.0571273333,0.556361262,6.21839402,8.08577899,15.1367651,5.20078478,2.16377789,11.2523382,78.5304238,5.14115906
0.145629275,2.36491263,6.94479657,0.348445125,0.495652075,7.81116383,35.7026448,0.459624291,56.8334645,5.76163353
0.336985705,2.87498325,8.64764647,15.9896104,2.15907147,18.020448,2.27157591,9.63434929,5.70611404,3.17340578
0.862596462,2.63494405,3.38535076,15.2713626,15.2988407,3.76685201,29.2391079,0.896445811,33.6210105,1.65126107
0.637505165,2.19721022,1.15236867,15.7514186,22.0203136,29.3907208,18.8427802,4.71056691,3.16160929,1.80888516
0.00252457801,1.72233071,7.22736265,11.1716344,2.59304153,8.99847725,1.91520805,58.6470832,22.1822082,4.35485651
0.994261621,2.22025855,8.74239886,15.1070631,0.638686004,13.5297732,25.7220584,42.626731,14.5134132,0.918529254
0.245218333,1.53812029,7.17218234,10.4331232,8.59624665,3.0490503,23.6675536,62.1367857,56.8987161,1.55061306
0.755871908,3.75664177,4.22607177,15.2681168,5.06048349,2.2263686,19.8409912,29.4390343,78.2781817,0.937343084
0.982026736,3.69339288,6.42187677,7.9694327,9.77405595,32.484111,27.8404023,16.5111143,78.8454717,0.36721031
0.778603338,3.94521162,7.13614461,5.65757355,23.1852964,0.398354575,47.8367206,63.691617,1.27400063,0.524669915
0.499489739,3.69619394,4.34601666,15.1146201,24.0929096,6.52585767,32.7889653,39.3664414,80.7226999,0.344019344
0.478245342,3.47784575,0.345369259,15.3264518,11.9926327,14.6564924,26.7706191,20.6298769,48.524586,1.50216964
0.324657957,2.10514804,2.75188068,15.7486607,24.5954838,1.86571482,1.4549798,3.71648562,79.7012622,2.25786338
0.0690184348,3.9713324,4.91324402,3.36393851,15.1790171,19.7853328,0.119402512,61.1239441,58.382053,1.56560129
0.0634036186,2.49846798,8.44055689,4.33722764,24.664097,6.44758888,6.2969766,55.2302206,78.8697258,1.11254312
0.649402879,2.05678174,0.74422355,12.7381512,15.7919049,20.9462749,0.0582521456,62.7510994,2.18666459,2.22502959
0.151490303,0.390078452,0.109208592,15.0556486,0.448135811,9.81874015,48.4088467,15.0032145,79.7677348,3.69742558
0.71686117,1.14274477,4.75035528,0.393336341,4.38106664,10.9254101,31.8058487,25.9901696,21.2383458,5.05388586
0.00793664717,1.56491564,3.45879234,1.64054642,7.28698809,32.26861,46.9969992,62.1266421,3.13102194,2.71839216
0.906825583,0.0703197904,4.1956148,1.24068968,6.67415803,32.5065531,2.22893799,33.6466675,75.3567154,2.49047981
0.294726892,1.89946717,0.775465083,2.20736992,17.6036298,20.4570104,28.5481257,0.455660284,53.5136491,4.35815639
0.872772659,2.76029574,0.653444412,4.33820509,0.332631532,22.374943,48.5456961,11.1218709,57.3136901,1.94504381
0.0125673702,0.879164109,0.250170645,2.87649734,14.5169834,17.1938278,6.34853149,34.9632865,55.6315563,7.83196071
0.183019547,0.0380974561,0.683876094,1.60979275,24.6667262,34.0806668,45.9601312,20.7993564,8.58561363,3.79313327
0.484914545,3.83504441,8.08064757,2.56651382,24.0590902,16.0264103,5.27857431,35.2632817,37.9388295,1.10362643
0.0393174752,3.2352217,5.33508684,15.6523653,20.7881591,16.6902279,0.897825566,61.0668162,58.1934768,0.785855423
0.241686872,0.125052273,3.94550524,0.189552091,2.81561869,31.8288642,32.2860859,8.15664551,0.937946595,10.6360174
0.468928286,1.11078614,2.21099194,14.4739551,24.631278,4.1611123,32.4140205,0.578503877,74.5638716,1.65949864
0.959958791,0.109586747,4.10504353,15.0517502,23.0721822,34.7985326,3.99700874,62.3358802,79.9107327,0.331180775
0.998457639,0.310155483,1.76221031,13.2776356,8.15734527,0.722865606,23.4141615,3.67343745,55.0080994,3.82411078
0.906699672,3.60553794,5.12127024,11.0025412,12.0461286,13.3680319,0.696766231,63.4122942,53.6982732,0.664281981
0.258877354,3.80677683,1.1207294,14.3981399,8.65244021,31.0500718,3.47902353,19.5244467,24.522463,2.52937722
0.0426618331,0.0697177351,8.42844052,10.3109239,24.5273627,9.19507388,40.2980285,14.3212222,71.8639514,1.35620707
0.00681457809,2.13045554,5.77400204,10.0486391,11.683587,23.1084353,21.0585638,5.59250891,52.2669323,2.62617779
0.154820326,0.260866679,0.869130487,0.846391939,2.04581113,12.8846723,17.2690454,18.0838255,79.5512393,11.5403157
0.067519852,3.2246097,0.0341446591,12.2120624,0.207675318,22.1746683,24.0227929,52.3496486,41.1889347,2.62374195
0.916771226,0.695954131,2.0274402,2.11101013,12.1050268,34.8264579,5.82312384,21.2146087,12.5658483,4.40322548
0.814828453,3.28720924,0.282761756,0.669925399,17.8690443,0.0388633143,7.04473545,22.0327076,80.6416201,3.0636866
0.0482925908,2.61429386,5.48288129,15.6192351,0.75768953,13.6626182,26.7109074,53.8400009,72.0083774,1.17030708
0.0317120687,3.93895626,4.58521378,10.1119514,24.3247119,0.623682378,8.47935414,26.7821143,18.9776684,2.89065625
0.252091272,3.59205995,8.44123614,8.63256841,24.3394295,32.8210002,41.5834198,7.2304495,63.48978,0.350331819
0.830576422,1.99167227,4.58067932,2.62648003,23.8278933,0.579830608,34.3177259,62.7186146,40.1901833,0.996981937
0.934804442,1.0330475,5.46605405,8.83624373,23.0443395,8.94889065,43.5624685,59.3085355,79.172291,0.331068843
0.439013476,1.99797947,0.092233046,3.84142958,4.54206026,19.305698,3.90170741,18.2810096,61.9247943,6.6948166
0.219431309,3.928019,4.98436533,0.405390322,20.9299196,27.5880003,37.4582835,12.2387077,80.9503452,0.835415132
0.000777403824,0.263304306,3.0498216,5.95843783,24.1635296,23.6773654,2.01515765,12.7407788,68.6841458,4.46177851
0.165731373,1.78876557,8.51164085,0.262827031,2.08424587,7.0853175,42.1009046,39.058419,8.66795902,4.70172097
0.607372708,0.452411417,8.27704729,14.8155007,18.9370901,0.969437628,29.0436701,62.6466116,47.5889799,0.713254614
0.0511411885,2.11982073,8.61083659,4.1433016,6.98437851,16.4873402,14.5996262,42.9937514,45.5374765,2.66091981
0.85654687,3.93300097,4.38124268,11.6368149,18.6683365,12.5742802,21.6782331,40.5736132,0.908483191,0.917613262
0.596881223,3.13084125,0.110110133,9.99288464,22.5189909,2.42035519,47.5160101,63.4539765,49.3381532,0.683945765
0.142680476,0.1230419,8.92172736,13.2830147,24.4180276,27.0575527,5.83693613,4.42192823,19.4244897,2.46442631
0.76762875,2.14561777,3.14522484,8.52235195,4.9518312,0.614852228,2.47911219,21.4708347,35.8412455,5.63263169
0.578868956,0.202149989,3.45345324,2.11309476,16.8493058,16.2467042,46.7635175,56.7353376,18.7562329,2.07326192
0.342774428,0.0392537303,8.4092533,13.0137229,2.56320146,6.80685509,41.9405804,39.6215573,80.3846184,1.29766484
0.670419164,2.93957851,3.3660519,14.6387509,2.32155491,26.4576017,1.2408781,39.7560955,26.1938277,1.81180995
0.00287777325,1.46694023,6.4451602,15.6577754,12.8608273,2.77046355,20.6628685,23.2903459,21.3167232,3.68227644
0.371188684,2.27285292,8.63763804,4.94679587,7.49711998,5.89745065,14.2277334,7.20454362,79.4365526,2.68604329
0.945535006,2.42735046,1.07832701,11.4524611,2.36572892,15.5606485,32.4209118,23.8565867,78.0286465,1.23614664
0.997456389,0.998120532,7.67650437,7.12702035,12.2359058,34.3709118,21.6624753,14.6586106,39.5744145,0.995235676
0.859329493,3.00313655,3.86094078,1.47841872,24.6614994,15.5803056,41.0995225,8.71809113,36.649582,1.16418093
0.503512481,2.13707242,3.99639471,0.721490972,22.0293246,31.4765073,7.7006659,21.0179261,40.8601668,2.20935634
0.569520278,3.70926066,3.47370108,15.1004545,2.09149125,2.43847045,20.9240859,61.5346104,45.810962,1.21434864
0.902936744,2.63142515,5.31558213,8.86922915,14.2723676,0.983008415,45.4916413,40.5088676,0.679549008,1.28079472
0.399179205,0.0196262989,4.1832137,14.7070599,21.181152,23.9363838,47.3695217,47.7408495,15.7656795,0.943297651
0.923721799,3.96908032,0.74916687,0.440146722,8.66556002,24.5767356,45.1826761,42.1051395,16.5541272,1.32024554
0.979711793,0.064443579,6.98227157,0.0680968464,13.2870266,21.6799943,26.7647532,19.862686,10.3330642,3.10703099
0.0808863077,1.82469243,8.11272051,0.877505154,19.1080006,33.3581428,30.3615385,0.493749887,53.7312873,1.83989295
0.85451913,3.61204899,8.34141419,2.04143632,10.0316881,3.71825183,44.4518101,62.135813,36.2089499,0.63060658
0.930501775,3.77331978,4.91735693,14.2539643,22.4653262,35.621197,7.42857428,0.0626372397,36.3792364,0.542914035
0.853755757,0.292010008,8.57744347,14.3864074,0.546283112,9.18758319,15.9395718,17.4802284,38.2203047,2.52049704
0.984151905,2.56429591,4.77290373,2.12076166,18.1895031,15.8082927,13.5770408,59.1995838,29.6224178,1.11785547
0.537456112,0.099481877,8.98178963,15.8902727,18.4580172,34.4084307,46.9503779,62.6955001,34.5139291,0.246900454
0.121078088,3.83773168,1.70184181,1.52066314,9.03975458,8.86343037,48.55659,58.2636587,47.2227037,1.87041365
0.13803788,0.0105663817,3.57565038,5.25497848,0.661437679,24.1676316,45.4400872,60.7933327,72.827348,2.07762751
0.974053442,3.6647675,3.93158272,0.19686345,19.8187618,27.2580854,36.2621662,59.0723785,77.7918713,0.272614012
0.190583795,0.567397004,0.543263755,8.23808618,14.8661688,8.20555943,41.9731057,49.6153394,36.7153471,3.33360536
0.40084321,3.88730667,4.41705287,9.61344103,7.97410595,29.950107,26.4723397,0.80084315,25.0224423,1.83664842
0.581728567,0.448114008,7.767295,15.8704501,22.8990011,19.4565999,25.9633128,26.6419013,33.4562849,0.816238347
0.215014635,3.00386525,4.41714866,12.4756382,21.9546957,25.3006859,44.409543,30.2885571,4.78231632,0.902024128
0.0487311762,0.0995139312,1.19394553,10.0310112,23.7577585,31.1727604,17.1284206,3.08830139,1.3687643,6.5319145
0.310755452,3.46754627,6.86303513,5.38910491,22.9472935,0.232403755,24.5134958,8.25925672,77.6179549,1.38362338
0.0560712032,1.55485062,0.842333656,0.180892214,0.399133004,11.848904,38.8307617,60.8807535,69.3870532,4.44237296
0.514523359,2.37639601,0.197304729,7.28990658,14.7810696,0.628086347,11.2254116,20.2355368,3.37527752,8.40490119
0.0441279616,2.63460522,8.57223814,2.85591385,23.9750944,35.1517265,47.7305724,37.5257853,50.4652566,0.470161809
0.28214405,3.98017858,6.43819493,15.5415937,11.8208175,32.3705139,26.1702724,25.8204553,56.1844389,0.463743438
0.822306784,2.04049175,5.72573722,7.93867331,2.00372343,2.2747616,48.8887102,52.9661528,33.0699046,1.3186695
0.912893044,3.97357925,8.87946273,14.45338,9.30872297,2.45798928,26.4408043,12.5360674,7.1954962,1.07902446
0.903698596,1.84922044,8.65780818,15.6125414,24.9745011,30.8729711,19.0894547,43.7105926,65.7228055,0.157328902
0.211256411,2.34603169,3.94792305,8.43144834,17.7380052,32.6220471,47.2927322,26.0576178,78.9525883,0.582529123
0.446302966,0.0557953492,3.94297676,4.64079569,21.6455,30.1231343,15.6779316,33.9545161,62.7137081,1.77319064
0.506580692,0.40673185,8.86994626,2.10998961,10.3051905,35.0454263,16.9857306,6.75894031,77.8483799,1.75879084
0.888911257,3.72598429,5.8904189,0.480835676,2.19564616,3.20403632,41.1578038,8.10882405,36.7104388,2.57708443
0.0966598508,2.24845226,3.90856148,0.342779003,1.69798049,18.6595425,20.3216728,21.3602968,33.5501336,7.81444224
0.620341132,0.293636764,7.0944433,7.65964166,24.3708234,0.616573585,41.8572309,1.93162862,21.3664607,2.57881268
0.870037814,2.9021334,0.351157809,12.2832018,18.3941057,35.6166437,1.26675274,31.7561593,37.6766392,1.02743356
0.964467419,3.21566435,3.75932197,5.19876918,24.5524325,3.93485161,1.4304355,40.9201743,1.73364253,2.16996207
0.96401943,1.09826148,5.58141386,15.6849706,2.03326191,33.1673866,27.5842956,26.4571644,72.8517681,0.587293052
0.0174010005,1.83446114,8.52379848,11.5219405,1.95908683,1.97612487,28.2167433,21.9483661,68.5820749,2.71931221
0.0518028904,2.60471577,3.28035899,14.2106169,9.12343925,18.2066738,48.410464,50.505629,20.3854845,1.30268458
0.955796942,0.316823112,1.90359741,13.7984902,11.2880299,25.801926,44.8764504,39.8394833,17.9667899,1.10287759
0.874578502,0.163530491,1.02817897,1.07378046,23.4814226,3.26837146,42.901135,5.71563,79.219732,2.65223525
0.985150967,1.72922642,6.9940113,14.840833,9.18669483,1.12329685,20.7571157,44.2047088,46.246433,0.944591101
0.941651164,1.32445751,0.354015611,1.6717705,2.26058688,26.9044331,31.0420112,26.2301998,24.0069781,4.06549036
0.0170097603,3.53216283,2.38653917,11.668941,12.3305941,22.0258413,0.429455402,19.4049856,75.4226984,2.26946297
0.84028897,2.9468805,0.496207771,10.2471276,24.1766055,16.1407074,22.9618,57.4343699,65.1223819,0.514370744
0.718244107,2.11481486,8.30996663,6.41630857,23.2783353,20.1325085,4.17815407,6.83821649,63.1603743,1.10669315
0.992025465,3.88797683,2.75969743,9.30617751,13.9459197,20.2648376,42.3654174,21.6423781,39.8023349,0.615655778
0.467308542,0.218691366,7.97801985,8.14156822,5.21430722,17.080366,7.77356632,21.3278661,72.7055139,2.8499924
0.361157716,3.91095949,7.86631892,14.6170769,8.1431764,17.8066459,11.294713,5.54047051,79.339395,0.912624443
0.0123847104,0.599308992,1.31901739,3.06723492,23.4645294,26.4177457,20.4865078,55.8201391,72.2386582,2.05066965
0.969065874,0.360568483,0.167595756,15.6122109,16.2938836,1.87465573,9.98895401,13.518406,4.87114818,5.61865501
0.856493547,0.348148178,7.48448003,13.6103317,20.0706661,3.86622065,48.4153378,29.4957282,69.2353832,0.523357894
0.489790332,3.62445758,0.581760905,6.49873519,12.8785227,35.0364332,7.25756204,22.0019942,75.3256554,1.39883187
0.616834234,0.53190136,8.24884708,4.218318,1.98541615,27.2006126,44.5036245,47.5649731,0.636648177,1.92618005
0.0925848405,0.293659205,7.94307217,3.93598644,12.6938685,30.0209925,31.0613716,3.22934899,4.64288901,4.93392186
0.333217064,1.51678356,1.3078538,5.50913019,24.9235963,22.8709353,26.963855,38.5455572,34.399278,1.94850653
0.395642657,2.26454595,0.503517428,4.65316911,21.5832425,35.3617235,0.661632883,60.1650521,73.4453353,1.12619384
0.519550195,0.320491986,5.64483843,6.75463501,8.04781545,13.8733693,45.8925927,10.1960065,45.9193284,2.77577771
0.0146353119,3.90274923,3.38909282,15.0810026,16.2671089,1.87128525,30.8851841,39.5618811,25.9907183,1.67065484
0.012731127,3.88820469,2.37657694,2.00657281,19.4830549,2.45343164,20.1792748,31.4407948,52.4448136,3.46505554
0.0817390131,3.15037412,0.760187698,9.73269237,14.6261104,30.2945169,16.2587307,47.6565081,3.70993794,2.5557138
0.0429556743,3.82406855,7.02026734,15.3478229,23.2172678,18.1729191,11.2311092,17.3086813,34.1806073,1.04763355
0.109898109,0.230043247,5.25793473,14.4159616,1.66658269,14.7676109,20.737608,63.9698255,6.14749834,3.94331492
0.314273984,0.0114177167,8.76952207,9.5243441,18.2051001,33.2881069,45.206352,49.8381684,78.5907527,0.366726988
0.726838669,3.9100181,8.26680265,12.7148037,2.66631077,18.2665447,46.0279332,37.1894612,24.3932787,0.516720995
0.513119086,3.96990896,5.0846189,3.89312673,12.1576826,13.2075319,4.06714611,1.99133328,76.3657696,2.3081314
0.771399175,3.62374874,0.776414886,14.5866614,9.40369136,32.8906798,18.5863314,7.14680875,66.3372377,0.88643393
0.0884084646,3.5242586,0.482235729,8.77494208,13.2055758,30.4021862,29.3237553,3.07586128,60.7506028,2.07727027
0.485437591,2.99835799,3.15631219,3.80267017,11.6836062,23.5724764,3.55268032,36.4383108,3.40508179,3.93877625
0.0194873293,2.09417432,1.77264425,5.03448085,10.1869406,17.1504947,44.0525321,1.18477479,10.7702682,6.98518811
0.211698143,0.0427515693,5.68265754,0.756132387,6.74535613,27.6486037,2.83512415,28.6452555,41.5251753,7.18806057
0.0154652237,3.69605912,8.24783363,5.93753184,0.152530754,19.5615121,24.9550092,36.361818,77.2982639,1.35954727
0.05553828,1.72748526,4.1506102,0.543225453,15.609658,2.19179838,13.0058965,1.44017935,16.5724899,14.6276581
0.0491918717,3.07114936,1.81647919,2.78363751,0.930673979,24.246087,27.2011099,62.7636406,25.9545028,3.50424635
0.389837488,3.99462863,3.87749583,0.128748074,6.0451307,0.7368431,0.166034325,60.7854944,68.0971321,3.13568566
0.419596551,0.636942834,2.47097327,6.48492171,0.123763946,7.34492082,2.83684182,2.35157564,44.2106193,15.3242519
0.311564582,1.86372404,8.12225256,13.6868463,4.41427502,22.6372458,22.0365157,33.5918633,43.5961221,1.30446649
0.826154149,0.691132769,8.70402105,4.41210788,16.0892665,17.7146816,14.5004215,41.2535361,45.7923909,1.26960075
0.925953987,2.03463938,0.414273486,10.1235106,2.8802266,11.4746121,2.45820887,10.6011629,78.1468003,3.60584182
0.940847667,3.3069508,8.82456659,6.20566549,16.593499,17.1897256,10.5045647,4.20496801,21.3856453,1.34346365
0.613285102,1.93085311,8.65830986,14.6024804,24.8246324,3.73991511,1.0252206,41.6426821,61.4555454,0.721107848
0.911530454,0.369339364,7.84504743,3.04389045,10.4168076,0.411443923,4.27118234,0.994661183,16.7954721,8.24040078
0.727760542,1.88569013,1.78636654,15.0441919,24.5843052,19.3204639,47.6884464,8.77551759,43.1882943,0.718655318
0.0563495634,0.268450851,8.67025909,3.63480923,3.4981432,26.3416695,44.154518,63.9791854,43.2452139,1.61278583
0.0310263997,1.84279963,8.84992992,12.0393872,15.594652,35.0144235,42.7608214,61.5517123,4.59254827,0.588622217
0.863507911,3.90981167,0.460586288,1.90886828,3.67050416,21.8352097,0.502709214,27.4726733,47.1063291,3.42303683
0.848693239,3.94903793,7.83124126,6.52761242,21.2218115,35.9790372,10.4504232,31.6892765,72.9887948,0.256940644
0.936513521,3.93097282,8.68556317,12.9068999,22.291535,5.51306565,40.9618773,59.1314794,38.9489066,0.169176044
0.924463422,1.82696569,4.07774046,15.2603206,0.324424601,3.75014363,39.014839,5.74664966,10.0500221,3.04741831
0.602037797,1.7969875,4.42987503,8.72836636,15.0833699,8.9258132,5.63843198,62.8588068,25.2703474,2.06086102
0.119319171,1.58921246,4.26098812,2.53753958,13.1683183,28.6917478,3.00225921,49.5940703,70.2917704,2.40933138
0.931552877,2.43679388,7.18808996,5.73854608,24.5998456,35.430413,4.01818592,15.2172054,14.6443747,0.979295435
0.861061176,3.42075495,1.41393849,7.22524505,16.7087971,35.6443063,46.0812458,55.5074041,61.9402658,0.261111324
0.0702113267,0.167073816,0.0216626516,7.26077326,24.7127773,32.6140967,12.4166214,57.6724567,26.5520535,2.96717883
0.477321055,1.33985482,6.61492167,15.9795343,12.5512877,35.2700379,10.2444314,53.7583758,36.7314565,0.699663088
0.518682212,1.96777151,0.755430725,11.5985638,14.1577553,35.1257151,40.6881331,1.89890283,54.2446076,1.26045965
0.795917992,3.97479206,0.742964882,7.1302555,22.194079,22.8753409,29.7463442,63.7487316,1.17984144,0.74783517
0.434072481,1.82473513,0.727496147,8.93819607,0.408283586,17.3120192,15.1185046,41.4119305,13.0552514,6.08351159
0.951709966,1.55760452,5.98307096,0.841951631,10.4391703,1.63380447,37.2288068,30.7672076,61.3306088,1.76770327
0.615864719,3.35333467,7.86549875,6.11102426,6.22624125,27.9889259,46.110803,0.348227382,36.2697839,1.01220486
0.98125405,3.74727567,1.03988037,14.7009865,11.6889425,8.72212618,1.05456257,45.7576305,31.0035419,1.39301441
0.0272310181,2.68688292,5.49278017,7.3888742,13.7635342,34.1550087,31.6206309,56.0894087,48.970053,0.79215473
0.435363172,0.595315444,3.29998742,8.69067954,0.392214523,24.4072712,39.4810423,63.8411853,23.7961074,2.18500642
0.226540166,1.8422838,7.34372197,15.8846594,21.0477652,35.6972153,31.4390504,38.0336427,80.2815178,0.260965931
0.081990561,0.06143629,1.25938168,13.2050627,2.32647011,1.41581608,48.4839973,0.709691078,30.0939611,10.1794588
0.223418236,3.96119324,8.49316856,8.32698091,24.3251788,11.9223925,4.96997989,44.9984769,1.77249031,1.3592776
0.0811855379,1.94134153,0.28594695,15.8407044,16.7473244,32.0845766,2.0131246,32.1111898,56.6587769,1.98362289
0.0728868395,0.0364487935,1.3384629,8.08173689,8.98732755,0.020420529,26.1439911,24.8925703,1.8092225,16.2724392
0.529872283,2.25381832,8.83031928,2.0908916,8.77364339,12.419164,1.21093382,22.4192161,40.2033483,3.4646014
0.0181980175,3.41632083,4.7345093,6.92942684,23.2452786,12.0913026,46.9883796,0.909326464,64.6100126,1.28755097
0.932662425,1.02948101,5.59661182,5.78631735,4.11831436,23.7737039,0.872123701,8.85947353,47.0453428,3.5807827
0.486486219,1.4955061,6.68462958,2.7900228,18.6143529,2.05772707,32.9646009,54.9179383,78.2027217,1.06493337
0.836536478,2.67435476,8.73085035,6.04782695,21.6055079,34.2317592,23.3785902,54.8121582,15.1144063,0.374906964
0.123100567,3.80493177,3.34861614,5.67378884,24.0141346,8.00727944,14.0815431,62.0350126,79.0468875,0.935489276
0.355524986,1.23374206,7.88140289,1.3127634,24.3976256,1.28684464,38.1082829,9.02720213,50.8607339,2.40134091
0.189503241,3.92388279,1.57047032,12.2571282,8.6767987,8.5763764,47.8542668,0.865190477,16.7775552,3.10736616
0.224155791,1.54553135,8.42700699,15.4782693,23.8627247,15.5714623,34.7990062,3.78517214,1.75680961,1.51070342
0.937858277,2.33624424,2.8282456,9.46463348,0.148386927,27.2722877,18.1555175,21.9204761,42.3258322,1.92183898
0.218695493,2.46060684,7.69327532,12.2281563,22.848442,19.821673,47.4447429,34.9970724,45.3031436,0.452914224
0.124347822,3.6553998,0.684885648,15.774373,24.8229267,34.4571634,34.7699476,5.89074716,78.19988,0.534549889
0.970269879,1.30341511,5.61984072,11.8452726,17.9626027,32.3477699,44.8742771,56.1319399,62.6650617,0.194435527
0.0379999927,2.66351207,3.70666831,15.9541672,21.3869761,1.30643416,45.241804,60.0808071,63.4403764,0.625700858
0.661750557,0.166460063,3.81214199,15.4140548,12.5303974,33.6807922,12.3514154,34.2708424,68.4039135,0.986227441
0.148882082,1.04459535,1.15660928,14.4570812,6.50518544,11.0183987,3.03227408,4.48069594,54.4934875,8.17377245
0.600445903,2.77717939,0.121362247,10.1960517,7.87739777,29.4111116,44.3087573,57.8393333,12.2438509,1.10348599
0.858677841,3.19390762,0.0121518276,11.0858063,23.6673712,3.61123432,46.2984921,24.499126,56.7134917,0.770737031
0.81527015,0.981643817,5.59716944,6.44759312,19.8399044,34.95312,12.3701179,60.8278984,79.0871363,0.436962091
0.679302707,0.162397299,3.17566108,5.93018104,7.11376336,15.8698358,0.449380311,8.7965957,5.54834174,11.9855422
0.605701206,0.0806815643,0.0338660823,3.88843695,13.9997837,27.8852897,27.3097578,15.8032151,5.86690711,6.41736592
0.983054929,0.81679404,8.67922047,15.3928083,4.577576,14.8605254,39.2686148,8.63242343,77.3811567,0.654897702
0.539533453,3.75499935,5.11683493,6.47931923,2.99721785,34.9062466,18.0836562,44.4219607,50.4902421,0.925888283
0.222289196,0.0580901392,0.722181735,10.1483014,3.90990537,19.8426316,36.8995972,35.9584409,1.91866763,6.93261764
0.374791373,0.474438001,4.22882464,1.52137937,2.8484765,35.0561017,16.1980978,60.643294,40.2998307,3.02983707
0.500622886,3.87538004,3.40278619,8.22668254,15.3960188,15.6792211,0.911495107,41.1405827,73.1195056,1.1652176
0.185797498,2.7942078,5.06359841,15.8196056,12.6730559,30.3129868,46.7811157,59.0529385,69.2767451,0.271370399
0.990707835,3.30634336,3.85396933,1.17778516,4.7424412,8.94133055,17.6163546,26.2151953,28.8398994,3.13891145
0.459582992,0.845362405,0.0133576146,15.113652,23.6699274,29.4757719,4.48953414,58.2533871,71.7322548,0.890542899
0.200514746,0.20537485,8.403986,15.6314477,21.4717362,0.676832076,48.3421877,23.7050758,14.1853293,1.68447745
0.57985738,2.65193819,7.03146973,14.0654825,22.7561561,18.3099364,9.66462094,61.7588432,36.5472847,0.477905134
0.718095592,0.130433844,0.453653758,2.77104536,20.2489634,35.0330232,27.2506683,62.6700404,59.9519902,1.10733983
0.545681117,1.05015765,4.4991504,14.6147017,20.7685787,10.8025674,14.6329263,5.99767754,3.7543179,3.4071599
0.818587987,0.0331677105,3.26184997,5.17782691,24.5887688,19.3493414,22.2969124,53.8217041,6.80976485,1.94412295
0.848583782,0.590466418,8.93043314,1.40410525,23.1203232,11.9121591,15.8668478,21.0426507,80.7848086,1.16027244
0.224101673,1.90724011,6.7152051,4.35922635,2.37067439,27.2511293,24.1328889,37.1770549,3.49590236,3.73770203
0.566746894,1.26019443,0.197613732,0.52264309,0.0975091593,19.9244738,47.1363771,49.7511615,9.83641719,5.03821716
0.902954053,3.79508104,8.83568976,2.55613013,1.37371079,18.6583549,42.1554763,21.0163433,7.1911967,1.31600817
0.620576548,0.120151985,7.63744539,8.079498,0.191924151,0.96364813,43.6019911,30.909027,0.0211378229,4.78703808
0.677323531,3.10632483,0.00300173974,9.68931516,0.499825645,0.820257739,46.3755231,51.4832515,79.7439484,1.32320285
0.355605066,2.61734495,3.86224572,8.46888948,0.9772975,0.63228439,9.26065219,25.8368281,80.4548813,4.00434042
0.238580272,3.27453801,7.11082289,1.06718016,0.151605252,33.1624433,12.5012975,60.4824897,21.7737428,2.13528282
0.180469924,0.632032974,5.80093602,14.8117753,21.1063004,12.3706984,19.5019271,10.3034106,62.5489097,1.9199864
0.071142559,2.77195463,0.543261546,8.17209423,6.85580997,0.861386748,7.250749,0.441955984,5.00456029,19.283634
0.386736531,3.52353675,0.184744132,15.9904562,24.3710901,7.0714499,18.8628225,60.6792439,76.0027724,0.580292743
0.0863982733,0.383116136,6.824003,7.14400455,8.25697236,35.9057066,47.9252345,22.7469427,45.3924234,1.63024943
0.933725292,0.483919297,2.77114188,15.2560284,12.6086632,19.8756563,8.37902184,0.287531287,41.1813291,2.68407124
0.335927952,3.76434171,7.4050209,7.44227286,16.0624422,16.5113409,24.6441063,59.4207087,35.2481002,0.698138488
0.122710976,1.61348616,4.18912716,15.3959236,11.3885705,11.0933523,2.68371587,32.9307372,74.5444679,2.34351109
0.984801896,2.2618895,8.04792001,0.696110882,5.52437024,33.2504939,17.7636073,58.708058,23.2004996,0.950865359
0.452072705,3.94383545,0.0955005046,5.47018938,2.30142693,7.3187085,40.1986333,8.39809427,33.8812943,4.60177625
0.672645712,0.625934329,0.176108513,13.9658308,5.81002177,34.6117944,44.1378353,17.7602017,80.6329513,1.05170451
0.383983415,2.43704141,7.54871717,12.9590214,16.0519072,13.5417544,5.80577527,24.3787221,6.55916467,2.27386755
0.465102036,3.87969197,4.46173828,0.773879513,22.8015367,0.614888689,3.3132075,27.5309442,71.6088832,2.17437422
0.0536502796,2.80099388,0.684376653,0.566047013,14.9252323,33.6656707,9.42850814,62.6106867,12.4166426,3.62663811
0.930066181,2.48920609,0.195051975,3.97962474,8.67644407,35.9934477,46.1078968,0.54966873,28.2010837,1.85254044
0.360653623,2.02177882,0.0824511387,15.566734,22.0278925,32.8168362,44.3259011,50.1817569,16.1852425,0.700248755
0.0837032218,3.20019465,3.76072846,15.2236172,11.4602877,18.8008579,19.0814069,59.0435174,30.8781931,1.22003596
0.00764563121,2.00049516,5.2248115,0.723483533,24.3558425,34.0486224,47.9077077,21.9991237,14.2655825,1.7172402
0.715594214,3.96780462,6.50741893,3.89320936,14.3277392,9.08943052,24.5799409,58.8625757,70.0016108,0.551061663
0.907681866,1.63645885,8.91883853,6.96755338,24.4838505,0.108347397,28.5761293,39.1900429,54.4864775,0.659406857
0.162068837,3.56376927,0.607824723,1.26242229,2.39276601,21.9143663,47.3048227,35.4679566,17.6502737,3.89674613
0.6743382,2.40853942,0.724614042,2.8234655,21.8509663,34.8347472,48.4496099,13.8364657,47.4348697,0.980309371
0.593205909,0.0468539689,7.81797426,10.1215085,0.303264894,31.6412193,2.68535902,5.00115824,28.4342097,4.49811354
0.0248448425,2.26907218,0.666424443,8.16998925,1.57698994,6.43660105,48.9370838,26.8629605,37.6866743,5.278932
0.0213046633,0.26990303,0.585520797,6.84094397,24.6021152,18.360537,40.2151807,51.6473152,5.60233888,3.46478408
0.392396039,0.000881714747,6.34270443,10.3705595,15.6137874,30.1319355,21.0147322,3.40189243,29.8763318,2.68050539
0.995911013,1.10560436,4.25795073,7.78296165,12.8693993,30.2303572,18.5297947,46.0539442,15.9981765,1.2715518
0.69691143,3.96160563,6.08827369,8.2061177,0.34406049,10.9794942,44.0441481,9.13862306,71.9353668,1.01751119
0.0718271179,0.793479007,0.00376300514,0.435248666,5.03800728,34.2552619,22.0329716,19.7929944,66.8973943,6.70010302
0.174097956,0.257402055,4.85176459,6.41339314,21.716291,15.4124122,22.3380008,59.7936058,29.2779857,2.30232802
0.438121384,2.02441792,0.88199533,1.23645195,20.3874917,3.7042313,17.7155131,26.9436176,52.3720891,4.55573347
0.945007722,2.97912573,4.87397336,13.991708,10.369947,18.2879857,46.516622,12.8862188,3.39154856,0.931542459
0.616654978,0.480857974,4.00493567,15.9178544,17.7783179,0.271107311,27.9035516,58.7642201,2.84321297,1.93690118
0.996252096,0.0359271225,8.61108175,11.4685328,24.4226485,30.8922997,20.2550718,31.3364162,19.170504,0.623601037
0.899916919,3.61465523,7.898444,14.4858288,11.4441993,25.4258703,17.1520925,10.7346767,2.1663645,0.870142201
0.0986245098,2.32854518,8.68247246,0.55924885,11.3990971,13.8589523,10.0874747,0.244514465,17.1550669,7.27936133
0.0955269607,2.08651548,0.14768335,12.647237,3.30043852,29.4771003,34.8782146,14.5675017,45.5645065,3.15469857
0.762955671,3.98385442,1.4428011,5.61437641,13.7880953,16.5843146,28.0047483,40.2344301,76.0223995,0.774421977
0.00807160745,2.63802553,2.91382968,6.64062923,14.1491059,5.79359736,39.4596986,43.3038814,0.422897148,3.97069372
0.936753188,0.0433070511,8.68861698,8.15222249,10.0052473,11.7957328,47.4778252,57.2190242,20.4276494,0.894209365
0.0541928276,3.27541215,4.16698829,9.90618496,20.7041254,34.8998588,18.9570619,17.4223032,21.0726751,1.5388005
0.289697381,3.77555253,8.35043553,15.5911105,12.1779397,35.4713065,8.50419741,60.1415562,59.6559693,0.287870561
0.124956766,0.593446898,4.63951864,0.692983479,23.3958208,19.5277814,37.3240481,9.50324116,51.8578565,3.20024727
0.753497205,0.110072767,4.48425431,1.53271338,0.490190916,19.6397528,1.80464865,63.6471499,27.3991492,5.24401606
0.221660531,1.79416217,5.58807769,6.79431612,0.111077353,24.3029934,6.00298768,1.58559284,31.7150557,7.33644682
0.461625199,2.13885033,8.2295242,2.86805951,17.9315341,0.423708324,39.8339981,3.92621577,4.94662084,3.5212058
0.67451423,2.24263585,8.95667896,1.60580416,19.9227089,22.9938629,46.0787814,1.40903533,2.09678517,1.42750438
0.928837397,3.88053242,0.243762944,3.42008876,14.7372272,19.5517952,47.667652,0.29658249,71.7127364,1.00818146
0.375618252,0.0638240204,1.55319777,8.16880814,20.5599146,0.698086437,44.5610756,28.7309095,0.501356213,5.38079035
0.874278872,0.019989986,8.9363124,1.07103299,1.33051572,17.2478879,18.0384372,11.773369,64.5641074,3.31783447
0.0450851112,2.98185497,0.0819091942,15.3739134,8.37793858,11.539792,23.5249397,3.4763822,75.3750493,3.1423192
0.761830108,0.314478014,3.22195077,13.0250651,0.419945375,11.5515564,47.6493368,46.2410922,27.8906441,1.98777644
0.814698689,2.56346848,0.483165517,4.55617374,24.3937331,15.0791787,43.2234877,42.0021534,12.8992052,1.26616738
0.949474508,3.2722184,0.392829271,9.38942846,0.193844515,11.4404481,4.91436062,40.0443005,0.706545919,4.59150355
0.191760487,3.67405218,4.03867697,0.0780594349,24.9139419,5.21511937,36.0847993,5.51402888,2.88990184,4.17821377
0.60484383,2.44097463,3.28642312,3.40145872,0.494840741,24.1752103,22.8122608,38.749561,80.8382891,1.71401799
0.980692158,1.97242789,5.83979352,7.83950489,22.7480469,2.05042236,12.8606055,12.0111308,19.080074,2.22384165
0.504253543,3.95717208,0.429975699,15.2916826,23.9204584,8.84791525,36.6296719,62.5569229,2.78928768,0.747577245
0.912095576,2.36141585,0.711541605,12.2306635,13.6893387,2.47012226,9.99704205,63.0670433,80.7428383,0.996037008
0.410595786,3.5335337,0.227000395,14.5700227,22.4563217,33.6931901,1.96759521,56.6500255,67.0506629,0.534660475
0.463554959,3.87278558,4.29148377,1.720264,0.745478936,6.14085592,45.4140516,1.26050839,1.72693481,5.86666088
0.942397952,3.52948931,0.285383678,15.0106295,18.2022739,0.89008496,26.7566166,33.2476589,11.9013466,1.42063378
0.0357465889,3.17167548,5.28691147,0.215135962,24.6720487,18.8964437,0.720344891,5.01104087,76.6511611,2.87355568
0.931069175,1.91851135,0.945747373,2.09083102,7.18273818,29.2039699,9.6940702,4.22896528,45.8403491,4.13627378
0.117067198,2.1936089,8.96567805,14.4906752,13.7160292,0.435318349,11.4272,33.8939196,69.7438671,1.43107048
0.59646006,2.8169156,8.77613629,15.1511874,9.38606983,2.41297295,25.6383638,61.3618786,16.5716782,0.825705515
0.499159912,1.52258717,4.7756206,3.2986185,24.8143817,7.65177334,15.4548324,0.481610179,38.5031998,3.97218994
0.784474135,2.62716635,6.26571382,13.9593315,10.131974,18.8450036,48.9656515,13.9822907,71.3308225,0.433746775
0.501232689,0.871185746,4.5423913,10.6144042,19.206248,35.149748,2.47083552,31.7813593,6.7150945,2.2309183
0.530970401,0.0781438314,3.06759146,8.9062156,10.571164,28.1557532,40.485679,37.6256207,68.0998403,1.24151375
0.684596485,0.0524832122,4.69203278,1.76882294,0.948650367,27.3120758,46.3571283,31.6801643,41.1590867,2.63865503
0.586657081,3.78224634,0.482171398,6.85278579,10.5793759,10.9011413,15.6270291,4.54182756,58.8462818,3.21282712
0.994370172,1.51790961,7.89038544,13.7032584,10.4112562,10.0550672,15.6713807,18.148675,0.987538322,1.93652798
0.518357498,0.137898872,3.74925898,8.52556541,14.3404404,28.485235,31.7754285,62.2067778,6.7269958,1.68710338
0.032321102,0.883045318,3.02098478,8.33979687,10.8844926,15.3610659,23.7304797,35.4897078,75.3277637,2.97819832
0.67260894,2.15383472,7.8754618,15.7981864,0.185831799,33.5160722,17.1845635,19.5388507,6.91509911,1.42922309
0.807883017,0.359445071,2.68494424,15.7474201,17.0148955,27.8624583,44.0146182,0.899365813,14.733417,1.46112307
0.438783509,2.53776964,0.662162522,8.8275733,20.3508004,15.698642,4.18746916,19.3230881,34.3503353,3.50318109
0.319568791,3.97065743,6.38865985,7.47749365,15.9935225,4.5121349,26.4753873,3.70139891,1.78642219,3.16059027
0.985740448,1.35886111,5.3519453,7.36838519,0.702995493,21.9531597,3.75077962,33.114183,7.68624709,3.67270233
0.521170581,1.25585093,6.94481945,1.0319063,23.8268442,11.1897113,2.01122672,54.4488592,63.2518218,1.631105
0.394119336,3.85468847,3.93562202,8.88774208,0.439186627,9.22988763,3.70411283,32.6847719,26.5294009,4.27376807
0.887926085,1.49486485,0.435454027,2.97925647,13.068083,14.7903238,1.3226089,41.9105511,8.39322028,5.70666019
0.522962465,1.7206101,5.16123741,5.18590147,11.6342653,17.4183867,47.4007661,29.6183061,3.63279913,2.20443485
0.584755488,3.9419794,1.90745486,1.05561454,21.4274323,8.4308719,2.26484388,53.8529631,23.7305603,2.53462059
0.9053423,0.352138534,5.38278043,0.694585063,15.4549249,1.32895494,21.431602,2.52777854,66.2856864,4.09800751
0.281103259,2.00990166,0.938647582,13.9554017,6.93307761,34.8990665,0.830541083,56.0378448,5.13477545,2.92012268
0.398570041,3.0667091,4.9045364,15.1880007,1.13794128,0.546006041,44.5403595,21.9720225,4.78772154,2.74495733
0.265484413,3.98613435,6.66019798,8.79551049,3.35125491,35.3395319,32.0036195,15.4562652,77.770786,0.704932112
0.826927719,0.696667778,2.01451451,15.9029785,2.12313968,12.3964643,20.9285081,30.6106407,51.9381626,2.36972676
0.970818845,2.20928546,7.78661806,1.22621839,1.64445008,19.1123346,39.4826236,34.5531992,80.5168523,0.788719488
0.0364837237,0.727776045,8.39698576,14.4704144,6.64911974,2.5277802,5.99125392,0.00613132119,49.4215366,6.18885407
0.9594861,0.331522228,8.76170675,0.00952800364,0.214308023,2.69991939,23.8809687,11.0244652,10.3613655,7.64746414
0.104839013,0.11716643,2.73641819,1.74305673,24.303852,35.7700841,32.3994154,63.9663409,13.025176,2.08922175
0.99928626,0.0166552924,8.83237243,15.4372296,21.1223715,5.3253161,8.96662588,35.3712455,66.4749951,0.720464737
0.968740965,2.51761016,3.31626501,15.0508177,23.5826901,6.15278711,24.354195,31.288708,57.3519527,0.588381608
0.977859425,3.533416,4.77613637,2.70930307,23.8387171,10.5384901,0.548318168,4.6804328,10.1680908,2.78018228
0.437020353,0.00427665562,8.72493962,5.44048268,22.1755916,7.44112162,47.5449543,58.83645,0.272472232,1.45419699
0.502784884,1.22220194,3.48295125,3.48724483,3.31855827,0.0128316544,48.5394212,1.37476665,2.15543607,10.017351
0.0175523358,0.00842812099,3.71571631,14.3005031,19.6184319,2.85764178,5.96901681,23.857073,7.37321273,8.4482858
0.0118620764,1.46366945,8.75799524,1.1127557,22.0079289,17.656243,0.648516824,28.2413169,35.2015926,3.76313011
0.954567446,1.66025206,8.67696565,12.0206669,23.9812669,4.54083682,46.0660066,40.9775773,7.77408114,0.51986186
0.875105967,3.62396436,8.930169,9.51174405,12.3159907,28.5930475,48.1154756,38.9196186,53.1932359,0.183162381
0.786406069,0.507172952,0.125548664,7.28246978,19.4838077,20.6716227,38.060312,43.9680558,34.315418,1.60849049
0.982988377,0.342583956,4.06924759,1.50075335,11.1899602,28.3123508,45.8410242,30.162408,75.4209942,0.961679755
0.93560403,2.78774473,3.65791991,15.3954715,24.51499,33.7491074,7.14382299,21.2023676,76.1804769,0.324433712
0.0299430434,1.01092035,5.71129517,8.42285083,16.9591873,11.6084102,25.2481999,8.48439455,6.60564326,5.92160987
0.494705732,2.07696507,7.99193011,7.76773234,12.9335168,34.0071344,29.8196151,8.19108323,4.47498018,1.58250568
0.372690858,3.26100346,8.29153684,15.7505883,0.213896565,28.7417724,20.3733462,3.69597489,48.4100866,1.1710602
0.132357904,2.15718917,8.72638958,0.763881907,10.255023,8.88600978,26.0874599,63.9199188,78.5647628,1.31220577
0.075564873,0.0752803181,2.78168812,10.3684452,10.0909803,34.7127644,1.94906492,33.8731684,33.3380966,4.83737243
0.963762338,3.81444499,3.0982291,12.3314583,10.6548819,2.30423616,37.1544802,63.1482844,26.8508611,0.656235551
0.950639314,1.57976996,7.18602121,7.92613211,22.6599307,29.4559294,40.5687339,4.84708652,72.1193154,0.386096062
0.127152896,0.234897651,8.83084156,1.69604579,14.7526034,31.688234,0.203508532,51.4192996,15.4011651,3.56326967
0.0281216554,2.56264616,5.38656645,1.81742723,2.34279954,0.621887109,16.4104188,49.5144133,76.879343,4.23099953
0.613119092,2.77029401,0.745852049,13.3962541,23.1925982,33.1168646,47.8338477,0.624855161,7.51868704,0.992517548
0.738435301,3.52840733,4.36953999,13.97079,11.0429585,34.5651298,5.62930164,54.4296224,59.0595046,0.418030093
0.00160558522,3.94028305,0.75877575,15.5449306,24.4516958,13.8976402,13.1204994,21.2019091,66.4273729,1.33795258
0.0506137316,2.65995036,4.01796825,5.3196708,24.5423697,12.3958339,6.50728795,63.9851607,8.34872988,2.68474382
0.557776698,2.21186464,6.32040487,0.0794371516,11.094073,11.6431608,36.2096695,58.6656764,12.6859474,1.97357289
0.036530769,3.89053709,0.5777706,15.2719511,5.75357209,0.412006701,17.1453954,55.7201495,51.3234562,2.5266319
0.737439701,0.596233039,1.99952601,0.0598470271,21.639038,17.7288913,45.5651938,55.134677,71.5282526,0.999243759
0.822772105,1.32308448,2.43191753,7.53394545,23.4706488,30.51898,6.11969153,3.46855489,70.877488,1.45280334
0.706874322,1.74692007,1.09251487,3.37332443,11.6621035,7.16293611,4.71915249,42.8353994,79.174805,3.13330096
0.945557878,3.96501289,8.93602915,8.60791033,1.79522432,32.1626681,24.4493009,7.05397696,35.6788607,0.731429406
0.544420832,0.32366846,8.7655504,2.85442185,9.79374628,5.0309213,36.3338818,33.3742291,31.2201832,2.93369872
0.632684519,2.11486642,1.25974218,7.97652603,21.0514273,16.3273723,30.1431956,7.42936835,1.76411038,3.23578664
0.625385589,3.4223633,8.23494713,4.900325,12.1286221,29.8829694,9.61833422,5.6727174,57.4103437,1.12959657
0.535305081,3.48996657,8.7035017,4.8944838,8.73315426,4.49793928,44.7335153,38.1285855,74.8447449,0.663170645
0.126014595,3.70919123,0.848079413,11.8590013,3.4917377,15.3150376,48.7785389,2.48631814,75.3667271,1.93610175
0.665120329,2.70948381,5.16242699,8.72963921,23.5095974,1.15660246,47.6627174,19.9716177,59.4582003,0.751790785
0.96404864,3.06199144,6.50278566,9.45538103,7.17014426,12.4050486,21.304455,27.3970621,58.7545051,0.89658946
0.417952204,2.09079187,8.86283219,13.5476788,24.7475355,9.83296177,30.7455149,45.5430302,2.16164473,0.789009584
0.190591573,1.09026108,0.0405018591,10.159547,24.2287534,18.2279327,44.7332782,32.9228603,68.993939,1.3001557
0.922954901,0.412090188,4.49953005,9.95817872,11.1089418,11.498148,1.8684532,56.2847467,73.075082,1.4574578
0.0268010101,1.77830973,0.116234303,0.977655471,24.1492159,1.25533928,3.38551377,14.7982712,13.344528,16.7044985
0.807841433,1.56386597,8.76461358,6.86306783,5.59537641,23.7476257,41.3030024,59.5087768,45.5768934,0.532952146
0.435713453,0.144046603,2.23032126,0.0168049261,16.3131141,35.2934959,7.87488894,5.56197417,50.7514133,5.64370119
0.450634551,3.2595932,8.9614671,0.671208114,1.55432454,33.8867866,20.7199036,59.3230972,64.919082,0.74837907
0.373587606,3.54755717,8.53502726,11.0277468,23.9689394,30.1894664,14.102841,17.5660333,0.407371018,0.896544186
0.318198546,3.85181811,3.39079108,1.82342424,9.82989326,15.8630406,41.0016271,35.7183073,77.9509116,1.18055293
0.940679991,0.0344120134,5.31609508,8.19563938,0.173417491,21.063979,46.6797266,9.35724035,24.2223157,2.71891904
0.195281797,0.404660791,2.55132038,7.18524891,16.3726716,0.707384415,12.2634314,22.8456266,38.5336253,8.36951131
0.786724093,1.88731111,0.0849402287,9.93852966,20.1062422,0.883326866,19.1571479,57.7109624,35.6207049,1.88122034
0.21832539,1.57929544,7.24169046,7.2740329,22.9234028,34.027631,8.70235937,58.1928658,80.3612001,0.536465158
0.00239965972,1.32432343,4.28393708,0.231921777,15.4832969,3.99058246,2.34031375,46.5673585,2.01749351,12.30434
0.14156984,1.45719387,6.87890748,15.6410359,23.2656012,35.9410439,23.3096944,14.4105021,26.9692126,0.940670226
0.66717102,0.573326227,8.7612532,2.45788788,21.440042,25.6112817,44.6605512,36.4196663,11.8109729,1.01027646
0.549020606,1.55732361,4.36048866,15.5252783,8.36329749,17.1949757,32.6077691,29.7476266,0.456946865,2.07626817
0.919378076,3.94930521,8.93864497,6.76616608,10.8645209,0.00352997147,31.7523137,2.78957406,46.0322944,1.12322634
0.984356306,0.30570983,4.64649234,1.0608612,9.20968482,17.5288451,26.2681373,62.1505524,25.7352668,2.10971096
0.839726729,1.1485223,7.23221087,12.0320944,24.079483,5.57397294,13.2887452,2.53543642,67.1793221,1.2048454
0.0990481894,2.81167694,8.67215053,12.1492095,24.6310943,35.7153902,6.21082408,20.0102533,71.2889104,0.532329443
0.757807614,1.89025405,3.37450235,11.1306967,2.53028496,2.15903768,47.5657054,2.36470038,80.3915565,1.86100155
0.0285581797,3.9093082,8.42137779,7.28270671,0.705771218,17.131489,1.27335626,48.7165464,34.1655443,2.55812476
0.493715768,3.52368097,5.6385652,11.3162218,24.593263,20.1183744,23.8440816,33.2795006,41.216857,0.560834284
0.0744586834,1.70836828,1.22791906,1.13001264,0.191297312,21.7928574,11.6440652,58.5203171,79.696511,4.59448768
0.765808739,3.78988257,1.25181188,11.0262469,9.58019256,20.5866656,5.56571563,2.58952737,2.76729338,3.74803326
0.979987197,2.57925403,3.42560463,2.02127885,5.67759392,33.5822875,12.9376835,40.0290884,1.12410363,2.36906035
0.99205791,2.06918594,1.81819731,6.11936053,0.144463882,4.32643855,41.4494805,10.9950017,31.6333067,3.94367972
0.974630899,2.48606346,7.35446792,0.964025319,16.2086526,27.1058084,31.7434714,0.683595121,41.9974906,1.08829357
0.273157576,3.83753454,3.24668508,0.0641053692,8.46709346,9.27336562,18.3150179,3.27228901,27.0354984,7.21852098
0.574606668,1.65710801,6.78228572,8.66872675,23.8912893,22.8943501,23.604903,30.8295773,11.0190025,1.16721937
0.0834298479,0.821813465,0.492521959,12.1183412,14.0015935,35.6849079,43.8910434,40.1851127,79.9744787,0.982491076
0.695308317,0.187523361,8.33655321,0.799675607,0.23112424,13.6873371,4.1853393,36.5682329,13.0233241,7.3931441
0.17670745,3.68844303,8.23933887,8.12148955,2.92950506,16.1157081,39.0719289,42.9840357,0.871200201,1.69345831
0.975239409,3.39499647,8.33781415,6.47544156,1.16597951,31.1293178,3.32745083,20.200532,68.7763454,0.866941394
0.804604015,3.91873535,4.91636378,0.579753049,24.8585849,33.4606021,22.2406718,35.2273557,2.74303657,0.843501159
0.0384893939,3.56497364,1.15175274,13.3481809,10.7444521,10.0883706,42.5275118,59.939605,56.879294,1.03304525
0.125297876,3.52558538,5.65537508,1.58029361,24.9917614,16.6077156,24.3313327,41.4153285,4.33662388,1.98315008
0.991877147,1.91683803,0.667744019,15.5977349,11.141693,12.1448437,46.8049866,7.0660522,49.5357449,1.16192358
0.202200354,1.52537891,2.347433,11.2115452,0.687694899,11.6469643,25.2190402,8.37053648,14.6896334,8.85807397
0.784311247,3.67654178,8.18492159,14.1817555,1.19455672,2.75734014,14.4491509,3.76102922,55.204061,1.55742876
0.0215794197,2.74123017,8.67496427,0.221445516,15.3668515,29.7698906,19.8069304,49.7355145,1.00294817,2.11661896
0.0823494983,0.192073656,0.409369569,7.59885148,2.96367456,15.0887654,17.5322618,36.2113564,35.7751961,10.3012763
0.448448523,0.297283463,0.997127987,1.29790098,9.09659064,16.4144771,13.769265,54.9049047,43.9603605,5.70228946
0.548618913,2.55227996,0.380815208,2.41991668,24.2807694,17.1226568,44.2255613,23.5213801,75.7292653,1.10813322
0.0380076342,3.17723495,8.52259917,7.6875627,7.60359769,26.8796078,2.13393853,60.2185402,77.2106849,0.908597986
0.382289324,0.546651561,8.03877045,15.3153977,21.7008573,1.88525879,7.54655281,29.927186,12.9284119,2.64918954
0.010714957,0.345131206,1.39538649,12.9079287,24.3083573,0.808751129,28.148084,50.7389112,41.6145445,2.99501302
0.0032897857,1.16571326,0.32130093,0.186174482,14.116441,7.23410043,15.6879589,62.0730924,79.0565947,4.9524862
0.859339745,3.69238924,4.46827471,4.076479,2.16036332,13.2858853,32.4953864,58.7222636,1.37175652,1.66257314
0.00618743012,3.96855212,7.77476203,14.9785743,1.40425749,1.9521592,18.9733782,55.5975324,35.0924145,1.64590829
0.591001573,3.8537694,5.18036751,0.776327849,12.0971167,23.3871108,26.0946065,28.8014316,42.6016503,1.34429856
0.156607321,0.396980947,0.132249103,15.4856286,17.1261089,19.456847,31.6152192,1.29288712,42.4666042,3.85431174
0.460377049,2.22827579,5.92027558,12.5719775,1.91640976,13.1023744,48.4653438,39.2280408,52.752861,0.990080205
0.998407655,0.949856883,0.550436816,14.5627701,6.99458199,11.4329886,30.2691992,21.4616073,1.5607412,3.4506732
0.206167875,0.253928699,8.50418853,1.59398129,9.44300964,12.4746876,46.3793158,6.74079377,15.8467061,5.35729181
0.0408135844,3.81564971,3.65561065,10.3966975,2.02198144,12.1565476,20.5457442,12.1770265,64.9071388,3.14517986
0.0825837134,3.93788336,0.0126111643,8.81037791,18.7837729,34.3740702,44.9146867,47.2034363,5.25742619,1.09576169
0.188644869,2.21727605,3.95674799,0.112973444,16.7885577,22.0171884,47.4834919,53.613466,32.3030415,1.53000176
0.0959744258,0.168699695,7.50548651,1.26523604,1.28464873,23.1714502,41.5992082,33.8181442,77.8990562,2.61530912
0.670476081,2.76598436,8.77297437,0.675890938,24.5296734,29.1178006,47.4687771,50.594538,48.5995116,0.268415373
0.00485837832,2.61905791,5.63922575,15.0526972,22.9398835,0.895879303,12.3091248,1.90817303,8.43417601,4.21185365
0.111086506,0.123655504,5.12561303,12.7613643,0.389763131,1.07847722,24.4545715,58.7525085,77.7235166,3.00395032
0.635683919,3.7584842,1.8988684,0.499967344,4.6111817,0.188464478,48.3500388,4.05149415,77.7881393,2.77957443
0.62196854,1.70101969,2.33535092,2.20968185,3.31708066,0.251520848,20.8398261,3.86277133,32.3972303,11.0987985
0.292229168,1.98252332,0.606282381,3.17863131,23.8382889,0.175469326,45.0704192,9.84167085,41.7174064,4.04075131
0.549705961,3.63231775,0.81986946,0.970677689,15.9061279,13.3807449,46.5222139,7.63975272,21.9256301,2.93535769
0.0540238312,3.91412234,1.47185231,9.63874408,22.4559439,24.549862,18.4168549,62.7994096,57.8100874,0.754260444
0.888439925,0.039269153,8.99247434,15.1398961,12.8648958,29.2381788,8.26414329,38.4735763,42.2678211,0.745507303
0.717919724,0.307200415,7.01410121,7.10945552,0.967115316,6.20223722,28.5845419,31.8643077,70.1406717,2.40893742
0.975959377,3.79698932,8.99900927,2.39779136,18.2489633,14.8695746,1.27956446,56.9990552,39.3879034,0.64289109
0.0802664678,0.154097166,4.29990457,13.3262648,10.2079312,21.1667288,45.2043943,6.86401308,44.8889586,2.79940649
0.941632877,0.095028814,2.58587198,15.5563586,24.5610644,32.8463176,32.7489029,55.9154494,74.6189491,0.254064035
0.0368852527,3.72176887,8.48110628,15.9169163,18.1442336,0.194046104,29.0364158,31.4004083,3.37036872,1.41995862
0.523327926,2.2898372,2.91093227,0.0687134713,4.48017589,33.5751973,46.740853,7.20465395,0.783383387,4.002528
0.995422015,0.231222032,4.83454699,3.9666071,16.8210261,15.8201938,40.8291994,26.5851,40.2156462,1.50603852
0.995117477,3.7577531,1.25193724,14.7720098,1.82661072,35.7787671,35.0341307,45.2373808,61.5846846,0.354558704
0.800023675,3.99164559,8.07155901,3.0085307,6.83668262,5.93969056,0.516213398,3.9165071,41.4299534,3.07717574
0.964688501,2.07853438,4.33657245,4.9301806,21.1645116,17.2022534,3.09319176,61.7454886,76.4774338,0.673739819
0.808293695,3.96855921,8.0430578,15.4175349,3.92106351,1.89284907,34.183336,56.5921387,50.7208106,0.418180531
0.0652639666,3.56594621,1.93053068,2.54083956,24.8289224,35.5667837,36.6596406,16.4312547,0.123547949,2.12111738
0.373352967,3.77325948,2.63730077,0.202729181,23.8583398,17.449464,23.3302977,18.6955051,49.8068605,1.89117581
0.67180585,0.163657693,5.83841422,14.6272218,24.5578731,27.6101021,4.06423061,1.99041602,56.8544902,1.31972089
0.50189611,1.47166061,4.94953812,15.7993123,4.75248525,0.0281406138,6.75015359,19.371513,11.4144114,5.89228946
0.00208461797,0.144696862,8.82034302,8.00928045,6.21323657,1.24848079,42.4893109,53.3535305,11.1216416,3.90100805
0.711941516,2.40426174,0.960933889,7.85044716,10.1021946,18.1210135,48.8276074,55.636657,57.3247451,0.796012942
0.412144543,3.65335894,4.5084714,5.11799276,3.2880256,17.0585353,47.3702203,63.0760252,28.8003446,1.08065136
0.456768711,3.64689266,2.98107721,15.9370921,22.9800409,0.787249184,26.2654014,2.09111992,11.9632342,2.05389358
0.526501552,3.6463366,8.9532822,12.1135728,13.7789027,10.1046478,22.888364,45.3670945,66.770447,0.439991715
0.0347058419,1.20434127,3.06833289,15.0593486,22.6121188,24.3093277,3.90662577,62.2488415,10.4774518,2.00596879
0.230642872,1.65897011,5.19875961,6.31605276,15.4667809,0.267788513,0.982087817,54.7917493,66.9906576,2.96153394
0.0507499394,3.81692762,6.9806155,14.5862842,24.4970732,32.1242663,27.9613358,47.2441177,60.6053008,0.244400527
0.00192280347,1.26623142,3.49096583,2.95598699,1.98967139,22.1861778,42.3181102,7.15405298,58.4318429,5.36746415
0.0726509989,0.181351671,8.94945564,9.77933392,14.4769656,20.6797867,28.8221121,63.0041573,39.0721388,1.21426729
0.919659025,2.83693259,0.733648996,0.779860415,4.86561514,2.00691544,46.5877931,39.2333843,4.41630175,3.94437148
0.389441796,1.39304996,2.22894468,6.88566564,24.0351083,11.6141318,9.13750292,10.4641293,79.2556015,2.75325309
0.00280148815,0.33844568,0.577237586,15.3459784,24.7792815,22.15286,15.1325593,29.941682,78.2773743,1.86450444
0.0401654979,0.246095518,0.286575916,2.63363268,11.6631034,31.3623829,42.9697097,39.0672926,35.4211084,4.18977417
0.683698727,3.69799662,0.515539931,11.8748778,20.4239507,22.0877952,45.6973512,12.253806,78.1105183,0.481978763
0.746217517,2.71123718,8.46747431,8.60586255,23.0186759,35.8348275,43.4811626,2.4806076,34.8957317,0.379521708
0.995948376,3.61743061,4.85167583,3.7610679,19.1690245,34.2645533,38.5842315,25.0508457,47.5414108,0.385825554
0.603828437,2.17816104,0.793243912,5.42299735,12.9944851,33.5676285,20.5976241,63.044235,0.57900761,1.89859164
0.414418376,0.518566817,7.99312081,11.3447791,24.53514,17.4219155,30.1273858,44.3738446,79.9950099,0.493188801
