0.140379047,0.561516188,1.26341142,2.24606475,3.50947618,5.0536457,6.87857331,8.98425901,11.3707028,59.623763
0.980660234,3.92264093,8.8259421,15.6905637,24.5165058,35.3037684,48.0523514,62.762255,79.4334789,8.95020915
0.238524218,3.50614121,8.35959329,1.21663253,24.9108481,2.33911767,2.11063954,60.7591733,75.2100079,43.8525004
0.951215829,0.337734949,0.700397684,15.2602252,22.8193995,0.931286138,38.282776,63.4977526,8.51583451,46.2322918
0.764315829,3.42452319,8.91272896,0.418930456,1.5065281,29.1135027,47.1486906,0.0561742485,60.9026271,51.9611244
0.224546576,3.8172129,8.76865507,15.6191871,24.4954918,29.852851,6.62416691,5.71193448,0.61104523,41.3883347
0.160647951,0.0404280219,7.81597074,14.2580484,4.71671655,34.3511828,11.3379166,57.9451567,76.2520073,45.389442
0.179267636,3.80460964,0.167115008,1.24788056,20.5134913,29.1585404,48.4400835,60.7138756,2.66609477,48.9192686
0.152066095,3.09942603,0.11992019,15.1086958,18.5162326,3.34338764,43.9856867,5.79538584,74.7349248,52.1287983
0.317477904,3.40452624,8.71298097,0.126654975,1.07838714,35.2118526,2.18632525,58.2119657,0.642483653,55.8792992
0.756425169,0.951273844,0.133869609,15.9049334,3.46275241,33.8108573,47.7465375,3.9908512,2.82999216,50.2083534
0.969816134,2.79907653,0.178379569,1.82295673,22.5526678,25.4703459,5.58652951,11.4957196,71.5832474,50.6437664
0.801867961,3.979304,0.365195004,15.702087,1.5264972,8.40736329,3.47739071,47.6809277,37.1487814,48.8864522
0.362251133,1.41916229,8.68632908,3.7917045,23.7148929,1.73495317,48.1261447,17.1286649,11.9871011,42.9385462
0.795622528,0.111310355,6.28457286,1.45090575,2.14517679,5.74026939,44.5188101,60.9192166,77.5485423,49.8092714
0.0646778476,0.16233707,0.898070227,1.5401073,19.6614339,35.597269,48.0469159,5.89804089,71.3474528,50.8721476
0.996320548,0.637800942,7.92095507,15.0966503,2.19121386,3.93306437,9.54519292,0.0749066472,54.366213,50.6721551
0.437911259,3.89810316,7.69445974,15.6173702,1.78300993,24.5490555,48.9678173,61.5250421,4.28203452,36.8548297
0.103111879,0.00543384627,7.48497199,12.3098811,19.0175298,3.77844655,0.477963079,60.24551,2.8935224,63.654725
0.920696149,0.560710188,8.67630179,8.18514095,24.4748859,35.1461771,18.7805002,45.5402782,24.6227349,36.0448054
0.0432495806,3.58280213,0.349707212,0.940643594,2.18263462,12.2976409,14.2242081,57.8159017,80.8231525,53.3732839
0.948540281,0.466012061,0.595590438,3.71287491,3.57585189,35.0534212,3.88039648,62.4634812,40.1555105,46.0161402
0.818457961,3.29180197,2.96028121,2.57133291,0.612850767,0.263288923,45.0485915,42.6795384,3.79966659,60.1663529
0.135478667,3.95982821,1.87366921,15.5705617,22.5468444,28.5317422,17.6822044,63.7513577,57.040372,34.6432849
0.0399354953,0.783475161,8.70081821,4.71401946,19.5703396,26.9245448,1.12246144,0.27350238,66.7674103,58.8439192
0.984522379,3.47046385,0.193522655,6.28489823,22.319661,2.22104886,45.1455277,58.623008,77.069762,41.824895
0.0219103019,0.98577516,8.82701172,15.2640086,22.1753529,1.6641341,45.055358,63.2187676,68.1257706,40.4683112
0.136363968,3.47686199,8.1438265,2.29692217,19.329567,31.7267744,48.8595018,51.7839014,75.9756239,38.5313757
0.0736007388,0.0304686688,0.195562282,3.22714516,22.8573307,18.9457109,0.766409577,56.2230291,56.256572,63.6589509
0.203366718,3.93770991,2.45341718,9.92446304,0.703569793,35.8524159,4.83684887,2.50647259,18.0791989,50.430007
0.130006254,0.060429113,8.17223045,2.9817679,4.02050544,32.5941858,46.9315569,33.5373346,17.6962662,50.1187215
0.0859142635,3.84410939,8.87951866,0.124716803,0.18018164,4.77046142,7.00303264,2.57240281,43.5045498,59.7908446
0.0480988934,1.59240502,7.98999682,14.0027409,0.103310985,16.3407143,41.3588006,4.39041308,78.0543811,53.7926298
0.970123747,3.47925553,8.6571253,11.2086333,24.2176105,0.546243366,0.969457083,33.5218941,13.2559731,46.9382481
0.496591594,0.859670392,1.08061518,15.8209933,24.1165444,2.5360905,0.0994060473,6.16155044,6.55361673,55.1788921
0.92627325,3.49805011,8.3883132,11.3420831,3.7364341,33.4769709,4.69539083,33.2195339,61.6439836,43.4734672
0.445867978,2.81241008,0.39663318,11.0468429,0.452158728,35.1817165,47.7864233,47.564472,70.9782837,47.8134147
0.946155853,0.165659474,0.537264734,4.99269197,12.7716821,5.27130531,47.4053374,1.96663529,37.0059647,54.5066026
0.0135100582,0.254190963,0.42190453,14.1323194,2.95740226,7.28619068,31.3148591,63.7874093,13.9069369,56.7365292
0.715997956,3.11059237,8.38350285,11.6132535,24.9247789,15.4921555,33.5627211,0.852748245,76.1143843,43.363109
0.880533536,0.508583406,8.46294389,1.2407294,7.71721739,4.71270236,8.69559645,37.7332777,9.11026958,52.7484591
0.0485010189,0.626500156,3.57327685,14.3359265,24.8688997,31.1009008,39.2531291,52.6905058,1.68510021,49.4745002
0.942473736,0.624299171,1.34136591,14.8211996,18.595271,8.23598013,2.88278589,50.9158718,79.8074321,44.1765237
0.535734007,0.325848445,1.20335095,3.05677234,23.7073144,34.318699,3.23033042,0.213396639,3.23659187,59.1104191
0.0865786267,0.507915225,1.1951742,14.7426937,6.95684095,34.0212202,9.04961384,1.12310702,76.0129669,51.567664
0.904909477,3.25429243,6.50903055,4.04691848,0.873166416,0.443459323,1.66169846,61.6046645,77.9578284,52.7487333
0.90538701,3.35793391,1.78933753,7.81475396,22.7653407,24.5957596,39.3790913,1.81263191,1.14468548,54.0859321
0.981323062,0.386778671,1.32554581,6.13066057,21.8939722,31.6667881,48.60284,49.5443571,65.8258147,39.619053
0.288521129,0.698449722,6.40007038,12.4139237,1.27327996,0.0235427544,48.5686266,2.49039999,0.193125122,63.1770719
0.0411103289,3.76519018,3.49041911,2.62053863,17.8012001,14.0685023,1.79463594,35.8481399,4.66607831,58.1459493
0.099492183,0.660478823,1.50205822,0.164377108,16.6969673,1.33856337,45.2358479,57.3336075,27.7698556,57.9456647
0.82591387,0.53763184,8.95124456,15.2308063,0.252467184,26.2309953,11.3493026,51.8910907,7.03833094,48.6715632
0.0116578001,3.73058278,8.78587144,2.02890743,6.01112445,5.71475609,48.8714549,58.1778948,4.90793325,45.673353
0.0372430999,3.77912011,8.26143578,12.3577569,1.28246726,6.37529532,18.4953758,58.4894939,72.0451263,48.2550631
0.0752574471,3.40765482,1.0228198,0.946515851,6.39361017,10.6647063,45.8951895,3.20002446,28.8702395,56.6753056
0.977144065,3.44122215,1.39650444,14.3112483,1.79837118,0.32316483,42.7814918,3.30732134,43.2208212,53.2572385
0.925979444,3.7460472,8.58449338,1.03157077,15.0155264,22.9706667,5.43731989,0.046232611,11.4304826,52.199581
0.967512147,3.90658858,4.57696899,3.76489508,19.6744759,27.2395936,5.23894048,61.2214639,26.7604504,39.508351
0.698638803,0.0894292333,6.83352783,3.73746309,24.2845779,1.29609283,4.67166724,24.439149,76.9206425,52.7465965
0.950454116,1.1293313,1.51019963,3.42245943,1.99325543,0.927487527,0.385001488,3.55265895,77.8851979,58.9385531
0.969326939,1.91145199,3.99061637,4.06978156,1.27914959,34.0806912,46.5188791,62.4350252,1.85892312,42.9990566
0.0278391508,3.57042718,0.381810744,0.165629633,24.5894364,35.5062547,23.9855049,1.80258563,30.446792,55.7106438
0.932285447,3.68600686,6.11372974,0.810248904,2.89583546,29.2415289,35.9008198,62.7964398,75.6383739,41.6961402
0.975906967,0.273589188,4.98034974,8.4232677,2.90651699,35.7566485,19.0439245,4.23039448,76.2413796,44.3752076
0.85238432,0.0930599757,0.132775972,15.2280261,2.24046402,7.88950955,14.9544788,24.7180717,15.9851464,57.734558
0.26054538,3.94481129,0.9976142,15.8255207,18.0088764,0.266837519,28.2269648,54.3320006,7.5105106,48.0563791
0.140428852,0.750854837,8.13880707,12.3206463,1.7232055,17.1572923,3.5539742,0.841644943,1.93205195,63.8176594
0.967090974,3.5919742,5.19851309,14.9501245,4.28398223,1.28055929,41.3232913,56.8905464,80.25705,38.5507656
0.1214965,3.96673588,2.09238461,6.59214906,16.0144439,6.85224244,2.23046796,3.23268595,75.6246929,50.9964325
0.596292651,3.56234616,0.791878324,12.6204404,24.5953814,35.3894203,46.2596003,2.7451722,73.5444947,39.2172132
0.194567404,0.37745711,8.82372212,12.9735762,23.2741725,27.3843144,32.900875,0.00840386749,16.7616855,50.4088241
0.67092599,1.01242841,8.73974701,15.8718989,10.9449387,2.28115973,48.2534532,59.8036622,0.190783403,41.6253019
0.107399578,0.258815706,4.31003026,11.873164,0.418022915,1.02404155,4.17367586,36.532507,63.0863126,65.0043412
0.088076307,1.19396791,6.79217277,0.0847391412,0.329291006,13.527265,17.3439714,62.8595642,41.3805607,57.4892307
0.852837326,2.54777937,1.18768926,15.099371,23.6389215,35.0683668,2.77702025,33.1484231,7.02028559,44.970197
0.979829705,3.99139734,7.68381343,1.51528038,17.6833949,6.9375208,42.0746903,39.6006392,40.4288068,40.3599193
0.868056741,1.71858502,0.581638601,2.84438424,21.1967381,5.15219892,17.7043659,38.2394726,3.56495177,55.8338222
0.786436213,2.5337017,8.8301476,12.9613014,0.924805971,26.2281017,43.1547323,4.6839616,4.23054008,52.5250403
0.0685468228,0.265802672,7.52740339,0.122220695,9.63003459,2.86752663,36.0966638,9.96457831,64.1261535,62.4487914
0.101979915,3.90570105,7.01435923,14.8187423,4.06529117,0.502030956,18.5577634,20.0224696,7.14748108,52.360182
0.0535210078,2.11031171,0.0199189265,3.15981916,4.81340386,34.3852835,7.43139775,62.0434747,16.0466498,53.359287
0.899625899,0.0499529932,8.00990233,0.761599496,0.316773984,34.5892978,19.5017998,7.50945935,4.40854644,60.6240777
0.17612097,0.260540832,6.54696602,1.52507691,24.9494573,0.76064903,5.75510327,0.0270022452,7.37446159,63.2745435
0.0108794393,3.40294572,2.94465813,15.7674758,18.6970672,23.9171669,48.7610299,2.12919149,11.7973411,48.7200541
0.871583776,2.83406317,0.2243889,0.540870771,3.77351449,30.8994668,37.2105971,15.0278218,36.1978388,56.7828679
0.0771305561,1.33302835,0.466710073,8.88211869,2.76381639,2.10536667,44.7774182,41.8834741,80.4288474,52.8675967
0.55227041,0.0351173133,4.98753975,15.254349,18.5053115,27.0293041,45.6155595,8.76198039,79.2336841,45.3944897
0.0536086471,0.00212770701,8.46083619,2.26475346,24.5491169,31.6906806,7.17187866,61.0802767,20.5157021,48.4592708
0.0133678187,2.69171386,8.17852891,15.1738918,5.62372874,25.9328152,1.12212637,56.9179675,15.5414808,53.0601623
0.967570642,3.83911999,0.201807701,13.834711,12.4812749,32.8134463,15.7772804,38.8598403,77.6287392,39.9789061
0.705144889,1.48056973,8.85484793,14.9851676,24.5507421,35.0254177,0.266057742,16.4995616,76.1033858,36.0664486
0.0644388423,0.094487926,0.131788974,1.73739013,0.493658206,31.5553989,48.4401529,62.2360731,62.8764863,57.3468696
0.736420208,0.0577747189,6.7943254,0.403594822,23.7783927,26.5623946,46.5044118,0.847221762,39.558577,56.9179823
0.929478568,2.98520028,0.587412341,15.3586,6.23462863,14.9808393,47.5917549,62.2030661,8.77408183,39.8653314
0.00273652608,3.97117511,7.96502337,3.8184133,0.112931966,33.1884733,19.969413,32.5538418,76.4689104,48.8156926
0.253838273,1.03940941,3.04642239,0.393202126,0.856461248,28.1436481,8.56642163,18.0876756,80.4481516,53.7657704
0.623370375,3.94359126,8.86130829,0.0149894953,18.6381988,3.17889208,4.95341053,1.26790291,78.0184789,50.4211872
0.788899084,0.107649729,2.85522831,15.6839753,0.894558197,14.1690558,48.0757036,61.8444252,74.9944122,42.1909851
0.980605953,0.177032754,7.62636358,12.9648484,19.072492,1.97630951,32.4405252,6.40907702,6.78058604,54.428486
0.272325683,3.91098853,8.96450723,11.507556,24.207635,11.1180914,29.6206392,56.2716092,36.6209184,34.8985889
0.5165871,1.11754311,5.73090526,2.35494235,17.9939397,34.7689702,13.7228907,60.8963723,77.6189171,40.2296594
0.217885377,3.99809278,8.87690021,1.88757125,19.3907218,35.8008922,2.17044742,29.6617932,37.6638379,39.355023
0.966210459,0.396729423,8.62067471,10.0974734,19.1189107,9.40512806,43.538331,41.4410471,65.406198,42.1712847
0.271378641,0.243286772,2.07174119,13.7852186,12.7651323,26.7532361,2.23209548,38.959999,21.1402596,55.6017963
0.58884935,3.16411208,7.27144076,0.186541848,23.7638107,33.6480195,46.6374109,40.4445964,10.5447763,45.8904368
0.812831042,1.0053082,0.483569521,0.62744046,2.17471339,0.587532722,14.5127848,56.6529883,49.0740354,61.8711322
0.504915665,0.470304655,0.923262238,2.25500784,18.619994,30.5849821,45.998627,33.8604054,4.85123949,53.2381653
0.0258122031,3.30278843,4.42166113,3.30407024,17.9821546,1.54401758,41.2463034,30.8515959,74.3828976,54.3497844
0.256525824,1.71809358,8.99731434,15.7547959,10.7112736,35.1003488,48.4051541,61.9425654,56.5688195,26.6070978
0.940379764,3.8508005,0.908909097,5.39589336,1.21828906,1.12919555,8.69686225,1.52001911,13.8728462,58.1072348
0.977728401,2.72493132,4.3214076,15.8178365,16.215728,18.3459852,1.3237183,2.26420865,48.7958023,48.6331038
0.517834987,1.01052398,8.72202145,14.2479671,14.9747106,7.14355676,2.39347184,61.4937913,68.5330357,43.6981435
0.0346686631,2.70488068,2.09144464,10.5068786,20.4825463,0.225247571,7.80724034,56.5398379,72.2108337,56.4096233
0.0516105998,1.67740078,0.168396341,7.53297632,23.0202742,2.51844195,37.3677501,8.85031856,14.3065706,59.5901307
0.902479573,3.89674087,1.17871457,2.94354193,0.170665397,26.4576008,1.22093651,49.9983365,2.58421064,58.6819793
0.990122551,3.95883363,0.262956044,0.892850869,22.1008629,34.8518358,47.3718629,35.1349259,61.6351872,37.5157166
0.796392161,3.85218886,8.41091767,14.7434749,2.47366796,35.9099492,46.979797,4.50445056,73.7866851,34.0220157
0.118843857,1.63480419,0.346405849,14.2988386,0.905615988,29.7905943,3.42848642,62.1339745,78.1014436,51.2847272
0.706133846,3.9662027,8.92977124,13.627058,9.31761874,1.75417605,46.8723102,12.9525433,37.2026036,38.9610826
0.0657315706,3.0020297,7.00468838,13.8624273,15.3357683,33.4905432,21.1782597,9.157868,76.3013825,46.504924
0.139228093,0.0262073875,1.05201232,9.19311582,19.8399741,0.639389545,24.7995577,15.890512,80.7913408,56.7686939
0.086398941,0.42800819,3.45069678,15.752517,0.864201819,35.4815707,47.311421,52.3136404,4.24474652,46.8906988
0.977984538,3.94450896,7.56472094,11.1374105,3.84234032,4.62777345,25.8452668,59.2977304,11.3343892,40.581459
0.780658937,2.13901376,5.40955408,0.667357192,0.425502833,2.05359751,36.4959255,6.55597923,53.5901524,62.5761376
0.174942705,1.04816706,1.22355776,14.8183348,18.3642965,34.1725024,39.8099704,52.4694996,79.5818488,40.2671049
0.388475346,0.420535917,8.88109037,15.0860629,24.1551414,0.664884344,20.0235376,4.69787473,57.1816179,46.9554704
0.947536168,0.961479731,8.07715087,10.0882409,1.66288248,33.214725,32.5069105,55.6985677,78.2511597,40.4042577
0.905486972,2.07818675,0.190643488,0.25794822,23.9620809,8.19968769,5.65001444,61.1168825,70.1709392,50.7658977
0.878621834,3.98864325,2.53596196,12.2891553,24.7399191,5.5007406,4.01158719,62.3620047,68.613246,36.0596289
0.577765814,2.0401323,1.13309475,15.8640025,3.57745877,1.94327621,11.7643691,11.4313263,78.8499714,46.9614782
0.257516693,0.332266838,0.91966069,6.64393319,0.91419213,21.3510725,48.2859406,4.9679744,51.5687617,55.5494501
0.601828301,3.71299774,0.794145566,0.363614336,23.8533472,4.61761676,38.498912,8.11678324,44.0131665,52.7204724
0.914151016,0.544511523,8.11163917,0.568124078,19.4709172,32.6951382,4.33820239,0.218845844,38.1486033,56.1122128
0.0454591303,0.126414122,1.44483851,2.49050617,3.02696144,34.7630123,24.4294171,18.5639646,5.76272867,59.2681506
0.0659782989,3.58908018,3.75891682,9.09344209,2.31449277,35.5391826,42.2521801,31.8572705,1.45001918,51.6151879
0.898981885,0.754196501,8.5063235,1.3849014,18.809241,2.75643578,42.7609029,63.3413838,3.33842814,47.3303669
0.0576581061,0.239157932,7.93656667,1.55739941,23.7685096,3.37020505,20.4660424,54.562501,50.5667248,54.0784838
0.0409085471,2.19980695,0.349675063,15.9800663,1.52331346,3.3542848,48.2712708,2.93729764,29.3137683,55.393076
0.999147021,2.65594199,5.43839805,14.4996267,23.7912042,12.6263649,37.1797315,41.4650999,10.0406565,40.2918502
0.860416727,0.0957278349,2.01987244,15.9929269,14.2544305,34.866233,33.7252273,48.1894943,1.05081548,48.6495188
0.0292125461,3.90104805,2.05791061,0.539773442,24.9566272,30.2883483,22.145145,50.2227135,77.3868813,43.8819502
0.173078226,3.70294664,7.70427631,4.92802666,14.6002104,15.4598161,28.7581523,2.95902193,5.41881419,53.3346603
0.93193409,0.0650226549,1.88046059,10.4907855,22.8623239,31.7910821,0.974672982,20.0213007,63.2819789,53.0127574
0.920477281,1.84663509,0.891014702,14.7272718,1.96473259,30.6152344,3.05536219,63.3108594,2.04288497,50.7544455
0.469185947,2.43285792,2.34677071,7.42272705,2.77118829,0.520570938,1.68199493,59.1527288,4.95218373,60.8641596
0.973345267,0.0556171593,6.20459023,11.6407522,22.0668053,2.58779787,6.96734688,51.1986712,20.3336853,52.3274158
0.0342130037,0.0718139802,6.69951989,15.6992049,0.839049707,2.74813501,48.8709578,47.2660577,41.3000426,54.5867346
0.175752991,3.52210763,0.141566929,5.89400148,7.00447047,34.7547828,32.1693134,4.76701346,69.8565088,51.5216098
0.924079685,0.0290612262,0.97206421,4.41454038,4.96907068,21.8461108,4.87764696,2.10608187,6.22441841,63.1049156
0.0427052141,2.98613598,8.97153128,13.3799749,20.6846124,30.6452173,2.9501464,57.6138009,74.862851,44.2846053
0.878441894,3.89167473,7.5986337,0.420569115,19.5392325,30.0678931,25.9683234,8.6363245,79.3620994,43.3615012
0.552535758,1.87391729,6.58789833,8.54629132,8.62215998,18.2055088,21.7596809,36.5160604,37.2443431,49.8962375
0.430983375,2.15033634,1.58127855,15.1974169,23.4144259,1.80992252,48.139603,56.5657146,55.6434378,41.6462223
0.158610279,3.05182413,0.0184726836,7.94736654,5.29597984,13.7277521,46.7257195,58.9934361,18.5793252,50.8726522
0.0514343796,1.8304691,1.56189318,11.9797241,23.7846795,34.714902,1.84852528,2.82701948,32.5474079,53.8041996
0.255717711,3.39025567,0.0610205485,15.2397482,10.0752418,13.8071605,1.28941816,17.3073794,6.48648311,57.7493841
0.666562092,3.63631221,7.87334329,0.498887502,1.25350665,25.4681418,4.16345506,4.16540179,70.7583846,57.5211193
0.896886201,3.86549367,7.54232338,13.9182244,5.62012216,10.6460388,10.8545006,5.99752027,0.409038103,50.2016693
0.306363043,0.174627015,6.65155945,6.68373064,21.0326729,30.4329235,46.4745332,48.9533997,50.3578765,48.2703839
0.289143821,2.56082234,8.41729781,13.3764242,2.44105343,2.57042668,1.58056763,8.62054831,67.7811522,55.337948
0.779810763,1.11799697,4.89387477,0.628099606,19.4844899,1.18438528,46.2279992,13.038341,80.2368914,49.435863
0.13788505,1.73617143,8.62471328,2.76643823,24.2615124,19.0634004,47.0553963,0.0603815317,69.3972613,44.8829418
0.552647834,1.40858212,4.5892312,2.14879604,4.39844997,35.6379629,47.968988,23.2245235,79.1849524,37.9020802
0.282681363,0.102660677,3.19047782,0.641217783,13.9801335,20.3105145,9.27936385,52.5952409,0.271561631,63.297146
0.0560419751,3.58989974,7.75119822,14.9127608,23.078372,4.60604057,18.6795972,6.5174937,44.9506756,48.1715782
0.996967667,0.14233366,0.454116041,0.583647937,2.14199174,0.655353232,46.9879573,55.6378964,2.68887169,61.4042495
0.0971023301,3.99544873,7.8904858,0.701822169,5.50812809,0.156697316,7.63827359,59.3817676,16.9182791,52.8594347
0.971405442,1.64507663,1.80669442,14.4232901,19.120329,7.73177147,32.507482,4.24580294,80.0001916,42.3424004
0.819958051,0.139829196,4.74592246,11.944371,20.3798651,35.126043,48.189622,2.58203042,5.2969116,49.9328382
0.805084643,0.230370421,8.63025057,8.21575915,3.53767163,11.0118156,48.4349289,11.5588514,37.4813824,45.6731857
0.907778282,0.118320484,1.3778341,0.458291397,10.1617258,18.9018113,25.5110619,18.8301352,78.572396,53.1089941
0.859736104,2.33879735,0.375839451,13.7487036,3.84510857,35.6252197,1.45210407,4.58861551,1.08952615,58.8419378
0.781337508,3.75798101,0.87029594,3.66910193,4.05654005,4.70686091,22.0654754,29.3169439,73.2500554,49.0074923
0.180662275,1.56341768,0.812110789,9.14848613,22.8223942,1.40960135,4.31465789,59.3699279,8.07329229,55.6023989
0.587958445,3.27031689,0.485760747,2.09933947,5.62264564,35.7197062,6.94354805,40.7668597,61.5232561,49.751336
0.0872705267,3.02297045,6.89474635,8.89231857,20.6222826,34.1330163,18.5188871,62.6101212,0.388976617,48.6899225
0.652155891,3.13623335,6.01622952,15.590426,19.2040957,19.0613474,0.090270096,61.6091477,11.3208073,47.8787635
0.589849816,2.4233973,4.58658951,3.21767067,24.0484429,10.3393519,2.02387792,12.1680107,35.1275794,50.8770737
0.54626088,0.0264157262,8.93049738,3.32338144,0.112294976,17.7719973,2.66487533,3.34331092,79.7681655,57.3112363
0.823525546,3.97544024,7.25437859,2.38398594,5.70571218,30.1026256,36.5171556,24.5993637,1.90494233,48.3293928
0.969835443,0.0971581378,2.10784778,4.6179138,20.7456729,32.4363206,12.5769231,56.616445,0.747527931,51.7508213
0.982386946,3.90961942,2.19067971,15.5624356,9.14777737,31.2396355,27.9750224,27.6915463,4.83371594,38.7060961
0.0317611611,3.23933618,7.92704872,5.16943002,4.07866265,0.119832784,46.3180674,6.21663666,44.3125116,57.0205309
0.632172816,3.71406034,4.97722978,11.201693,16.9584928,30.7989656,41.1252578,61.660236,45.0384678,41.7251274
0.440710315,0.0730716363,0.258730169,2.62746856,24.7875688,6.72341993,44.2616973,48.7796283,80.0037384,47.9178038
0.179705222,1.22267947,3.54117914,15.2849989,23.400236,18.3826096,6.15231766,15.6772621,80.6762493,40.5343421
0.212033928,2.61688062,4.30320713,0.00400856137,5.26857972,34.5879643,37.9969212,60.4145571,34.7548721,49.1972451
0.550183216,3.71726986,0.347640746,3.19647557,17.4450832,35.2995787,0.02652911,6.3670238,3.25137362,57.96159
0.0913301222,3.9414583,0.201627532,8.45142118,17.243468,15.7926043,46.6878824,60.393514,73.1396994,43.2832073
0.619815952,0.986787567,2.11195095,15.2170491,13.9749356,2.51030029,47.1175284,19.9844175,7.72733426,47.960919
0.00559795974,0.339637457,0.645150176,12.5137807,23.6117827,26.2535689,37.7467173,7.9377333,42.377568,57.5696066
0.28920702,2.80953907,8.82707873,1.26630689,4.4061631,6.31180245,36.0202213,59.8988458,80.8743109,40.6714307
0.992206376,0.0502172671,0.00362019846,12.1683121,1.28473282,25.2065253,46.3739523,17.001646,64.1211898,54.8484131
0.466249392,1.01410209,0.0312743266,6.44908018,8.8915304,21.5299978,25.4167063,59.5370569,80.133259,47.9303524
0.977827162,1.36441602,8.41527288,0.873330549,9.4789592,18.5289024,20.7743058,37.5614299,79.6735248,41.2373155
0.0163217909,1.28135714,8.48119446,2.55171047,10.3092416,25.0910811,2.4502801,28.5487213,13.1097706,56.5567248
0.757012325,0.424568979,8.39437773,0.544820994,7.51008243,31.6157093,7.11355176,60.6882694,24.987727,49.2020284
0.109115072,3.58803659,0.294504618,15.5362023,20.2369061,31.2204903,31.0078768,44.9108165,0.118476085,53.4239547
0.387228573,0.602500364,5.00315752,1.89929947,2.38476618,8.30188691,40.5792679,44.0883737,1.64020606,58.3402515
0.977704199,1.09789176,0.600239117,14.6112694,5.63306655,35.9273043,2.99995784,63.0745437,78.2854887,35.255778
0.0448135999,0.728695691,7.17407584,3.00925785,0.932436635,30.9060293,40.3350966,60.0397284,80.6396003,48.0722918
0.0467554704,3.27676118,1.18150147,6.21360641,0.129651465,5.83511794,9.29253282,21.6805346,41.4418914,60.6140746
0.342535714,3.99097051,0.543030352,1.26422767,24.803737,2.02782674,34.9588987,57.7442381,14.4399434,46.4424398
0.0785487672,0.676519631,5.09722812,12.6452765,1.81466835,34.7485086,35.638577,2.0417842,15.5254428,55.7457269
0.00173167652,0.417148818,6.79539632,0.401549012,20.0534983,20.3696925,40.0467213,1.62648138,10.4700528,65.793334
0.881070503,0.607805532,7.62203746,11.7042832,15.450333,34.1946367,7.15759122,3.44247309,2.08213698,53.5879596
0.459690073,0.0442446824,8.14584986,14.7531829,7.41334209,30.2982406,3.44344599,6.5264251,72.9336606,52.4329848
0.508826812,3.40888817,2.66296389,14.9938244,1.88602925,33.8308231,14.4871551,6.02794966,80.6835936,42.4692663
0.620765521,0.82444676,1.07258345,15.8400935,0.706593611,1.03510432,12.2477783,63.2301991,68.2883712,49.4820376
0.993795421,2.87856108,8.94612243,6.18621805,5.88553389,26.1619624,0.138831508,39.6292624,1.28240859,49.7118932
0.00199040677,1.81106666,5.84418918,11.1777519,13.2447277,5.95830615,34.3699943,58.1139359,21.4149071,54.181622
0.889496275,3.05555598,6.14105873,1.37617608,14.6740847,3.37095776,37.6852209,1.96892762,4.76704706,59.0375235
0.290581409,3.20696583,7.81793768,9.02857173,23.7578921,34.4041431,46.8661391,5.4844777,22.2961697,40.3811247
0.941094293,3.88711407,6.13397451,13.7059462,5.9964979,11.7218447,23.1984565,4.51617423,80.1650273,39.6468437
0.918449605,1.53006588,8.58879927,1.68781497,23.6035459,6.90608262,8.8889574,58.3928205,40.6692409,41.8661923
0.418673396,2.57505552,6.65579247,5.16261631,0.144186616,33.6160156,0.509970374,58.8696437,58.3477531,54.982491
0.783488738,0.380863749,2.6483037,8.96045206,9.87156126,16.3153258,48.5653935,59.5191304,22.8132019,44.0693632
0.0211122586,3.3349182,4.4327353,14.1904403,4.26689215,19.6652712,46.567435,40.3324225,54.4531187,49.5618639
0.924299794,2.82656542,4.69119991,8.88334791,10.0442634,20.0658107,46.3881316,8.26524216,42.9363752,45.5749023
0.0205292888,0.143027993,8.71082575,15.7304122,20.3704586,23.4695147,0.182589948,40.214534,57.8055181,54.3744663
0.000632263255,2.50579408,6.48266479,0.26149378,17.071809,1.28798309,15.1516145,0.24195993,43.8166164,69.3175396
0.0582562196,0.449133553,1.32215005,0.668357268,1.68845016,4.00576522,6.66411762,50.7100798,76.3303646,61.1278273
0.797048126,3.95140042,7.17049074,7.88967919,15.3720963,12.7041458,3.50903231,38.2773354,79.9564359,41.9635162
0.633278218,2.02803481,2.65740109,8.78252819,12.4238487,10.9805279,18.6910376,1.65654203,1.90091923,58.7381925
0.0246937215,0.10950572,1.04094953,14.646598,8.39416201,8.18053568,8.52487007,1.94775492,40.394887,62.7995717
0.969522058,3.02894776,7.93114574,15.5847395,19.8711005,33.9637451,17.2373833,27.0371199,16.2933901,37.048359
0.150193697,1.22188727,0.583692465,0.212009989,17.5810659,14.3629228,24.0156568,23.6990451,47.9045943,58.5573109
0.482713497,3.86300782,3.53793953,14.4882134,24.0674799,3.07298305,32.1577402,6.71380088,8.67130044,45.925898
0.959314527,0.797019214,7.8793346,3.51412384,9.18662815,35.5094369,47.783042,37.3384347,34.2620248,36.6463057
0.447115214,2.66162589,4.37929895,1.56002088,17.6108189,14.4467785,31.3148226,62.9859891,57.6095936,46.9808776
0.739278913,0.242755668,8.98766544,15.454268,18.5666633,35.8714652,48.6119537,57.6073927,19.5526838,31.1311867
0.533256138,1.74367623,4.42422579,15.9339926,16.583844,35.5184134,8.13116995,63.4427056,52.5899314,35.4363663
0.961445381,0.0500681959,3.36638034,8.45214136,11.156085,0.461633787,25.4242684,33.5392325,58.0684747,55.9738183
0.93092176,0.00810518302,0.50357494,6.37158936,23.9099097,5.54783682,3.39389177,6.71218857,55.3753677,57.5441861
0.945399282,1.30293091,5.30937677,15.4584091,2.31445552,34.6375849,46.1269992,35.887285,27.3358246,38.2882389
0.396302441,2.62052503,7.11953566,5.39701567,5.69122173,3.40364522,1.44993505,20.9742372,2.53611411,59.9922039
0.902234868,3.44568139,8.02585137,13.3048409,22.5962678,0.680616858,36.9235812,50.4549555,76.4903101,43.7314412
0.995171237,3.37193912,0.406867307,12.8334833,19.3036215,15.7912791,16.3701479,61.486811,1.05320076,47.8115768
0.597117381,3.00732002,0.0619011135,9.55024855,23.4803555,13.4418225,22.744978,33.7566535,65.9079682,51.5608547
0.997946419,1.94184449,1.30571475,5.59599349,6.03533418,15.6405865,48.0983588,47.1722494,70.8701217,39.7219748
0.093419144,0.382211056,8.59773279,12.6132136,9.81414459,30.7125966,25.3314234,43.4069191,5.17516222,51.8653171
0.384372751,0.611300318,4.77999493,5.99973647,8.7044107,28.8440013,6.98253113,0.523362249,35.6264899,56.6333515
0.475455763,3.94000634,8.29467743,13.5886305,0.175196491,28.1194973,44.0873864,62.3051593,74.4350161,38.4597628
0.758570345,1.16712277,8.62298443,15.1098967,0.0523919007,7.99297222,29.7867643,55.0506364,65.8701922,47.3160838
0.0670767809,1.43782396,3.39146177,5.86318708,22.7895858,35.3797984,22.1470267,27.5309165,71.0193228,44.6143151
0.233126725,0.643480316,6.69076371,10.0724461,11.8776383,3.55134203,48.19092,31.0765261,79.9539546,43.1600482
0.0223653787,3.5796787,8.23497977,5.87555322,22.5359736,17.4359426,8.01247779,17.9123952,77.9959367,45.7568913
0.46519639,2.22290165,0.692960677,1.0490655,24.4435548,32.8689507,11.506564,48.0923028,39.65649,48.6519159
0.96325249,1.53839124,8.41848846,0.95196835,24.5813403,19.5637086,26.2020608,19.6380713,11.4728528,42.7910079
0.0288658817,0.595497839,1.19742143,1.88793303,3.89134713,2.6945314,47.6243088,8.82696489,3.5423467,61.4949993
0.177111581,2.85733955,7.43806059,2.63895308,1.38179537,34.3219692,29.0408176,0.027643323,21.0110569,55.9958554
0.242150413,3.28799547,3.014849,1.00816136,0.262438739,15.5633525,45.27857,35.1695647,69.4487524,53.9642071
0.493058339,3.32601368,0.701898732,12.1102047,0.328212185,23.417558,36.6094372,2.36626414,32.6548077,59.9400103
0.121625237,0.621448063,1.52457514,0.950133682,1.40123281,0.7486213,24.6064289,0.326999992,70.7343515,67.4453146
0.561351405,2.532241,7.59270558,15.2936791,1.35224096,3.04391119,4.10421736,47.7794629,27.1253753,53.0564404
0.115811392,1.7682784,7.77377549,1.50158759,8.09792437,2.61333281,3.10940688,33.699782,71.1744105,56.3202794
0.88539364,3.24365942,0.413555362,4.66661146,24.5918236,21.2823282,43.6792033,61.8717029,7.22834342,43.273216
0.0891549043,1.70590521,7.08505411,15.1189902,13.8560492,5.21128965,46.4752635,0.984308392,39.5775478,51.166259
0.394714229,3.84815541,8.88312022,11.7361671,2.75131764,23.6097459,23.1372885,5.75614336,49.9941099,44.9086667
0.00175729022,2.13910658,8.91972765,1.53350642,21.3161595,15.3978713,32.6988762,45.7298336,6.72391144,53.4661788
0.122625806,3.8876831,0.652224602,15.8913669,22.1940972,23.315715,9.83092476,0.460321427,71.6624933,47.0756388
0.707383678,3.98991524,5.637117,0.0452905447,14.3721624,4.2241662,4.84743451,42.8822702,23.1803913,53.2666742
0.464117332,1.68000323,8.58222707,13.3161961,20.7922848,8.54020517,4.3941432,12.2315307,9.28589932,49.454995
0.753514192,1.25212788,1.15469757,5.33685733,0.876758399,15.376922,43.458394,14.6643736,0.161771113,59.1642605
0.999116182,0.582674165,2.26053983,6.92085856,23.2340318,27.8964095,36.6881169,1.54202551,76.9787294,43.6601347
0.235246459,3.14895451,1.07638172,1.32895935,24.7183368,23.1648804,38.3090402,0.0494710207,80.3158604,48.666513
0.534775362,3.8780142,4.01546016,10.3803694,23.2326234,29.8098165,2.1585452,24.3842783,43.74764,46.170836
0.968281039,3.59772268,6.58140555,6.54775278,0.126476411,0.992224418,11.3187207,20.5574074,45.9997499,53.8196134
0.456834143,0.0457817652,3.27178564,14.0466639,3.56222144,29.1683881,28.7186791,32.4429521,66.6941851,53.4839999
0.961810902,0.623302397,8.64760714,14.8146532,21.6824178,23.6098743,26.0763719,12.5150764,46.6884434,40.1971359
0.159349632,0.757063995,8.9427514,1.46272401,12.503763,1.07137371,8.95324817,61.7038319,0.382104709,54.2727367
0.0392088411,3.93196696,1.27972356,13.0025273,8.55624859,7.012856,1.45748004,58.6017489,29.8598218,51.9096442
0.948651795,3.96285987,8.51809061,0.97571224,23.1181578,31.5042548,5.4575464,60.0585754,76.5413038,33.2740153
0.0611077207,0.149850078,5.69308701,8.37936591,0.0044526998,35.7645967,4.86864739,60.5474845,27.3017473,55.7118159
0.355419376,2.13378509,5.68360544,13.0783227,24.0146328,20.065304,34.7947821,39.0573474,66.8722576,45.0204783
0.782686235,2.43019423,0.617453849,0.972153232,4.65526477,23.0904858,2.44322477,1.67025817,50.6616806,63.299412
0.961541643,2.52156771,8.97430503,0.257093035,1.50411868,6.8006967,48.0601579,40.5861749,25.1124693,44.5016065
0.147744286,0.552855367,8.64034835,5.92842998,11.1291481,32.5334956,30.5724456,22.3258644,79.4846916,41.9208021
0.500598334,2.22483007,1.61770765,15.666564,18.6571305,29.3655096,30.108637,16.798484,35.5896002,45.5208225
0.0204694094,0.117456701,4.71322978,11.1163152,24.8588577,4.06339682,2.05586342,10.3137967,40.4762083,59.2381834
0.905353158,1.08211965,7.16607573,3.97303216,10.5493297,3.72086611,6.25663515,1.65487546,47.4505892,55.2184943
0.989434346,1.69221868,2.51836423,14.484617,4.62159487,0.208699381,21.2476219,59.7966655,13.3610159,46.9523474
0.182005385,3.85799293,2.89622336,8.57951121,6.00758408,28.0305697,18.7638381,63.7740969,54.7334714,41.2892456
0.726070918,0.295676328,3.22211492,1.92963155,23.9336505,4.12311522,45.185472,39.4819065,25.821168,49.4024377
0.171224635,3.08974218,2.91789623,0.145700701,1.23699345,21.8143764,13.9163758,20.2812446,3.64341665,62.3985971
0.239424021,3.99809016,8.77793577,4.9180938,3.75377973,21.2772195,24.8099878,52.8517586,29.7512896,40.7033136
0.00869439682,0.506909682,8.16979651,10.2576421,0.297565397,1.70155503,19.1036667,35.6919607,3.52367401,66.1969652
0.778383064,1.13665659,8.52145598,5.52990626,20.5226895,35.7726016,40.9891901,18.7004872,74.7831945,37.70374
0.222588929,0.20851785,1.25886883,13.881783,23.6365378,13.3796355,21.1423237,52.2888981,44.9435468,49.6978092
0.950480323,2.89117224,8.84680981,14.8133045,11.2626184,22.792243,39.7833221,43.4858388,63.9046491,38.5196341
0.427237315,2.31023315,0.199129724,13.8191639,4.20013485,23.9995877,23.2351899,42.8896642,18.4605245,54.2329398
0.527159044,3.84823013,2.70836126,11.4270859,10.9881487,4.05423805,37.538026,34.745815,46.7181753,47.5446419
0.470876328,0.0737744198,8.83501401,14.3653497,22.5497057,25.7809288,5.53918082,60.0972817,8.87570986,46.5286865
0.667487548,1.85287988,3.04242503,8.95554436,5.99062982,13.7021689,0.479969208,40.2840515,78.5371006,51.1794795
0.121055665,2.33021643,8.88214951,14.7320183,1.61218523,30.2359974,0.555326169,30.520055,69.0569994,50.1434966
0.936635375,0.122990055,6.9611749,9.71829184,11.4545782,24.6177622,3.71591574,35.7824238,64.7968248,52.9208237
0.0814979398,2.94349735,7.56005215,15.6382013,23.8274379,25.5577983,46.16239,44.7855413,8.34415484,42.1634517
0.520082089,0.0786722452,5.04995572,8.18810895,2.41750168,8.56906631,27.6271705,7.64606333,75.1609252,55.529146
0.902961279,0.280848123,0.482417319,14.2006821,23.2261372,16.8303802,22.0504947,20.4601705,2.63994,53.7308162
0.343539115,3.44760546,8.78612719,9.67057437,8.34916036,35.0470864,5.96218569,1.90033177,3.63993266,49.2831799
0.341240375,0.907961535,0.246408063,2.45389609,16.6118912,30.3195174,0.17506276,2.97771469,79.0392653,58.9478567
0.262452485,0.155672474,0.87135509,3.31555823,19.6673627,35.0851403,43.4926898,63.5275369,75.0682133,42.2618532
0.326354766,0.178205345,6.96877174,12.7051646,24.5345279,2.60810119,30.4299613,30.5095009,6.55747198,53.0819715
0.9929638,2.97036008,6.39423925,14.1851695,15.8505081,35.2643286,26.6385291,0.989869059,76.8604795,40.0573289
0.00537362509,1.25806737,0.761007976,2.24187557,23.7541632,16.1570269,4.28905231,9.27633107,4.17190133,61.6407533
0.39737726,2.87841839,3.55005997,8.6362329,20.572466,16.4669323,37.7451716,38.0071042,1.77173288,53.4738174
0.782637791,3.17342284,8.36486886,14.8460957,22.3921583,28.8057572,14.1016927,56.3573605,78.6694358,36.5159234
0.340980924,3.4655515,3.4293107,0.755387895,12.1943031,35.4986767,46.6305883,18.6751871,22.6172503,44.2300283
0.665051967,2.11365195,0.333691679,2.41075658,8.72791853,21.7826033,22.0696214,56.3282268,25.9546101,53.3162667
0.0726843505,2.42351255,8.94461714,9.20951397,0.470681139,15.4625924,43.2694284,26.4923182,10.6210138,51.642837
0.879099852,0.124842426,5.00996596,13.3295521,21.5355233,32.4584096,27.8891153,61.8596273,74.363852,42.748961
0.679479515,0.048805181,0.60452188,14.5764139,15.294767,13.1748853,41.2377692,35.5086017,72.2285501,53.0302287
0.594446155,3.42608065,4.80931949,2.19145265,24.6011609,31.2630117,23.7348055,2.44998869,31.5899777,47.8983742
0.167192455,0.0143955983,4.3803475,0.889790968,16.7449861,11.494104,7.35903893,9.62260351,79.8573914,56.2198999
0.23467511,0.738292484,1.08400019,4.96197719,6.17295703,34.3998703,47.1224412,63.829031,8.25802526,41.5685367
0.847283044,1.14450174,8.19176927,10.7840852,0.187739369,7.68322965,0.0555037437,2.41818228,3.02441352,65.5951222
0.0881925943,1.01172817,0.259469235,8.71010162,10.4341556,24.2683241,45.9014547,12.7337506,0.185575902,59.412906
0.972724973,2.35446775,7.96384323,0.556800515,22.103517,27.0867302,36.3060757,62.9740271,46.1622998,41.6400914
0.716881527,2.5113263,8.68771358,13.1592627,24.5764991,10.3968562,43.5045352,3.55734074,15.4733597,42.8323371
0.781642272,0.246633092,2.61535093,0.360999443,5.18380504,34.8642528,37.4256072,62.9295504,72.0814192,46.8995105
0.988850946,2.47137091,0.74436839,1.06582032,14.4408606,10.8639371,46.5376566,26.6374971,20.774504,46.9358475
0.477873387,2.47203247,7.76173339,9.69446648,10.778227,35.5115357,46.7947182,37.6535945,15.1393446,41.1080717
0.932536809,0.584609444,3.44456659,8.5879275,2.02738252,34.8738505,11.9840347,33.5291586,5.78165475,49.3350991
0.762518379,2.58560096,0.439516019,12.3479613,19.0396883,0.0600514915,1.74959651,7.14253566,56.442873,63.4263393
0.0439530192,2.87357577,0.42295096,13.3987272,13.1385495,28.2269671,3.58770453,37.2898074,52.8935239,58.2051596
0.772906823,0.97986386,1.2867702,15.5497671,1.46173366,24.994909,7.39947308,1.23305506,65.7572193,54.6901772
0.421836604,3.23118879,5.82757534,10.7711853,11.4241286,7.67459234,47.4665713,2.17423141,78.8577086,45.4671205
0.261129646,3.22385594,7.53034346,7.9690207,23.9544918,4.52619637,5.14817199,52.6714277,0.867223797,52.6769884
0.0213438575,2.90485373,4.2223328,15.5507653,2.67596183,35.8423438,19.4271291,32.3386533,35.1150201,46.5518335
0.0699218414,0.705554434,5.07006846,1.13881525,6.35622256,5.80684655,48.5507574,58.2267621,72.3808861,47.9780918
0.1843843,3.78768867,8.28784453,1.42745752,11.3727046,23.1054111,0.877357077,59.7425601,77.4649518,45.498387
0.892007846,3.90349341,4.53077574,15.5517428,3.34625734,22.3879413,2.89779577,60.4127796,77.9463005,37.157812
0.0302595031,2.2858721,5.96797328,13.7367895,15.9705403,24.295077,20.9045988,17.7530304,9.08958721,54.6099148
0.000184859149,0.427710885,1.20791385,11.3922501,21.1667809,0.123924879,41.929638,55.4133798,5.91557734,63.1235999
0.151838815,3.8198488,0.447187941,1.57818458,19.6065027,2.1468869,14.602199,35.47334,51.1631886,55.2543483
0.170875265,3.60230715,8.94646504,0.42310904,11.2400515,16.6251824,31.9047839,21.8154029,75.2744766,45.2654013
0.93674332,3.37991269,4.93320011,7.63410033,3.63160756,16.4567248,0.236068761,62.1814434,34.8282217,48.4518861
0.580717436,0.471808139,3.77864958,6.69052843,24.5488295,24.7362628,19.5578665,22.2855413,31.7579945,46.802864
0.732019577,0.212125957,2.70216262,2.21712174,23.6955411,1.38253936,22.2391526,1.87775624,9.4277754,60.3113993
0.864220465,3.81339002,8.20365616,13.9538634,16.5347291,34.8367402,45.0437519,0.441772431,1.10014902,45.8127075
0.176619497,1.77555844,4.07403882,0.65844585,16.4053224,34.925683,21.7143605,1.64152414,6.44983727,56.7474493
0.835716316,3.53648763,3.93214273,0.929390483,6.66538814,0.256921426,46.3844885,56.292521,76.4436035,48.4260529
0.971957134,2.73420925,4.17337787,8.82113401,1.24898335,23.9950174,16.68259,8.2147947,22.8502386,50.425389
0.981352637,2.37505213,3.37755075,6.21423258,16.5734403,35.7269589,25.8591014,42.9949181,70.3535317,39.0102977
0.390428454,3.72412779,7.68532742,14.7519451,24.9094523,4.5562504,6.67011315,54.323815,76.3911378,37.1047946
0.294701505,0.192755168,8.18125918,0.752083063,0.406324747,5.9040379,17.9190342,14.6389063,25.4362768,60.5468291
0.980598265,3.66017933,1.42642339,12.2629373,11.2305406,2.44108121,31.6483776,25.1858001,2.20607087,50.7095561
0.454870693,0.0469578617,2.74675684,6.65285673,10.2546667,0.263917901,10.4372148,61.7394508,29.046456,56.6496018
0.197813554,2.60962804,0.0414012624,5.03291982,19.1928097,33.9158323,48.1736448,35.8509932,65.3603702,47.3657763
0.573363302,2.06807202,4.69463527,15.528873,2.76378954,1.4556528,28.7965847,14.6276032,28.005306,51.4118226
0.744928546,0.0562679954,3.81644756,0.0606569425,17.9081748,11.078255,0.316105161,27.1404843,27.9942266,65.1934916
0.97340035,3.75871073,1.46538523,8.40806628,3.70318265,20.7226628,29.6637335,42.2775445,38.8416698,44.5640157
0.660232936,2.13984424,0.814668623,5.57429678,11.2592167,12.4636908,39.8134877,1.68283081,75.0989551,53.2400704
0.576517879,2.14398958,4.57412914,14.912777,23.5051048,0.427014414,17.4647749,26.7375081,42.1436041,49.3231652
0.762799221,1.46602808,7.95129859,9.73406995,0.802524027,18.7507112,47.915046,55.0895952,3.5772051,50.2772872
0.257636066,0.357457182,8.51141529,9.52313349,11.4134098,0.257874984,19.1982858,0.77029118,23.1405084,59.2659879
0.997838431,2.68204175,2.42040096,15.4291507,8.96300138,23.2765337,44.5101938,63.7745296,63.9388547,33.0738468
0.0961883325,2.54921493,1.4745796,11.1277774,0.865910924,4.84546624,7.82796023,63.382874,75.8906894,50.5905181
0.74307472,3.42728558,5.37466046,14.0770128,0.553295587,34.9040598,17.0582631,62.9915664,14.2456277,43.7029008
0.0911815693,1.95454154,4.4542671,1.54166041,10.447579,25.1438548,33.711386,0.346047461,70.8999079,57.777142
0.597660734,3.53583415,6.22019396,13.8663345,17.9449477,1.0603156,0.98575649,7.32646644,80.9006912,51.8560775
0.0620700624,0.846155895,3.01979823,4.88684502,8.13157058,24.9217594,0.0144650242,61.536212,79.8805797,50.2601322
0.940265832,0.191383347,1.30480448,10.3980455,12.4226062,16.9088623,4.42203684,48.5526367,30.5846025,53.2609311
0.467136774,0.671040051,4.88280852,5.97839891,23.3602421,22.4492538,33.495585,63.0825517,5.62850531,45.7584706
0.979870826,2.7558901,5.05093146,5.34227361,18.113389,9.68915043,23.8891769,63.2117786,0.459558537,45.8140472
0.0210340661,2.07819641,0.555790572,14.528248,0.411837409,31.3219078,48.0525929,2.51988566,60.3934661,57.7762672
0.995279795,2.67005976,8.31245528,0.774955958,1.06999113,12.0108812,20.2544721,18.1715866,2.3479569,53.3715046
0.223115428,3.60396155,8.50882519,12.1333646,8.52925914,1.81205631,47.9523942,42.956998,73.7417209,41.8500682
0.188538639,3.07565149,1.06778637,0.507591263,4.82242521,0.72069989,22.8708179,44.1950236,2.23057492,64.8630893
0.620101781,0.20252765,8.73497273,1.22085424,10.7768471,2.11663717,8.60337118,61.2040706,61.7802389,51.4509575
0.127100007,0.67928418,1.64072603,15.4354975,0.635513384,8.74576526,2.82673471,36.4803935,7.55935501,58.1677945
0.652337911,3.37310605,8.53493469,8.26197049,17.0907715,28.2184188,4.03511515,2.84777907,69.1319483,50.3175087
0.113428777,1.58982934,0.588773051,8.01539869,16.8840973,30.2736263,28.3608543,49.4740107,27.460671,53.1929702
0.455784822,1.5019885,8.82172925,1.42843012,11.9140606,21.0485226,36.0965647,7.78872243,31.7138663,48.7916447
0.0753861438,0.0596747324,6.64476232,11.5915771,5.68261545,11.1137181,27.5771392,61.3607709,74.0082805,51.5376804
0.907861317,1.70061923,5.19174903,4.84609702,13.0510807,35.2988618,32.6272567,9.53922436,7.2695385,46.481879
0.632030543,2.14932924,8.49736744,5.78593413,19.0545818,0.512910683,22.4445157,30.0092026,56.5339829,51.4626889
0.956796022,3.48297454,5.29446862,2.01628251,24.4691003,3.12213151,29.4875304,14.2679703,73.1244457,42.5939142
0.578432062,2.83069402,7.81728801,5.61717242,12.213722,1.47762918,41.532477,40.9356979,7.94071508,53.3085827
0.590866763,2.79073989,8.92184021,0.65486499,22.3685609,33.6999396,9.36994896,57.1196433,12.4593204,43.6989394
0.101049336,1.34474182,2.42041122,15.735694,9.07563575,13.2623681,33.5108183,13.4831495,64.9179933,47.1343013
0.809897044,3.75845075,0.634025387,0.114980355,19.4919153,0.8933823,4.18721048,13.644525,14.5940968,61.4597008
0.888913694,3.88980585,8.92562708,1.80325242,5.09915505,2.15835792,32.0154845,19.9153297,77.1345719,40.6720413
0.821324638,0.0127326846,4.49601835,1.03186178,22.6575846,8.67612132,26.6383603,61.2848032,78.073949,48.4113779
0.961146113,3.93085205,4.11826625,10.1347594,23.2839907,13.0063152,6.99467163,11.0316467,1.12153563,45.5132754
0.054068978,2.94925095,0.136576817,0.793903329,23.6456999,19.1211191,44.4374661,3.25580812,0.464502573,64.4367285
0.235730581,3.69547457,4.14248845,13.8726843,9.69591907,13.4090568,8.1912732,38.8293159,76.3338299,44.3328252
0.475102107,0.164435692,8.25902762,4.40387107,24.7828989,1.70279015,47.3585972,63.9258687,43.1268975,40.3312174
0.964653295,3.7117151,6.29015947,8.37371286,1.55016306,5.17043023,42.7673575,13.0309747,4.54505067,49.620633
0.444853109,2.58478385,5.53971883,1.87449593,1.02051012,2.46762931,1.96793279,0.0606580079,75.2782848,64.2977999
0.627673867,1.25876099,8.99081063,13.4296787,0.951803092,31.6145742,30.1465351,16.7387814,61.6340329,46.015813
0.641878347,0.197526332,8.60639247,15.356738,7.33625613,0.657822104,5.46637188,61.7954002,4.16476875,51.7162474
0.0474653552,3.00089654,0.153156607,0.183292389,13.4299718,25.251674,1.20482991,16.4262647,55.978587,67.1843679
0.972272778,3.9543138,0.342212546,1.00668091,11.3845581,21.9864861,31.130761,54.4647036,76.2844823,43.5006433
0.235263699,0.307945877,8.20431545,1.65277222,3.34793856,27.0767655,4.35185584,43.9394866,74.6092402,52.9690065
0.00427064533,3.10694399,5.41700195,15.2032173,0.738463865,16.3615492,27.9819493,51.7500121,3.10427895,59.0722139
0.97011949,3.19306085,3.99099245,15.3069452,24.7299594,16.4552042,14.4502679,28.2814824,79.5754026,32.4055316
0.231872023,0.292375101,4.38372234,5.72686128,17.7461032,12.609673,47.3324353,1.62063137,48.0322372,53.096156
0.0812472869,2.09260431,5.40151747,0.540699125,24.2659171,17.6671901,6.07537338,54.5965096,44.9769831,52.4584666
0.484088352,0.291740053,7.36889176,15.9356334,9.6725069,22.7858705,41.003788,19.1548705,20.1352256,46.0665827
0.0499193985,3.98132402,4.75390866,10.5651104,24.7034456,22.7666806,43.012335,14.7784844,78.4529236,37.8968245
0.510572449,0.764575193,4.98435699,0.156323947,5.21340416,31.2245098,24.9577761,33.1004541,39.654795,54.7178453
0.939818125,2.09292028,8.35015282,7.14376578,1.98668097,21.8118281,4.62097564,63.6571666,78.4681782,39.5294317
0.573571991,0.0978093911,8.73548307,0.469251216,22.9768467,31.4814416,22.5788792,35.5571533,51.9855859,50.7084798
0.0346098324,2.74980932,0.101738761,15.863751,21.9733727,9.32460114,14.3888067,23.0855463,38.9522572,52.5283424
0.943978111,1.76046201,0.191225783,1.65640536,23.7576409,28.3262473,20.7410137,10.7318127,22.2438557,50.3337606
0.0565485191,1.64384114,0.0854769764,9.9760751,6.08476374,23.9387883,4.37609368,0.00837606192,16.1702233,66.328261
0.0836770945,1.44370694,0.860774232,7.16893372,12.9202387,0.651215924,1.34210854,21.9666174,51.8139352,62.9744096
0.96340193,3.58494493,0.3812266,14.7119496,24.5897621,7.38959988,44.9238049,55.3651467,32.9327807,38.0290627
0.762197931,1.04248649,2.40859879,14.7909839,0.102583901,34.7437805,25.4780834,62.8862202,41.3905888,44.3994286
0.92027239,0.0722251963,4.24996776,9.25901878,0.513574644,9.57462565,0.998128565,22.9182595,44.5336981,61.4425372
0.0889841388,2.2256859,6.98140373,6.13764499,5.31158821,31.4828354,5.46356239,0.121606857,75.7431501,55.0971179
0.55689728,3.09031296,6.5021461,6.34564129,17.4892652,24.5944968,10.4910154,26.7698776,1.68611948,54.3763621
0.434401366,3.93504223,0.573223572,7.41081398,14.9226427,6.99335787,45.4143744,8.34706661,1.45369342,51.9093881
0.878584306,1.46570355,4.67900375,12.472819,22.920373,32.7012504,46.1621042,38.5114228,37.3150781,41.0619829
0.460252625,1.86345233,6.8473489,0.698529333,19.0351611,34.4922593,4.63058742,18.6550801,80.9127366,46.0226104
0.896764701,3.69733121,2.35286273,13.4469206,3.74209209,26.4121989,40.5985613,19.6184194,79.4491744,40.7422327
0.987369914,2.90455163,1.79838507,6.14744071,12.5563237,13.1516829,0.455949556,25.0046496,36.8868658,50.5115835
0.126404404,1.9152565,3.86089196,0.0198339298,20.8575921,5.11176016,23.6194269,29.660083,1.28479173,61.8129516
0.182895754,3.71572422,4.89811591,15.3494149,15.0249498,35.0360132,46.6495511,50.9463693,80.5305312,31.1323195
0.140277081,2.54761723,4.05640201,1.68646367,13.1170267,11.3305641,39.186579,63.7831037,3.32158209,50.6236834
0.00800263742,2.00130871,8.98993253,3.19293402,24.4406198,33.8351641,15.7924327,51.4832887,80.5363683,37.0421433
0.209057502,2.51774985,8.59892339,0.187380269,20.7815397,0.48617092,47.7404955,63.356307,77.7742279,42.9965647
0.950805876,0.777426046,4.94898957,15.4092672,11.8021232,11.9293279,16.625261,29.7286071,0.88602239,48.3955741
0.952520859,0.0723361224,8.44472168,0.777375423,14.6073917,9.26165739,44.4753193,2.20935688,16.0240812,54.1844406
0.921757446,3.9095551,8.75819719,7.14682379,7.29286028,30.3880251,48.3699596,57.3529445,34.0928315,31.6058766
0.457369205,0.0169331841,1.34105757,5.60824811,2.85309455,2.82266534,38.8411417,32.7425518,40.5859591,59.7916304
0.971040168,1.08843434,2.96071706,15.5939105,10.7082442,33.7824207,34.2254475,21.023341,75.0425181,36.3167669
0.993247244,2.0257222,5.20446312,0.731925004,21.0367735,21.674604,1.45670541,41.5971146,64.1738783,51.1166936
0.764356838,2.18150263,1.1582246,14.7214865,0.0357306563,0.756201089,2.00314605,5.06200856,26.8032829,64.6582081
0.187655735,3.7197783,5.20642933,11.4804093,11.3116812,22.2122428,1.58619015,4.04627341,47.7358805,54.626173
0.0740089361,3.47275592,5.8698187,8.96506835,6.09967318,24.7782075,48.0934342,3.06717435,37.9677941,50.1856372
0.583235302,1.74287039,0.951067471,1.05065177,16.1005791,3.50455739,6.9361995,7.45148963,67.3138165,58.1341427
0.559876815,3.398533,7.07441291,1.16942063,10.0820831,35.3819225,21.7393099,37.3315962,50.7997248,46.5814835
0.224785996,3.91292392,1.15261935,7.24169229,23.6287029,3.7570078,0.0410457016,5.03524187,24.4394508,53.6388749
0.764320912,3.76628508,8.89502739,15.5117689,3.5937833,1.03101253,16.6431107,37.5649879,74.3578653,40.7000846
0.996613454,0.329290358,5.36187456,0.0457578674,1.64449638,20.2328515,45.6460124,37.2646468,3.69439974,55.8131147
0.176172384,3.71704116,0.699346187,15.8424241,11.9086056,33.0244665,41.1174653,18.5975926,73.0750896,40.5530303
0.658759374,3.07516481,0.663781654,9.2058053,3.07758114,35.8650079,47.8938671,38.1712044,9.4060609,45.3060792
0.0995871854,3.04729703,8.82253056,9.37098418,15.8298297,2.80404709,4.9263856,48.0165909,49.1600608,51.0732861
0.923485756,0.100427927,8.75739921,15.3040716,24.26752,20.460405,8.20374072,56.516322,57.9948288,39.202326
0.940812132,0.918029843,2.98704775,2.33147824,1.80432202,0.345796354,21.5046386,5.82651505,7.89556336,59.8171536
0.147226713,1.75744375,3.05346005,2.67221661,24.9133913,27.888096,42.5078683,12.7239395,34.4888028,45.3238621
0.110211067,1.26960912,5.22095141,13.3872189,10.9193874,31.887386,48.0420288,26.6164251,58.5431455,44.6994829
0.339613634,3.54540805,8.26451403,8.33299803,7.34035675,27.9011932,48.1206538,24.5915588,78.8847347,37.1266044
0.253153565,3.00789859,3.94093118,7.52048321,19.9394618,32.4508185,1.23315751,62.2737525,54.3698985,47.769712
0.964774726,3.87530695,0.638966498,3.75098396,4.3552116,33.1796703,14.5892778,7.82518164,78.2507727,40.7369654
0.942297301,0.762966976,7.16841984,10.0127759,19.8831591,1.80698864,30.0235012,3.8990714,75.5489189,50.1561752
0.98466202,0.858287698,2.79301782,12.8898455,24.4261845,8.47139357,47.2465347,35.9299627,44.1485301,37.1584135
0.781342066,0.0644303225,6.48096914,13.5970854,22.210075,14.0123939,41.2477488,62.5808238,25.1938427,46.5969986
0.302623847,0.795966559,4.07238569,15.2646642,14.3919956,16.229449,44.0320375,63.2865014,50.9150209,40.3031743
0.414200931,1.90019257,1.20699891,0.0544291809,4.36131899,0.990984567,31.9556455,50.329499,80.8597568,55.5543455
0.748181639,2.75520358,6.08991763,9.32566339,0.663486449,1.75212625,48.9808144,26.8376501,66.3001204,51.201428
0.0199350477,0.193388719,5.13945815,10.4412043,20.8129449,4.55842207,7.34959643,58.3407754,67.599702,56.5155779
0.636636444,3.79483926,8.69257301,14.3546914,17.6525226,15.7648793,0.444114283,21.196739,37.4521713,46.129231
0.858688547,3.91365184,1.67973662,13.0372077,19.2969475,34.2672267,1.74048271,63.0764948,38.7886388,39.9076656
0.364251713,3.91419102,4.06887642,6.4107255,1.66167714,4.04296664,24.6909809,0.412204266,20.1450735,55.2129937
0.773215411,1.72565913,7.09435146,4.91552876,11.3935891,24.5554726,48.7666733,62.012227,80.366116,34.9258376
0.964987814,2.20075586,0.2333355,11.8573374,9.79692246,9.9011445,22.506801,53.2951964,66.2764112,49.0475964
0.664476789,3.44556499,3.62422303,0.562743873,3.18166859,34.9978366,6.31495278,1.84352237,10.2268634,56.5265306
0.102095377,3.66798799,8.71701039,8.5220099,20.9693115,8.9554811,47.3270163,10.6608204,51.1419547,41.7263312
0.0244073486,0.857232146,7.87653887,15.9802168,5.47465164,17.9570206,21.2958755,31.0598061,48.296891,48.1657339
0.67781634,0.236879869,2.78988886,15.3992941,24.898937,2.06535594,11.4841829,4.78214264,67.6747075,48.8485697
0.990598011,3.92310313,8.0871677,5.38237576,21.2333541,27.3334615,45.5806767,11.0144845,41.0587649,35.534169
0.131315638,0.0877051913,4.6375866,6.96543338,18.8105814,35.1970494,6.54631635,24.7364261,1.40979109,56.877523
0.17906383,2.10317281,0.0573255248,0.835724116,21.8987712,3.81342633,16.6821531,62.625301,80.2829645,49.8471848
0.302311677,3.80943217,2.53448705,0.220059633,3.97227787,17.3868803,12.653837,17.0290133,79.2626341,48.2374404
0.561370283,3.80139635,4.65392759,15.2195529,4.72719867,0.0405005515,44.4984908,62.8697638,15.3387865,43.2507873
0.475222955,0.288833093,5.44003785,15.4953279,21.8388183,28.8271056,12.4723546,1.12906766,40.8039525,51.604135
0.803278053,2.77695299,0.55984647,7.71488013,24.9848437,29.1866505,5.49228152,54.5638256,78.7439082,42.7387292
0.551093521,0.915251228,5.91160716,9.56724027,19.6986466,0.219873363,31.865811,62.2822962,74.1053773,48.699658
0.00934857829,0.486221265,8.82181229,3.90970223,22.4458621,32.5490572,43.5624038,57.888519,5.4923107,47.5730614
0.897063354,3.77519283,3.74821359,9.29021264,19.6935796,21.5887752,47.0189862,32.785972,73.1925438,39.2838547
0.893551555,3.68396728,0.9856355,9.91263134,14.99221,34.6665588,22.9390108,5.1658344,48.3199831,46.0998463
0.573392149,0.00741502084,1.4045744,15.4345476,0.689352688,15.7689089,43.6256428,38.111115,27.2232733,55.0505322
0.813949806,0.217530726,0.0875375583,7.54443157,23.8459513,5.62144546,21.2792968,51.1243691,59.8274961,54.4882827
0.0593134496,3.52458773,3.92851076,4.40958044,24.7163724,11.6213777,27.8954411,8.72220838,43.2290959,47.8352236
0.966882423,1.57156587,2.94201309,0.735922486,1.01440792,34.7816935,10.7830355,37.1959168,80.7133059,44.1841284
0.25995872,0.504825184,1.34296534,14.6106381,14.0550555,33.5782474,18.516089,1.18476817,10.6295344,53.3628959
0.407094049,0.118756898,8.88115809,1.10927328,5.55621714,12.0117497,40.1224305,63.5941863,34.7910716,46.3852516
0.929274269,1.25057964,5.60712397,15.8801791,3.39141255,35.2379455,11.0936866,8.60772756,38.0663612,40.3913692
0.523026713,2.03985807,8.76274851,15.1364386,22.0680555,32.8448545,48.2777129,16.3539047,55.7847333,34.3740535
0.00633911323,2.16590429,5.29522955,8.75194782,9.35481621,2.0102246,24.2887489,2.61525133,63.9509759,61.5555933
0.126569574,1.01934051,0.125821482,15.4340403,12.3686765,7.69934418,25.6945652,15.0947003,0.793762404,58.0217112
0.952691702,3.55775215,7.06582755,0.646456354,1.54990014,34.8071224,4.501042,54.8740611,35.8734619,48.2380907
0.913550343,0.162481001,6.34090308,4.54755368,23.0228503,28.8650526,47.5554123,32.4097813,9.105767,46.1671994
0.724459935,3.99250019,4.38897777,2.75438277,7.67372325,32.064096,23.4954648,60.4437633,8.01016212,42.313046
0.755459085,0.0033972133,2.46816872,2.68754777,2.52413111,33.2229802,25.3556746,63.7678261,2.34511473,54.2977247
0.552632779,0.396476045,8.03901518,6.62773099,0.429322839,22.5056836,1.39478263,26.2682217,22.7849479,59.0635561
0.99726319,0.00972855278,7.89251972,13.4736421,5.4725562,3.24299309,1.34050767,50.8243411,76.8254291,50.7771845
0.151481148,3.77464408,0.996814633,7.93518413,10.3745487,21.6584099,22.9952895,24.5961642,14.8487527,50.0155284
0.0204243288,1.08677347,3.15379852,8.69644799,1.87707,32.9982574,29.5532707,49.3988703,49.1237665,54.5961977
0.883452626,0.753133396,4.3042212,14.303578,0.368170662,18.4958047,47.6240062,2.18319133,26.4473703,51.9149999
0.84783435,2.20765081,8.97117529,2.74325036,15.3261563,16.8614217,46.1605037,3.37716073,70.7995454,43.2700825
0.593468478,1.69885417,1.44449619,8.26213027,21.2866837,22.0216211,1.8857043,50.9808414,3.79785893,56.5543847
0.140938667,3.0246859,8.76590108,13.3324902,23.692763,6.144761,36.7473843,22.5811219,1.15907349,48.0149156
0.576218834,2.03976876,5.38541973,15.5545844,2.96834032,20.0099377,42.2262404,38.4296769,80.4688149,40.9542232
0.79403799,1.58600356,8.91417366,11.5853014,15.8763012,11.5117257,18.4751901,63.3722373,11.6345256,40.4863161
0.0171986073,0.227973821,8.00101194,7.12485952,5.49061982,8.42012935,1.51620738,3.7843341,64.9305318,63.2124672
0.00559133664,3.89437966,1.88750333,12.9218194,14.091124,6.51053121,25.1778672,0.540842504,2.45525852,60.646825
0.877793027,0.269652555,0.113602616,2.34518436,11.7398269,16.2296919,0.588070922,45.332877,67.9175658,61.2544178
0.997698296,1.26106541,6.134247,5.84762422,14.0942352,9.80802985,48.398049,33.9716664,22.5235384,39.8803255
0.907180496,3.93038392,4.4156764,0.485682741,4.48410711,20.7191161,46.5290782,30.3247846,46.390371,44.7550844
0.982269189,3.99302778,6.34020873,15.8010384,0.0812507235,22.4365099,35.9641284,44.546743,31.7798973,40.1396449
0.916032424,3.02777996,8.76983194,2.78287632,5.94114859,4.15356374,6.73174914,63.3570512,12.6048754,42.6413609
0.676662475,2.66485048,0.319688738,0.0153099671,2.05408934,33.2346226,46.6878657,60.027866,71.3102864,51.4805295
0.863779377,2.15993431,4.53593059,9.57406374,23.8894362,14.0457794,20.9795397,62.8563496,54.0016977,40.7258993
0.979307061,0.855100379,8.26214932,1.67741291,0.435475132,27.4039867,41.9276965,12.7938529,63.6428578,48.8073158
0.482708814,3.54813733,3.47428123,0.434923232,21.4918077,18.449523,17.8744319,59.5298082,6.94419725,51.149392
0.655918193,0.068302881,8.92467234,5.27657475,17.7996774,13.2159765,1.24822038,8.93372143,6.39903643,57.2135854
0.0250422889,3.54300142,7.25589998,15.8416674,17.0366714,14.8835275,26.4692379,60.7096775,75.3673467,41.3816114
0.631072651,1.75220987,3.13042778,14.3994825,18.9102337,34.9893141,7.35294123,3.76589346,77.6731785,44.1140461
0.641813487,3.83708035,4.07131859,15.3805367,7.3131256,16.8507147,46.2252539,16.7740455,1.74947531,44.257129
0.952792761,2.35172939,3.41055321,0.298190922,5.77315741,6.41743834,2.56727145,36.7428675,1.7387818,59.7331588
0.514377722,0.585482842,0.472768378,13.898902,23.1970799,33.5835805,42.5187297,59.1539659,31.2668634,44.0733799
0.958680605,2.17968371,4.37441743,15.7044224,12.854318,25.2334454,25.203964,61.4185501,7.05152599,40.2165007
0.758203941,0.534564693,0.964780843,10.7940159,10.9760592,35.4637954,32.6794143,2.50373799,40.9105077,51.5007116
0.104484209,0.264427783,0.534938417,15.48439,9.59717465,35.588729,48.6853056,3.82839629,30.1933639,46.2141672
0.621172637,0.194074003,4.05398334,9.4187717,20.7750313,22.9683117,0.565501042,61.8788734,78.7539573,49.4378986
0.534890475,3.61685334,1.02188145,4.90945584,1.9129235,0.727477061,30.9067006,63.8919062,49.698606,51.1307831
0.46314029,3.99544612,7.79145092,1.6277401,20.9810529,5.12161988,4.17221931,4.55834502,5.19511693,52.9259824
0.0177908531,0.0434691254,5.8175798,0.113177709,22.1527512,30.6571788,31.5836435,12.1425421,60.3760937,62.6352781
0.0615894776,0.53740093,0.219200024,5.50187318,9.34778728,11.8956363,29.8882199,42.2034166,1.04210396,63.2718544
0.10405376,3.326177,6.87798412,4.05164419,24.9747298,0.408781193,41.3580652,52.2463038,29.9039601,48.9913794
0.0273991367,1.98916191,8.6493403,2.59979767,23.1242488,34.9202748,44.9955926,31.2498022,39.7733457,42.4490044
0.702085669,3.81532515,0.381977493,5.14795891,15.2273024,0.390396511,12.7865044,49.3444836,26.2433474,54.9997691
0.968419533,0.908347216,5.83123067,7.98910749,1.45236683,14.2983006,15.705407,61.0948527,6.56678235,48.1204592
0.474689801,0.445940213,6.56362812,3.37382425,24.7877074,10.0782088,6.06342494,48.3041964,10.9205242,49.1167967
0.812124676,1.51771703,0.607659268,12.3187866,2.88431341,2.38382855,44.9254706,27.9309457,75.1831929,51.3437728
0.921701769,0.166515736,5.91744315,7.9412518,19.7172746,19.0573424,6.469407,0.422532618,77.8431703,53.5476939
0.585767638,3.98675035,2.95438431,2.37697049,21.4735668,8.98134496,1.99357462,50.9501653,80.2768498,42.8738062
0.178247419,3.21750261,1.27440943,14.2208973,4.09522081,4.86171393,36.5130994,63.5570701,55.2790481,46.1597601
0.994586045,0.0306591839,7.40003259,2.39589491,18.4464495,6.44627309,25.1966822,29.5667737,41.4688597,50.6709242
0.00987553457,3.91243825,0.786580354,14.3217913,3.66557538,10.5484756,32.9796022,0.227514178,60.5358361,57.2166042
0.0470038899,3.97751315,4.64294873,7.18110465,7.54035461,8.26558348,43.0949256,35.8068869,18.1593129,47.3371215
0.132405242,1.33964136,7.5425931,5.97738115,21.6327998,10.7515602,23.7826832,29.4620073,80.9451422,43.8199203
0.0377762704,3.62310868,3.57224878,15.6182411,24.6524435,12.4109113,8.41931005,52.6943055,1.51002693,47.2802923
0.999310174,1.62434807,0.940363261,1.21837084,20.5604947,14.738499,40.768306,33.85225,74.3753117,45.0266277
0.547418451,1.8476054,1.58399998,0.511515141,7.86714211,33.2026629,1.57322777,39.4960164,1.95939247,60.5968104
0.0273104375,0.0260946397,5.78837071,7.37145032,6.19602937,16.798513,28.0508157,27.506024,27.5205504,59.5870159
0.491786949,1.85301409,8.11743418,13.7177158,15.0772336,4.41435194,43.573291,40.8840476,43.2695591,46.8598185
0.64077607,2.09364292,8.67708721,15.6529788,11.8967837,34.9097496,0.220465103,39.6499367,36.0526245,42.9518126
0.35379103,0.663352935,2.18874993,5.90238007,2.0342332,20.6745754,7.6059249,53.2633531,36.9247664,53.3898847
0.9534033,3.39702905,4.20134581,12.4781429,12.7298508,0.868049791,12.6758175,51.5460911,39.4288775,49.3765729
0.25994938,3.87689993,6.87837416,15.7057967,23.9464025,24.7493189,24.2314799,25.4463982,37.4817679,37.6462151
0.504308211,3.63243508,5.25692777,0.328893729,12.0576537,4.30011404,27.2449428,0.985312105,60.9278753,58.4790826
0.449584692,0.67970472,8.54378315,0.645990499,14.316111,15.6644306,5.56063924,19.1525478,51.7262608,52.6702102
0.373802772,2.01272242,8.60773261,7.39894755,3.29911964,33.5574411,32.5479448,60.4838667,51.0647516,41.8731872
0.100608144,3.68430499,4.75634484,3.3561047,9.45585735,35.4160252,17.8795771,44.476964,5.48616122,47.7544178
0.99544813,1.98689579,3.95465879,1.68947657,17.2384894,3.29970156,24.6144943,49.3797586,47.5908104,48.1010097
0.993782401,2.00322864,0.593273994,14.4995957,22.9770661,0.791852257,33.5661944,13.1003681,22.6381918,48.146394
0.0911629824,0.704983425,1.47694349,1.75869377,9.94718593,10.5897278,45.671194,14.0512506,80.2008301,47.6993818
0.543650508,0.536332626,4.82050716,0.469082467,18.5453607,24.30435,37.0367019,37.6795255,80.7276139,49.529754
0.274018751,1.73260025,8.577769,8.11289392,2.20018892,5.14824556,25.2665759,27.8737486,73.5232514,47.8492921
0.351692009,3.55037767,7.19432149,15.9312517,19.6064868,1.76258087,43.1425907,58.1511337,2.66201317,46.2101436
0.0653625317,2.19228262,3.81155678,13.9285685,2.26576844,8.30907128,8.93017352,3.16919208,21.0236026,57.8281786
0.259321959,1.6966515,8.14883948,8.08023105,19.4426403,32.3354024,6.95221803,39.0901352,35.3145992,47.1674541
0.429066633,1.29160831,0.136807052,7.67309407,2.64393574,16.7444029,15.2161861,9.71689451,60.5551723,57.2729228
0.183783534,3.39939705,3.74908977,3.46985609,21.6739781,35.3512162,5.29454093,1.76240799,66.8137022,49.3340469
0.379541669,3.82733816,4.66319766,4.2011473,1.0666077,2.12495711,2.93203125,43.9500933,57.2302003,55.9525951
0.797004399,1.01172221,0.0342106749,14.1845579,24.7886461,32.795936,7.20981775,61.9191665,44.8422809,43.3830675
0.151756457,2.28309952,0.120608751,3.68227965,0.115696574,28.097732,36.1811935,9.5589127,21.0672527,61.9557784
0.113136769,1.95872819,0.775393514,0.0689553991,10.8334268,3.46187394,10.5012857,60.2244099,40.0656302,58.3012861
0.568216446,0.0552397818,0.933777206,12.4328935,24.4394883,6.45138676,44.1778774,0.76490283,70.5229941,54.2848566
0.100678782,0.433126716,8.01161606,3.9663404,9.81740394,1.59563674,46.0963088,2.17087919,7.55132959,58.4465833
0.526591093,1.66600417,1.19714046,9.49268064,11.6930851,0.980358225,33.8653762,52.7375041,29.4032982,54.7098008
0.988504441,3.17652717,8.75719111,9.08630296,14.8342085,26.7003472,17.3348649,54.9543083,41.8403561,39.2617162
0.658241554,0.263192598,7.82548401,10.5061449,1.21382957,1.20033899,19.188221,35.8267529,35.7359191,58.7553775
0.615579015,0.146047065,5.87930215,4.32221099,5.31272023,22.8801367,41.4549954,4.05954254,5.98823721,58.6726461
0.0726188049,2.01701621,8.98076604,1.30644951,8.58894912,6.43366052,30.6691191,32.5026146,39.7958407,49.9947126
0.982627678,0.0935179703,8.45218678,15.8280228,8.71652911,34.1348727,11.9852676,60.5946218,57.9766223,35.574748
0.616446284,2.45080755,6.12568694,6.08062461,7.90272775,30.4491131,24.8312557,7.72611565,76.9825124,47.2216009
0.393348898,0.0596827977,6.94975593,4.52953969,24.9587431,9.49628237,21.801901,3.33048609,49.9665254,52.4661516
0.564645326,3.97597821,0.597875005,7.97371626,22.2642223,28.4880881,48.0423314,33.2596978,24.9835611,40.9993597
0.576687887,1.57327489,4.56994774,1.97637481,1.45544981,16.912839,46.3932643,56.9384125,45.4335599,49.5754423
0.374699239,2.28046154,8.36332695,0.775327839,10.8359303,28.0531865,46.1483614,56.829807,3.24875414,49.5518311
0.35735218,0.072332941,8.32441473,6.11270105,0.260133937,31.7823457,46.1196858,3.34278098,68.4955172,55.0619107
0.415823568,2.98681957,7.82231069,11.69037,0.0762840966,10.2338089,37.602908,51.0358267,39.4115147,53.3178632
0.965584673,2.32639452,8.35370756,1.35648739,22.630478,0.63895149,14.7785258,2.19822598,22.2547242,52.4898846
0.902753735,2.32809092,0.504358916,13.7961004,23.5299401,25.4915161,48.8795201,43.2241419,5.25510121,44.3542464
0.0423091846,0.361860836,4.03891249,7.11515501,0.640948944,32.2976096,24.3965207,0.422243387,71.6908223,61.8254922
0.626581925,3.84964002,2.02469573,0.108567022,1.07177504,19.1852977,42.6005151,62.5080474,16.1394667,50.0917921
0.793833314,3.82602549,0.0234097294,11.4619049,0.367913675,12.276189,13.4870164,2.98399419,50.6127313,59.7189506
0.167311071,3.98871454,5.23195051,6.0306142,19.5825945,35.5175179,36.6461728,40.784834,38.8607803,39.9790419
0.892972329,0.743741807,0.154235899,0.431565173,8.30603983,35.4403783,35.9862115,17.3148098,2.54255388,57.0381653
0.138992688,0.200412192,0.737332377,14.836018,7.74269912,9.42358758,24.8218004,56.1627887,70.8616312,51.6080754
0.214955793,3.04807386,2.19912063,11.769752,9.72169618,25.2687669,0.224106441,55.5845904,2.79877231,58.1048957
0.00277152285,2.32393823,5.46723447,12.1062464,21.3795496,1.57067096,13.9741889,9.39426423,1.77040572,63.2182459
0.138494675,2.71998714,6.35356266,14.8047455,11.4967283,0.73925791,6.40768693,53.5435255,2.5727388,57.4822418
0.252125539,1.8957674,4.86602105,0.383763418,2.98712911,6.73780096,30.2449918,2.06040096,6.52935735,62.7477577
0.640918152,3.64553876,5.78251131,8.29782398,8.63684243,13.5513803,30.0111539,52.8502406,78.4598622,43.2315432
0.985380738,1.17628796,4.21124265,4.18692408,2.55156952,13.2897232,22.2912994,58.6033465,63.8432241,44.6341782
0.630509806,3.91324847,4.42582988,15.8628032,22.0825836,24.4547304,47.1667177,11.7874573,40.2395587,35.7363235
0.0141059365,0.313900294,8.37504013,14.7545327,17.861512,33.743126,17.31231,7.82888699,76.0686583,47.7180607
0.331849708,1.59219473,0.0377638894,8.35144829,16.8616816,27.7673342,23.935902,0.920456678,58.3647891,59.7705126
0.0364919473,1.28063077,8.01303323,14.3102539,0.682363939,26.6266374,46.1335511,51.7131616,29.244428,51.1191107
0.993363654,1.8517471,5.20554422,1.03416843,8.23250875,19.8354876,20.4702231,18.3371366,40.8219991,47.6887856
0.000451248139,2.33650991,3.87472103,13.2201992,24.8260039,0.931672359,47.1180503,31.4402186,40.1882967,50.2270533
0.567918902,0.0519478135,2.44552856,14.219641,21.1033569,13.1309531,16.2357623,55.4550029,0.2958267,56.757057
0.951863899,3.90622476,8.81886924,11.9739947,23.3256653,13.6183522,43.072806,62.2384017,31.4084347,29.3139201
0.664786266,0.251091112,0.198702289,1.04778151,15.7248168,17.2744035,36.6144012,47.3348695,47.0200227,59.6936554
0.540908433,0.192121456,2.21693216,15.9623608,11.5581288,10.7574406,11.3017389,31.7722877,56.749441,48.3664536
0.0151124746,3.98144024,0.148845451,15.3697695,24.5554046,3.86600969,43.5894733,12.1180646,25.7080485,46.4504132
0.503421311,0.00786698796,0.496050032,5.53402539,3.6948522,35.1085035,38.9521986,38.6643399,50.0681255,54.8117762
0.0944048274,2.64773522,1.09296018,0.678778284,0.354082347,1.5292901,47.3377613,54.5353181,39.3506116,60.3836216
0.0682620965,1.12422526,6.4215626,14.582548,1.38218625,7.78226521,11.6121293,61.4614573,28.744904,50.5619664
0.112232471,1.16458747,2.74863052,14.6366918,23.2474088,27.6466335,6.76368186,60.3442841,78.9542823,40.4283616
0.93780275,2.60328524,3.1840016,15.1376814,4.70636323,35.779421,0.993006811,38.4855153,53.2257164,43.7961533
0.380024046,0.256556606,8.88047484,12.694596,21.993082,18.3309445,0.250776905,1.05461311,77.0545472,52.8025594
0.950044767,1.60956299,8.83171232,11.7137773,14.7740002,9.53413747,5.78265494,28.8413053,80.7698617,38.1812228
0.562602531,2.64295146,0.191670593,14.9469578,21.1247,25.679401,34.9707032,60.8764513,58.8720652,47.2491054
0.969997113,2.96591888,0.44679605,5.86880917,20.4307157,5.81625403,18.7580836,1.45073682,79.144286,49.311166
0.959706074,3.11991653,0.983375303,6.37995539,18.609791,35.6500402,30.2524155,37.0246931,2.5530809,46.4815269
0.903314551,0.030623056,6.03383026,13.4848737,0.425717118,7.23975675,47.0831767,33.8945804,2.8013959,57.6601047
0.679493891,1.01533048,1.48356207,7.51589311,24.3990921,0.779648373,48.3877851,0.659386128,13.0393061,51.8962722
0.816886431,1.64101368,1.16288803,10.0605369,24.1298572,0.734721138,0.623605103,57.3792121,25.8407729,54.485086
0.00884278911,2.48302605,0.492324754,6.22602434,1.23606654,35.3812159,5.57511818,16.9943012,69.8889526,57.3651259
0.0859812601,0.348153589,7.68910045,15.4867246,20.9071905,17.4970172,33.1677473,34.3876504,42.0688015,48.5213819
0.374486814,3.99952902,0.189570608,0.201264955,10.4064094,0.752129864,6.86902315,4.79622469,43.218934,61.8549856
0.789050291,2.2729764,4.30728039,9.70943509,3.86799297,13.4753018,4.62394119,0.757031352,65.0859397,56.9396317
0.00276175188,1.66705541,4.950557,14.2426365,24.9865959,35.5927367,42.3644595,0.614614398,32.6837278,47.2149085
0.794720933,3.49886663,3.26571132,8.55128242,14.6933009,0.442682807,32.8979612,0.0440514088,46.0333473,58.6950584
0.242825517,0.673830835,2.41841614,4.12455592,14.7051651,35.5824036,1.98415133,36.0900846,48.1593874,49.877193
0.0261454834,1.70855662,8.35018901,8.22518218,0.995141082,0.484077255,48.8454009,62.2403533,72.9223617,48.8209425
0.973380823,2.44597816,3.49875336,11.6404566,14.303634,1.69427224,48.501279,60.0764742,52.2737023,41.1413315
0.932802742,2.46276041,8.13192244,14.6141098,5.22462669,14.8330826,48.4813196,5.92852384,71.7611911,39.1002011
0.103980638,2.41034055,5.83581521,0.971105919,2.15183792,22.9535523,5.92563951,31.6386284,48.6343678,58.1666731
0.254000117,3.91984709,1.95772546,15.0966604,2.4539842,27.5220455,47.6646306,61.9710457,14.3846004,36.9502547
0.278284183,0.489079416,8.90492658,7.29079961,13.2329807,9.65777296,41.0920689,37.0971353,4.49659778,48.8805752
0.0118537266,0.902330941,3.32128248,4.96823924,20.6200409,15.8802177,41.9471844,56.592463,57.6193011,52.0301587
0.861660408,3.70589502,2.19958586,9.67026036,0.102906395,6.54879941,18.6086333,48.7188888,2.99290682,56.0660219
0.0236900044,0.631614352,7.97042935,5.34403095,14.2627493,20.1989248,4.53049475,61.420819,55.3143347,52.0103039
0.615837273,1.50818985,0.330400324,0.0679814592,10.2568521,17.1538952,23.8431363,12.5287277,13.0703942,60.3752273
0.398244191,1.1604511,8.32853703,1.2832239,23.6625791,31.6313917,22.8673375,31.7926295,3.44746791,48.9377127
0.805444849,0.446315212,2.74449268,3.00159563,24.7151134,17.1507551,1.00854781,59.6415845,35.5772481,48.558464
0.877795871,0.460803798,1.64121224,13.9627415,24.682465,18.9927509,47.8628652,61.6161797,79.9024229,31.5482199
0.962759585,0.401355962,3.57670202,4.67716234,1.6677962,8.1371572,45.1903741,19.0921046,62.0173861,48.5378372
0.0788574438,1.42823164,0.650587009,14.9615324,3.86839715,23.2573555,46.7868018,55.8726339,54.87429,48.2233518
0.0468325946,0.461668201,7.32927219,0.13805294,0.399640401,24.1289469,42.4810765,0.590697229,9.93304378,69.375882
0.0628002384,1.93442742,8.82351842,6.88716537,13.419355,20.303644,48.1074302,54.3076411,56.3503158,42.7111827
0.338727008,3.93931019,8.96929133,10.4523712,14.0670011,34.6857053,19.9379863,46.6752948,29.9698041,35.9658352
0.0247140126,1.47364188,7.87301457,6.67723236,0.381626119,20.1458642,15.7055381,63.9734539,2.32792751,56.3952998
0.653057822,3.77127963,8.76763843,1.24273137,10.2908529,12.0449688,16.0492129,56.3219389,54.2023742,43.7009964
0.489356834,2.48124984,5.32371585,11.8972788,8.69573527,34.8807652,23.16647,6.3493509,32.3248432,47.6666451
0.726899889,0.0257178564,0.540027192,7.53246228,9.52115687,31.8002169,13.9460342,31.3430037,78.2956976,52.7148655
0.470729497,2.20259401,6.74447847,15.0216074,6.49225973,22.1893409,16.6761654,59.1823684,68.4274376,43.7686076
0.00148894824,0.0990123842,0.22756922,15.5660167,3.19060434,35.2615504,12.0839183,50.1752889,40.6027659,56.4901191
0.982601267,2.31796523,4.59361574,5.15507979,2.22822155,35.5963177,26.2848901,45.9067602,44.1947461,42.4126636
0.869271218,3.36542922,6.22990144,15.9172143,0.969624601,30.9321704,1.34461416,12.9700902,5.44885299,52.581565
0.140052455,3.44641861,8.90452132,11.1819663,23.9185893,35.6119392,40.6458325,33.3153421,74.6135398,33.367252
0.579635871,3.76036104,0.872853703,0.0927838088,11.5898026,21.3304931,18.5087454,31.9790925,0.768918657,59.2469687
0.259535114,0.0266709998,0.583862102,5.28061716,23.9573327,1.28147642,13.3037603,12.1450439,32.5943794,59.0053054
0.664656417,3.52162145,8.75636898,0.521646463,23.9251521,14.4441588,20.3861296,28.3177702,41.4659096,44.7805706
0.765396978,0.108045805,8.83316162,7.01751671,11.5676131,24.2977446,32.9296957,56.6795726,47.5581798,47.8026566
0.762223568,2.76600953,0.724934792,12.407199,24.67791,16.7529867,15.5802447,1.53234431,33.0465508,51.2679766
0.0215287674,3.33597691,8.46881682,0.71869728,23.6643522,2.54490833,5.81778131,31.9352757,40.7271827,55.091943
0.724457577,3.83400056,4.60658545,8.67844239,4.03327504,17.6452674,43.5678062,48.482682,0.553180275,50.4870716
0.474436288,3.40276893,5.25924046,5.4300993,24.4984298,28.9582019,22.4576094,61.4410662,80.9989811,34.8667266
0.509312036,0.029570913,2.24625162,12.0016819,0.417674682,28.5960749,19.3706963,9.52432657,14.3732183,61.0250891
0.00659772754,3.55202707,6.56783918,1.19654711,22.4489744,35.8733221,42.0909894,13.3997018,71.8733557,46.6141259
0.403163995,3.90907709,8.68214865,6.88410334,8.00751972,10.6328455,3.04162096,17.663304,44.4866981,44.808313
0.0153442365,3.56233269,0.282475602,8.11989873,11.1531286,0.910273746,47.599213,33.9236986,55.1846732,57.2675609
0.541707718,1.92643882,3.72889729,8.13655255,23.4978822,5.62468134,46.3040087,17.5992298,58.5422418,44.82868
0.151398573,2.22324384,4.63307178,0.0666266084,24.6771991,35.5468391,21.4022231,61.6013921,8.34912973,44.4669274
0.988345074,0.462665927,0.0590244318,3.59755513,0.170484639,22.0828795,31.2463481,31.8327223,46.2757422,57.2087048
0.926054211,0.772517207,8.31755197,9.05944723,9.5775737,29.2049081,31.1562052,37.017025,1.44073732,49.6577731
0.0709161531,3.55113778,8.9383844,14.9806192,5.10352055,35.8126524,26.2005054,49.4955667,80.9877826,32.3430772
0.478441494,0.664777063,2.04322554,9.76308383,12.7343988,2.93791922,29.4114117,7.3093324,40.4363561,54.8000993
0.983421565,1.46500486,5.2574707,0.551266708,1.7805577,1.19997564,10.8760298,30.6070407,56.3618743,55.9563993
0.0680173291,0.669002148,8.817967,1.0157214,23.7961,23.1157485,41.3577567,45.474303,79.2414087,42.9593185
0.00585160824,1.39191863,4.44700498,8.55588574,10.58077,8.64315488,7.49157069,38.9597959,16.8193524,56.7365477
0.236576582,0.57045131,8.04413256,15.5306933,0.565296388,1.34841805,25.6735927,2.70633719,57.4708515,57.1437497
0.897312518,0.525970955,8.98612993,1.57458876,0.177053083,1.05287458,26.7635869,58.2593138,35.8011874,53.0503645
0.0601165756,1.51714398,5.93740543,12.3966168,21.7795817,35.1785093,23.4197839,63.0956563,41.3809019,42.1708514
0.966952618,2.29061609,5.36535558,8.05557567,21.969068,13.1421649,27.7206435,11.5663107,34.1504692,45.2636411
0.474324838,3.91024128,7.70667317,12.5438134,12.299079,15.2950039,31.4824774,31.3440223,18.962993,44.4611646
0.935141762,3.7103594,0.0235511153,15.6863912,14.3384336,15.9175736,14.5086943,30.8573598,34.9886384,45.6110419
0.669721756,0.0542421043,8.20585633,15.6931112,15.8121035,5.79397759,48.1580663,13.8709638,52.2562574,44.581721
0.529204976,1.39213057,3.46143407,0.573049225,23.8098869,32.7869286,46.1545304,0.251290053,80.28103,45.6664324
0.247926777,3.62138729,1.47653986,5.6985718,24.8377842,34.040826,16.5551222,26.0426,2.50277422,44.7399215
0.0505132345,3.90372753,4.3843951,9.82823331,23.62059,23.4078975,11.6152154,1.20801222,19.062142,50.8450865
0.516817642,0.61641521,0.203490992,0.129965201,13.0080228,1.20740154,33.7522896,2.26075938,56.4253279,68.0895965
0.394509693,2.0976316,6.51206446,14.6976874,0.0514261425,20.6196143,24.3071541,22.6462424,9.36101961,54.5643655
0.973458714,3.682414,5.24731764,1.18666847,13.0265516,17.6435213,3.62403675,2.85468742,54.0820959,51.872668
0.291445587,1.30395186,7.91762331,11.5466108,24.8247602,6.8315501,18.8685361,58.1035106,42.6552507,41.9305338
0.623820438,2.20039743,4.67915181,0.896783799,0.383305759,24.7966522,29.0371297,47.070177,5.65167465,60.2628753
0.940414119,2.16036207,2.71179146,1.91821238,24.0553554,33.6350385,43.6814586,47.3799374,33.67629,40.2465888
0.995000869,3.91839207,0.934976405,0.263890311,5.00697046,3.09953068,2.46655762,1.87294239,69.0306436,55.640374
0.00291995658,0.302840788,4.15153102,12.0566074,17.8145943,14.2365605,24.3266519,2.66273868,21.0714282,61.3177849
0.00166431349,3.8884672,3.30366111,6.45732412,0.385143829,33.2817664,47.1589043,32.2680043,71.3166948,48.426912
0.634555923,3.92556798,2.29737073,3.39540566,16.5358026,24.8179696,26.6979478,25.3493496,79.1246293,41.4595664
0.396121729,2.47158942,0.0076525393,4.65107196,16.5100603,13.8006899,0.266455381,25.2285303,20.1351375,61.0038594
0.604356511,1.67954247,0.158075959,3.16914384,24.6883671,17.8359799,45.3441348,2.44713611,51.9115342,51.4397487
0.561730777,0.0366566181,0.197507252,13.3411301,0.582925324,32.0053174,1.86518997,48.650302,2.05660713,69.3661487
0.550007957,3.93492138,5.00325003,4.66369832,23.0900424,35.0532269,48.4345726,3.73849276,61.8229938,36.5131717
0.395436383,0.397190092,8.04123352,8.90969053,1.82604254,22.0277111,43.2030131,40.5426576,71.4392535,49.7879166
0.858600548,1.99766802,6.31426734,8.69533366,22.6136884,26.2947674,0.211901389,43.6592949,27.5511113,52.14713
0.876579395,2.6795965,8.95126901,15.9612257,6.75042316,6.28139241,26.3540586,28.2940235,22.3419729,38.8099404
0.414228862,3.77792638,8.11963444,15.4597185,11.7003915,33.8110045,2.11244759,36.4495093,79.6109375,37.0975674
0.84810579,0.456051653,1.93531446,1.47576229,4.90115696,34.1928612,15.5423271,1.16378799,50.3526003,54.7883108
0.0794298631,3.91083365,3.10750292,1.42500106,21.8638559,22.7903822,46.2156997,63.0388697,48.4527936,40.8868444
0.020621174,2.32028733,2.40571362,8.58459085,14.4037436,12.5550579,22.9462569,36.2312172,53.2421313,54.6175832
0.25102859,0.150081251,5.43506321,10.8575491,4.41789334,2.20802541,41.2185734,62.122856,3.59453606,55.9746074
0.346817807,3.86752834,3.48488571,13.2872984,11.913281,2.18089946,8.68004575,16.3643312,34.5703811,49.0651672
0.197988338,2.36001362,1.68505673,11.9971537,6.50323318,35.7696058,21.4564685,36.3961223,77.9978003,41.9569251
0.993660634,1.81712814,1.06343989,14.6386981,0.93589623,6.63543902,40.5931806,29.5011014,21.5302241,47.8127008
0.0911575999,0.343123416,6.46930517,1.08798573,21.5253134,1.35582685,48.1586905,27.5732459,80.4225854,49.614336
0.9881572,3.83225208,1.48650653,15.4939257,10.0135987,33.9159139,1.04086782,1.13038322,68.7877854,43.4161776
0.451093481,2.11254956,3.64620711,1.42741138,10.1609869,1.01862017,27.1530997,32.8454719,42.837347,56.2338421
0.00561578525,1.53801112,3.04392126,5.66151867,1.78803343,2.12810185,25.8716966,63.4838895,37.6278672,55.6930171
0.118309916,1.73903636,8.96407855,14.6991079,12.3526847,16.6625939,5.73833702,15.9742689,80.4149653,40.2879355
0.785997816,1.06119165,7.75816124,14.9616983,8.22357599,19.6439015,47.711272,61.8429688,44.0152322,37.7752441
0.986819942,1.93103014,6.35316614,2.95687468,0.301099208,15.2271165,46.478322,4.12478933,16.8761698,50.4789141
0.837169129,1.2062263,2.35231285,13.0170549,15.0663143,28.1436578,8.78731308,3.09669772,17.970064,52.7994165
0.859820421,0.00724877045,4.11769111,8.95005609,11.8635397,22.3380151,36.7766569,25.1718693,29.8784352,54.21255
0.0400363696,3.56505543,4.24486692,0.850432597,8.15729082,35.4051242,13.5046394,5.84355545,46.3680719,52.6569278
0.904562403,3.92125601,1.23693946,14.6515119,12.4374906,17.1428023,15.0787481,0.677841604,0.612359533,52.6213588
0.745291373,0.448400011,0.58273469,3.59454643,21.1591781,32.1216321,16.7024562,60.3176209,78.7908416,44.7307806
0.877083831,0.591817998,6.04144545,1.0198428,7.02813444,31.4719246,0.866966214,23.6423393,56.6950863,55.7633547
0.388368759,1.25496267,0.354457383,14.8715371,15.5052359,30.9586775,19.7257642,59.9750225,0.256970581,52.5990415
0.378555302,1.51582626,1.10687323,0.388089746,16.6005751,8.44568029,47.0245023,25.8750563,2.62095542,56.2374517
0.406678937,0.211583309,0.181516337,15.5467965,23.4523981,20.8141326,15.1434743,13.5467908,41.6551645,51.0789814
0.465152201,3.2521371,6.00346797,2.28658518,22.8705796,15.5975379,43.3102202,25.9546843,76.4165632,43.7631341
0.33929331,2.01065215,2.31890171,6.72195701,24.8928829,35.5436082,45.4921754,52.2336453,3.63968228,40.3028878
0.480215936,3.95692698,0.161269196,2.58022365,9.0920334,14.1197717,47.6430788,36.8666483,42.7256547,46.2713773
0.478553636,0.20385596,4.96601156,12.0111954,0.252403796,24.6968704,0.409737081,34.5484122,59.6908968,63.0201938
0.385435885,0.08367664,5.29489845,14.8590414,12.3578993,34.8685271,37.2065038,53.1715858,28.9105802,46.9975938
0.648774438,3.80794301,0.221044474,12.6124106,13.7271666,17.9837403,44.5397053,7.61057234,49.2193286,49.9905112
0.847045888,1.20093534,0.270658367,7.03143388,2.04555703,6.73493048,13.5792571,43.8523022,2.08045036,60.3695351
0.832731398,2.86643888,0.536077681,1.52458826,12.1169509,35.4152154,48.3526906,62.263653,1.53979551,44.8710927
0.433516807,0.467878076,8.16033489,15.5529056,8.88142399,28.9338568,4.53428422,16.6072353,17.4694532,47.3425141
0.9431622,2.90841389,3.85256988,7.36343515,20.7101326,0.287002199,48.5180996,45.3223219,5.39711851,48.9194378
0.116260586,3.96666854,8.54600493,3.03088244,18.8143771,19.0591525,47.8788833,29.2458094,18.1211105,39.3287138
0.000481745228,0.386768215,0.930110681,14.8803784,22.6870021,0.64052588,1.79456927,34.3845462,57.039305,62.9298317
0.214344417,1.94645564,4.68000021,10.246206,24.9753195,14.6807916,43.6443264,0.252434313,23.6209992,48.6199674
0.0614629998,0.0345516168,1.59530203,2.20657605,21.7557474,34.3385301,15.89189,58.768831,19.9245091,52.986663
0.559537595,0.593463451,5.26549513,0.314155132,0.00827952754,20.3817879,22.7435533,2.48173061,58.7837046,64.6451973
0.669888922,3.29243878,0.041745503,15.3185221,3.75231699,21.8759843,2.26976177,33.8102763,72.5374402,53.7176756
0.979820612,3.38012659,4.02215188,2.3229415,2.62149645,13.6667232,22.6181504,1.63736218,79.9194196,46.7456615
0.0969845197,0.075288266,3.08224418,14.7163173,14.2887255,0.876829466,17.5213648,52.9994444,12.2276649,58.7589782
0.12895646,1.4849234,2.49215956,15.512472,22.0577537,35.5187063,14.8323108,30.8865464,7.82933431,42.9453853
0.677096456,3.84055331,0.403750631,15.7099573,8.20780017,33.8364182,44.4810928,0.948453665,5.89876346,47.5571571
0.274725049,1.21562082,6.61302563,7.32751516,2.41760739,11.1273499,45.4198711,1.01089731,38.1599522,54.1797306
0.538415208,0.577619825,0.126890719,15.3819058,18.2659007,28.7900025,45.694289,9.03268212,5.42760115,52.6359152
0.520642001,1.72044045,7.745806,13.7979962,23.3156272,22.6738255,25.8415746,42.2460973,17.9175691,45.3847376
0.559661516,0.924383084,0.239600788,7.05858034,14.9372063,35.4628508,11.0711688,26.2982522,13.5742712,50.6970463
0.974301622,0.349428458,1.89922203,11.066192,8.57526971,35.3635899,43.3584921,61.6190358,59.6556708,38.1414656
0.540107238,2.32938902,4.59290436,15.8996627,15.0473466,1.08671663,16.9409355,47.41634,79.0080842,44.404784
0.657054429,0.455169516,4.57662075,9.35995629,1.2271661,35.9720477,46.5576131,16.7228366,46.4669102,46.1623285
0.352818089,3.25447185,4.29383528,7.98140011,24.0495443,0.994525519,14.9591465,63.183152,39.5324202,45.0810511
0.0736283269,1.88516166,8.80188916,0.624160275,16.0339758,11.5650083,12.379116,2.35343722,2.80879199,59.6278111
0.880230728,0.151351715,8.47860052,5.04711309,16.9212978,30.6023661,2.67801074,35.6917988,0.07950021,57.0223669
0.0341968807,2.98789314,3.42012987,14.440394,18.2848568,19.5663213,36.9704541,55.4073819,40.3315379,50.3896701
0.954411035,3.14505538,6.62803097,7.67391343,24.1609727,33.7953594,36.2123153,52.7445992,18.3244203,38.7651679
0.945032663,0.655847084,6.3493699,1.52861628,17.8965925,18.7644743,19.7635889,58.3034635,2.9246214,51.1701509
0.735620044,2.26429,8.82458395,6.72445985,15.6199059,34.2123203,19.6918961,20.5035023,33.3662708,42.0547481
0.587221678,1.73894764,5.60936016,2.69533354,6.9856801,11.9886017,0.58274178,56.3475651,32.306113,54.3330973
0.485859035,3.33122346,8.71354248,0.903886229,11.8997727,35.2502894,48.4754053,4.09794858,12.9370069,42.4605703
0.0483254632,0.824241396,2.3065868,6.76339056,12.9767613,0.615881156,26.0170899,55.1579164,79.8619662,52.6329884
0.0422718842,1.85422951,0.0797598982,15.1548595,5.81926564,6.33256674,21.0281013,40.8799706,37.5452248,56.3425961
0.506246126,1.91459185,5.726601,1.74753469,16.8993546,3.53227787,4.07527424,52.4200302,80.3008549,50.0022861
0.981314829,3.83332914,6.21653657,0.586803191,10.0019153,3.15514059,0.60954041,4.63107357,13.230124,55.8938171
0.757484533,0.170201024,1.27937786,2.67322252,1.32953975,29.6274359,43.9854571,0.75345093,69.9255134,59.710518
0.450413838,0.421485802,8.80173041,11.8807544,24.7486042,35.6992374,28.6962502,52.0844341,69.7165652,35.3644772
0.0264342427,1.12127077,2.69507776,14.5279834,18.4628041,6.26289484,44.2000621,39.7624205,79.7359477,46.2775907
0.542187117,2.15552135,8.65645808,7.2728046,15.6670219,22.5165128,4.12492278,54.3049362,79.8136587,42.7615014
0.251458102,1.0252828,8.83806963,9.66439245,21.0061958,1.63219191,0.339551845,29.8420969,65.9672183,52.9719776
0.0577159082,0.125075491,4.82350648,10.0860194,18.3241477,34.4890635,29.5231886,29.0371306,34.2403768,53.3172433
0.542151125,3.73582711,0.104127532,7.23810987,4.55085288,16.105586,3.51786879,40.255588,40.0782256,55.3368848
0.348258378,0.714246022,0.74900328,11.5522348,22.5150005,13.8434594,47.6694506,39.7790501,28.4709176,46.7395262
0.393168504,3.93216013,8.58449662,1.12824208,3.69483754,34.7537811,9.25451029,19.0098987,14.3863221,42.7839755
0.185692574,3.7403638,0.662258369,11.6913983,2.08117123,4.67251164,20.2848065,44.0731435,1.67423255,58.0915051
0.271442938,0.565853125,5.16030219,9.24238222,13.6217722,23.2194819,13.383056,24.8462741,70.0246528,50.1179573
0.38365133,0.111634377,0.537708757,2.25970269,16.9111369,0.687638412,1.55001166,41.8558733,60.3236849,66.5470323
0.0115458365,0.203493884,0.273841152,6.13021025,10.0681326,21.7504743,22.0801793,32.0964477,67.0735039,61.5783019
0.891529611,3.75270588,8.38728827,12.7180637,13.2766162,21.7270975,26.306207,1.85652301,43.7680915,46.542267
0.0262703309,2.10180546,2.3499204,5.53275124,20.2343844,6.18964892,34.6122754,0.670051426,77.9046823,55.7651794
0.203876351,2.19933184,0.382874814,15.9590964,0.83434101,32.7878713,18.7202083,2.01232883,36.9698146,54.4242461
0.740865833,2.92822128,5.88398191,0.149125956,16.1874119,17.0387265,35.2202392,34.6907914,10.2899119,55.9590776
0.912826249,3.48309032,0.67264133,1.92504435,3.46939218,14.5071303,39.933146,4.42122442,4.45345921,56.7863778
0.371654818,1.61013632,3.51246132,5.222034,10.5085571,24.9387643,46.021942,33.6713955,34.3536259,47.0862973
0.152877971,1.6802435,8.66800784,0.369482055,2.94516629,35.1502149,13.1514738,61.1533641,36.1851993,45.2144893
0.134696241,3.35886303,0.924601403,10.2680407,23.3752416,25.4671586,30.6716438,23.9238276,50.3344987,49.2588426
0.962555335,2.67005371,8.08346354,6.7053679,14.2474297,9.43404144,18.9663196,28.6474424,7.04212453,46.7100717
0.623982514,1.09645655,0.326661429,0.353134431,23.6412245,18.8057025,31.9064035,57.3704106,0.62111454,58.6068841
0.0314273327,0.796721438,5.61873103,10.6888905,0.285544316,34.7663895,3.68581683,15.051029,43.8475355,58.1685778
0.671774679,2.06810037,5.76640958,7.1926232,10.0283525,30.9903173,8.52452343,58.33827,14.3066119,48.0627724
0.451663294,0.419934819,4.15012089,1.92306679,1.53673632,4.21544626,1.36826958,20.2538228,68.3444053,60.8132024
0.972412489,1.34683347,0.517721707,13.0644014,8.42907634,25.1799128,25.5817875,35.399974,29.5695603,48.2602232
0.306538474,3.96855852,8.01678467,14.4000153,7.90143405,35.1388776,47.7965378,13.5984427,6.36182088,35.5600113
0.958714943,0.488212202,3.11057671,13.2671313,7.30502551,0.811810356,0.131556133,7.92023898,75.2495816,55.7331805
0.84005747,3.38358173,8.68071005,11.9000555,6.61323503,34.0431907,21.6501334,63.7294919,77.9253985,32.2489943
0.432676105,3.94915766,3.3589524,10.5119619,3.97457889,1.07631859,24.073445,12.2650954,75.2511465,47.9178652
0.567590391,1.96681032,0.40723614,7.8538878,0.456649368,35.8645341,37.0559971,13.2476387,77.283206,49.4740963
0.0916754553,3.15750615,0.463290001,2.6934031,6.29056888,0.851277838,20.9973466,5.75356609,76.1719663,59.2435851
0.0205873866,0.0488245301,1.33622479,5.20910561,20.9969411,29.6474204,11.1548188,6.58236662,47.8858822,60.9802232
0.969742372,1.84016375,8.1722423,3.33564501,22.1652377,8.85724461,5.04992488,7.95096189,80.7677719,40.635693
0.350954339,1.95830711,2.85198001,14.62773,12.9043763,12.7472361,9.25053221,59.6831453,28.6313035,45.7323588
0.536922135,0.20127222,6.25993506,1.29509989,10.5373286,1.2700276,45.3982183,37.6890704,40.7601696,56.8597388
0.548320933,2.51968606,0.818239246,0.261358969,13.5315509,35.6773912,18.9393245,12.0507905,52.6947238,52.1730637
0.997410917,1.94110939,0.507554655,13.2819377,21.1350944,25.2448926,42.0707732,17.6142611,54.2785949,45.0336923
0.0241276082,2.05084248,1.14657693,2.6995,16.4008659,35.0689542,16.2157337,63.7858568,61.8820457,46.472706
0.0888863528,3.65172355,5.6648537,12.7931806,10.9165099,34.2457227,48.8102471,58.5448168,33.8374724,38.6660134
0.0500356825,3.79886514,7.93432448,14.5626768,4.5445371,7.25039592,45.4668175,7.57668275,57.3416443,46.3285039
0.373184656,0.458082641,6.7386222,0.0415217951,15.4012664,34.6805326,48.6072824,19.0626712,2.93023656,51.7140571
0.427467148,1.7613957,8.49941329,2.91401037,24.6441916,28.6963057,9.2683906,3.71036422,30.4908263,45.7975557
0.11287025,0.0411949307,0.81720031,1.21884794,8.08953363,15.5399939,0.92183714,12.168904,54.1291744,66.1236482
0.722555604,3.96815704,1.83451269,13.6084994,21.9523869,5.42501126,35.6125148,5.92492491,76.2070906,42.7204055
0.474384559,3.9251374,4.01479732,6.57527243,22.8183053,10.4505153,46.0201596,58.5430554,77.3699583,34.7930642
0.0892512249,0.181349222,8.85683056,10.2242714,23.9519984,16.1825415,48.9651694,3.39903593,50.1148427,44.8596674
0.0361127285,3.78651466,8.89162225,9.76921898,23.8490146,7.76039101,1.21362125,17.4137615,1.37903601,51.7326456
0.675499959,0.511227947,0.468235499,6.46051404,9.15546983,1.41337001,41.527132,51.6012673,79.1003571,52.398554
0.856785073,3.94687947,7.2072031,0.822324619,20.0154264,34.9503275,46.4887719,41.5208064,60.9949273,38.9255197
0.672483769,1.73879727,8.92302548,4.06974939,0.434293028,34.7945999,12.0335985,33.5537679,43.2555003,45.952021
0.988226886,0.517085411,5.97262707,8.7877043,23.353404,0.951127662,2.18133363,12.6357836,22.2949702,51.8238013
0.785260552,3.49638816,8.54054102,15.7739467,13.6280881,32.078053,48.7783268,61.8300667,12.5691623,30.3269453
0.452661895,3.55390422,5.5533762,9.94451967,2.40941629,28.8857296,30.5672159,35.5229199,52.7948169,49.8539275
0.944707002,2.76229911,4.4124484,0.036012426,20.7200693,24.775802,42.0646197,10.5313782,51.7294467,51.2634882
0.306640091,2.80003972,0.601942089,1.49456569,23.6961424,15.9346086,12.2049231,18.4720635,75.9015363,48.8903382
0.325695905,3.88430502,7.9076585,1.80698069,3.00683882,15.7537238,39.248917,24.2266488,11.7541107,48.0355329
0.902789453,0.729314929,3.59103442,0.916553595,19.5566632,19.9263202,40.3764973,8.86878184,2.04571522,56.145774
0.996601551,3.52905975,2.04140992,3.51382268,1.2776907,34.7724333,43.9446874,1.77794764,73.3631001,43.5665892
0.831085698,0.229282899,3.50478541,15.8725995,4.34238488,10.7463266,2.05798553,56.8983501,3.25253411,53.5613104
0.262866021,3.95684572,6.08844097,13.2040997,2.03751444,28.0875859,0.0772056496,30.8184203,16.6936838,52.3077153
0.458105089,1.48891594,0.472801198,14.8795148,0.00755363144,2.81359248,27.2887012,1.56908107,4.48730231,65.9053277
0.037189648,0.185658321,0.808647478,1.66785611,24.4651398,15.2715854,34.7574447,51.4263636,3.66045808,59.4435377
0.0539285699,1.50989829,1.9362881,14.5671908,23.0862478,15.2153542,22.4022449,62.0808029,0.0684933295,50.4182097
0.562093164,0.399204958,3.23490623,0.122547969,18.224562,0.307277788,22.3464181,52.5690499,10.1534694,62.6654227
0.502650891,0.214082226,4.67994757,8.67354405,0.398287259,27.3800995,34.4809919,62.7334161,31.0388906,53.0675254
0.38162753,0.0555580389,3.96890958,11.4904216,24.2436436,18.6010569,5.39368923,2.26593173,4.44807481,59.2316087
0.560465521,2.97601277,4.15475149,12.2815044,23.8203892,34.9639544,15.2187571,2.15591118,13.1614563,46.8290997
0.980168022,2.73576557,0.0267903227,0.471030101,19.6920535,20.6534151,13.5391947,60.4018111,6.63126032,53.879722
0.134164122,3.58556223,5.72471905,9.51663684,15.8052124,19.0147374,11.8300032,44.2305944,29.8685839,49.5754332
0.295170956,3.75305879,3.73290705,15.9443663,14.0062574,4.56212726,43.1101695,50.4398965,80.1650306,36.3496091
0.919495091,3.81599593,7.74800725,15.569426,17.7232904,0.491503822,22.7370003,50.6308096,10.1470593,44.6688732
0.630994578,0.50347098,4.13270684,9.60700469,13.94977,5.44919014,0.733132357,29.7214933,11.5642528,58.0169241
0.998352743,1.25818981,5.39127586,14.5305376,10.5406585,9.85962322,3.6578601,41.3449687,46.6881108,45.1273851
0.408463043,0.153447092,6.7168561,5.68964573,15.4309812,33.8408141,47.043841,2.3978613,56.7695078,50.6825081
0.584256372,2.38736036,0.822664049,4.47052437,0.161145069,12.0458462,36.1204221,19.5063124,43.7819708,57.2607535
0.052834739,3.97383362,0.498594912,1.57277512,2.54909598,25.4247603,40.7606975,58.8312689,52.0633482,51.6062244
0.606861996,2.1182547,3.3900935,12.9803628,1.49742721,24.8531751,48.0670093,62.9887061,34.4048966,43.0675966
0.146658527,3.55947114,0.0706723226,15.6261783,8.09291867,25.4650812,32.148153,52.2553434,60.1887663,49.3676176
0.297432879,3.81759778,5.3233305,0.383625262,24.35902,2.95040157,20.9600082,18.0990405,79.1958073,44.6233672
0.792321938,2.21924741,6.50542746,8.38976216,23.0197136,24.9502412,14.5698332,28.978258,77.9399245,43.4397845
0.0244372496,2.86741944,1.61660912,14.8433974,1.53142836,19.7515742,11.852228,20.1091734,69.4540544,54.3900684
0.0418593474,2.12020652,5.19967413,1.64097578,18.5624383,5.61619413,48.1488645,3.87400112,28.2699866,54.3306274
0.953710545,0.0525393281,6.81409802,15.1919172,3.98719461,18.4029563,30.6066426,5.01818067,66.5244549,50.550869
0.999047566,3.96978082,0.23895368,3.72356639,9.3443055,35.6292124,43.78995,60.982421,44.992213,33.7528847
0.879631445,3.86276804,3.47054289,0.736730717,22.2393257,1.93961285,25.9606089,31.2862159,4.34223188,52.8325005
0.401618099,3.98153009,3.54653062,15.1823561,2.90357262,0.496898985,48.1577948,7.91140277,49.2913879,44.4473776
0.918753632,1.96916139,8.31498659,12.4081119,23.65184,23.7241488,43.2418833,61.821269,68.4300137,35.6110225
0.708775592,1.56549232,7.26604677,15.0186832,4.70051153,2.15616651,30.8842475,19.0014456,77.5773745,46.4998385
0.847023197,3.67551336,5.2944327,0.942880318,10.9211012,1.3645447,2.58991889,21.8993881,79.7546841,51.9681849
0.240776446,2.91890017,4.39927448,6.41096191,7.86994455,29.0276068,42.17777,62.4081039,77.2049636,40.8674424
0.979440161,1.80311358,2.09217387,0.295615852,13.1494138,3.16526886,36.3058761,58.592763,0.718635888,55.1883967
0.79490504,3.87605047,1.7557146,11.1916921,4.32725861,4.65904509,6.22138925,59.9367547,77.2490296,42.9369895
0.683104273,3.73405074,4.9292497,1.59955404,5.78867974,22.0901126,0.711298247,62.4191123,68.3694779,48.9319959
0.548077416,2.14851815,4.82529412,15.4991738,22.83557,32.2920428,44.0503011,16.2104865,2.08417661,44.7093583
0.583260597,3.44338391,2.1449349,8.74827792,12.9797312,0.492661631,0.223265255,37.118867,61.7588597,59.050509
0.496724847,1.8180457,8.76171061,0.124982603,7.16032472,26.7517737,17.7766287,24.5536104,0.671318817,55.9532277
0.997754774,1.05795019,2.17996149,15.311663,23.6254936,34.0860531,22.1788253,21.5734311,31.2055537,35.1106424
0.470996306,0.139630579,6.23504979,9.74556647,2.7119576,7.01482159,46.422695,63.0008121,48.9141008,47.9947987
0.464867619,0.120295694,4.0718962,0.638995752,5.62750699,9.37426657,23.5447261,53.8276043,51.3163963,57.3297259
0.152383266,0.422181245,8.10042076,1.37186635,1.49637183,35.3106295,7.82528427,4.64027509,46.9591041,54.6629804
0.83919035,1.08883899,0.263155114,6.84089151,23.2242829,7.95278928,41.5539148,63.5366589,26.1045845,45.0990361
0.0538700824,1.57789907,8.43673097,2.02202247,0.205754838,11.6950508,47.2569072,7.62696892,73.9969197,52.1669125
0.0503290361,3.52043912,0.0455736188,1.69921836,23.0672391,23.1655286,4.13676196,58.1984986,38.1782568,56.5719856
0.482908645,0.982381914,6.5088745,15.3842807,5.63462865,1.73326977,9.61625215,23.9672218,1.38829135,55.126534
0.494316944,3.93952141,7.95660205,8.19675973,4.59489179,1.93865055,3.94701223,52.8124379,3.345125,52.7258338
0.0207328289,1.8266207,0.031762057,5.02203018,8.22079883,24.4309171,41.4104462,50.1155091,65.0046706,58.2473038
0.718993824,0.516820722,4.96320167,8.05416356,9.88577389,0.290641068,33.7615779,14.1580898,3.81542416,59.9238751
0.109239268,3.93752037,4.28578559,7.46392447,9.65403868,7.81653754,11.6325695,62.1646127,0.817987982,48.3085741
0.797553509,1.92729726,0.191416936,7.36790181,13.0090159,25.2428703,44.8082045,13.7056115,17.9871121,52.457216
0.417799504,3.82506854,8.83560093,15.9019266,24.4997737,25.4836221,15.2938601,50.8170353,2.41921048,35.7853821
0.615329558,3.37551518,0.638286943,15.446502,14.6234157,1.07547221,4.7113127,62.7364195,13.9250498,49.9707808
0.0942432448,3.7848599,0.315949449,0.28869208,6.32465962,33.9180195,0.208625266,35.7418486,11.7057621,60.7847418
0.928362159,3.93125824,1.47895597,13.8897532,7.94006583,34.1084113,43.6499005,58.6167785,25.5613084,35.380064
0.118748793,3.24385366,7.75904119,9.25379101,13.2273183,16.6151984,48.5099316,58.0180734,7.28968564,44.8716442
0.832784513,2.43723551,5.88863845,11.2824368,12.3668905,0.473649346,6.29452749,1.46744651,29.5820077,59.7134563
0.511807838,3.81734836,4.89120941,0.98947046,9.42190767,5.76323978,30.9938661,57.3487799,26.5078953,48.5282199
0.947591005,0.648106624,1.6380568,15.6811633,2.05002501,6.86918227,46.7492287,63.0674808,9.04901742,39.7517192
0.998828785,1.26152854,5.64792395,2.94713611,19.5572656,34.5076914,14.6588362,62.7721137,44.1881874,36.6666362
0.857051483,1.85708724,0.146814478,2.68610578,14.6560478,34.8409996,44.4821901,25.0361399,58.7295397,48.3045355
0.949601402,3.80305481,4.36977067,4.86325427,13.6163329,35.5783231,6.63680684,27.1836474,55.1337481,39.6533371
0.170705967,0.220762692,5.30678871,2.1293728,19.3259861,17.0606917,47.7014928,39.1690411,12.748672,51.3001136
0.0272927806,2.83905356,8.93971339,6.68973846,3.80347254,35.946618,3.82388345,37.8895362,11.9414791,47.7086692
0.880107165,3.84450599,5.87752661,15.2705722,19.5411572,4.64950373,32.9514952,23.2231088,49.0932827,42.334373
0.979774171,0.257968756,8.28196803,1.84305102,0.247571711,15.750346,10.9771776,11.0028468,36.50806,53.4239192
0.710830821,3.73440661,0.386582075,14.7287685,16.269346,20.0130747,15.9883489,0.23573482,73.4000835,51.8108241
0.96384838,1.59888321,0.967626386,15.8163105,1.14178249,21.5111576,35.4245149,38.950935,71.3356259,44.8116459
0.937709379,0.326161433,4.03921614,0.187857919,8.32505736,27.7043334,3.71892493,37.8399857,10.9349117,57.7178322
0.0304594562,3.72831872,4.16867099,12.1836576,4.27172538,28.639407,30.6444531,3.03456867,73.4007027,52.8533461
0.515924859,0.596427636,0.358394929,4.52190253,24.3998131,18.2286639,12.4589024,25.8247532,66.6062383,49.8993025
0.0432370273,2.73886908,0.388472341,7.20823185,19.9262248,0.0869392287,28.8387015,43.1750115,13.1851282,62.7906804
0.734485097,1.96407693,5.04201377,10.8895877,20.7815463,0.645922769,27.2548634,26.7622388,1.1988367,58.5394342
0.553217089,3.67846341,8.85271321,15.2016356,9.20274825,29.6493739,6.84200201,51.62806,1.01761529,44.5651435
0.30651649,2.49059564,7.74214043,0.274156891,24.6169781,18.0732408,33.9713968,12.1023722,15.9078272,49.8034777
0.933320967,1.30196839,4.91110125,3.3398552,7.7287476,31.7676272,3.41707895,3.71720615,14.0279307,52.5567255
0.165309788,1.44644585,5.43470239,0.0766941235,14.0595834,35.1620993,40.0201403,58.1204391,78.7473299,44.9172323
0.0584627735,2.33533531,4.45617013,10.4022992,24.1301356,7.47134674,3.98081575,26.8674478,52.1377704,51.7550051
0.410322367,1.15208458,6.94246475,10.6756015,1.30480415,6.97442643,4.33521901,62.7277879,73.3188261,49.0940877
0.998658339,1.80281609,8.84241765,11.5794925,13.3288204,25.1785528,43.4702244,18.3670978,30.1386893,38.2522234
0.258743125,2.78281654,6.29463852,14.2037506,3.80800036,1.52934294,48.5465283,29.3902447,12.4566319,48.7715495
0.558370397,2.12503304,7.71806379,0.885439314,2.46649446,6.29631637,24.7575115,52.8928501,12.8227562,54.7169586
0.798535277,3.92957366,0.775299871,13.2709971,8.82497002,30.6303854,6.65244855,50.5506347,5.71682574,48.8421535
0.635974495,3.29332101,6.40396108,0.664558642,1.9329606,17.6670353,2.53420739,14.9206239,23.9538261,58.8097901
0.0555830696,0.738602566,3.80998315,14.9098707,22.1831344,9.994096,41.8834079,0.570457131,65.3986402,53.1039207
0.0300128064,1.70095039,8.71487118,8.60436521,8.69704012,30.4606347,43.4026873,7.79179764,16.1278111,49.4996556
0.500533675,1.87787675,3.31771398,10.3446645,10.5891715,31.9748579,40.0665751,53.4558229,0.0204373892,52.6417436
0.937826022,0.16777646,8.5926637,5.1533086,5.71493509,1.31624928,24.7745074,41.9860157,74.6279814,48.9847143
0.926255819,2.32622349,1.88594122,14.2473567,23.9429801,13.9206616,0.762521811,34.8787889,40.2533566,47.4265051
0.0449801814,3.9276353,8.47448803,10.1694843,10.1910143,7.74387021,15.2806289,16.366322,76.916032,43.1190849
0.849402659,3.64193043,4.33048329,14.9915136,16.2013403,30.1342875,25.8205904,29.6012797,46.4595083,43.3836629
0.236627585,3.9992776,8.68187027,14.5663633,1.35652918,34.8276721,33.5998397,47.6807206,32.7422929,37.7256537
0.17362317,0.338494195,2.41184811,15.877658,12.1848288,22.2009588,37.4503755,30.6435765,23.527362,47.6713691
0.905441746,3.0376736,4.90542294,9.67694229,0.576757605,26.7336966,45.2413809,50.7933487,65.5732886,48.7692315
0.874582332,0.42101804,0.112946271,14.7341813,8.41479936,3.64736921,39.9272049,2.0016053,51.8657276,58.2114259
0.255435012,0.38501362,6.57878604,8.27892609,12.3605066,25.9693806,4.60045006,61.0796896,8.02843251,52.2130653
0.806083513,3.38240308,0.109239714,15.9855465,20.4385046,14.3231545,45.2669502,36.091536,79.0320662,40.7197453
0.672284155,0.319141043,8.55791569,6.91367418,9.565509,25.2140279,22.0058389,0.1749883,77.2390091,50.929186
0.637296815,0.190294545,5.13094887,12.1915185,10.7059107,13.3083106,6.50158048,2.69463098,51.4639957,57.9078156
0.951159794,0.570621675,5.48661191,15.0867689,17.6950276,0.472402923,26.7811233,59.2195092,48.4618243,46.9989267
0.699604214,0.992100755,5.03413401,15.4494847,17.9534367,26.5119003,18.3863423,32.986922,54.6727762,45.991526
0.120531031,3.06018248,1.09560686,15.7591682,0.530176063,15.3634872,30.1197767,5.33883864,2.35534299,58.5926228
0.337357221,3.85124416,8.68623427,0.958809272,4.23036382,35.6036085,46.071354,30.3630985,51.3796448,38.0956228
0.693461091,0.00223347172,3.46040829,1.92373499,19.0842388,34.2751522,36.0463408,57.2734339,43.7949312,51.4653805
0.937833924,0.699030405,1.3590468,15.110391,13.0334036,3.47692912,11.9067148,0.202793896,20.7018471,53.2613812
0.746641381,3.20676591,0.257829328,7.71114462,1.88697918,20.8210019,25.2885635,62.5450998,75.2942335,48.9778534
0.0860822597,3.13815503,6.68613426,15.7484445,18.9162789,1.29552365,40.6509602,17.8778162,71.452779,48.5216051
0.869407822,0.549078739,0.824308176,5.59557983,20.172138,11.6973086,0.906772863,1.47788003,8.51726442,62.1652261
0.241363107,2.35894889,6.42160352,15.8052147,9.756272,34.0754381,24.3466462,57.5770472,22.0620239,40.357341
0.643940894,2.8584375,3.9578339,0.558721178,22.5419233,17.4312444,47.5365176,1.63374874,3.05659228,55.8620877
0.469297016,1.89980899,4.70198179,11.0362412,22.0415945,4.43378221,47.0640206,61.38088,15.7578036,43.0342353
0.426648202,2.70532979,1.07486942,4.14288423,21.0239397,35.0699568,39.1516288,0.555985809,0.573942798,56.291079
0.048066522,3.41614217,6.97823168,7.35981237,0.572787924,2.6591598,22.4567581,42.7529486,26.3340558,58.9788949
0.366215361,3.92631975,3.72594487,15.9207236,18.1268836,12.2861693,45.7975004,34.7292666,18.7106807,37.52583
0.752247876,0.120232757,1.69188948,8.15381864,1.92171579,33.5191944,39.607665,27.4630066,3.48287735,57.2322084
0.944883093,2.60059047,0.279085818,2.83616188,5.26975384,27.004071,7.37980861,17.5585764,3.7889991,56.1593735
0.158057441,1.88561743,8.03747955,8.74467074,18.2517056,9.23871988,9.75229129,2.29835662,46.169711,53.4664105
0.0988813704,3.59677154,6.61329076,15.249554,17.5833346,33.2710704,47.4752254,0.147386491,57.1110249,45.353752
0.130552904,0.810617328,0.102223872,14.3584373,16.0247014,3.10577104,47.2222565,14.9745021,36.014861,53.3973617
0.303920058,3.937642,8.88534281,14.1449765,10.3425221,2.54666318,45.9621172,0.396115095,1.90653126,48.2527307
0.380145201,0.401553011,2.02826646,10.798885,13.8436715,29.6455797,18.0466199,63.4006901,49.8632818,46.3837607
0.89012129,1.07408032,0.152671484,1.68823041,9.51330899,21.8651293,47.9498108,50.2459993,5.70890099,52.6882259
0.546856854,0.0925739855,8.75469219,14.4207367,2.06458415,35.2307653,42.836353,55.6210088,48.4665525,43.5990814
0.974977843,1.81042827,8.70285316,1.51664396,3.49216479,25.6515739,35.3933857,59.6034618,34.6553071,41.9492872
0.133624003,3.27446463,4.3358741,0.0639531538,4.46977536,33.8609421,17.4951281,53.0517965,72.8280116,51.1091885
0.102925584,3.48114556,8.13037035,0.238927469,24.4593244,18.5251347,32.5829238,60.3431048,53.8681704,45.8672947
0.0287571675,1.28685856,0.52156211,15.8122483,19.4638693,6.12242549,15.7959409,0.494762242,75.2654563,55.2087862
0.0367171369,0.419677716,3.42758671,13.2441038,2.58103876,6.50650334,31.0354549,10.3051475,18.4953285,58.2260005
0.369621556,0.917963991,0.496806616,12.140086,10.0402999,32.1422916,48.3119766,0.50981468,71.45127,50.3521638
0.0642808723,1.47448051,3.58622197,1.12473735,11.657322,35.4403306,34.894026,41.6590894,5.46198735,53.2636095
0.0634035385,2.49308344,2.82006085,4.91138096,2.46852968,19.5528548,22.9089542,49.3630853,16.9264904,54.8622059
0.193271851,1.28001631,2.77681682,8.81838813,4.13955623,33.8709329,1.04797911,29.2375237,3.87361485,56.1703597
0.564460867,3.57519003,0.49244138,9.7106996,12.0752777,34.8378335,21.0528053,7.18199441,4.7841608,51.969035
0.0238592387,0.0089012608,3.607853,7.44058609,21.7663662,3.33502104,48.5897682,18.5908413,10.4664183,56.7478081
0.465651007,0.78587538,0.466916557,15.0516769,21.145917,35.1756588,7.21155525,36.0607579,72.3410945,44.7432219
0.746653753,0.0385211259,7.70526791,2.55603102,23.770856,24.1593109,2.09301946,57.9632247,55.5838939,52.8951725
0.491082065,2.46503694,4.22070077,14.7872255,1.40482815,15.7632278,11.6643907,56.7040078,0.328571732,54.6450131
0.186310787,1.30157772,8.13778836,13.8827067,22.8922171,35.269735,3.31549626,13.7739809,14.2975815,44.3813968
0.0992117455,1.80722486,4.56347662,0.624983095,12.6419943,34.5585383,1.84251135,62.8090679,20.2560371,51.2130682
0.647612195,1.67263418,8.91604581,3.52343045,3.58672645,10.2405076,43.8440477,32.5344047,68.0140081,43.8349608
0.296666887,0.321496802,7.64267513,4.33928397,3.66506655,34.2337775,20.5510383,0.392474145,5.45858114,57.1459806
0.543463586,3.96993848,6.20098004,15.7715952,1.87646935,18.4614026,44.6364876,20.1765566,44.7856827,40.4181102
0.990086299,1.52170225,7.31169353,2.90352474,24.2816069,1.39226443,48.7117365,8.03909883,11.5603231,41.7205709
0.327695924,2.34154804,5.39521325,4.17601945,16.1858923,16.2597372,1.9105962,21.4076749,69.345309,52.8565089
0.291641252,2.45807504,1.95106183,7.99320028,8.93306983,18.8706438,47.5171924,25.4064674,79.0989352,41.9684359
0.110849189,0.169257408,1.59582986,1.97764927,9.92393966,23.9814688,0.744279822,18.4306471,4.91699849,64.8476852
0.322848852,0.48264972,8.76113273,14.8582589,16.8085929,2.90997625,27.1826299,41.0912407,76.5485877,43.7847048
0.31674334,2.02129451,8.76790182,9.11280308,10.7520281,13.4451757,1.4541345,49.1606024,2.84039848,53.4863767
0.444553137,2.41832773,1.87690397,0.222214922,10.572189,16.9649055,12.4771398,42.1722166,66.3758676,54.7465132
0.959165561,2.7823658,7.24965152,5.14331563,18.2903171,7.71688284,34.9124304,61.6730503,74.6169625,39.8567136
0.0647857474,3.41622307,1.03760638,10.7564557,24.6118934,3.01303848,32.8540563,60.244083,53.5387692,47.715134
0.187141162,1.12606788,4.10126209,14.0656504,2.16592384,3.86202651,1.46945089,1.38593376,77.6950252,57.9358578
0.311460736,2.88238352,0.494568577,9.2694583,24.6650287,28.9979571,0.904507711,15.7532621,77.2990352,49.079596
0.769081334,3.79989154,1.74838888,0.305549778,24.0236281,21.7690384,5.75587247,16.9124252,29.2749252,49.4103942
0.43810693,1.05266461,0.301659561,5.31955186,21.4188658,17.1028369,31.8224754,6.97997508,0.558308001,59.848807
0.0828774781,3.68710008,2.45466268,15.1389115,12.0081371,29.8941458,20.2917461,4.41060364,21.5351832,48.908697
0.264942863,3.57877242,0.963066166,7.56097481,8.28692627,4.85255507,22.9933444,45.8969962,79.5008596,46.5838344
0.0641961461,3.77851157,3.24892832,3.09013348,24.8022418,1.8410745,25.7783589,62.5339058,80.184102,38.8953523
0.660415861,2.43751217,7.35083496,4.41441246,1.60979733,8.44386408,5.4765854,30.0027223,80.6877889,48.7578897
0.9017987,2.12303065,3.99639158,0.628075429,18.8495757,6.9399744,0.203743574,56.5789431,13.0323738,56.7686692
0.783686665,1.68710024,6.96075551,13.1872103,8.50464632,18.1306566,24.4256819,0.568659157,27.1532867,53.8848025
0.670223665,1.79653747,5.4120064,9.9407063,2.26691277,0.00418156386,46.6582679,50.2959636,15.5170347,54.3548719
0.623663205,3.62994658,1.15245248,2.25573158,12.6259405,6.02090958,45.4982087,56.6773513,0.3077667,52.3119474
0.704896647,0.791776451,7.6203163,8.27739866,22.2487989,15.2100011,46.9417147,0.519986421,44.8180336,49.4258622
0.161685643,1.80242961,3.22737743,15.1689033,24.6212643,13.8071321,0.63978255,28.50654,6.85780344,49.8925562
0.992562611,3.99918895,5.32954674,10.1191457,13.2540485,15.5414414,34.034462,52.5092061,33.1943137,38.6437373
0.84169672,1.58712555,6.34287018,15.3229607,20.3133693,9.78788516,28.5640368,29.7361269,79.8419991,40.313192
0.0146456254,0.596102933,6.07947898,1.42781822,20.8451549,28.1071566,6.78006506,35.9881159,66.1464034,57.2710151
0.469082886,3.50426713,0.489643911,6.12482547,18.6587492,32.5419036,26.9152062,58.6055402,29.5059786,47.5174994
0.918721029,3.77730842,2.75085499,1.10197616,13.9271745,34.591562,22.297776,8.77779654,10.6647394,45.9568691
0.636306376,1.60504755,0.0768487207,8.1714646,15.3210396,1.02697225,22.2169142,25.6996464,78.4149229,55.235504
0.538858891,2.40550965,3.15161609,7.48738976,0.87457056,34.4266503,22.747226,19.104604,3.89644609,53.769895
0.312457581,1.89823735,8.26915191,2.90882091,13.364015,12.9599172,23.5859632,63.0647926,32.8667305,43.5519651
0.134653519,0.486804649,3.88292284,2.28285448,24.8989153,1.53933001,32.0127102,23.0134042,43.3912071,51.7835499
0.0512411846,0.842358871,3.43246936,15.1335122,20.2176095,32.2035682,29.0875588,2.09044895,78.6908011,48.0901948
0.927225513,3.51681148,6.86388537,14.79375,22.7434215,34.1066384,3.09139322,22.2640227,60.0283743,40.8597912
0.24820263,2.16643884,7.50940303,6.28761365,18.6290375,33.4565674,27.9421782,10.6953551,56.7424497,47.3568195
0.881978191,1.62981881,0.820839506,13.954791,15.8941078,10.4678375,1.28714192,31.33933,0.15168581,59.0727667
