1.87013171e-06,1.40436559e-05,1.3612692e-05,8.34515436e-05,0.00307796871,0.00721394571,0.0109369896,0.00139586512,40.4912524,50.010789
0.808818651,1.08111858,2.22743112,4.44190952,1.63562991,0.728270355,11.740612,11.2360916,2.84810041,2.03456574
0.00921147082,0.0984072353,1.90637368,13.1681193,2.78273646,17.522835,4.37080595,6.80689783,6.70967483,0.0830323798
0.0135833906,0.118139792,4.79341318,0.51525184,3.87690941,2.35197579,17.0605401,47.9547681,0.654084969,0.159820242
0.0194001365,0.135806624,0.508121313,1.16075383,24.1742281,5.92651907,5.97731292,0.0658327737,2.21924165,0.614749476
0.202024303,3.08791866,0.132135075,0.52065719,3.43187877,18.5149965,2.02935478,7.61900485,14.01359,1.6529411
0.0926912854,0.0812611293,0.0499538803,0.239909536,0.420406045,18.0857475,41.9399807,1.17321026,2.81769874,0.196589709
0.0119227391,0.0164814528,0.264117535,0.16570975,2.171679,30.4536809,0.0776767736,31.5734196,14.0027445,0.122708243
0.101185134,0.910018186,5.05811215,5.32403314,1.04700824,2.36774047,15.0444409,5.9515494,50.763467,0.484275976
0.00118513294,0.00382859592,0.0285069207,6.89336069,3.46931044,2.00233489,3.64084225,44.5251146,41.7792263,1.83935681
0.281680302,0.660431736,0.233198343,6.76641084,11.9264915,5.54128202,27.4256523,21.8196048,5.52653069,1.43220997
0.150041202,0.0882517162,5.36209267,2.88930387,5.55606194,24.0652325,1.37191606,0.239444377,3.10293691,4.65362628
0.439616147,1.13710878,0.295146716,0.0243475897,1.59871275,8.96513517,1.30182976,10.2830662,63.4519813,0.932808788
0.000759127005,0.00763089871,0.0171119823,0.0238636173,12.5310548,1.29746054,26.9220972,6.20107568,53.3071152,0.153779417
0.287660085,2.00027221,1.47661798,11.2197129,4.8507269,0.0257990633,3.85209304,10.7046626,15.8161817,1.94938219
0.0469830594,0.375573696,3.11713441,5.81697231,4.2414699,2.22792427,3.69218824,13.520381,2.48388772,41.0917495
0.243824198,1.92330994,0.227676108,0.276942535,4.40251697,2.49311422,36.8869331,3.23023414,25.769129,0.107516754
0.0727253381,2.18294891,1.91019185,1.24709146,11.9941578,1.07938737,3.65186572,25.0372128,35.8703496,3.04522724
0.0256056337,0.208986557,0.784233529,5.33722624,7.59178179,19.37531,3.54521381,3.41325498,56.5635326,0.00732337264
0.169680933,1.45817001,1.31671886,6.79229928,0.450091592,19.4941859,8.80474826,34.7401147,2.2108904,0.776228827
5.0472814e-05,0.000480947837,0.000695458139,0.00149426767,0.105148519,0.118373405,34.7552579,41.4757484,21.9660923,0.167933162
0.436970143,0.258703384,0.861421159,2.20391827,0.323765901,2.3721625,6.64933899,53.0988762,0.846450121,3.32288947
0.00173998862,0.00884081201,0.18863873,0.306481724,14.6230158,0.360549594,6.13130553,45.7234866,6.48449147,6.43065996
0.516953646,0.201062162,0.956731587,4.45677709,9.89239429,20.9427347,2.00027914,19.9661917,11.64086,1.34384538
0.407878512,1.13079264,4.50152979,4.935735,13.2094115,3.58139861,3.36278613,4.61323565,20.2212724,2.38226604
0.0181984665,0.0475278325,0.434219903,11.5006748,4.14795696,0.398534168,27.8383392,0.348215506,29.084223,0.0579359679
0.0475109084,0.608546667,5.06807947,3.01874044,10.579039,9.57197947,28.6855431,4.80846015,6.33396914,0.886862019
0.000361354911,0.00156181151,0.0159278198,0.108680471,0.033775506,0.00458563241,0.189364041,23.1676684,75.4675268,0.0416344288
0.00966235594,0.112512704,0.177451655,3.73820465,11.3930005,26.8705875,20.0561463,1.00657861,8.42258364,0.037253357
0.0855025574,0.911848397,0.318576205,0.426995617,0.219278589,14.5977037,14.7811342,5.11159043,4.60288114,42.8731702
6.91959808e-06,2.27084601e-05,3.46767927e-05,0.00246543149,0.00906534211,0.0320088224,0.389010468,36.2510996,2.86406087,43.2417654
0.44063326,0.0267350616,1.21150306,0.672426403,0.496593171,3.74644864,27.6764331,4.65563171,46.0801676,6.55110172
0.0442297968,1.55982881,6.64410425,5.59075794,1.73156084,0.0643606451,5.00268837,12.8078397,2.77321647,6.3221877
0.110819866,0.0419471587,3.91278624,1.40594579,13.6763087,10.2792794,3.53564001,26.9317188,30.7426541,4.27873477
0.0349602031,0.714185192,1.14171813,0.23129695,0.70486501,17.6083969,24.826661,24.8409566,44.0599133,0.366524821
0.12077012,0.0476786119,2.11864129,9.58399217,16.6893631,2.05885992,5.12740857,10.1839905,20.7585221,1.01421148
2.18656829e-08,4.82089991e-08,1.24055218e-07,6.16368338e-06,2.69618844e-05,3.71995047e-05,8.61127488e-05,6.04543361e-05,0.000974603979,99.9987706
0.10130455,0.0303709155,4.06716608,9.40226924,3.34188952,1.47989502,21.9674646,29.0625813,9.14750873,0.0313841073
0.0212708246,0.00658776347,0.391301136,0.111396739,12.1461788,0.869721516,42.6954526,2.03066556,1.82423339,0.0117485562
0.59458288,0.0350593192,1.83711331,10.1798212,2.08867753,6.70742451,8.99593192,10.9730731,24.651496,0.125541535
0.247095231,1.15104662,0.0410141529,1.21850866,14.1916735,14.6546862,3.6282663,1.52613065,32.6691759,10.2024507
0.10344344,1.58978968,3.17582925,0.327636459,5.72749712,24.3804943,19.8256294,7.93680599,10.2985088,0.000701632092
0.000622184269,0.0124072825,0.0433934467,0.0676686703,10.1419059,0.0791639452,11.1261997,2.14051119,2.67962408,53.2666241
0.000650220708,0.024508861,0.186776557,7.58630048,1.17600974,17.84011,31.2663667,19.2438869,11.5597609,0.450576623
0.326436983,0.347490742,3.17477365,5.29565792,0.38246008,7.93425145,5.21971336,33.2601143,38.2679505,5.05131552
0.000643036802,0.00353417788,0.0147048064,0.0213861065,0.980603362,12.2513619,6.81413895,58.5135642,13.1274919,0.0569445276
0.317023999,1.51309159,0.505139341,6.758424,3.2434235,14.6195981,24.2848046,0.615057551,29.7451543,0.627462214
0.0304351951,1.4188857,0.514023005,2.79367431,2.82174695,1.71762373,14.31145,7.07036038,47.6772073,21.2925122
0.00431438614,0.887653141,4.9011337,0.158965793,3.37918829,17.9353909,1.06264897,11.1503768,43.8253898,3.25483319
0.356661657,1.8647573,0.800249071,0.25759878,0.613708472,8.76119197,0.159565471,45.7078151,21.4981898,0.348214609
0.00119991712,0.00774707991,0.0825066902,0.373907152,0.632190368,0.18880544,33.051107,0.690823193,27.7844144,24.2341254
0.464296448,0.102389032,1.09243956,2.20896427,14.0129169,1.52183753,3.99499176,10.6834226,8.50577478,21.7998727
0.00145948368,0.00466764464,0.0127715832,0.0853555154,16.1938411,21.1468568,1.68068306,25.1887557,8.29255787,3.4997036
0.356948646,0.218755472,0.971566957,0.428605708,0.378992612,26.2865209,17.525033,13.7281046,10.1914302,6.94482476
0.286404403,0.115589696,0.664655005,2.28226377,11.19927,2.97952506,0.468962463,26.2802105,58.0612992,0.0645648472
0.0546635394,1.43881425,3.01874295,6.28567122,5.62836195,1.28355068,7.58997583,45.7087903,4.84889709,0.560160784
0.119647519,0.527219392,0.484066604,8.79654073,1.01299098,1.45488545,0.470220423,11.8428402,61.1997613,2.77287099
0.0183879791,0.00376908755,0.171750392,7.9221359,4.96068041,13.5409346,1.27024418,29.9834775,0.550404315,19.5689357
0.232404791,0.00435131994,6.17409609,3.75876306,0.000355237095,5.83220932,9.41525245,6.81762631,14.5178718,17.1476399
0.213453788,1.82750269,4.72487268,0.0277721152,6.43970051,2.22142747,17.3874553,13.5953201,20.7865867,8.51408059
0.391940356,1.96482531,3.22543834,5.91157266,1.78545654,18.898613,3.98591598,4.98227849,16.2626685,0.324443444
0.409304724,1.01093537,2.90790072,5.00404789,0.653186143,7.39016893,25.9789939,30.9300871,7.17343993,0.0532086524
0.11026395,1.00482332,1.66823316,0.258836798,7.64003225,2.64351463,28.9961475,24.0937559,1.35804646,16.2831483
0.224182769,0.107082812,0.792327435,4.90439737,5.39456219,9.98801084,13.0618771,5.13295317,29.2098429,30.4475038
0.00448545206,0.00463204645,1.22225165,5.26240394,0.267611924,6.03859858,27.8021416,9.50886375,56.3173096,0.888657183
0.000118097803,0.000403998501,0.000434282137,0.0311280657,0.24463315,20.6478465,25.8647017,33.4294213,0.961720394,6.15641202
0.00269136547,0.0126409615,5.03113151,0.809733332,0.615575869,9.84813396,24.8685692,26.3573997,34.5282591,0.029359429
0.571311956,2.00097574,2.36061665,1.90252076,5.25754321,2.14929106,0.866926577,4.75743453,27.6650834,8.90339423
0.246903066,0.705983824,2.25338222,0.221569062,7.66110652,15.2824047,3.96929238,30.9595803,0.337032525,18.1650054
0.683204823,0.406756546,4.6369262,1.10851328,6.9412184,11.5604398,3.86886246,7.30537617,17.3788315,0.357602131
0.526537868,0.150616529,1.12792621,0.584341751,0.0585005251,4.92484406,1.04347845,22.4930651,4.15029391,33.590733
0.514075183,0.830712432,0.342027798,0.885510614,8.48553429,1.40753858,24.4412722,23.7105275,24.2008262,4.92270177
0.00320875241,0.0580622691,0.153170162,0.405558335,1.82241189,15.2815536,0.324272159,24.5864883,42.4713322,21.9479548
0.010723452,0.176881548,0.556801109,4.52447647,11.4163186,15.0134397,13.9104238,32.9194919,34.1231368,0.453405052
0.000194861932,0.0013922619,0.0615559529,0.0103366268,0.31082214,31.5780112,11.2123345,0.662518243,33.9745374,0.0990546223
0.238783024,0.200518028,2.82660333,1.86956036,0.058288032,0.0948452843,2.46469035,3.67471326,55.3245297,19.73944
0.0268093557,0.0926030672,2.39047435,0.386481305,2.41838298,1.00090604,3.78832172,43.6259803,37.4400534,12.4329567
0.00769488594,0.858687328,3.32219108,8.63092215,0.586316875,15.4678207,2.04340659,11.3393495,44.4001387,0.393383664
0.445718487,0.855459216,0.0254849118,8.03451203,7.81329756,6.94911083,0.124304506,20.0615386,41.9755151,0.0839083057
0.316100018,0.449400331,1.94777249,0.656213107,13.6661482,14.7483403,23.8995837,10.6652641,3.06495445,5.40526374
0.00869104632,0.839520599,1.92530335,11.2356829,7.92148535,0.0591074885,5.72407304,0.12529582,0.796430859,16.5036039
0.124201173,0.695402282,0.0678907388,4.73957692,3.74786265,6.04536266,20.9035864,50.2766025,7.43454053,0.417500331
0.000259294969,0.0152155016,3.13676358,2.14453787,1.59204167,17.6191009,8.52336275,15.2034369,15.7632509,28.7539261
0.22858975,2.15438601,0.521281266,5.65247173,1.95948908,9.96264509,10.4334839,27.0702451,36.4096262,1.02904706
0.265145526,2.3469432,0.805995615,0.612233304,10.2239824,8.5106337,19.3029136,21.9364443,9.97394926,3.30397964
0.0644015192,0.150529385,1.597877,5.90034236,4.69466792,2.36783062,41.9381895,12.8477486,1.72974601,0.704723997
0.012765814,0.0469449498,3.25562584,6.4416985,7.7290442,2.28064964,1.31272961,14.2368653,42.7095765,15.0844576
0.000307540215,0.0017294778,0.00467208145,0.137261761,0.00176945759,16.178597,13.8491845,2.62651181,68.1629431,0.412890837
0.00715093587,0.214444469,0.766309318,1.14762463,12.0915262,0.527328651,0.624618509,2.7592771,43.805754,26.2462899
0.174262248,0.999351755,0.267470232,2.75730416,0.0454053756,0.0307303768,2.72314017,16.7913571,19.6534549,49.5849774
0.122651123,1.41421144,2.83093039,6.04904593,13.2686838,16.5504615,2.67748312,10.8317572,20.040496,1.62270192
0.0593269321,1.21953291,0.0310594822,0.392384253,2.79583681,1.88818217,18.2245298,40.0466414,48.4503985,3.08770011e-05
0.00239396046,0.396904678,2.78769124,1.39477219,12.4368439,25.9025524,0.440244694,8.13441884,26.270316,0.000196481561
0.0213279644,0.214028442,0.0153032814,4.83059849,3.56066849,24.9131928,1.27680182,3.28824536,0.310258122,22.7341893
0.299826883,0.50951936,0.0932666477,10.4636531,3.31135162,4.59461351,9.7080716,36.0025633,8.49702679,3.33260245
0.0216055687,0.187441541,4.20376246,8.4870072,0.275775454,19.6962263,18.7694393,2.43762038,17.7932338,0.0957003839
0.143056619,1.15331906,0.253979926,2.92044426,3.24418552,25.3797864,5.29031762,13.060689,33.8538232,6.21558789
0.00246988553,1.81877458,1.68937558,0.295299985,12.6460908,8.41172197,19.3639726,1.19036079,41.5906488,1.36108772
0.0920918607,0.269609706,2.44158089,3.18103611,20.5199487,0.507799721,7.32989741,26.2141762,6.08527689,0.207891815
0.0157564486,0.0259502054,2.84228226,7.38737579,10.8645299,21.9818028,2.15387431,5.86628177,2.48714576,5.86289018
0.0191194462,1.81758717,0.484246888,2.40789852,2.47144951,15.4685561,26.7215131,19.9761603,14.8422225,7.524225
0.0729142454,0.144329919,3.255974,6.40882881,3.13410532,21.1292831,1.36593488,35.1100939,13.7784489,0.561219364
0.362223162,0.361370849,0.241944649,0.611084348,16.9484312,11.2538756,0.184701522,32.3658721,14.5649562,0.653733372
0.00411934477,0.0438316945,0.0414882221,0.583105626,9.16445807,12.636183,36.1666399,20.2177577,25.0249689,0.0450555139
0.00124939435,0.00400144143,0.0434586975,3.95433643,2.2487313,9.82109307,0.75279195,2.69032756,9.93383747,59.9168577
0.225217953,0.247828452,3.17430849,8.29120322,11.1969012,13.2374491,20.2255685,4.48958744,16.4320875,0.0127900648
0.163984178,0.470529015,3.31018098,0.584075608,9.82663538,7.61738556,12.8840991,8.2521189,58.5151025,0.790826554
0.492403475,0.396099411,0.207635153,0.21961996,2.51850062,9.64320631,5.03783299,37.1040022,43.7199452,1.36419385
0.00256918298,0.117875625,0.737845202,4.93922573,1.61613223,1.67820388,24.080807,26.1183642,23.2282476,22.5697369
0.0551994603,0.453002026,3.03267763,5.03220582,11.0825646,2.61495766,23.9235196,21.5069064,37.843871,0.0143568851
0.542256654,0.0371510615,3.58981746,0.542476908,3.4818331,1.94731999,5.5703564,20.9461853,50.1317318,1.01588946
0.159896315,0.669051702,3.63752987,1.03284423,0.766886923,8.82913184,22.8435169,0.30631634,6.85429596,28.8188816
0.0233769474,1.9642998,0.594887506,0.118015909,16.2985335,0.41510272,10.5317433,13.0476095,0.686946099,12.8727447
0.471823935,0.810145814,0.226605163,7.2744848,4.79076888,4.40131464,11.0859168,8.75312352,6.7399051,22.5746285
0.236114588,0.170335458,2.85087782,0.0181755492,5.84711569,21.8316406,8.68027286,22.8571018,40.5661924,0.495271754
0.00411433349,0.233401655,0.0216101104,11.7113947,8.28265251,11.0939692,5.9206631,20.4305035,30.2491756,0.00530802276
0.0566487632,0.746904867,0.187293982,3.91915305,15.6689811,2.79595439,20.4268154,2.4044794,10.3196991,17.0063904
0.10057131,0.656893269,7.17680408,2.10170815,8.23780341,5.55497607,3.19171899,20.4158874,13.273119,2.25214408
0.0436458455,0.476488079,0.41980064,7.05239364,0.832852658,18.1929771,4.8782435,30.6149254,40.8706365,1.89869094
0.0239448586,0.11592674,0.575656864,0.0103915062,19.9897801,9.89312752,3.93437684,12.7868962,38.603763,0.306777889
0.0218255208,0.257689793,0.282969572,7.04862863,12.1268047,2.4238744,3.35171081,0.753797947,60.376177,0.00327051032
0.705675718,0.253511671,0.144878773,1.1227799,4.32019676,5.13826434,11.0183942,5.17765016,50.2892909,0.000823639348
0.50044048,0.428020292,3.25271106,8.90118561,7.34917968,1.54040871,0.606754126,3.02875248,1.12588571,10.9584432
0.301174406,0.210623972,0.566682624,1.63818211,3.03659992,1.45978915,23.7514239,8.21273378,4.8138755,38.4143407
0.000850626489,0.000367064666,0.0323006255,0.0918654551,0.138208543,0.357474787,47.7784521,13.870824,3.65618488,0.00259139217
0.526874318,0.0820716509,2.26784926,2.65503488,10.8990194,3.44620096,15.3137604,33.7346397,0.260092481,2.85085312
0.0116415911,0.0369341802,0.0641457561,0.772906217,18.8494064,3.42493457,23.9233423,25.3687846,10.6524068,0.354407966
0.0216757003,1.31993626,1.64263503,5.34222607,10.0942295,16.9723563,25.8267762,2.1799511,12.1484245,2.99915756
0.486930992,0.48160729,0.396414731,7.02257097,0.553409997,3.77921188,25.0315645,14.0617274,38.1887714,0.540845409
0.0471026663,0.865534736,3.15512909,0.501120569,0.44142387,4.26939768,11.1470174,33.6144431,5.69221582,27.8994173
0.0175873816,0.0280221735,0.326161411,2.1726555,8.42867435,13.3213954,19.2861466,19.7405229,4.30323944,27.6407757
0.480460731,1.04500354,1.50163642,0.0369274746,1.29139205,13.889563,27.8229363,13.8149407,19.3093549,4.90521728
0.0527283165,0.370167233,0.591770748,5.66708376,12.6053158,0.206467255,2.41228878,24.76022,18.3522807,22.6167634
0.00869679192,0.0977237634,0.0453127837,7.44397873,5.0364,2.31354041,16.0433206,3.64943219,1.70546186,38.9456022
0.308832777,0.0202765269,0.268697859,0.269432875,11.8774008,11.7978406,30.332455,0.897899321,34.7290902,0.154206855
0.236725452,0.378999599,3.18169546,0.31151187,8.29748557,1.13267735,13.931727,19.6046361,23.6779378,25.0571372
0.384908305,1.21625075,1.96482428,5.39975791,11.7341563,3.70102369,8.05911992,32.0627859,23.0358432,0.403227977
0.166433478,0.0114033258,0.823921929,6.89302022,0.283596415,23.7769988,17.6738428,5.53077669,33.1531299,1.86068974
0.334706584,1.35899512,0.286657844,2.2457716,19.3347345,0.713985341,4.32411912,6.23811904,15.3656408,5.13315954
0.0531100766,2.3758966,3.97514583,4.96200773,9.37766823,0.117282246,11.4903087,4.89329804,26.5033702,2.25038915
0.0473031985,0.24623206,3.20387773,0.838152016,13.7745012,0.891367835,5.52137538,2.7923699,3.04955723,32.4938783
0.00651670211,0.10824606,0.31473096,6.91615506,16.211878,16.127971,12.4473937,21.0921774,1.38295507,0.828198272
0.342167258,1.08550933,4.02034061,7.25171001,6.47138491,0.479928565,21.630888,4.49754252,29.6924841,0.147006729
0.031939456,1.30295475,2.91145936,0.0127283446,2.21489816,6.35256335,29.9632949,9.02716684,48.2710343,0.0135909153
0.0030331548,0.00592132008,0.000807278123,0.0108459325,0.192252399,2.05734735,17.9322106,23.2351345,49.378101,19.9568565
0.114300997,2.03506603,3.57464167,5.57842381,0.0664599108,10.6527392,15.1787493,5.76991128,31.6730104,5.35459528
0.0516896824,1.17390224,1.36392294,2.99102306,2.61783806,11.0333711,2.24227457,43.5580529,29.9741563,7.59600423
0.0216176341,1.29468976,0.161414516,1.82413829,15.7007978,8.07050235,14.0789637,36.5318752,1.98079765,1.39925735
0.0138274188,1.23551289,1.61827148,4.26959119,2.03920707,7.81601153,1.67069283,22.2404071,62.8272572,1.18320838
5.85234418e-05,0.000462246971,0.00462814428,0.30339002,10.2224003,0.497334278,14.3506577,39.5622538,47.7615909,0.837097928
0.176652325,0.0338358954,2.85173267,0.153967627,3.52781533,20.5807546,29.7895178,4.56719669,20.7906309,4.13101461
0.000536744915,0.000880654441,0.00328535272,0.172676184,11.1646372,21.9735553,14.9953649,6.01112237,46.1862795,0.0140539331
0.430906231,0.951525584,0.82252743,3.65293196,0.0569172055,0.0814620666,8.99658135,4.80139305,40.0733753,23.3935683
0.0814889,0.286601094,2.07052576,4.83781664,0.249835046,9.12078736,1.53171026,56.3537668,2.18240161,0.127808263
0.103552862,0.911163703,2.77292076,0.253908817,0.890623789,1.62390954,31.7496257,34.4396603,27.5106531,0.70939313
0.341417031,1.36736349,1.19710503,0.529185638,7.82279929,5.36382863,21.779861,10.7493643,51.1464219,0.159519713
0.0244707219,0.038921925,0.129922212,0.593639814,10.4860334,14.2567518,2.79358326,1.99908821,20.0886753,36.6931106
0.138509302,0.351752798,0.566137988,1.02426134,0.71655476,0.227398523,16.6259201,2.76218659,72.9099389,1.86511638
0.0440787607,1.66378764,0.345029132,3.27367245,2.69271559,2.19789701,22.4988614,0.301008373,11.4787142,31.8421743
0.0703719558,0.264243513,2.03306621,0.128889088,6.39130658,12.0659098,19.9250144,45.6235709,20.0453719,1.36541388
0.262463127,0.062346655,0.216906475,4.4879894,16.7665051,4.28453474,15.2701437,25.4606829,29.1388704,0.143479648
0.388887572,0.0899647439,0.993989495,4.13220237,3.65312075,10.9393032,5.89962292,2.6849377,59.3474724,5.26831544
0.100418159,0.936097497,3.36259662,1.41496581,0.752589278,22.249618,11.4256276,32.17928,17.3602186,2.62105399
0.652941314,0.698260547,1.38727725,0.0654567267,2.46387942,16.1116986,3.70692271,14.3949192,16.0408923,11.3363666
0.147983963,0.946817204,2.36606888,10.0540289,8.65936566,6.98869629,14.0261426,25.3570611,20.0625539,0.00870246701
0.457986727,0.35585538,0.444759428,1.71705382,2.10148767,15.0272916,24.9061556,35.0002756,0.91262791,1.48623627
0.00814596376,0.853670391,2.78818328,8.11211417,2.09910916,2.48289331,31.2963024,11.9143365,25.4706721,2.43331966
0.200978789,1.40574633,1.91678462,3.60879299,5.754902,10.2030167,3.13412435,12.7356564,25.8223976,26.5992303
0.256542992,0.181425691,0.458701937,2.87749813,11.4788425,17.3580719,16.7285151,35.9114195,4.28075209,0.988966931
0.223006736,0.188991513,0.942137185,3.90162508,0.102581374,0.551262239,10.5211209,28.0311828,62.1446036,2.5733044
4.71582631e-05,0.000122581019,0.00214308995,0.0136657176,0.0224886202,3.46614047,23.4889583,25.9997006,0.0454352811,36.4311732
0.247890093,0.146266562,1.3180134,0.160790768,1.7436886,2.62074553,4.03908444,2.96993839,0.370347016,67.8336405
0.157258297,0.0690180815,0.196457503,0.681832579,6.6710443,3.1794098,4.72125588,28.7416695,27.8842703,33.985053
0.455596675,0.844763304,3.1653473,2.3999763,6.14774542,17.085732,13.0719409,4.11512724,4.60494,12.6718122
0.000302852741,0.00614205611,0.0145798722,7.07697151,12.4702296,10.5479446,31.0345686,2.92586571,7.90457083,2.88878116
0.0121951616,0.340923387,2.52489687,1.77883625,19.1882487,16.3112075,11.4747354,14.2888919,3.85257993,0.00906004786
0.0617804747,1.11104557,0.08328904,2.71849472,13.2705341,22.7046927,11.9774283,19.7054213,15.5651259,0.957864485
0.0552878997,0.0518347732,2.7603478,1.95451223,0.880028148,10.5359741,30.0717992,26.9480675,7.05490326,12.7859909
0.00177993598,0.0131591544,0.535044616,1.15470841,8.67802528,2.70666062,1.43296911,2.64924153,75.1496238,0.0883330307
0.259847236,0.603038368,1.41450339,0.987321466,5.90271566,7.83022233,40.2111439,4.83597934,8.79783465,4.46130356
0.168563493,1.10855112,4.81952137,0.921640742,18.307167,3.20626184,8.86330699,4.6387542,11.1714652,0.176659167
0.0719444288,0.627764784,1.39314216,0.203557687,9.62985418,7.13641738,22.9109,0.411816989,30.2088751,22.5820311
0.0250871574,0.25623212,1.94644433,4.37675798,0.983590975,30.7691639,10.1600412,18.984356,5.6884996,0.285032181
0.000116502979,0.000108896989,0.0200225467,0.0302089564,0.101507095,11.8619654,16.1759827,0.584594976,37.3857524,34.3730715
0.00559337259,0.0432122953,3.39140513,2.31710296,0.0417418209,4.66660419,2.93541005,22.3377191,65.8341133,1.71874287
0.0024491756,0.00381152222,0.0232737622,12.2547741,1.20599745,9.88992135,18.933325,20.2306913,3.54977118,4.3133399
0.363213665,0.118155156,0.4537768,6.59570123,0.0871879208,10.0762535,1.37748691,22.8292341,21.5520993,23.6813597
0.0036887412,0.0150104821,0.446557609,0.889508938,2.30250404,16.7878022,33.3914761,0.756552765,44.5028099,0.104575427
0.000903882749,0.00127590414,0.000686123385,0.00588816571,0.0289458233,16.3673896,5.50274451,29.0979975,4.91326562,34.4475883
0.137652497,0.676231021,0.0287128221,8.18685282,5.01664629,0.934084122,26.239279,20.6222405,39.1476406,1.2852931
0.322316017,0.339932878,2.30296832,8.8516263,3.00082909,11.1647676,1.23945088,1.24493705,38.2926695,9.57065019
0.25648814,0.933307069,1.03465917,10.7418266,1.14731364,9.95450349,14.2170346,0.36299615,14.4366897,11.7548054
0.0499305893,1.1876111,0.0506282163,0.544914894,9.9270351,7.44820145,10.6313252,21.4793859,59.0973762,0.786149074
0.331993973,0.19326774,1.17736544,2.48838154,0.869502817,17.9514527,3.68510216,4.89142909,9.2064154,34.5680242
0.0744905762,0.848925797,2.40452226,1.49692566,11.7503578,1.30162591,2.09045563,40.2332515,22.7347296,8.96500285
0.036486912,0.40232066,1.89289097,12.8384427,2.57848884,0.176017909,1.35126942,17.1033821,32.5859244,2.82933355
0.0205727665,0.00531956166,2.08873394,1.5507719,2.25047957,3.94407111,15.8788629,9.92964427,19.4356994,47.9954433
0.0845007403,0.0685199844,0.0454607671,2.63140803,0.157916342,12.6926402,15.124733,43.3601243,40.0848313,2.12044004
0.00493707626,0.0132467838,0.048095015,0.00930988242,10.4591562,14.6871285,0.169929765,45.7854288,24.933451,2.62969911
0.394487749,0.96005681,4.30121903,0.914020132,7.07801594,13.1753185,6.19192193,5.01328462,38.0198492,5.05717603
0.20532887,0.496095901,1.81345613,4.24975266,9.59020371,21.3555354,18.638938,1.86758445,33.9000741,0.579326075
0.449916533,0.043208494,1.16926865,4.36721859,10.9301051,0.467390365,23.8144697,1.49603053,9.74539689,14.1824062
0.225537904,1.16250702,4.68320772,3.2878926,2.33540377,1.09505138,32.671445,17.125026,12.9111184,0.0219333356
0.071376906,0.391271162,4.9750157,5.48044933,7.66758,11.9681368,8.04490505,2.57139699,15.552596,15.8822786
0.179214399,1.69371387,4.59501172,8.68232757,3.55638614,3.90833433,3.60567643,2.38295441,18.3377191,7.44628023
0.00285349742,1.20142611,0.547482063,8.29578155,6.32265313,11.2579512,6.77450708,4.06794173,46.2203062,6.55110667
0.255618357,0.0806284098,1.25098201,4.55441471,3.13669107,13.703036,26.5245427,22.9624062,27.4698772,7.07597677
0.00292700432,1.47687573,2.83701668,2.52073733,10.303785,8.58489177,21.2814332,31.0371223,24.1493879,0.0023397187
0.0301377456,0.54381081,0.57194708,1.88776612,1.89455936,25.5137171,25.2459579,7.61337177,1.25212648,9.15864763
0.263895153,0.100352681,0.14423103,0.0456863797,6.65017472,3.80454085,21.1433634,24.4645162,57.8801281,0.231066984
0.182258886,1.0919505,1.67417044,9.26680784,0.516377475,10.9647676,25.5625012,24.0632387,4.43057567,0.627246985
0.429444023,0.585512023,0.61645829,5.7844062,1.40665627,0.5985693,4.15569117,44.6718091,30.9431817,0.752280702
0.000171467541,0.772582253,3.22829744,1.21053742,0.101773555,28.6728722,1.24078296,7.570167,24.3264727,4.55879579
0.00435659407,0.15197473,0.23755851,0.168698904,3.57449565,0.033870866,16.8999264,49.2852802,0.919593621,14.278123
0.409178444,0.270011538,3.3347415,0.115986808,6.02955601,5.93976111,4.3682644,40.8981501,28.6988542,3.22383085
0.0153268297,0.0451427836,0.0455100106,0.135774848,16.0284799,15.3602605,21.6831597,2.81005585,2.4524274,10.9925489
0.0114368977,0.123666952,2.79317994,5.81924085,0.553062727,7.75402263,21.084445,34.8366612,39.8163027,0.0180554075
0.404887906,0.174306389,3.56073622,7.49578143,2.46273395,8.4793976,26.8922382,10.5546078,11.3997971,2.2639634
0.336448941,0.296841678,0.0429340308,8.54804218,14.5089309,6.49165589,3.43936157,0.274690938,30.547312,4.04922553
0.000145911186,0.00244095222,1.7189576,8.97070357,6.63086897,13.8639339,22.9934667,4.42256044,36.3112991,0.229032166
0.378041621,0.857611657,1.44914864,0.349028313,10.0085705,0.788924657,2.64384757,4.21009454,61.3272621,2.19814245
0.0235464815,0.0453941821,0.743519208,6.524692,0.223945252,4.50586061,2.0684306,13.3947304,40.2119811,30.6031934
0.0943488551,0.895597321,0.108148154,8.98941853,4.01637606,0.528603662,5.22721161,17.7469617,12.4199816,28.4004363
0.000581864739,0.000555466271,0.00318452513,4.30164087,6.34688297,4.38603504,38.9804497,1.38143575,37.3783049,0.10799361
0.00120875647,0.00203599414,0.0101506335,0.011065209,0.0561936752,35.7662718,0.78263621,4.03512413,1.85480927,0.409820023
0.267526988,1.23703449,0.443266936,0.327358904,11.9598966,10.6673004,11.8178082,34.4616377,26.8627575,2.79840233
0.0212250744,0.250289677,4.8431979,9.61658246,4.86521821,3.9159391,1.33498278,23.6187839,22.1048058,4.27582642
0.137349597,0.186251624,0.6928186,7.36568206,11.5464278,6.86476481,9.56596762,42.7564304,13.2737371,0.00785438811
0.0615257931,0.621340031,2.0694644,3.41365753,7.57589209,15.7422856,1.89358973,0.291535469,1.78159458,35.8631047
0.0139556076,0.00648486817,0.562239664,4.56300292,11.5485649,0.31571638,21.7472772,28.8848675,4.79081274,16.1506529
0.0401239151,0.0083852363,4.43246947,3.15444372,16.6213716,5.7340739,0.944814899,2.26627112,25.8508278,7.59229658
0.492801631,1.8563385,0.97647911,3.56485326,11.2432608,0.21256317,19.5250291,15.5239101,13.7435692,1.59589658
0.336054245,1.85651644,1.08242468,6.44808038,5.35791501,4.25221694,12.5255108,1.59730421,47.1118704,1.54359654
0.0295438718,0.109124428,2.60598041,4.61600828,4.62532943,0.851462133,10.5200454,0.207033574,69.344416,0.878947813
0.281293489,1.81190193,0.213022484,1.12058235,1.85178336,16.0785014,3.22225691,24.2909397,15.4298011,17.5739647
0.0357958455,1.13412726,0.0562398887,1.76122925,1.01010149,3.40333551,3.84033504,59.7098196,11.0137681,0.0273143782
0.27147494,1.47063403,0.107892521,0.157276847,3.7294478,8.51960435,23.7628038,12.3329988,6.25287945,24.7904952
0.163365694,0.651984192,2.89911378,8.58121058,2.90923949,1.04399454,11.299203,23.3284205,47.9904902,0.194476418
0.106665673,0.0105704645,4.66100726,1.85367876,9.01216394,19.5141336,18.0011893,15.1134611,11.6120853,3.66336708
0.202189404,1.06166553,1.56646572,1.16813494,6.76542873,4.60296384,10.8709671,4.27554329,3.48236724,45.9570468
0.00290131808,0.00728182209,0.153566581,1.06505716,12.9199581,4.33912436,0.701386825,25.3348881,0.0877248897,33.4228621
0.339684898,0.110170979,2.2819984,4.48427683,12.8947086,12.6656764,1.00831602,11.0874705,26.5280844,11.3151856
0.188898175,1.24143771,4.74858374,4.5082555,3.992101,8.81170693,9.32755407,36.1975914,20.58732,0.204362753
0.0261216214,0.174026136,2.48294708,1.46826826,3.58751485,22.8606225,12.6401164,1.96573075,49.8957715,2.12828866
0.259204707,0.0855615228,3.20278044,1.6600938,0.991943057,12.144074,20.7303643,18.747196,50.4969836,1.31550392
0.0768712067,1.27234251,0.00188526267,3.5678523,2.55987781,1.75762934,35.9418444,17.4341748,37.0031176,0.470475727
0.0111338747,1.65680216,2.35802649,7.21008187,1.55015036,8.76318641,5.82278179,27.0990111,25.2069492,10.7392085
0.0337979844,0.241636905,4.08236917,3.687118,0.41920727,3.24430292,0.33469172,6.85855325,32.9971084,32.9528782
0.367257341,0.847973451,5.24375988,2.46727205,0.205140318,0.754026507,8.55532183,1.77800164,33.5063487,13.631984
0.0125743824,0.306757347,2.91443151,7.25032868,3.4692507,18.3625685,21.8679085,23.8131945,2.01348368,3.36124862
0.0574291762,0.129860384,0.826773712,6.25661154,1.48348417,0.297745403,7.90686794,42.5632482,5.01300719,19.9092517
0.0732891029,1.36827684,1.5270742,11.917008,4.50936314,11.3753268,5.44479551,14.5395115,3.02281152,4.9395763
0.0516677867,0.881330956,2.1062413,6.43182711,5.67636646,2.15057672,26.6914758,32.8242459,0.137734561,6.05989979
0.0144638461,0.0241727629,5.31864531,0.210415963,1.62578481,7.42985796,5.63607192,14.0368881,5.43812252,32.0059982
0.350607891,0.267704051,1.50366048,6.88003919,3.73302171,0.0124780142,23.334203,32.5347421,22.1902679,3.93920503
0.00991433248,0.697874182,0.937394834,0.0487815694,0.580091272,6.91329233,2.05209608,4.04112945,57.268788,23.5518202
0.340315671,1.46801665,1.46786785,0.762647083,13.208053,21.5685101,13.0343582,6.82946355,0.250287116,0.01944412
0.391353897,1.11362201,0.836942568,0.132509499,4.85389988,20.1666812,9.47384151,3.46716024,46.6290499,1.88793067
0.000555099155,0.0814854817,0.059566788,1.72189399,8.12712652,8.91776493,29.9312056,42.5682098,1.17382383,0.259513887
0.0159117934,0.0128045285,0.134570687,10.6524437,8.1333331,20.1374895,16.2099616,8.77885838,7.63391497,0.0187244315
0.297053697,1.74129302,0.620856777,5.9962955,7.55346218,5.7130542,31.7216443,3.00921249,7.12039658,1.58916264
0.0654477712,0.69467724,0.423654952,4.66919775,4.82721787,11.7987507,17.8980495,22.389721,54.2056615,1.5030886
0.0549605963,0.472397763,0.640018662,6.17546174,5.03783531,15.5303993,20.8019973,0.833944241,4.81607317,23.7346697
0.076673608,0.151126083,0.0645932689,0.0342619201,0.782828289,6.12620044,36.9561032,19.9930988,43.1104773,0.652927087
0.0272944063,0.0338380561,0.0563819446,1.46782682,12.0005665,13.5031517,0.441824384,22.6035765,56.9608789,0.0139148707
0.0159095158,1.12504703,0.0284279655,0.714940393,2.86705737,2.45796245,19.4441929,27.6152784,17.770611,29.9312785
0.172333161,0.64899424,3.18431872,4.78481265,13.4681951,5.47460156,15.2012686,36.0429028,2.64242453,0.0770398019
0.131208602,0.88038399,0.459567912,1.07793474,0.241665464,21.4570547,7.22576465,46.1476707,14.0197842,0.0111959844
0.0182881757,0.920378893,0.873520232,4.77641026,2.52864787,11.9387337,15.5233364,32.1636241,1.14581414,20.9333807
0.047957515,0.000334196307,1.86451804,2.65133744,5.06480962,4.93801277,32.1028746,0.509658332,5.35345052,24.7534913
0.24798494,0.849803753,0.147747502,3.92027381,10.8910465,0.960230484,5.62856676,7.14335609,43.3148338,18.2050442
0.047170253,0.0327318389,3.0784806,1.80671906,1.88332699,2.06663908,30.8461524,0.230878222,43.4542382,9.164085
0.640566151,1.55983052,0.816000597,1.41967751,4.37001313,11.5554749,15.2001133,10.2665824,32.0628961,0.465019314
0.231616108,0.472871853,1.44801351,2.2752074,8.92208544,28.219798,9.18624207,20.0868798,3.74635456,0.432972376
0.0351544219,0.0480753131,7.2108809,1.65948899,1.84578275,5.09767911,9.52242676,18.811915,34.4141412,0.790547957
0.26794434,0.597940148,6.02285056,1.14156199,8.00020857,0.317965119,25.9167831,6.33824838,18.9460303,0.30958852
0.000860117217,0.0063141941,0.450241651,6.00810215,4.16059494,0.476653491,23.0231398,0.642598538,34.9800955,23.9244179
0.0228996605,1.21911932,3.10205039,1.01031026,8.83398212,16.1215412,6.53929938,27.9045494,40.0339488,0.31045586
0.0775930863,1.44413104,2.81642419,5.99288335,8.49791806,3.83410423,5.85341857,8.1338025,52.7706798,2.20770296
0.00818208199,0.0295597974,1.01910141,2.26383771,5.8138624,23.2819289,22.009651,24.769136,22.4993562,3.35685106
0.240617028,2.07314163,2.49423845,1.65476305,6.21364758,22.7355271,1.35153328,6.31376036,23.4419661,1.56788014
0.305116947,1.11373226,0.686012002,1.30239372,2.09049437,18.3833138,21.0996133,32.9471065,24.9531666,0.192613764
0.259714292,1.26830969,1.00075849,5.32809059,8.49845872,11.0083142,2.25212831,44.1638965,4.98272657,0.884366506
0.198931823,1.79742169,1.44817908,7.52393931,2.31851949,17.9325954,14.761225,6.4865055,5.49820771,7.75682714
0.199992366,0.13912907,0.621623358,3.432509,13.2735507,6.25375979,16.738784,2.11360895,54.9351186,0.912415472
0.131225987,0.593819869,3.35485701,5.48913136,1.51932524,15.3856207,15.7777305,15.7855709,30.8264075,11.0277625
0.0616081293,1.92847106,1.42742339,9.37427854,6.76776661,2.38541737,19.4550304,13.8575146,18.3290738,3.1464042
0.201172413,0.280111668,2.06210988,3.43457647,6.81932747,2.03071312,14.9606266,41.1022307,37.8586459,2.75487398
0.0706498751,0.194723978,3.64339409,1.381448,9.73762665,16.2991625,1.00696336,43.3519152,2.30698641,0.226964238
0.000827070242,0.00469761264,1.51348634,10.2103619,1.21545474,10.8907852,9.20067144,41.5430379,9.16862651,0.0594852241
0.00884626019,1.45535008,0.886802755,1.19137307,4.73835242,26.2007751,7.33399853,9.36073559,5.26701604,12.7447942
0.0204425889,0.533521765,1.04723415,0.0510169676,1.16428841,21.6512673,1.61114465,3.41785075,30.0269716,26.7202733
0.0230935302,0.919660247,3.80572988,3.79466793,0.635815444,5.04112885,7.36042645,35.6347475,46.2136468,1.67378959
0.309772761,0.688920808,0.635887769,3.42979443,2.22407519,2.39042469,7.11964609,35.4810389,8.23582443,27.3578213
0.22186886,0.364765218,0.841627179,0.270750968,7.55704765,0.210687379,3.16929137,56.8248245,5.89866976,2.2343101
0.28560655,0.467289663,1.4350919,4.89775928,7.13157627,13.8510102,7.78921275,30.9298267,23.5288191,11.2891662
0.0162913288,0.439579641,2.17948641,0.228801037,5.26464615,8.00012181,12.832423,23.6822072,41.6948435,20.2880173
0.00064757786,0.017174513,0.0229469435,4.64257229,14.3818456,23.1014914,1.26426514,12.4956258,23.8024579,2.42510067
0.00971598709,0.0778772879,0.0528562741,0.0988300363,0.0675221909,0.0706120511,16.9987342,3.39738771,0.266546251,64.8240721
0.202094221,0.0202503919,4.01445623,4.71172732,8.28197478,2.5978796,14.4966585,1.64201904,43.9625603,9.21106587
0.0538896058,1.28379358,1.88591805,4.81259497,14.9740022,1.66226668,5.46659325,7.99996343,17.2484425,17.866203
0.0341686871,0.174831383,3.03008662,1.66535569,16.7017015,0.631262967,21.1485574,13.0949427,17.3157714,7.92771658
0.52837183,0.523092288,0.274609301,3.36649389,9.78837143,3.36699782,2.16734359,37.6998341,12.3453031,6.42093483
0.00620671865,0.17855272,5.76862751,4.26537459,8.94362843,9.87400861,15.2988209,28.4137942,6.05182028,0.636702095
0.0484540793,0.847684485,0.24740549,3.73584966,0.470029623,10.17802,26.5070424,7.82015749,27.1732185,22.3516221
0.033514302,1.99108147,1.38575134,1.68305764,7.17472756,11.571558,12.9822726,0.950188331,16.3148652,23.8200971
0.0159182928,0.31901323,1.25855674,9.25981272,2.10257671,13.3261273,3.3445501,4.50797041,1.31506439,28.2302092
0.00125744092,0.0103770712,0.00299769015,0.0676262488,0.655748253,0.759794726,14.1320662,54.5926377,34.0697734,0.557437303
0.017506634,0.0357043955,0.178211975,2.04666796,18.4748142,8.95907426,22.7364426,1.27427656,30.6548039,0.797562402
0.61083149,0.502917374,0.563237669,7.90733305,4.06920451,13.3144775,14.3516543,20.3426671,2.84592338,0.581081252
0.250082089,0.563087497,0.217846785,8.11274706,11.2791116,15.9156097,4.13656458,24.3370942,4.40086935,5.46303813
0.0120774992,0.269127773,0.442436047,5.74957222,6.72895757,24.4776025,3.02784174,30.0442454,16.7048398,3.16500774
0.344381935,0.290544348,0.436482748,0.430675294,9.26001623,12.5586322,1.28193971,13.4138396,37.4871709,19.7101423
0.00728165011,0.0158897418,0.238973608,0.299097669,9.98656038,32.3707093,4.96664755,7.03228242,6.8922334,0.0591575594
0.0274245849,0.138217949,2.2165635,10.1765461,7.85945132,9.13095562,3.35397721,5.16557105,23.971932,14.6130406
0.186634411,0.148092022,0.0120236081,5.174701,0.210159468,16.8367788,13.7386278,19.6821329,3.60882811,26.8711807
0.411746494,0.155308554,2.83139922,2.45440544,14.4281345,15.5187274,1.38046002,27.6018161,1.33414262,0.0243262048
0.0967129312,1.66335064,3.41871805,1.14891318,0.607389994,8.79507628,30.9944226,5.10023014,13.9978652,8.98792211
0.0164172068,0.0242464183,0.382266597,0.423847363,8.05347997,1.09157583,25.8446857,25.0481031,30.5228654,17.4849174
0.139895187,1.99787938,4.2005694,2.21592754,3.82920434,0.105610052,3.07012906,9.75384983,9.85256955,24.4039766
0.0579296496,1.06029117,0.041510183,2.49742828,15.2243005,3.9112852,0.0923930893,4.55683154,57.9987967,0.0783244092
0.299717022,0.369080847,0.505485147,8.15576286,10.1983843,1.41507141,1.24335578,24.007527,0.373854782,18.1059653
0.245808774,0.19189413,0.912825979,0.177579601,7.1436483,1.80936666,14.1208199,2.50201978,48.8774732,22.1534217
0.00223679416,0.043428324,0.775977912,6.56420113,12.2825227,10.3942724,12.3528303,2.29402762,17.2814939,21.8353623
0.244165357,0.488144824,0.918523712,1.14811683,21.832339,0.431235653,16.7732369,7.44084397,9.43588247,0.143900264
0.242891907,0.382705243,1.33662461,0.0630293018,0.735041686,8.63148436,21.4299178,27.190914,18.8039441,24.2213121
0.0693043096,0.375113789,2.1395223,5.40064363,17.542302,13.7056433,0.449406031,22.4179177,18.5548735,0.16954624
0.690793112,0.417186446,1.5406582,4.08345357,6.57810907,10.7702208,1.89867381,5.50325847,26.5352064,7.4005993
0.0757197267,0.923842885,6.05177595,3.61730576,0.298230091,14.0087048,11.106498,14.0411857,30.4070399,2.30998847
0.0139520713,0.0151963613,0.0204186432,0.207671698,0.291591295,0.809708841,0.357918877,15.5532906,15.0304933,69.2477781
0.0714276173,0.70355355,3.93869348,0.868823117,5.24111681,17.5880904,21.6274731,15.4218381,37.6721557,0.887185794
0.00943576719,1.66717751,1.2629351,0.887551887,5.91516446,8.18389536,1.40640127,4.84696725,66.7778916,0.478037889
0.0129010699,1.44248013,4.08728298,0.414518048,9.77858176,7.0728269,3.4444441,8.07107231,54.2079211,0.128021068
0.309337775,1.56338626,2.01074415,0.57280815,15.5029065,3.89470761,5.85826073,3.52897724,42.1628225,0.794152626
0.0819568974,1.8947907,1.01388791,3.39708596,12.0599314,9.13298373,1.07023117,4.37227897,38.963983,9.30905811
0.104855552,1.72830773,2.72612751,5.4603081,4.7472466,20.1064188,11.5675269,21.8189807,21.6198608,0.145457108
0.0127227765,1.2300837,0.134203969,1.98857738,1.96241166,14.9058592,6.30928826,18.4568883,25.5821523,30.1790609
0.0138437825,1.37648177,0.85255681,7.22881045,5.0807045,8.98821568,20.6778717,33.8720379,24.9807827,0.569248363
0.165148417,0.744763413,0.22972653,0.303265725,13.4898869,7.98102839,18.5708351,20.889866,9.77894673,18.2676815
0.416732386,0.229256428,1.89923806,2.90877788,10.4127269,1.3363299,27.2830071,0.923067694,39.4729098,1.15153257
0.278212672,0.163616066,0.724983001,1.81292062,9.78176631,1.77495848,31.850737,24.7250727,13.2538159,7.67068004
0.0209460287,1.10951271,0.644496656,2.58274398,10.2176271,1.097363,26.8519828,8.81497289,49.2807224,1.7166818
0.252735077,0.123699146,0.569912015,0.140574798,0.346286375,2.36490799,13.5982849,0.852962034,30.0085956,46.3463602
0.07827576,1.26626446,0.949195022,2.12003882,9.74146533,2.58230915,3.9338058,22.4024639,11.8577004,33.4866271
0.00512900078,0.00016555541,0.0357456109,7.57600725,0.192529198,1.47928825,1.17673841,21.8482384,0.12591866,41.4243103
0.17717359,0.392809404,1.43511926,0.170655277,6.51172969,10.8886983,2.41694321,45.0067731,42.6030833,0.0246036679
0.100930045,0.184382627,1.83984406,3.98693879,12.0467974,12.9863509,31.2627771,9.00191867,24.8647897,0.0198510728
0.212471327,0.125147016,0.182102937,0.114574509,6.95484041,22.1212461,20.4279139,6.38870355,26.6317786,10.9254174
0.0115359562,0.171883842,4.59951614,2.97530398,6.83877414,11.8407763,7.32576889,18.7157483,49.6846004,1.77230721
0.0484876737,0.914726232,0.274838899,9.61030607,7.29787177,11.9691718,28.5012438,5.01058627,0.600120184,2.19315856
0.000760376082,0.0213221989,0.00491234262,3.95995804,0.738642584,0.330714985,4.04621199,6.50950942,66.0754015,13.6955084
0.0049599511,0.0276999329,0.699849795,6.83418979,2.45742012,21.2688273,0.306911389,1.37220196,29.772871,17.36363
0.282080868,0.0801930809,0.41734843,0.405196136,0.651815945,3.00626754,4.66703868,18.5274474,48.7511163,26.139607
0.255463771,1.67724282,0.0564409285,4.38523586,6.00518274,0.694125839,22.360702,24.1311687,42.1131602,0.248424339
0.0286586931,0.094905362,1.45232891,0.703259158,6.93396118,9.94728746,1.09197572,42.2221176,2.17150455,21.3183696
0.00749968743,0.337464538,0.333695872,1.43729314,0.216436047,5.3826633,0.864302489,43.6023474,56.0893207,0.852964794
0.262125704,0.174808472,0.228491678,11.9324214,2.47014231,3.30476762,16.1936234,6.76430405,37.129178,1.20008595
0.181210742,0.686360792,0.679077913,0.0491988071,6.38036559,17.4067648,34.9877632,21.7713231,4.7509452,0.204287211
0.023028043,1.1158185,1.80133019,0.14173828,1.57262483,1.93295177,42.1996543,20.4173984,8.25710445,1.04618941
0.196953092,0.232421748,1.66151839,0.563552071,15.9219435,7.88609272,1.92151029,5.61906439,20.221514,22.3688454
0.281579881,0.110594293,0.102166999,1.81259502,1.01079686,24.6581505,2.72056282,15.3320846,44.7782522,3.56945369
0.0232931589,1.35445919,1.27073684,1.21080245,6.89965617,20.8635775,8.63401441,33.622522,4.46577958,7.10293596
0.119155769,0.465304345,2.22004362,2.94028205,0.157221017,7.96033347,5.26996989,24.3780337,25.978122,34.3648102
0.028418138,0.0885848491,0.4026068,5.85651789,11.4406368,4.29819963,2.57669931,27.1072628,52.0370656,2.23314912
0.0385944257,0.518431872,2.14174406,0.993829229,1.72840352,0.567720989,23.155106,25.4952481,57.7537945,1.29905336
0.0784143298,0.944793359,0.208219343,1.40505709,20.6635731,4.71903996,9.77120138,21.0189976,22.3524468,0.284421591
0.00360778679,1.1030626,0.806379505,2.36954112,8.15205528,14.08929,13.7697963,1.00623302,50.1557516,8.9970432
0.0920372952,0.0617583595,3.91374953,5.42350295,2.75848218,1.38312938,2.75865557,43.3449149,2.3165626,11.1721528
0.260344862,0.404631015,0.481083255,10.9438065,2.27475882,15.3274465,14.8462587,21.4967004,19.1876762,0.0502322473
7.83245777e-05,0.00751125181,0.119863045,3.8718339,6.00884715,3.10658269,3.70104824,58.3466,4.95407738,1.78918205
0.249529625,0.135364841,0.610648296,4.83810331,1.8209965,0.496090634,32.4370535,5.18276241,37.9551913,8.93464429
0.0981330953,0.634132902,0.471463799,7.7983622,15.8366885,1.32508003,18.0010495,14.1607934,29.0593936,0.48501221
0.122506605,0.00748741791,0.567559735,4.17772865,6.29265554,0.937938844,8.19914349,26.5746121,2.08641543,40.6470192
0.1476236,0.0526937327,3.26841313,0.814392322,0.219135934,13.6493016,3.06086953,5.09908165,47.4349803,19.1627097
0.127530066,0.160308122,0.378618479,1.89669183,0.0954167214,12.7211628,3.52007728,23.7190526,66.0770876,1.68612168
0.32844177,0.316466689,1.53495361,4.754531,0.597951373,4.32182144,10.7752763,0.956027828,1.75286354,45.634834
0.008428503,0.0311145892,5.70647272,6.36289463,0.311968687,17.1477875,14.2754062,20.8817274,8.39000299,0.530943119
0.000446515283,0.00519701976,0.0282650695,0.325101001,14.5331526,0.418842327,13.1687685,11.829154,21.8682842,28.0432312
0.00246239156,0.00946506924,0.0700588491,0.542076858,0.356186625,0.254121691,31.7057928,0.0231167894,57.9320091,3.4763691
0.000292006219,0.00365941017,2.19154356,1.49572778,12.7165142,3.06841204,18.7337208,37.0982781,22.0204386,5.65399058
0.0927011367,0.373667313,0.918326315,11.9483826,0.309051045,12.6064322,6.18606937,10.3586711,39.611066,0.528311755
0.0168356062,0.995853889,2.39032046,6.94793307,14.3834641,6.54102879,26.0732823,10.1066525,4.20746734,0.191359606
0.016678875,0.319587598,3.56688935,6.70001273,7.76260553,21.6459016,6.07930932,13.3542776,30.1291593,0.284467273
9.66910383e-05,0.0502142807,1.89555618,11.3431408,0.262396526,1.2079959,20.5876611,19.0258524,25.2824341,4.56998469
0.00103692812,0.0260645528,0.0281672048,2.08943365,7.52677209,8.26241522,11.6638728,10.7980089,50.1510117,20.6968437
0.405165939,0.711100755,2.93110361,2.63341404,15.5150096,5.46104376,15.8490335,21.0690186,15.2244484,0.732806812
0.00520547896,0.0645490393,2.27325078,5.67219571,0.295861021,12.643362,1.00117266,9.28853372,65.5648697,0.504857909
0.394328812,1.01217413,1.69499767,2.55096743,1.399846,1.71026455,33.7389288,15.7478122,3.73469393,9.30384701
0.0215816604,0.11738956,4.22101955,3.75986761,6.16258453,3.75268262,35.5542691,16.6352815,17.9312942,0.440925722
0.00348934023,0.00952347566,0.000246528135,1.15577807,0.118851128,15.2763817,26.9069558,2.62645731,10.7353211,28.8585646
0.0927761229,1.00991737,5.47538892,0.334066792,6.09117286,15.4672777,22.7780045,16.7419987,1.65045106,1.41958007
0.235094198,0.531085545,2.10627982,0.148279182,2.70486549,4.32073203,0.548396909,20.9867738,69.0487751,0.591828469
0.000876464899,0.855965007,5.74668296,3.83401406,1.3994317,5.42110246,8.55487684,39.5805362,0.386858541,2.5468833
0.0733768827,0.0319675354,0.350845416,4.11791797,0.120634359,17.931435,14.0891954,42.2276413,7.73689489,7.88734611
0.0548447863,0.439641199,0.894310969,8.80451104,0.984513285,27.6547239,5.30320479,6.36613922,5.11896934,2.78704033
0.111823229,1.06818909,2.03239447,4.40361974,9.26197824,1.34802382,1.48174552,29.5461108,45.8439947,6.00047935
0.00977425345,0.454675397,0.0349395341,3.9912623,0.0376433193,1.13474771,25.4475364,35.54481,46.7582254,0.619286801
0.305019979,0.410794985,0.0658520695,0.831768848,5.78373889,7.64392937,19.1518395,42.2786693,28.1336499,4.35745763
0.481413787,0.255335736,2.17522699,2.98497963,4.05029415,4.81382395,19.1482424,30.4792082,38.4209771,1.12201003
0.00925489617,0.682073538,0.99409203,1.17559068,5.61384997,2.23523839,4.30003354,0.947754019,23.2842729,56.2285167
0.0199359494,0.0417042492,0.0875864775,0.0896035566,7.62694238,24.1464852,4.46160439,27.9304964,39.5137209,0.989352429
0.189928036,0.402133392,3.98300988,5.67183907,8.08694324,7.52044637,5.20266451,24.2668674,2.93081513,18.0043188
0.0121486935,0.124212638,0.0876602975,6.06499493,8.96080512,6.80223565,30.5601956,26.4281923,26.4607662,1.24364603
0.0537485924,0.0100590205,0.874529976,0.0326710842,13.8533529,10.3996991,17.7511277,22.5207935,41.4179859,4.11557086
0.238609496,0.338043465,3.66265071,1.30723143,1.76401211,7.58330815,23.958223,43.2865169,10.4534468,0.0553720211
0.296483336,0.384103489,4.15873806,6.6122086,7.08962887,0.739749555,1.86631931,24.9206021,31.9668729,6.66758553
0.0676123955,1.50666309,3.59376479,1.71095721,2.30942257,13.2598331,12.6169722,9.00676817,18.1269731,22.6878356
0.00979486637,0.177278368,0.236894562,8.1172292,1.56768861,0.266414906,19.8599684,43.2573883,25.0547451,0.959256008
0.128264792,0.583362523,0.327979214,5.05453163,0.951980938,17.5085124,35.4777438,3.1116533,3.93959911,4.82708772
0.0111884,0.392183772,0.00165412444,2.2295805,1.14315606,4.43210194,0.725625363,43.9444326,22.2563143,22.95554
0.159182218,1.08552937,0.479179053,4.25269974,8.14467009,14.1329533,25.820633,31.1781048,1.88949181,2.62078611
0.0388950998,0.233670189,2.97783966,10.6727442,8.25320956,0.0804959587,6.41107209,21.7819939,2.75429877,10.4203932
0.143655586,1.64697383,2.10282886,11.1496906,1.53942879,4.89540455,3.35661992,1.9270376,36.4289296,1.99402892
0.307754488,1.28448502,0.465063929,0.905422287,7.06716894,0.393104788,13.1821689,28.6386362,22.1724674,20.5470823
0.364210542,0.466912777,1.04939008,4.76816654,7.21813119,11.6915041,29.7532233,2.64682109,1.21152479,10.1028012
0.16117111,0.261630356,3.3792119,4.63286299,18.2834521,7.27336476,15.4154357,3.7952263,5.75886711,3.13454484
0.0437835954,1.43803904,0.613603057,7.51868,10.6980837,3.51674488,9.01375985,40.5932668,9.42483239,0.0514006337
0.101275092,0.610890082,0.747589926,6.35666012,5.89682617,5.18632643,0.956183802,0.109878451,17.2877989,43.3742379
0.117896635,1.039846,0.777576867,1.03771685,13.1801288,17.3074148,25.1864352,9.43352112,26.8762581,0.0873373174
0.248330041,0.198924469,1.22407695,3.26972468,13.7545028,16.9554824,8.7473158,12.4383411,2.24778145,15.1862699
0.0630978821,0.568512316,0.0667249483,13.0238419,11.755065,1.41887899,9.80071478,5.65810897,10.4145675,1.31799499
5.78886898e-05,0.166773813,5.32313906,1.77308708,11.1365993,5.53904576,23.5662684,1.4297824,33.1481858,0.740903256
0.170482008,0.965788519,0.644835751,6.60746529,1.27633492,1.54879815,13.1792579,38.6061814,37.4153611,4.23573172
0.517452134,0.856081974,0.960596071,2.74238513,6.78848836,3.16740291,4.44486971,20.91754,52.1096822,1.77936561
0.142758913,1.07839822,1.76123232,1.29644134,0.493463536,18.5181201,7.83263837,27.6000645,46.4992307,2.84067048
0.0124380178,0.0212956205,0.0355490404,8.55979804,1.20741747,11.6701144,22.3833663,29.3416038,34.3391273,0.38016993
0.22972432,0.369527004,1.49249491,13.0557067,3.8803121,6.53000744,0.503897171,20.8536547,11.0934465,3.21877592
0.19287864,0.775121687,3.32521946,5.68754129,5.68039576,5.1843909,24.1737654,12.1917853,12.7948092,15.4651985
0.135045649,1.30706863,0.827392275,2.79488092,0.940603677,9.30192804,24.9994844,7.46155001,56.8783938,0.0431944538
0.413634593,0.857235286,0.413683965,1.41878023,5.74171795,4.88156058,19.1471651,4.95932042,24.0276431,26.1878688
0.263476042,1.45494496,1.27807174,4.78368549,1.91696519,0.934978588,24.3764261,3.14568467,34.3728723,13.5238754
0.0463043708,0.549294077,0.455196718,5.52861588,1.0607666,7.60987019,35.9372083,33.1621523,4.86603532,0.0284066181
0.00051619825,0.00177625746,0.0748096414,0.0548087321,1.13324536,18.8071564,1.07650661,3.89824974,6.33471469,46.5800846
0.0289951185,0.0622180716,0.0397960371,9.96326875,1.32171416,21.5795696,12.5142285,27.1831508,4.49587086,0.0157720002
0.00844076931,0.300801183,0.240200511,1.66706044,7.90239157,20.1768332,0.570470811,18.5203937,3.55961077,28.0873401
0.009397454,0.00989887037,0.0427465195,3.66614489,1.2251385,11.5565103,41.3557108,17.3014036,19.247938,0.00273627243
0.0440937203,1.06710114,2.54163,3.81987337,1.63620574,15.9538761,30.7338883,24.2277666,18.1583777,0.124582221
0.0427453475,0.195087501,2.02227451,3.16376873,3.02128254,23.8562388,1.3313578,23.3806316,37.2166438,5.50971044
0.043132982,0.163188316,1.17911898,0.0304864802,19.0148862,9.83700494,1.82157763,35.4066984,10.4477343,0.102751
0.118485876,0.776586377,0.358421092,0.919195271,17.4737763,17.829381,3.3221814,0.78431298,7.34975925,10.3666246
0.0509939155,1.92572032,1.34604163,1.3980864,6.10933538,5.04454602,7.98612851,39.8337599,16.790931,10.5208349
0.224623298,0.418201006,3.40425146,8.85886609,6.07231473,21.4442762,0.111976344,12.7825756,10.8719232,0.865918208
0.1458038,0.859501269,2.07378621,0.079674054,0.584170551,0.46391152,8.70997,11.8555439,36.0317462,37.9474667
0.00979086363,0.0133791407,0.188746573,0.224136394,8.15888945,1.62772201,1.79393569,55.3897413,27.9554713,1.06673168
0.0675239493,0.193435771,2.10704063,0.263302699,6.86355966,9.62080782,7.87627039,20.5275239,5.35924521,41.5309433
0.313873488,0.288352671,0.649909004,3.49392644,2.42353342,13.1721391,2.8177687,48.4935046,28.1671189,0.0877325063
0.0578069258,0.307646463,0.669690006,0.0118987318,7.07004554,16.5339073,2.19152458,0.912823234,67.3849661,0.000585863436
0.0247047584,0.0121321727,2.24117863,8.64077787,1.79111538,4.45934704,14.3632679,6.61641448,18.9799453,27.4550108
9.89624423e-05,0.000345726588,0.000388516308,0.000252196904,0.0118716545,0.0639204212,0.0400805608,63.5364564,0.232971824,0.723665428
0.000502933269,0.00667259198,1.36193804,1.35922795,11.8902169,1.50546179,12.6070655,17.7960322,62.0522264,0.578606439
0.257665458,0.480025129,4.44488632,1.65354698,12.5017945,12.194975,22.3074572,0.56592898,23.744318,0.3267501
0.264085729,0.257301149,1.34779681,2.01904936,0.0769042053,0.234495569,32.0251668,25.9703351,32.3436937,7.07267911
0.0715474237,0.422243043,0.538192291,8.16107336,4.12326223,1.63764809,16.9755876,1.25196401,61.154953,0.0147130611
0.278294981,1.88685816,1.39039389,4.01846738,2.51894947,11.3269879,28.4104666,25.0947604,8.02658998,0.210317425
0.504680738,0.373188389,1.63016795,3.8901222,2.48835228,20.1937865,11.2004484,18.8904415,23.3589442,5.00410115
0.251943008,1.05068178,1.55924282,0.289698973,4.44746671,19.3268027,28.4936364,5.8477346,32.634348,0.426253131
0.00812445354,0.584273712,3.76554529,5.13321147,4.09660865,5.30418503,17.4925576,42.3632586,16.1804741,2.35590843
0.37493214,0.405308763,2.30524585,2.0365394,13.522415,5.70021835,12.2051332,14.9922675,44.6534119,1.45489018
0.0791641128,0.234153917,5.36438788,1.81585248,1.06467952,2.85801313,2.02321493,5.1644995,60.500957,2.42583775
0.103899554,0.0398665265,2.46625137,3.3329309,13.0814447,11.1548804,5.8773294,2.6740273,45.5582835,8.80411527
0.210643111,0.64375678,1.89293113,6.85662206,4.65964024,19.1748291,1.17078231,16.7197244,43.172539,1.5369979
8.5092401e-05,0.00013299809,0.00042799778,0.00251888754,0.000244455688,0.0198958211,0.0328399932,29.7552536,41.5916008,30.7313205
0.00733453137,0.0138814614,0.29952986,0.0457398063,13.645811,21.7080189,21.7759435,23.8853885,1.39457809,0.00982806994
0.0212000013,1.26218254,1.02636391,5.69662561,2.77673562,17.5982915,3.01962029,4.20767339,16.8173774,26.3578379
0.0227514938,0.00786581468,6.60276836,1.96402943,5.73837028,15.4231167,12.4113053,4.9102739,21.2606247,3.61609566
0.0216027948,0.0777352167,0.193676984,3.9028604,8.42660168,3.86702461,11.1297901,39.1472518,26.121779,15.4009986
0.0558183661,0.0234117201,0.0929959023,8.88368628,0.729594071,4.87039815,38.314275,4.16660311,11.9247075,1.61254556
0.179612738,1.0312787,4.93529881,6.5308382,7.2518515,11.6993706,1.41885497,19.2030948,30.0062115,0.80819329
0.0113151603,0.0225310454,0.241584736,1.3887296,8.90333714,24.1359064,6.74862719,38.2026818,3.83346781,1.90537943
0.210867168,0.617573755,0.774472651,0.778703975,15.0676272,0.21396581,9.72791083,30.5449129,41.3534356,1.55169565
0.301704804,1.1511224,3.23865722,1.70202621,3.06195494,8.09096211,14.7980234,15.0248691,55.3244271,0.350798098
0.197747671,0.276189375,0.109924102,0.216167264,6.82608439,16.9430566,17.0997372,25.1057548,49.8195656,0.289547563
0.287378234,1.06387927,2.93900314,2.26312269,6.84169894,19.7644762,0.0796682487,33.5835098,19.9200308,0.39486571
0.213557852,1.3980164,0.144652963,0.739280934,1.89061859,6.09602127,28.2751551,30.7280631,32.0237512,3.85674002
0.0334610093,0.125263525,0.226966614,5.87268015,11.0286922,2.28648493,21.2757838,18.6436226,50.267695,0.269306366
0.304725023,1.3176457,0.377999244,1.20466182,15.2415706,10.2501702,2.36144474,16.9361043,4.87984488,14.1198825
0.208455006,1.30532384,0.0353863588,8.4147064,3.51311496,5.95031629,2.74849776,6.8779017,32.2278756,19.5874003
0.00133225235,0.00752396706,3.39431123,0.675062008,6.2977643,6.51321296,6.51946858,53.1358434,18.4019019,0.0579079915
0.0135301489,0.451596955,2.40654445,4.28259893,9.66096256,13.2500027,0.788848146,27.2469965,35.7560345,9.59849752
0.0150559581,0.00926043848,6.24363721,5.68039121,1.3851704,0.00800624568,4.36312708,17.3943384,16.4827883,14.3366259
0.187951323,0.184581648,0.254795012,0.293366322,4.16052327,5.38153365,40.9745335,29.0771036,0.915710809,0.278694844
0.620525808,0.7298905,0.251608114,3.03332204,0.184707898,6.90541543,10.0888625,24.57979,5.67260077,17.1314986
0.000685922915,0.0033360412,3.01948144,3.67479784,14.0460119,1.8810223,2.23287438,22.3615975,8.57674462,21.3187401
0.0229636105,0.767789346,2.92212581,5.40343396,3.91218901,24.8033028,19.2499296,2.59984327,20.3235315,1.25978604
0.457338354,0.658729293,2.31320504,9.04077111,4.91264236,15.4669352,18.6580853,5.14234166,4.9255483,0.00168094706
0.0006313803,0.118928651,2.4697821,3.389512,8.60802536,1.8206241,4.03064261,6.95354637,28.4014067,38.0565408
0.206324144,0.151968539,0.0791238389,3.73426179,2.05230367,1.3247232,44.9968616,1.16483576,10.7891688,1.61253024
0.223177647,0.0688292306,1.55305789,4.44164835,4.81467212,1.04830021,0.0304102068,52.0848501,28.0583673,1.14715213
3.43309053e-05,6.09701805e-05,0.00213440239,0.0676359727,0.283292413,11.2161038,25.9959764,29.3621048,28.1807735,15.7265839
0.260139222,0.190938337,0.243584141,2.45156276,6.14162606,2.46653573,1.24442982,4.72324117,36.0386612,39.7295113
0.135858264,0.464579802,4.67550727,5.6168607,0.296112985,9.5320445,30.5179837,19.94806,11.2122455,0.0237275888
0.218570095,0.55326036,0.143638336,8.53251309,1.70832549,12.8719861,29.6623486,12.8026584,25.348572,0.578248921
0.0580880297,0.867164027,1.13632735,6.47217098,7.86676176,8.76276519,24.6860904,2.52509579,47.6230188,0.538991205
0.0262868644,0.675344705,1.99594858,0.681978961,5.32413333,9.74162445,38.2235563,12.7051719,26.6417188,2.28204634
0.285471059,0.234920958,2.38313536,5.12973864,8.52324141,6.33921137,6.8188255,7.66875673,6.23168592,33.3118638
0.0246236872,0.150206256,2.68012362,6.62133687,13.4834646,3.02357845,10.6068299,32.0088224,24.1687714,2.7415552
0.0347907997,0.0198194382,0.398894627,0.318582181,9.23547002,19.6215385,33.3004044,2.22138273,6.72584273,4.75854449
0.265490634,0.687679483,5.60038805,6.18691243,7.29155355,16.6773362,12.0152213,2.70156264,0.696120886,0.078138446
0.0794698037,0.253594131,0.190413822,4.62652312,17.185238,14.2436247,7.64597801,3.60580755,38.8104671,0.976273032
0.340209258,0.432564522,3.61175161,3.12844074,1.20646385,22.2324551,16.017463,25.8210241,10.0441907,0.22826323
0.075161493,0.0997505879,3.4017054,10.4997564,0.686425673,10.9025711,13.9263702,10.1611687,38.0390094,0.061513211
0.341754717,0.139021925,2.6786927,0.0363321956,8.66889923,12.4879326,17.0449922,36.8194401,14.3362874,3.53914875
0.00882225646,0.00985613288,0.139740982,0.422239047,5.92425562,0.60027353,16.651252,1.31344796,36.363035,38.7718189
0.227580206,0.410629135,0.57024435,0.197034539,2.93781331,2.69284469,3.70462337,24.2689578,1.86574495,51.4260348
0.276394871,0.237671374,3.89144155,2.01759531,8.41178173,5.0757455,27.0393294,22.2608255,22.1060123,4.30019393
0.003966258,0.00384843853,0.00318740536,3.20273048,21.1007386,14.3607783,3.79166609,13.1635357,16.0575392,0.0403933948
0.156004118,0.169492935,0.795584879,4.12940778,3.30273149,16.4779588,17.7927648,3.38943301,59.1743515,0.206373645
0.0424527309,0.00430051008,0.0799730703,2.70495345,3.30044853,19.5510753,11.0906103,13.9979767,23.0944492,27.6679472
0.293941008,0.233967027,0.121371248,8.10170393,1.79471195,12.9588672,10.0852676,17.6786544,42.8605725,6.20290358
0.269493437,0.43793781,0.252364867,6.1325609,7.57294898,2.29716712,4.30962062,9.54173098,63.9838285,0.899996594
0.473024359,0.489539521,0.0728172087,2.35478051,9.45574921,17.4541372,10.5321628,6.9502049,6.03781594,16.2067779
0.178988998,0.00402355546,1.31776056,5.90924255,6.78289565,24.8106478,19.0630878,20.8704226,5.01751638,1.59303615e-05
0.248677321,0.0499178397,2.16373097,1.21423931,0.0903596825,16.0826868,9.14249198,30.2542202,27.1077079,16.6079309
0.217119429,0.220264454,3.15225851,7.72949606,11.4311741,8.57504968,6.55662908,8.518609,41.6827297,1.38578758
0.115671746,0.176486508,0.606046974,3.41592991,1.89917609,13.4486436,1.44132905,0.495467334,44.0521488,28.7629565
0.00088492458,0.00670774488,2.39271489,1.45264622,6.80211516,9.62589445,24.6595313,3.82755843,57.7765679,0.497292646
0.052660658,0.20853805,2.54277062,2.11323986,12.3098284,18.5439826,19.4965168,28.6479062,14.0906711,0.0253890386
0.00785927899,0.0803068538,0.202616603,2.07620486,0.722184373,24.544734,16.4938652,18.0235901,46.0921642,0.00431391232
0.0737719633,1.265116,0.101896939,5.78032404,12.3542035,6.45424536,18.8166632,19.0301783,2.49763598,13.4380939
0.0141224864,0.379403078,2.17486077,0.130187736,9.50854421,0.18235465,0.498127129,23.2149677,34.2848391,27.6688508
0.146291213,0.301183262,3.01504099,4.2228199,2.14520046,1.74345473,17.497479,5.01773408,33.3251894,27.7785763
0.324827679,0.672000972,2.58834345,1.036563,4.08399424,6.79890745,11.452378,0.522286328,34.3276758,28.0767045
0.538715039,0.152485147,4.20414822,5.97184562,3.20115578,7.28682346,4.69397757,22.4114745,27.5947956,2.30594717
0.172086574,0.430733724,0.429662,8.62895315,7.32753232,3.01415526,15.0282891,3.79297241,31.2801726,17.9043132
0.514507227,1.78467256,1.79074709,0.791880343,10.1675692,6.04022332,10.2076903,26.538358,20.0232803,1.21580535
0.00379596434,0.0219158669,0.0716199051,4.44682842,18.1568762,1.836297,3.16972628,13.4207526,42.709579,3.37652596
0.0187967386,0.321426997,1.01720838,5.18418009,21.7635767,4.14756626,4.17669251,0.523251464,19.4175117,1.99561484
0.0102313596,0.37659746,2.65469117,1.49475537,1.28161101,11.6899781,21.6428819,6.23417972,37.2566275,20.6958392
0.00165863628,0.00736839005,0.0259368863,0.0854859064,0.451109408,7.37197324,11.3501639,22.1836142,24.6886652,44.4118536
0.539459168,0.318707,1.18604511,5.99466772,9.83213365,5.59304857,23.8856778,18.8342917,15.2196299,0.328209232
0.441459334,0.510162163,0.326969892,6.9331242,8.21270886,7.03111496,13.2520373,34.4913035,3.92724107,4.48883829
0.00246954644,0.0251709337,0.238052157,3.67398392,6.4655385,12.1032446,2.3338461,40.5754228,47.3693921,1.02517547
0.0605000069,0.228245198,2.14221895,2.70381072,7.73986244,14.5972895,38.0283076,12.8932843,1.4058801,0.220710131
0.0591274719,0.00750006152,3.95439135,1.83670114,1.17489222,20.5292914,10.2273046,40.3469578,2.66968185,1.04478151
0.175166787,0.401135923,2.15185752,0.0428393094,2.67551457,0.164922844,16.2107903,55.0029567,11.8175421,1.06927558
0.201039594,0.629065225,0.831381766,0.615051614,9.59076302,19.6016113,2.0095006,31.4885338,27.0361482,6.51394131
0.150161477,1.54318845,4.52348246,0.876030231,6.64417574,6.38938864,4.84029101,22.6798813,37.1719409,6.45466014
0.0646622174,0.304155865,1.49591995,3.96206494,8.32570562,15.1839486,4.7528588,48.7259481,12.0423429,0.0566268856
0.426983176,0.614453385,1.78381319,5.30521644,1.59250648,13.4603633,21.5010408,7.95924607,34.510358,5.73829052
0.148286519,0.332184876,1.38429446,2.16256327,0.516683705,20.7506578,2.5677991,32.4554106,3.1805724,18.4562495
0.0104545141,0.000609974746,0.0408587729,0.830578879,0.00904828112,21.9579919,33.1205345,13.7965766,21.9984159,2.43121079
0.205227554,0.133198611,3.24062574,2.92236453,5.04262978,12.2665925,16.9976585,26.9240837,2.75356216,18.6677562
0.000680404282,0.000915792091,0.000817226488,0.0603227109,2.96583776,31.469227,15.916414,16.2298852,7.81041918,2.15643866
0.369338454,1.20473099,1.98730721,1.3830873,2.89522798,2.57359517,6.01808083,44.0906678,32.78793,2.25444164
0.372147952,0.0237010457,0.453567235,2.11326419,14.4328863,9.81860153,18.7176302,10.6558069,22.3047981,9.6860769
0.110287908,0.799931558,1.17629754,6.24509824,0.324129056,2.70018569,18.4947345,15.9672406,37.1944533,19.8161081
0.141824916,1.33592986,2.97845142,1.96305832,12.1440798,7.27942372,2.89919881,6.20533468,4.39949,25.909692
0.156278832,1.41231,1.46535347,6.37784149,6.43684483,8.87003497,26.1421085,14.3500697,25.8537115,5.22247935
0.236387373,0.0466054233,2.33009604,0.636632335,0.255834823,9.04854852,12.107799,47.4262313,35.7321328,0.365665372
0.00836718229,0.0645183701,2.89725469,6.07250231,0.200796744,8.87974305,38.043093,8.4581473,21.5551748,0.00132940616
0.371505121,0.295463137,0.877660585,2.81455643,9.86453398,2.59641291,6.46582423,23.8163895,28.8492632,20.7807637
0.156081884,1.51528346,1.00379299,3.83481852,1.84975916,0.867025578,16.8603869,48.3305786,20.4686539,0.183427708
0.00065339166,0.00154381827,0.00278318647,0.00172821406,0.426558521,7.02674306,45.1653738,2.31702265,26.6205423,0.134117804
0.0613811508,0.212197393,1.34618659,2.70138637,9.7914813,6.57361673,15.8625236,0.135583272,12.0476598,39.0799243
0.0275079245,0.0490585069,0.0992155341,0.77093062,0.459014885,19.2512658,0.662967372,44.2993206,29.2564453,5.16311747
0.00319393432,0.0088689713,0.0423916492,2.66996235,4.83372815,0.762931951,22.182719,21.0655958,63.3197604,0.496423995
0.019324766,0.172630747,0.426634259,0.153477267,3.79609613,9.99916738,34.3849947,16.5792935,0.778758299,18.4885966
0.0194207122,0.445883548,3.62000952,6.36849599,1.89371093,15.1702255,4.40064418,19.4324923,9.13476613,20.6713468
0.285872426,0.946681409,1.72371038,3.48709522,8.90529775,20.4769314,19.074252,19.3978535,17.8609892,1.79817732
0.0200214203,0.781479789,2.70155055,0.380671524,1.03863487,4.13727759,6.18744486,1.55336764,72.0049795,2.48382526
0.118102313,0.0448689998,1.03421908,3.09565499,5.35646707,28.8468996,7.33754247,0.816890244,29.9040593,4.52273577
0.00651908765,0.0402419621,0.184793106,4.49516914,6.11059682,18.4359553,33.8275569,4.35449711,26.6975231,0.433133296
0.227354083,0.322874587,0.288675051,2.40116313,10.3551659,1.94062589,31.4027407,17.4002676,41.151356,0.051480116
0.231182498,0.0909987369,4.19405581,3.99932171,0.0759593179,8.13238906,11.8666798,0.494795375,48.1867911,10.7107323
0.37973693,0.123560696,0.884132562,9.49775487,1.31799229,0.988107194,10.9689961,6.79636961,18.7336611,20.905794
0.0314104398,0.345916482,1.89920132,8.44565944,2.70576139,5.81298435,4.13509868,32.7739985,26.2337165,13.7638373
0.0278613915,0.880475751,2.22744452,3.20867895,13.2614794,6.88782245,9.44048112,15.587327,49.3863089,3.20783209
0.660043735,0.134673905,0.493128861,1.27348894,1.20231371,9.75499216,16.4283232,19.2746522,33.0087778,5.60482917
0.220477389,0.535005604,1.50836225,7.60528688,0.100052664,15.8619899,1.64860059,42.3439727,8.3508378,1.80687354
0.0807662022,0.721113041,2.55776409,0.599913047,3.52175832,15.7861519,10.1312885,50.4731282,1.89544824,0.0709284121
0.225131195,0.0185667125,3.87052133,2.25767815,6.9156514,16.4376117,2.92371438,26.2811914,21.8238562,11.3798586
0.661334876,0.520865321,0.0737787351,1.18001674,9.07743051,8.99428696,18.7441973,25.7526441,7.45759115,1.47030933
0.0804724807,0.35297111,2.28718664,3.86523566,1.69538838,0.870501491,3.27914811,23.8157372,48.1875243,20.0464871
0.360702924,0.202153637,0.150252554,2.05020901,0.179910974,13.8000815,25.2289641,18.783953,45.8891698,1.58474055
0.0491155327,1.16990128,0.851697251,1.01221877,7.81446341,6.23427005,19.0561133,41.2003952,2.90616918,10.8058749
0.441245842,0.229152193,0.0528056044,8.04884579,1.59211312,11.6234816,2.90126105,41.5947525,1.76958484,0.714727985
0.215852082,0.232072738,2.68760718,0.787990295,11.1247272,2.42933758,19.5207335,42.9139623,2.168833,2.36981655
0.052297186,0.469662572,2.24689129,0.472735378,9.01282974,17.8499375,5.24386333,2.25055484,37.7689146,17.1960376
0.19388448,0.381705099,4.49674405,1.51002774,1.40037196,1.35305137,21.5418902,12.6567606,53.822643,0.817974528
0.00904747244,0.215609568,3.33021854,0.0726640205,9.7690212,5.12129483,25.5012192,22.4781914,33.2742857,6.41495621
0.138256998,0.83611179,6.88055464,6.80740102,3.96120652,7.93513053,7.63598651,4.8114922,1.16243716,3.45314681
0.304406987,0.39722384,1.56082929,0.635971841,4.79616823,22.7820433,8.54065266,39.9846295,7.00339465,0.017654152
0.120410782,1.39954226,3.04709909,0.126363413,3.30471478,2.25741122,17.8348391,28.2384087,28.6764281,14.8231366
0.218451723,0.311328175,2.48592276,0.499328733,11.5732154,11.1241582,0.0891154481,22.2293208,53.5104869,0.105041402
0.0195898241,0.127389713,2.59584914,0.318383351,3.04860297,1.12667449,21.9067896,41.8922259,36.0889721,3.68397662
0.00358811785,0.0417914723,0.0842355374,9.33212117,17.3490957,6.57373813,12.4790628,6.11466081,13.5399688,2.16039105
0.166955647,0.827637353,1.24053326,11.3603044,9.26578511,7.04813149,0.912636797,5.08899287,34.8112924,1.97547381
0.235327249,1.75273409,3.88551581,4.04600582,4.76135324,4.69622897,22.7531196,1.65731034,38.1624202,0.537936925
0.0130787424,0.0101319287,1.3231788,0.0255953371,0.232455387,9.37753973,0.0681419179,3.24131516,24.4602265,57.1639641
0.247451048,0.327487465,0.195398675,2.12974489,13.6844767,23.2378889,7.13633088,0.277409201,30.2825651,1.84631599
0.181265467,2.25951149,1.70805247,0.0709724971,6.87589123,10.2973185,1.96446418,20.8382319,40.6347612,4.88266899
0.0957531089,0.594847158,7.43632328,0.447292414,5.12859309,2.95086519,19.0692741,15.2630093,13.4096128,0.0347559042
0.175368291,0.769934908,0.0616771388,0.479262229,4.6993603,16.8552138,11.3937911,2.91638267,37.777954,22.7366184
0.189241668,1.32167455,0.305936495,3.17509232,5.88196343,4.95472567,7.07931288,40.2790845,45.7143393,0.234812251
0.0110467871,0.214129866,0.541366073,0.326315447,7.39728829,1.06782485,0.675435448,25.9093708,58.5316231,11.5860257
0.263256236,0.870014754,0.804837242,3.10358392,10.496008,13.9890822,10.2633851,7.9075622,53.7259743,0.572503474
0.0440150537,0.208319211,0.10284342,2.32097273,13.8664625,10.4867375,2.97749798,19.342118,24.118706,22.4103506
0.333371781,0.292786647,1.5934949,0.169836315,6.37530408,8.57964097,26.5187672,16.6125873,0.650273253,20.6196821
0.111685044,0.766250045,0.0167243509,1.52599209,2.07927139,1.14949812,0.262904431,0.173980181,77.3748557,1.06891878
0.00857269237,0.0364101805,0.684499574,4.2718286,2.20175605,13.6743559,4.720911,31.8219811,21.0909883,25.5977847
0.17996925,0.419385124,3.80602038,9.07704368,12.6352519,8.82928671,9.8088388,20.2135284,0.826528883,0.0207564563
0.245082603,0.0673278262,0.479051972,2.65503322,8.5499476,0.109695167,5.25300062,7.90852273,0.972178115,51.5648587
0.387221193,1.4976368,1.53218253,4.97540051,1.4446923,14.7681684,5.22226929,22.0396614,13.6157645,13.6499224
0.0332900204,1.24212831,2.48212607,0.485252201,6.13922069,3.61173184,8.94193134,46.2701569,36.0219194,0.0675482693
0.23221581,0.771872146,0.426155346,5.79325257,16.2283252,0.480271247,7.47941348,27.3610484,6.67255196,7.32255876
0.0866377461,1.38924061,3.27705915,1.80250626,0.491531976,18.0762506,26.1267025,3.56016929,34.1415546,0.452516641
0.0918124148,1.02728265,0.747984869,7.96759286,5.68444567,17.6462739,16.591398,10.4274709,20.6332495,9.04244426
0.000146715378,0.0123044725,0.0722565767,0.0069336252,0.153794194,25.6968986,11.6141848,1.62577858,12.038348,23.2836094
0.00295877441,0.871753363,0.366254505,1.40629611,4.7298866,1.38023716,5.21313344,26.6264565,40.3734245,27.4053207
0.127482563,0.144828109,1.09160268,3.6261962,6.86004039,2.1478727,27.3954126,40.8864517,18.8062952,3.19544612
0.280448186,0.041829253,2.11667205,0.160166281,13.8746269,20.5755758,14.1560163,17.7358236,19.9225878,0.521456715
0.0368039469,0.450687755,1.86665008,1.48897555,7.90618358,0.177483624,13.4501277,34.5993302,10.4883553,25.8285539
0.00133698962,0.0394283445,1.37023289,6.14325038,4.51557119,1.84554455,10.1863684,25.4633023,62.2688212,0.0779735478
0.090238244,1.61799094,1.57700274,9.01086964,7.44070042,15.4109189,4.40411796,17.6741149,23.0944847,2.16827953
0.12435158,1.31167305,1.35186623,5.11091543,14.8087801,13.2344942,12.1040353,1.65435486,35.2623981,0.761505598
0.330138861,0.499466626,1.71750096,0.97419251,13.0399983,2.07448857,7.53791751,41.2804513,18.5290714,3.45349457
0.150625345,0.0876785987,2.3531161,5.41042156,6.37524872,9.35658773,11.1070481,24.3579523,46.4181831,7.09735124
0.0687174287,1.93758364,2.1708453,1.7660746,11.1042179,17.0718154,15.1533308,23.1676811,5.91999012,1.82101537
0.508677809,1.62785772,2.49922877,4.40124152,5.62965202,4.63966093,5.3603586,11.9938104,8.22557223,16.2221891
0.225050411,0.537315857,5.1639151,2.29836453,7.33590328,2.68018478,11.2840335,1.50069696,26.5563255,18.0698235
0.125248428,0.0784127112,0.0405488972,0.200015375,0.418469446,12.8539981,24.5587253,47.4103392,19.0767741,0.0275474002
0.158475846,0.698938206,0.487609223,1.50506463,0.305555655,18.6993379,5.0741192,4.19958594,59.8717411,5.19672781
0.0178772602,0.944167428,0.175006026,8.40182435,6.77307068,22.0960617,1.485038,9.8483061,35.5861614,0.00521654745
0.432451533,1.78965195,0.772418298,0.0893180261,2.82290371,6.33393469,12.5100769,4.17630617,27.7954392,20.9120668
0.30126727,0.583066203,1.80266529,8.61503949,10.3061247,6.69813109,16.3872804,4.13458924,2.15618702,12.6307608
0.19376051,0.00208172503,4.52976625,3.42123039,3.40074792,3.32875733,11.8154406,34.6488702,38.9970905,2.70285385
0.314838382,0.621235486,1.25765903,5.74121777,1.16274206,11.9361891,19.7566494,42.95869,2.60439222,0.11136962
0.0715764391,0.0248195688,2.7499672,5.16339018,3.90986123,3.73953358,15.3425995,29.8009128,13.5822655,23.7836057
0.077365341,0.835083285,1.48319984,3.15070274,2.49186454,9.51620293,0.136431274,33.2568431,1.66622727,31.7525385
0.265461142,0.508602528,2.79974,3.09900043,3.65821867,2.4387182,5.88666496,51.7774406,1.25087823,4.28617759
0.043283835,0.077919065,0.651904148,7.75668978,1.5276609,13.2035024,15.5642395,9.96039771,30.9116779,19.2828032
0.130990771,0.0053157716,3.17343674,3.06135147,0.197529062,0.39775398,1.16144879,5.28951153,7.98053553,55.7978285
0.00638882513,0.873197517,3.7376825,4.72629358,2.00150803,11.7918777,1.78600403,0.0234654196,7.84639865,34.2856556
0.00497276446,0.549541213,0.541628803,8.42474902,10.4906976,12.0320571,17.4746353,18.5861656,34.289448,1.09145362
0.0103763078,0.000514620442,0.140444463,0.214520384,0.436197,25.7817698,0.935616388,8.04958261,53.3996366,1.78993689
0.351649112,0.206730185,0.561776026,0.226820754,5.05931471,0.659713373,6.23144356,49.1738887,34.8459824,1.85175458
0.0121904852,0.0443960957,0.485824252,0.54281856,5.83030896,1.20767489,42.9545336,17.940163,24.6081725,0.0404118568
0.141698196,0.830893186,0.0168402605,0.18890385,3.68123184,4.23724352,23.8504961,3.13974565,48.4434978,16.5782641
0.376577788,0.151961438,2.27076573,6.57180069,5.39027167,2.22811463,2.66938545,10.5904091,46.6954692,11.1954704
0.0478707217,0.754979094,0.819438815,5.30239011,7.49095132,5.56791237,6.2410084,14.0129575,36.9354865,26.3909997
0.0618971172,1.20476087,3.17651952,0.56916039,7.05628925,11.2455248,16.4714862,2.81735484,37.6325092,14.6526679
0.347648747,0.18044407,5.02395622,3.51995986,13.7119852,8.13308206,3.59418846,5.00152805,13.4090051,6.53014594
0.103833528,0.473519685,5.79924909,6.25849792,3.81342075,10.5358347,22.2351073,3.79092956,8.58478072,3.94930537
0.25752509,0.916377211,3.63114827,8.53176237,7.6253586,0.15908364,7.31142812,32.8866183,11.8752751,1.67498381
0.0363875762,0.0968246469,1.56003562,2.99054089,9.5278858,12.4270456,14.6984807,16.0244647,29.1119227,21.6963961
0.573454793,0.330535082,1.17994943,1.97589826,0.621454817,7.87369742,12.9286288,40.1732018,22.712735,2.08013589
0.0183192405,0.0460521838,2.42702266,0.330328304,11.421794,7.88148414,27.405841,7.78401629,11.7850854,17.59495
0.114021724,0.814092557,1.27671832,5.10470653,0.679466312,5.261977,14.9463883,18.7781361,9.45339562,37.4547992
0.396871317,0.0335584225,1.20588337,8.46602931,1.3203379,10.4551061,22.5381541,12.6714829,2.59143969,10.8693385
0.0433956808,0.0339180743,2.10963041,0.486251584,7.54280724,4.31166915,2.69194156,0.397738168,1.22912588,59.197369
0.00847534772,0.887504452,0.720383112,2.01037928,5.95924426,9.67587929,26.6698341,28.332913,23.5829202,11.8212119
0.0392048501,0.0288986897,2.10672661,7.47882006,7.75034632,2.60314672,26.8675873,3.64970239,20.3025889,13.8061832
0.000541959002,0.0329378517,0.106048468,3.54674722,9.46966042,5.80862613,38.0404358,11.6503084,8.41350619,6.96874803
0.123417078,0.058354829,1.79551121,0.403858931,0.0817893441,4.6044302,43.9902284,1.72031414,2.20802631,6.208209
0.0240041978,0.0247337753,0.948832117,3.75947577,10.6243826,15.6677007,23.3697946,2.55882152,46.803859,0.00494362497
0.00229329806,0.00127025543,0.0510424295,4.96366025,1.52727267,6.14969345,16.2988959,19.5592724,46.2357572,18.8173959
0.00690324595,0.0310166643,1.08938989,3.95186879,19.5030551,8.61159834,23.527053,9.06306522,6.59830302,0.0598014146
0.00853678668,0.0056452188,0.0479181932,6.82873545,9.19489823,1.94635014,2.9195895,38.4065302,0.717082412,17.2832589
0.011708051,0.0766350437,1.69132375,0.535257742,2.96402878,4.73222623,15.1120172,0.700256197,54.7552509,21.2298217
0.0652983113,0.826139821,3.10410181,2.15526622,9.39444206,27.0864831,14.0109024,7.5002179,0.248737652,0.660028437
0.557308125,1.31183769,1.005391,3.03535461,6.95695898,5.54129935,28.1894603,16.9657154,3.74495515,1.45433734
0.0135706294,0.716448971,0.982895822,0.634299886,1.71492794,0.256474953,34.381367,6.27619639,2.35370402,25.6152551
0.28807151,1.09908979,2.47125737,0.800057522,4.74734014,10.8672349,24.8882793,34.0069597,14.128186,3.33989521
0.00927208016,0.166190968,1.31557739,0.441126464,6.40121627,11.0786601,13.0122684,23.7670958,63.1034043,0.0220248093
0.130631148,1.38904761,0.613701118,4.82268046,7.50495989,7.357971,10.9083703,29.1385323,21.2841853,16.8768264
0.0356951729,2.27730382,0.342605059,2.9756141,10.1540074,3.34881619,12.2701679,12.350913,30.588866,11.8171019
0.0174491494,0.0196245931,3.90407802,0.819192664,2.13705014,12.196385,34.6547354,0.0516470917,26.4970738,4.06230516
0.00502606496,0.0201589778,4.80960082,0.38546771,11.4683321,0.779049551,1.2825291,33.6676265,37.9683298,0.287340335
0.0388666515,0.244044454,3.30292592,2.22593157,1.07576558,1.5114283,19.619666,19.3664298,0.723139851,35.5909331
0.0529281627,0.539219422,4.62647992,2.06734477,14.2060149,4.05775233,17.1927717,26.8625408,15.5823863,1.31805809
0.00123769902,0.0289471705,2.88394115,1.60746083,0.397574423,0.48794304,39.0848746,14.4673001,14.7990832,8.67688693
0.345474877,1.9636892,1.36001946,2.33100015,5.29209616,9.82174168,1.08151156,41.0872739,0.0986112024,3.23740892
0.196513619,0.845117074,0.161979026,6.53448153,3.75805955,25.5350563,3.00481911,17.2525946,16.4181693,5.46944124
0.213825761,0.223775839,2.37873376,1.75884116,3.7306232,24.2926815,8.17899986,9.89326809,5.38247757,18.4780101
0.0607029673,0.171625384,2.95073574,2.34859868,12.6673665,4.40665705,4.4644425,41.7170186,1.47414761,8.35940126
0.108600365,1.0632597,2.57766293,2.59152269,5.72207452,15.919276,27.7714975,7.98688721,3.29613245,11.8468585
0.578242588,1.05510512,0.214086994,8.27833468,3.65170582,4.00269183,8.67092778,28.6036347,11.0965428,2.2383237
0.0852302635,0.906551964,0.00993328891,0.656855104,0.0936031512,3.56546037,7.07899939,22.2267709,68.2285231,4.02405556
0.120299367,0.164370299,0.105647327,1.67507149,16.8691101,1.03330737,33.5403925,2.39095934,16.3867148,0.287920125
0.0735894181,0.0415897131,2.55471917,2.87058324,1.39862982,24.6889082,25.4776465,23.3970342,5.28212757,0.000343425842
0.257533381,0.534151369,0.734254281,0.636421732,13.4578775,2.293311,0.19372412,16.8261358,0.624571801,32.5143717
0.453238995,0.345489801,2.21706117,1.04111652,6.56100772,17.300417,23.8094206,18.7044963,20.9657333,1.70763183
0.012651438,0.976694416,1.21825175,1.89420173,12.1963872,1.60901095,17.4669707,38.1420269,32.0594795,1.45947674
0.00722815569,0.019737313,0.0640441686,0.190210239,6.69970343,7.08498906,17.0410473,0.277931107,70.2682663,0.785156929
0.00239328416,0.0770682826,3.20328872,7.07255056,6.58422233,9.9255945,4.21708927,45.4305718,8.60626457,0.48027367
0.0424981045,2.08164119,1.88871478,0.856902502,5.75073336,16.3817917,21.2771414,1.12370813,32.0998892,3.80039244
0.0860151311,1.39166843,0.216424691,2.70905996,5.37350923,18.6675363,14.0508545,28.4981277,37.967649,1.35950025
0.0273386799,0.412503222,1.07427071,3.7503977,9.15308686,5.8201929,0.557852554,11.2904661,1.73117512,47.8017599
0.298657125,0.12550182,0.803541735,4.52099973,0.824257077,15.439566,31.5027222,18.0207173,1.48612484,7.48119701
0.00905562344,0.989595863,1.37470455,3.6602612,2.58241367,18.3045951,14.9150203,2.70811875,32.6657844,18.5607892
0.036698337,0.0216434758,0.224136049,3.59609977,1.86110662,14.2250833,29.5343175,26.5385709,40.5457785,1.24249453e-05
0.274054738,0.592954835,0.534787346,8.47900308,8.27617135,6.49770149,14.6185285,30.9214708,30.7108635,0.511108812
0.147835956,0.1547236,5.250991,1.7056361,9.1284069,7.2555223,18.3084855,13.6640627,10.2990364,13.3729854
0.00106955153,0.00806789246,0.0336223707,0.076436941,3.82858443,11.2213372,13.8743387,0.875293574,3.25352027,54.9857391
0.140193273,1.76950725,4.76603267,2.42063696,1.57082316,0.189861206,21.4925415,24.4869055,30.1201955,0.0148251366
0.0959927642,0.324367981,4.26473174,3.98991066,0.795477816,11.2631885,2.30899084,38.7351046,29.438066,5.0247147
0.229595686,0.0840198504,2.0954767,0.319621379,17.0012536,4.76533416,11.1421527,21.0612715,9.97941425,12.6538254
0.455426659,0.815928608,0.854751731,0.726692952,0.433990848,4.62524236,35.805467,9.58061445,31.8842976,0.59041111
0.0004182301,0.000407174117,1.98819991,10.2874842,10.4205787,7.88024953,7.55855354,33.0592052,11.7288008,0.227640982
0.00580683251,0.0900470207,5.67727847,3.16054635,6.77954874,6.92935851,0.0412518017,16.6611448,15.8662134,19.1167392
0.046452371,0.902794038,2.04895987,9.49408861,8.95975057,20.2958528,6.52048177,3.016655,2.03012965,3.8818346
0.0204194876,0.701216096,0.0372577009,1.85104743,3.5363127,16.8489489,20.306725,46.8313815,0.682165449,0.457617188
0.0934577855,0.764023561,0.176088262,1.00331122,1.82325604,1.05523288,25.1246132,47.7662661,24.8645638,1.51720863
0.0320571755,0.424455572,3.14655007,1.93551434,21.9561325,9.52353672,1.66953725,2.09156047,0.241520466,0.36623247
0.214425358,0.710218867,3.88280751,0.160978034,2.20640376,7.53975104,25.0721156,19.8201202,17.8203434,15.0585056
0.102473885,0.750069644,0.47517215,1.61930339,7.15954324,8.181984,8.82102825,52.731788,24.8932276,0.0957240667
0.00569591139,1.21081082,1.65492543,0.781076103,1.50881787,2.69609516,7.90251029,10.2831923,2.83016588,56.3932501
0.380865793,1.15018671,2.12374033,2.94737522,6.23001782,22.0593535,2.69541766,7.16849488,23.3570227,7.60651138
0.155107848,0.0718349817,0.278875285,3.66236989,14.4725751,8.20641874,29.9219218,25.4830182,4.35096756,0.0425209587
0.339712785,0.023935211,4.05918398,1.56710328,7.99548844,9.67447261,12.2500189,12.3331405,27.8422423,15.103412
0.177488397,0.0411163226,4.25326842,4.79344524,18.480839,3.62043858,3.74297883,17.0364339,11.8019583,0.0398549433
0.0215068689,0.473222889,3.77248675,4.42993512,14.8915168,18.2519417,8.91112997,5.13591576,11.4198149,3.14627133
0.18549076,1.79634682,1.20051246,0.684404403,0.827125463,1.53479422,19.5429575,26.7725182,50.365222,1.03995142
0.000673760779,0.158068175,0.446638259,8.27845106,5.73382138,21.6965014,12.6459449,16.5532494,29.5008733,2.34203761
0.0417701906,0.794632573,2.02725438,1.45601232,6.83570128,0.745801613,19.2854496,6.65276079,65.1017243,0.646799783
0.253267546,0.0992705268,1.85397026,2.0977537,4.35957094,6.86385277,17.4584745,8.25437788,65.980532,0.0870997767
0.31375003,0.0411471744,3.86339678,4.36305587,3.42679959,12.7354912,23.4768834,1.38783819,3.25849145,14.3987804
0.202780534,1.91599048,0.275408781,3.97938556,1.22961216,3.11109647,7.16234268,6.38187409,55.7682149,7.88178539
0.0952198081,0.267009976,0.227417068,3.79915756,17.328351,8.36159713,9.14257293,24.717326,2.53790575,11.1249883
0.0338865625,0.930876178,2.75346139,8.11280386,12.4631075,0.466662697,4.6944306,6.27845798,31.0161866,9.43912564
0.0221365168,0.596309725,4.37303423,2.45626886,0.238644376,25.1819592,11.200396,4.19990658,7.44591087,8.52496378
0.0275613947,0.624525917,0.357960085,1.27976085,0.239304082,3.58644736,33.0864284,32.4505088,1.60254726,13.019958
0.186115916,0.00474505341,1.74623514,1.73997,5.44638608,3.17036273,22.4839538,15.4440898,36.4724525,21.8424447
0.0938695342,0.339657796,0.773081122,8.16091417,11.7069875,17.3831102,7.40396372,1.68931096,38.832354,0.533113017
0.0537785929,0.0258422448,1.66131756,8.44613467,7.74335422,7.28055388,32.0122853,21.7519453,5.80304701,0.00162756225
0.00202112561,0.0599570388,0.00644118891,0.390211166,5.40909492,4.0906937,26.3759362,4.09317916,8.7239287,39.5029271
0.359923742,0.139984939,1.68982345,5.36993945,11.0436373,19.1750433,21.301376,9.22198058,14.0977509,0.122708594
0.233094225,1.79188583,1.29117974,4.74933316,1.11285081,3.97218961,1.29323954,38.9710213,30.6594669,5.52176845
2.74335181e-05,0.000342724029,8.76365084e-06,0.000171128228,0.0142477061,0.301081108,14.743013,37.6336953,26.0251835,26.5421443
0.0230619336,0.165368262,0.262580191,7.11731265,5.38031188,8.15646741,20.310185,22.7931257,7.39589789,22.1798874
0.000308342795,0.00226256785,0.0237274114,11.0221338,8.46097644,3.08659509,9.20893668,5.34515534,38.9637111,6.71823637
0.137385851,0.969576822,2.04369419,2.96714668,17.9785584,6.48123565,16.5692429,22.7776142,4.76978803,2.14097524
0.0485586632,0.203712113,0.202449844,3.5535797,11.3448079,18.8063478,10.6799206,0.880971285,3.26421778,23.6500064
0.283348531,0.311802075,2.48408245,0.256651008,8.22789047,10.4726845,9.72887152,5.89310578,8.13789735,35.6774163
0.223773604,0.989278921,0.175128396,4.4967411,0.224906328,21.3498642,19.143687,19.0223747,7.11368735,11.056714
0.0451108273,0.326855883,0.374467406,4.58568525,6.60299601,8.92798516,4.62827082,14.9806989,68.1736161,0.203452978
0.133455876,0.216915265,0.70456129,3.22786866,2.2272102,14.3307042,2.26105436,17.5068058,0.123796943,44.2381995
0.291387927,0.628354439,0.244555809,10.2850099,4.75917347,3.20739771,18.7897152,16.1045137,16.4847459,9.47430155
0.0180844457,0.0285449697,3.52442352,2.1148232,0.186806994,1.80069617,0.754532726,23.7979068,14.3246321,41.3879071
0.0275939868,0.347479024,1.06673596,0.133303031,13.8745026,11.1224513,26.535713,31.702068,6.34292505,1.47828974
0.036856188,0.583935361,1.86827959,3.06553265,1.56273757,0.541528478,29.8656908,3.64650679,26.0354939,23.5369082
0.175181693,0.118033357,0.243347328,4.29399612,5.40502144,9.27310482,0.571046906,19.8223037,23.4892323,36.9470135
0.254647956,0.225304382,4.86724475,2.74860119,2.28089072,1.63597741,16.3048927,20.0721022,20.6698678,17.8663851
0.023069124,0.936500655,0.505582548,0.683761229,6.08518955,28.7991618,12.9647734,23.7337843,14.658723,0.0090708157
5.42540563e-05,0.0593181219,0.0628509347,0.156327281,0.324976153,11.3876613,23.695467,23.1363331,58.901208,0.304735308
0.0264953217,0.130402215,2.81121576,0.388129146,0.532616888,14.0982669,20.6474697,33.7404379,31.9708604,6.9934763
0.454335549,1.05605954,2.15691041,4.61216688,12.1951573,17.6137577,13.5216207,3.82345263,10.7010641,0.442629885
0.0162904526,0.0618082596,3.41980232,2.15119377,8.2370247,23.8201828,25.1259705,0.3205469,13.2960789,0.0380325119
0.07973358,1.02633067,2.42328984,1.18969742,1.4451415,0.147798832,0.27461809,56.8506638,19.0493887,0.101092627
0.201586113,0.0195498213,2.57695741,6.46309271,0.809865873,2.57963674,25.9420351,21.8476524,39.5703481,3.69411892
0.0337801401,1.09103891,2.67303151,0.632854842,3.83490644,15.0890623,14.1567774,26.0023086,8.90361414,20.9338236
0.00334308033,0.0170399392,0.50697449,0.185922775,3.27017202,10.5524088,17.3499353,37.3386292,7.1819758,23.8437387
0.00564077444,0.0141948556,0.0145792254,0.122292732,6.46807698,10.2311007,0.0784026358,16.5590057,10.0024043,52.0410434
0.644756967,0.537827816,2.28972261,0.540182366,5.83077821,3.63902275,22.7818826,22.047911,16.0129587,3.13938525
0.168232509,1.0455431,0.0867395076,0.399882123,6.97280421,4.95913295,33.0857251,15.8387803,27.0213325,9.30466355
0.129625826,0.995581029,0.30639306,2.33070086,0.254430194,6.54856782,1.16027577,13.6665714,40.7703975,34.1340415
0.000843641704,0.00552518389,0.0371192642,0.0241028853,11.2980933,3.17806725,24.6786592,22.9911311,4.48159716,22.6810702
0.413448394,0.151759479,2.51165847,1.38508858,6.48654658,1.22015316,6.91297324,7.95637791,20.2303851,34.8876368
0.0106361692,0.260914423,2.29968901,4.19952678,3.87258695,15.9284219,7.79567933,39.8156426,35.7752043,1.72855125
0.0134407303,1.67570595,0.935502258,0.688811129,6.29742936,8.35318757,6.68915971,24.3884498,35.0459649,18.964243
0.172331296,1.09164732,0.26698743,4.97664018,5.62532663,1.51360829,30.2939774,1.15767448,13.0965052,18.5813905
0.114018868,0.246334735,3.94489142,9.70942127,4.52140905,10.7182613,23.9509524,8.16829555,14.0750458,0.806852005
0.000198035521,0.00651145666,0.00299317588,0.0279517347,0.0809139011,7.32650769,1.80829719,4.30149341,74.8422754,5.07633732
0.250494174,0.581445406,2.15519227,7.73268101,4.374219,2.12299921,4.26951707,27.5385811,6.68005681,21.9982169
0.235421094,0.228125419,2.38753914,3.15936634,3.00550313,19.0576593,10.4361227,4.19094768,38.6352255,13.9829143
0.144219717,0.739539666,5.43408512,2.34275614,9.2136754,5.75386181,5.5339522,33.5080941,26.9588209,3.70949351e-05
0.102594905,0.345955429,5.42529189,5.59029836,7.67921748,1.27367349,18.6323757,27.4242025,21.5977076,0.0815611807
0.181130187,1.80053547,0.544700223,0.021262403,5.75935291,3.86758982,11.8125391,14.5742083,19.4672193,31.3383669
0.190249733,0.119349234,0.36013837,3.92071311,10.3320624,8.51406414,1.51753329,46.4816371,26.5691031,1.94404102
0.000908329183,0.0037486364,0.0112727058,4.72686187,0.463096163,3.71383842,10.0664767,19.1083011,17.1184723,47.6283886
0.366298879,1.1906139,1.85031221,6.76415441,0.941803571,9.90021701,24.9988714,12.2188993,6.10015143,9.26852949
0.144262011,0.196170954,2.36120393,7.65575411,2.37919713,19.739706,27.7522894,0.23568671,17.150313,0.183412506
0.0411470566,0.14343629,4.25581913,8.11687121,8.12939701,8.96480781,13.7240839,10.0214402,29.759768,5.67901484
0.0115566498,0.00916204274,0.0288256682,0.187566039,11.0235775,13.6083069,17.279111,41.6202677,20.7855651,2.49509766
0.179369709,0.716143943,1.71942049,2.04834524,6.50706647,10.5165043,26.8542671,16.6525737,39.1476931,6.62760631
0.220632589,1.03696193,0.88771177,12.8270082,0.784193663,0.670061803,0.168796244,10.4941727,30.089832,3.32825361
0.0643163377,1.13088332,0.886185847,8.84796072,3.16458556,2.71737374,25.6369665,9.58293664,13.8889176,13.5793136
0.0451576554,1.05430715,2.61889995,7.36264258,13.9817362,11.9490991,4.20068342,1.0425467,2.40922988,10.5913524
0.257204927,0.0272467944,1.6278864,1.11811469,8.94109235,7.94486523,3.46464587,33.0573791,11.9238325,24.245261
2.58832494e-05,0.000124062567,0.00125792412,0.00126295885,4.57231917,9.8670844,7.14834488,40.0285878,33.6571529,16.7115958
0.0325602152,0.150398787,2.97978108,3.82361818,7.27151256,3.59612127,1.86652948,38.5128531,40.7656317,6.15754953
0.103816098,0.0374230442,1.74696045,3.07433984,0.518253935,3.81575882,3.88762003,0.567912911,35.3905734,45.7413291
0.214798944,0.609654453,1.32636437,4.89509916,16.0862625,6.05897859,4.45132144,19.7481768,37.53066,2.77888389
0.212722522,0.468220204,2.41038218,6.26627673,9.31403503,23.8379929,6.5410313,1.95293228,16.8813252,3.90022313
0.17112198,0.14269532,2.02819537,3.55989748,6.46822726,2.32405708,39.1083297,5.88006784,29.8238167,0.855097791
0.05175049,0.0128533697,0.152040924,0.0138804967,0.117401217,1.18485891,15.6067268,40.80274,56.5686679,0.0140705381
0.000588152866,0.000937491277,0.00801810392,0.177219776,1.36016058,22.2191944,2.4143131,44.606378,0.958311936,6.59973607
0.0597675341,0.476022131,3.82711653,0.431518037,0.703993549,19.5211636,25.3697029,1.80956579,4.80826508,12.4496123
0.0266555575,0.283316121,0.0585020964,0.280384085,9.96280495,1.66698523,22.858165,46.0429763,19.2983297,2.07250348
0.0273734639,0.152962709,1.05211291,0.100468515,0.278116507,24.5096279,12.0282004,26.5242443,25.6054026,9.91620826
0.0232244743,0.035466913,0.331804835,6.63234036,1.52540374,11.429105,7.76017387,4.18795798,53.8498458,13.4172053
0.551517031,0.370611818,2.32443881,3.44337851,6.79717032,7.80003896,6.87004095,33.4427543,20.8854099,4.824627
0.0319302917,0.0803780462,0.552091843,10.8086654,1.64154475,2.73959318,8.64341343,22.5642166,11.2286544,19.608411
0.0107198913,0.0793603543,0.0602924365,2.39954179,11.4371247,0.16022989,3.30388718,26.3090947,38.6296974,20.4177846
0.165365371,0.0508247145,0.187929386,1.46446436,4.24827104,0.185990522,5.84881183,42.7530402,2.2391882,27.4409561
0.0797961408,0.285627669,1.8378412,4.27957038,0.320738461,13.5529867,0.573562581,21.8161763,45.507745,16.4186445
0.118563092,1.26052515,1.59633432,3.82499246,2.99836229,12.6150548,18.0567928,44.7950978,12.013836,0.66012861
0.165362707,0.841835423,1.10959053,3.50395038,1.04627292,21.6607237,22.4507507,11.8111339,38.4141239,1.63978048
0.00622570214,0.0268977991,1.42063562,0.374130389,5.79399094,18.3659025,23.4569237,1.54066249,21.7865769,19.8990046
0.323458014,1.78286021,1.75260307,2.45196761,5.69123755,18.1729686,9.84688665,0.0865586235,10.1257283,14.7147172
0.204056706,0.390181387,0.0504792442,2.49402313,0.112596205,14.1866638,0.96993765,46.9386752,1.4915434,12.2829054
0.0874785261,0.208148084,1.60001163,0.809169522,0.52289977,9.610771,35.0368213,0.155021357,25.677842,14.6764252
0.287107699,1.27785907,1.94988297,2.67703114,5.32943612,11.7776525,2.61401498,33.9157,37.4037395,4.66856257
0.0529920827,0.942540011,0.697849914,0.323940143,4.69719383,18.8180163,34.7676344,1.76781735,7.16963268,5.90723844
0.0113325474,0.55698163,0.117731874,0.653800631,3.84118561,2.9098282,4.4141278,2.00029943,2.01390502,75.259434
0.0195624457,0.0882038869,1.9342375,4.72288031,17.9763736,15.7016502,13.873833,1.4369379,21.4104083,0.400705359
0.000238880461,0.00276658045,0.0111646335,3.89268603,9.33660023,0.617619477,14.2067871,14.236141,29.8236743,31.5842816
0.161281363,0.176319246,4.08090557,4.27406316,10.8063334,3.89142064,1.50897567,20.9804565,48.9507448,1.15307544
0.274353974,1.08592229,1.8037766,2.67532516,3.98543661,10.9868764,6.09357798,2.68803897,61.6861814,3.41567477
0.0244126314,0.15964056,0.569679546,5.32595983,1.38238618,12.8107352,6.51709589,51.6048203,23.6743198,0.00179947971
0.00472838599,0.0174558992,0.106649398,0.0328489538,6.64100109,2.72162765,11.1159803,25.4264906,1.87299094,46.4926828
0.0472035727,0.378788798,1.56815708,4.92235458,2.61738611,5.81046908,12.800007,0.394918641,2.21955514,50.7820213
0.473072224,0.626676088,2.58211627,2.15186703,2.23157958,0.715842304,12.8347289,42.0538051,6.76554921,7.02364947
0.194170257,1.0850978,3.79584896,0.27154546,4.03859301,6.76524132,8.25029107,19.2855341,6.32423078,30.9983266
0.281456477,0.343107936,1.51896895,3.76576398,3.91868949,29.2706526,15.8795697,4.73080137,9.45965838,0.992958557
0.0439913754,1.47296212,4.16691387,2.33928965,0.817541396,14.5375999,8.86331914,27.258479,28.668441,6.36222474
0.0430500652,0.560169122,4.45621265,0.396272494,4.68081039,0.857444613,12.9335063,11.3013161,30.0022144,26.4537284
0.20315718,0.43218297,0.409604164,0.0733604506,3.00217998,12.7758293,0.778896833,1.28945157,8.17214071,54.5863162
0.53130203,0.36570207,0.235131364,3.47191486,0.572860162,11.4018972,6.98652797,13.0896642,43.3525697,11.238316
0.0415066303,0.481663723,4.6423587,0.678231349,10.9751475,20.3596616,0.341057814,19.1746322,23.2268618,1.57778375
0.351732561,0.611001903,1.98780443,5.15490036,8.78874611,0.488978631,29.9952773,14.0008488,12.4464293,6.74777155
0.000574874504,0.00340035201,0.0113050252,4.51979211,12.238401,16.8600859,18.8257485,35.155027,8.02857759,0.102742885
0.0165188993,0.274004771,4.17973722,1.99105675,3.19679991,10.9453548,5.53009622,29.6157382,6.63418581,23.9407037
0.0326975562,0.0519378918,0.230881475,9.48337107,11.547097,18.2516111,1.71469815,18.8413077,8.53534697,3.94930431
0.186603401,0.202483601,2.11802319,3.32710049,4.50855334,8.2258635,1.01476844,11.0797547,60.6015473,9.95030414
0.141312739,0.232644689,0.464393523,6.47704435,6.95829841,18.7641578,5.55602697,10.2648383,18.1216514,20.7744068
0.0660589002,0.244257934,3.58189629,5.29556462,8.33191075,15.1476577,26.324398,6.75921516,1.01381663,7.04414127
0.400430442,0.0622214444,3.92680552,6.06015889,10.3008089,6.95468584,21.4505188,6.35049654,11.449977,3.92858866
0.104589792,0.943562433,0.674577952,0.192668858,14.8887063,19.1365492,4.00303282,19.0586112,34.8818051,0.481387544
0.225087142,0.794769038,0.898143198,6.13582587,4.22437063,24.4412181,10.444659,1.25470402,31.6536705,3.2948928
0.0248130636,0.0617229029,4.50670914,9.86728451,4.32845607,14.4779335,12.5106593,19.9094377,8.11572574,0.218267362
0.0453620698,0.359223661,0.690634583,0.289643352,11.3199217,19.6300006,9.18204849,13.7546128,23.6116031,17.2371857
0.0890417505,0.147592055,1.27974298,1.08284802,15.8960627,3.9126389,4.66809248,2.72392903,55.1925376,3.80353416
0.000225462158,0.000219360382,0.0199339077,2.64619212,13.157652,13.3354821,1.06968639,1.03030418,56.7396927,3.40826368
0.199899236,1.41276942,0.873512786,1.84726952,8.84771541,3.10315864,29.7370292,7.03111754,0.146261102,16.3035431
0.068672386,0.490083159,1.04387037,2.40708607,5.51735093,3.49867194,23.0609188,19.1036041,10.5362801,33.556335
0.406857993,0.137929525,0.940588574,5.47149029,12.8476989,4.46520608,0.694411804,3.78810585,45.843476,5.23198879
0.0438098019,0.77844067,2.26854945,9.75275304,1.91370254,12.7414935,29.5671902,6.48216729,2.78248715,0.92701214
0.0780085763,1.09373787,2.52221004,3.75287461,3.16583854,0.029347184,15.164534,37.013776,15.3742114,16.530042
0.219366592,0.118051478,1.70621757,3.52875923,10.3768027,21.7609271,2.98658183,19.9156267,26.3403727,6.32284972
0.247089414,0.814284422,1.0721236,3.17451809,2.76545804,15.4364353,3.02608829,13.5359256,39.8967132,19.7939581
0.00160791614,1.34273839,1.15952233,1.67022073,11.0392628,13.4297228,13.323821,15.9421851,7.81174886,21.2840979
0.156960299,1.30273032,2.51163503,3.69437542,10.3748045,16.639621,10.8846395,31.8568305,18.0045086,0.286513675
0.17638321,0.0479832339,0.659461352,2.1224262,2.60912532,8.36501807,14.9234846,52.1401818,0.181858618,6.4271882
0.199185095,0.424651279,0.641808225,2.2632044,9.90314646,9.4707542,25.3503726,6.51607406,11.3530998,22.5512539
0.202918842,1.30460782,1.38672801,2.31348365,0.992433624,9.33938209,29.4618453,15.7694413,18.485493,14.2452357
0.310525757,0.182799559,0.144300129,2.98949226,4.96752838,21.7795887,17.666411,13.8505875,42.6533889,0.335997548
0.0119471487,0.0189169802,1.15714417,3.551845,7.45172317,0.947378837,26.2018951,31.3204385,43.476555,1.55993961
0.320593369,0.534897874,0.706871334,2.71601401,1.05977878,0.0801942507,11.2974744,32.0404382,41.1079066,15.2179127
0.266590207,0.962358455,1.16148801,3.21079039,11.5461431,9.41078413,30.8947674,7.59844694,28.1276539,0.0132569835
0.203339682,0.0720739068,1.251693,1.15186438,0.190731417,1.12266287,0.547824843,57.0765056,14.2932091,5.45719863
0.0275273775,1.49192824,1.48135163,2.536751,2.2940828,23.1062407,17.0982969,18.3008563,24.5388774,4.72200808
0.579204276,0.253499635,0.542046806,5.43414087,5.61217277,8.78902726,15.4060228,13.6224016,29.6379596,7.99390006
8.30555487e-05,0.00128696808,0.0108048537,0.0213125728,4.41549616,0.306289473,2.89855673,8.57773126,56.5052138,26.5580595
0.286649847,1.03318772,2.03979959,1.95309267,1.4479936,7.6706307,0.473573864,41.6728823,13.9505012,15.2859885
0.0966217701,0.0423151584,2.04555155,0.688364738,0.237025776,7.81257618,30.3192348,44.7794598,1.00182924,0.868277989
0.0704881834,1.31240463,1.23886315,4.35944108,0.729643505,1.14447668,2.40513177,24.5779679,42.7510414,20.2429685
0.366041559,0.432751209,3.1671065,1.22963268,9.85916796,0.418405841,14.7481319,29.9376928,34.6517514,3.90062258
0.09084698,1.49638336,2.87487497,4.45502476,0.748875804,4.55060949,1.54774653,17.0106898,18.3021932,31.6378272
0.15416889,0.0720067675,0.151262757,0.014257435,4.46347922,16.458216,12.4354991,13.422916,3.37043785,38.731328
0.169478756,0.889154826,2.0798196,1.34242923,14.2539803,0.203063134,13.2010807,16.3443481,32.0907736,12.910818
0.1038089,1.32840948,0.456790642,4.35744059,7.57742261,5.93515561,6.38284987,3.86444911,55.2219575,10.430891
0.154388318,0.343785649,1.83282406,6.14451348,5.20806864,0.192203519,1.07519437,3.46783971,43.018605,25.9000389
0.14457967,0.936874807,1.25771157,6.87760992,2.29354453,9.84748768,5.87027459,22.044664,47.0297204,8.7085611
0.0122956764,0.0661488376,0.105610822,0.187742926,7.45629129,10.757977,21.8550816,34.9757114,45.3308432,0.514068293
0.0115986435,0.118967991,1.19812924,3.22015934,2.8133754,0.350478488,0.7011544,28.5264351,23.7564541,40.2588273
0.00995328987,0.239859063,0.986387663,9.34621755,6.4932231,6.45364761,10.6198242,29.2903612,43.3306427,0.0442621989
0.229935754,0.630160762,2.0832857,5.81974145,5.09530462,13.564583,14.5598377,12.754752,14.705401,22.0220965
0.00451608073,0.0180866532,3.8823796,1.1968961,1.49167137,8.75523987,5.5643359,22.4044242,40.5453305,19.9729885
0.0119603571,0.160999576,4.87255229,0.130704826,4.02546864,8.25185106,24.2339668,7.60632215,41.6215544,5.33377808
0.00331456864,0.0567723129,0.0688688001,2.05687339,5.23055019,5.67180308,26.6360604,7.99420976,39.4723101,20.378244
0.224906824,0.0920263167,1.89529812,2.63478683,0.0706080927,16.4356625,18.6129804,12.7792933,4.56374757,28.003037
0.0171949156,0.0643559898,0.201460931,1.07213429,21.4049898,0.50013699,8.41920836,25.0162861,6.1103521,3.7287067
0.246795769,2.05495613,1.41024244,2.96652333,2.65736391,3.85186805,29.6067718,14.5539938,31.7830367,1.14296624
0.00506707355,1.2285915,0.587131675,0.0427978858,0.711515719,11.3959001,33.3921697,2.25151047,46.8430227,0.0135887785
0.295739553,1.05503592,2.91765323,3.41708096,14.1771683,13.6563372,5.72868547,7.49853691,28.6673868,3.77738017
0.00749332418,0.203734867,1.84098604,2.91022709,6.71881286,15.8305714,1.23091085,19.2308724,57.3296429,3.30264908
0.00913196638,0.614535714,0.762286629,0.342213008,0.410144493,1.8250483,22.0256127,8.59864738,27.8160122,38.9926794
0.286583391,1.36575872,1.50611202,4.32085073,6.73005423,1.36311102,8.66364698,14.8091054,12.3075704,30.6141835
0.0972334918,0.298711033,3.72851564,3.9664885,6.66985249,11.0500888,13.640557,28.623478,26.926774,10.4712053
0.0563580524,1.1958845,0.0619099154,0.210832679,4.97001993,6.61849625,37.2819772,16.0793128,1.87993817,10.0741889
0.0022956619,0.00563390308,0.0212822786,1.74476079,12.4483229,0.370273676,33.4158939,28.8691481,14.5147066,1.98997051
0.0209154864,0.0088681484,0.141634019,3.72993261,1.44221783,29.9921099,8.44201452,21.5781647,24.0870129,0.791618044
0.149647925,0.113199422,2.05961898,3.37147043,0.94117015,8.56062988,1.18620282,45.0427778,46.2582301,0.000712379143
0.216593482,0.424357953,0.285913193,0.806482974,6.68666178,3.51120145,5.65953227,11.4866376,71.351262,1.80270482
0.00112065322,0.749543441,3.67629497,6.3291781,3.73041332,5.0877161,15.9320515,10.3829751,35.0513835,15.1482648
0.00608059751,0.0196200983,2.75947419,4.0611625,0.975579267,9.72278763,20.8393973,14.7223034,19.5597649,27.5387336
0.385973961,0.281741039,0.110631683,2.20792515,2.0008392,4.52588923,7.77324034,18.6250452,16.3840124,41.1687365
0.0525292586,1.13329169,1.77780429,1.75976536,1.96978393,8.89827342,13.8587943,31.0812776,56.0354441,0.206352486
0.21486601,0.881815781,0.333694143,2.60477892,0.059986342,12.164372,12.5439734,25.8080138,8.93708479,30.9241544
0.288522689,0.478914766,0.50380595,2.15085962,8.61429406,4.06404198,15.8717875,21.7183074,6.50013549,30.9510022
0.00240332909,0.0223111501,2.92018851,4.34221278,7.14105412,27.0997756,4.47851051,25.0391346,8.60037681,0.00420028269
1.18684561e-05,0.000477016332,0.192138158,1.70797434,12.5093233,12.571665,6.35609225,48.907748,2.44676372,0.70805704
0.120521642,0.515394129,0.209943146,1.1373688,10.1990441,10.155967,8.50339957,34.7928009,20.378993,18.0426991
0.0137488323,0.420761819,6.17225579,0.953836088,8.13851667,13.393818,0.724832114,7.13761765,36.6052784,2.71577109
0.0831531556,0.662309347,0.0809041428,5.65694075,4.86647983,16.4481254,18.8863947,38.7020666,15.9218506,2.07434419
0.0434423951,0.686720952,0.122962592,1.43030681,14.5450433,10.54183,16.8153036,9.06677705,48.4535755,2.04846054
0.339922537,0.169951508,1.82322815,2.31864959,0.0467327549,8.39884143,35.5682893,10.1344255,12.7831156,9.96041798
0.0904990851,0.572644998,2.54533098,6.8334138,7.274987,1.12359385,10.192192,20.8756948,28.4181518,19.4097359
0.0324894873,0.891121113,4.13110586,0.629445187,2.56877765,9.46441591,16.2952615,26.2467744,46.0041286,2.84287179
0.00210133549,0.000936024169,0.00195436699,0.252054079,1.23260421,21.9182131,15.8592633,43.8569074,18.4908857,0.00882462254
0.134050082,0.0211540192,0.241590287,4.4275823,0.649020319,2.53344639,15.3256367,45.7488348,30.3952612,7.77567712
0.532533247,1.28424368,2.16312485,3.96420283,3.07313386,18.0963606,17.6664099,12.3993195,11.5472378,1.94564737
0.329852577,1.15828195,2.54070521,3.1380143,3.85780346,2.98475013,36.0176102,5.25711318,22.2816365,1.8053065
0.313342023,0.703902726,3.15957288,0.437283632,0.818221291,16.3364777,21.9444082,5.43282004,15.9059185,15.9480603
0.0288918561,0.600170897,1.17002607,4.61216701,9.67617187,20.6068291,6.20792384,13.2721367,36.6942555,6.99019696
0.0733053516,2.20977715,1.83084645,1.98266281,13.2497417,4.28495041,1.71961644,31.6315245,10.7981391,3.78972751
0.566923669,0.752050875,3.27604826,1.31380182,0.43298598,0.772990908,13.9369278,29.8129746,35.7197271,0.545688463
0.390383859,1.06704432,1.48719122,0.365917138,0.704848544,1.97800408,0.210693787,7.14479458,49.3688455,20.0522003
0.0131580396,0.0601261654,1.43736235,0.105940977,6.73956121,28.5495196,19.3143673,4.82857685,18.1200787,3.11623363
0.177595678,0.0149077543,1.64402889,0.139701595,0.0941391788,11.6034449,14.8035898,12.2754399,37.6073797,28.4089959
0.00191151257,0.0307301607,0.159458848,3.68975261,2.2733578,2.1014769,29.5701867,46.8327195,3.30012239,1.68681108
0.383665853,1.04629736,2.55665144,3.69722933,4.43489345,1.51499955,13.3960564,10.2461847,43.0534408,12.4874498
0.00546061989,2.00203435,1.95851151,7.55656268,6.65278116,8.12422311,11.3366502,31.1304653,9.49526949,2.70878654
0.0690750888,0.841216616,2.72840863,8.51902259,8.35306415,15.8075452,0.556552706,7.05586042,37.4728215,2.26835928
0.212533488,0.499876319,1.41251296,4.11580644,0.0850238792,13.6868992,13.6791807,27.9866405,45.8643576,5.87674076
0.0115752912,0.0798328671,0.300043567,2.63428831,0.552140913,19.665225,13.3612233,0.224828324,47.1691662,13.9119701
0.0266830204,0.177795123,1.7237943,4.84739512,12.903896,0.313174739,9.54276459,7.3329184,49.6949873,9.16435804
9.4642554e-05,0.00271929313,0.0286000743,7.60994927,5.11158072,3.66274228,6.13297933,24.8219269,24.983697,26.5420661
0.089137639,1.14859324,0.850076396,2.39830312,14.6139056,0.677413817,31.0967785,4.07382035,28.3854008,0.327534681
0.2239755,0.464939326,5.26717961,2.98167265,4.60307309,13.9224149,1.12690249,6.54251186,22.1229587,15.7413751
0.191394569,0.141152544,0.0175359738,2.61661376,1.29913517,7.81924689,29.3345106,9.85365468,56.7472584,0.63087165
0.19002455,1.00180973,0.439978974,4.13018604,5.02306844,2.59021655,18.4781253,13.4064676,61.995581,0.737829017
0.0698373588,0.0522728964,1.73314025,2.28167176,3.04684086,2.27328131,24.2029891,36.0348857,3.55584218,19.7360217
0.0670686685,0.602524672,0.0907824631,2.93401282,0.314294128,8.0088271,42.636971,10.8934923,0.925620013,5.29962729
0.11450288,0.869837841,2.00299306,11.02491,2.96926592,0.229383655,19.5982164,23.7277794,14.4162842,3.66844001
0.0175184536,0.0789444915,0.126076406,7.36302813,13.3315434,1.3617901,2.37382035,3.47379194,18.2627802,25.5289347
0.307258151,0.423441432,2.26536227,8.47137766,13.4627547,2.24721554,4.55393657,30.6281001,1.38208246,0.947422787
0.0282424968,0.928213664,0.146514833,4.5642901,7.96864948,17.0728826,24.6676574,17.5764353,36.5188038,0.254351365
0.0512594929,0.65062329,0.133862567,11.933879,1.92116103,16.2654084,2.04127651,13.1343079,7.25160684,7.93834311
0.0803808664,1.4809333,3.2450988,6.58239663,0.320984615,3.28072784,24.8598847,2.30967179,32.3427749,6.75849579
0.00264788822,0.0471780822,1.95719796,2.64106538,8.27986095,0.312911682,25.7115103,0.497126746,27.8120956,23.9906619
0.144573686,0.477184433,1.72680854,6.40880568,19.4986704,6.13315567,10.9982923,16.2404631,7.54978288,0.341150009
0.193503754,1.06263287,1.12593369,2.75334163,13.2961049,12.3315357,1.47367339,35.8072998,15.7882113,4.84747282
0.0797844236,1.86294985,5.08037207,5.65127212,3.05059003,10.4951316,9.0530493,1.46220863,15.6384528,8.43108082
0.0914022022,0.131112258,1.78104015,3.90379917,9.34490474,9.50299197,24.4072405,27.1525685,16.9183531,11.1598384
0.0327683583,0.254841786,4.40741447,5.91561802,3.94436626,3.33585071,24.3105246,21.4586613,38.4521029,0.0473607165
0.1049756,0.412474315,0.663357152,7.27110708,7.18321803,8.84399851,8.66822434,12.8030781,3.55229768,32.9364176
0.000824738497,0.0192325004,2.57937286,3.18323483,4.03662611,18.6407349,19.7498968,7.02342434,2.85868253,23.0795984
0.521652769,0.443436393,3.44443237,3.07488031,7.233807,4.13865257,6.18348214,8.56960169,47.2944671,3.070708
0.442414732,0.213477022,1.93790682,5.02198817,6.2243693,1.28733722,0.651500464,28.6369249,50.6736382,0.0753653857
0.00468966486,0.406701356,0.51534325,0.159184909,9.91029924,16.41648,30.0073694,6.57149189,38.9484766,0.219661954
0.227510556,1.40572162,0.44920308,0.485712254,5.23346503,8.65471565,10.2112762,36.6168972,3.92938241,19.1655841
0.120400392,0.202728842,1.681511,0.0544165843,18.1136629,5.05214057,28.0941644,13.6433713,5.02762009,1.27443384
0.00291543025,0.00987741771,0.383604072,0.414625045,5.0784823,5.37369019,0.739264761,13.1976285,34.647073,45.9848173
0.19483612,0.111324002,3.20238236,4.36394618,5.07243183,17.5843399,3.11895112,5.14996932,13.3091949,25.3666418
0.00736598107,0.0117709756,0.0937799881,0.14722599,0.52199261,12.4034925,39.0944267,29.7935777,8.32721541,0.841521356
0.144727763,0.877436663,1.68082756,0.23320845,1.87411448,15.9699691,4.46588214,36.2471556,20.4776315,16.3608436
0.0123295586,0.0434233477,0.746323543,5.64302814,8.44691996,19.4814953,29.0605238,20.7126563,1.71602407,0.226961308
0.000523418387,0.0041569519,0.0097981579,0.152230648,0.0219899297,0.634520215,35.2188645,21.5443998,21.5207398,16.2790225
0.000805739984,0.0025343257,2.37409242,2.86969253,6.75994707,11.273532,15.7166531,38.1768633,0.521219955,14.4615315
0.393446623,1.45202924,0.622337227,3.35921508,6.38239935,4.27035877,8.10796161,41.9963396,18.5587259,3.81542035
0.37838343,0.971056151,3.14963635,4.52112177,4.91703173,10.3923851,14.3444357,38.2394846,0.301199773,1.55441164
0.0991425535,0.52830332,0.694261109,2.11159063,0.493620289,26.1250886,20.1289593,32.0613583,3.77033562,0.022708872
0.0897481957,0.376248721,1.57563095,0.316382868,0.203228734,7.54112094,2.21015705,25.715505,51.294403,18.9818398
0.0272810991,0.589491894,0.00994490052,3.26897934,5.37412258,8.36187988,21.6594752,42.84856,35.034405,0.246411483
0.0969160776,1.06481648,2.04141111,4.09126355,9.98793767,9.10844972,18.2506456,17.0765681,19.9197574,16.8663658
0.283863798,0.154722645,3.11505041,6.0812841,5.18511815,4.95555739,2.17224595,39.1981927,19.9720598,8.01189674
0.00541147971,0.0504308021,0.0945264564,5.59153761,0.789401675,19.011632,18.2368025,27.9179886,24.9847027,9.10094315
0.092825006,0.0997155311,2.22779538,0.99890589,0.14862042,31.8258519,10.3509527,3.75774811,22.8975835,0.804569071
0.246851859,0.0294893167,2.53791104,1.25935807,1.47116781,14.5107529,5.48075744,0.0788761765,65.3508254,1.2034102
0.141970445,0.949021397,0.46236088,3.61247605,7.08234438,14.8156334,0.00413575901,22.9587839,7.82176324,28.0486886
0.148799942,1.21241575,1.22032401,3.64048838,7.86950462,0.0813031204,4.54956601,47.8244263,21.5356913,4.03323875
0.143069552,0.140680557,0.996583949,12.0272631,1.13488366,17.5940543,15.6566632,0.494721354,4.75991334,2.7608015
2.91387201e-05,5.63068565e-05,0.000613896755,0.366327919,0.289823607,3.83457252,12.1120735,1.29742652,24.9970894,58.9203933
0.0551521336,0.890680223,3.87915338,1.21412882,13.1508933,5.96981816,26.6194849,5.14625603,27.4662839,1.76844663
0.0117669448,0.0714182671,1.88194415,2.2875433,13.4252158,5.20416649,0.675409464,28.1847896,52.0042603,0.993449864
0.280567684,0.676318872,0.175545555,7.72541044,7.56152623,2.56351323,3.97848629,44.2897653,0.621900481,3.93095226
0.0233856281,0.264232256,0.40357763,1.02604254,5.82227674,7.27264377,46.2174044,1.02544414,4.25754672,0.0624086447
0.26109103,0.191716338,0.523047283,8.21410112,0.70587968,3.28649078,23.2337433,5.46415557,51.2744686,1.03727693
0.00941710576,0.631629512,1.19307432,5.17666903,1.16202042,26.7062547,8.0610244,11.0136352,38.3691713,0.963283353
0.124275302,0.175497786,2.43862604,7.71119702,5.5125782,6.21651115,8.94469045,3.67815402,57.0131097,3.37930087
0.0806691414,0.321738731,2.10851914,0.993537587,6.54743644,23.0659916,9.17655241,36.171634,19.9673247,1.70933786
0.00720699409,0.0623008539,2.52274556,5.62463953,0.921484001,10.9859286,16.5651889,6.33382655,51.1574001,9.45186735
0.2286513,1.12831549,1.98884533,2.46781205,7.95530302,4.35848557,13.3507391,25.0987597,52.9151089,1.24841957
0.0835663616,0.0264094657,1.94400454,2.78930623,16.8950072,9.38934782,19.7836098,25.5796643,21.1526195,0.0120591463
0.047586961,0.349768176,5.15486978,3.45656933,1.93025935,22.9306247,9.70326871,21.0653182,18.1101812,0.307382918
0.205435973,0.540683712,0.33205071,7.29581713,0.497415546,4.5366279,19.9507392,26.5447503,19.6819853,17.3630855
0.397984393,0.553584158,0.389176006,4.82135889,4.03265185,12.7417258,7.50971589,12.143835,17.863575,27.2237598
0.00677775055,0.0117085867,3.76638996,1.39147138,3.85284882,19.7723066,5.31119341,32.1842135,38.5683866,0.0243892272
0.29787918,0.469216795,0.661389179,5.56157112,8.41923639,17.249288,10.4611104,1.76387151,2.70970181,21.3126326
0.170458843,1.15703937,1.73457449,2.19464246,0.935558339,10.6923978,0.426899721,17.1230096,9.623718,41.3419877
0.521672934,0.55961198,2.7299687,4.02053301,0.944788406,14.9311335,1.24608207,25.8270702,32.3663751,2.86697893
0.365030718,0.21559665,1.489814,3.57545264,5.8194916,12.2289718,2.54950549,34.512837,43.8264514,1.54518051
0.00339445222,0.0141955306,1.5226834,0.763979165,1.20762991,24.598207,3.0386378,18.5679842,7.33308683,22.776163
0.0792019263,0.357971271,1.30648834,9.11385063,13.8609585,2.56093392,24.84072,16.0882321,5.21228415,0.169488401
0.22908049,0.841102103,1.54749309,0.0825357068,6.10630343,5.97020666,8.86667072,16.8632271,45.0553951,20.9418813
0.188701355,1.01059014,0.775093203,2.34699868,12.6592408,8.26455764,22.9436372,25.1466203,28.2743737,3.41000305
0.173756005,0.430580861,0.301531189,2.75571845,2.20978577,4.59264546,6.93555205,0.805960832,57.812636,20.8630753
0.313896257,1.10424749,0.0602931064,2.52434645,0.912701926,5.66053054,28.4448392,1.91950155,15.8919034,22.403936
0.0185290744,0.8287142,0.530564538,4.20637381,5.69266331,1.28517705,16.07262,29.1915572,48.1077988,8.49246537
0.174674176,0.700137746,0.12920914,2.35414898,7.64799215,8.56758969,8.0966765,1.84667244,19.4440333,43.5209478
0.184905204,0.495860485,2.05277103,2.06982172,0.0636902001,11.2757609,18.9350314,39.672184,1.1048465,13.3866048
0.00682881165,0.0262998403,0.480682381,4.14951751,3.79181672,27.7443225,18.5820044,5.6515501,17.6046016,5.87275577
0.0202440069,0.0550454084,2.0587628,4.41576045,5.05278742,0.128061872,11.8540912,51.7248226,27.4794778,0.162054598
0.0480155947,0.0535737458,5.52562914,0.94142023,11.7469842,7.46184259,0.280495392,2.22366106,15.4721155,17.2734993
0.214643538,0.802094746,3.09566775,3.42999828,9.20026597,0.768296886,9.48216848,0.479772222,58.7638088,2.51873163
0.178897668,0.00542100823,1.24847477,3.08614487,1.42095605,12.9070368,24.2312749,0.348730597,24.8292629,25.2493628
0.0932831575,0.509621232,3.89490828,3.60728724,0.0650596725,15.6652512,13.7662318,1.18293703,8.05909944,26.4078362
0.337679202,0.676562057,4.20014035,3.57333182,5.6030048,6.71297493,33.6615104,9.90158184,3.83989458,0.329655579
