0.101396227,0.304673381,0.514955563,0.687701469,0.807184294,0.873148112,0.892758971,0.875932906,19.1557499,87.9072116
1,4,9,16,25,36,49,64,81,0.00013504621
0.674858466,2.56994766,5.50501345,9.31724349,13.8598669,19.0008548,24.6217153,30.6163763,23.0206752,56.1549398
0.949268215,3.7724418,8.43293365,14.8946319,23.1218946,33.079545,44.732866,58.0475955,0.0666183074,19.0022112
0.356227783,1.25243084,2.47686448,3.87030946,5.31534785,6.72759991,8.04858823,9.23994905,76.0287938,78.9462371
0.790119194,3.06876887,6.70437464,11.5730365,17.5581569,24.5500847,32.4457749,41.1484633,79.0104687,38.9474317
0.472250108,1.71990146,3.52336465,5.70304205,8.11331071,10.6373172,13.1824823,15.676626,32.2147593,62.6144348
0.889357108,3.50566727,7.7729833,13.6175736,20.9678682,29.7544066,39.9097857,51.3686097,41.9659007,35.4035292
0.19000384,0.617543659,1.129004,1.6308659,2.07053976,2.42265384,2.67935489,2.84354059,54.0392206,79.2694182
0.990252252,3.95616194,8.89047178,15.7859423,24.6353517,35.4314959,48.1671886,62.8352608,47.4874373,17.0575949
0.726854956,2.79375757,6.04021232,10.3183593,15.4921482,21.4365605,28.0368781,35.1879946,51.8220664,45.9357394
0.532825348,1.97000795,4.0970721,6.73246632,9.72338148,12.9420456,16.2824448,19.6574246,8.60057654,58.9474317
0.421218742,1.51227627,3.05405685,4.87324282,6.83441802,8.83339175,10.7915675,12.6512048,54.9376155,70.2273545
3.97853504e-06,3.36316812e-06,1.59917685e-06,6.00813062e-07,1.9839229e-07,6.03743795e-08,1.73664743e-08,4.79359072e-09,3.20531996e-08,99.999772
0.913710259,3.61384528,8.03994607,14.1329125,21.8349781,31.0896845,41.8418576,54.0375827,20.1079894,27.3970337
0.146474981,0.460833319,0.815542918,1.14036722,1.40147444,1.58733322,1.69934718,1.74576765,36.4262176,82.1786978
0.995749193,3.98087646,8.95220386,15.9065569,24.8407643,35.7516583,48.6360746,63.490852,64.9593187,10.7315258
0.753966737,2.91126139,6.32313919,10.8512367,16.3669701,22.750964,29.8925116,37.6890615,66.1801795,41.3420043
0.701619008,2.6848746,5.77921954,9.82899997,14.6923758,20.2403113,26.3556321,32.9321434,37.3720326,51.1365112
0.873506256,3.43545499,7.60020023,13.2849756,20.4098136,28.8974674,38.673334,49.6653798,55.2203582,38.9462794
0.500351718,1.83545952,3.78736144,6.17481074,8.84816273,11.6849005,14.585725,17.4711439,20.1077051,59.9768614
0.392527963,1.3968971,2.79628066,4.4227466,6.14817059,7.8766623,9.5382704,11.083766,65.9221145,74.6830639
0.447047314,1.61699124,3.28991268,5.28878644,7.47257432,9.73031548,11.97608,14.1446683,43.6465873,66.0998453
0.0654970541,0.186341454,0.298208294,0.377072545,0.419056574,0.429203121,0.415512575,0.386007539,8.39241072,93.1501948
0.927320829,3.67446198,8.18992695,14.4231876,22.3246691,31.8457349,42.9386718,55.5566758,9.38017544,22.9146913
0.901535038,3.55971663,7.90625417,13.8746192,21.4000074,30.4193018,40.8710361,52.695359,30.9727564,31.637076
0.654318029,2.48211837,5.29637367,8.92955265,13.2319344,18.0700537,23.3252675,28.8924345,13.7590984,58.9473068
0.16800423,0.537706436,0.968038835,1.37700425,1.72155275,1.98357147,2.16026216,2.25764358,45.2378082,80.354753
0.124611056,0.384203344,0.666328258,0.913083041,1.09970165,1.2206241,1.28061944,1.28928389,27.704781,84.7053328
0.998066428,3.99129998,8.97825257,15.9574768,24.9275261,35.8869544,48.8343164,63.7681676,73.415798,6.38308696
0.993163338,3.96924819,8.9231534,15.8497865,24.7440639,35.6009105,48.4152601,63.1820551,56.3012517,14.2536482
0.211268111,0.695822045,1.28909506,1.88697724,2.42767716,2.87844323,3.2259341,3.46931416,61.9418077,78.9474317
0.769984677,2.98093382,6.49150077,11.1694772,16.8913022,23.5415951,31.0127105,39.2043158,73.0667654,39.678117
0.739942198,2.85041117,6.17646171,10.5746731,15.9124372,22.0672857,28.9262558,36.38529,59.0532685,43.4955634
0.688635704,2.62904621,5.64585122,9.5797813,14.2864496,19.6352076,25.5080798,31.7987724,30.1695494,53.7166031
0.714250121,2.73931266,5.90956362,10.0731239,15.0909122,20.8357566,27.1915613,34.0525257,44.6052801,48.5094479
0.987326271,3.94301356,8.85764714,15.7218423,24.5262442,35.2615279,47.9183982,62.4875897,39.5694533,18.9467611
0.881691925,3.47169419,7.68933157,13.4564552,20.6973767,29.3388038,39.3097779,50.5416123,48.5942269,37.334366
0.51574938,1.89912497,3.9336064,6.43758853,9.25972481,12.2748279,15.3802654,18.4927953,14.2104837,59.2207742
0.485994108,1.77631454,3.65200417,5.93249818,8.47006055,11.1449438,13.8611843,16.5429557,26.1338682,61.1308318
0.375877248,1.33041393,2.64880543,4.16685402,5.76114846,7.34095081,8.84151419,10.2185976,71.1650305,76.8928009
0.407417007,1.45664606,2.92948617,4.65504431,6.50127804,8.36789315,10.1803943,11.885115,60.4881831,72.4385122
0.434321305,1.56529975,3.17326562,5.08288509,7.15577554,9.28422364,11.3858528,13.3991068,49.3202084,68.1027044
0.459616785,1.66822781,3.40594288,5.49432466,7.78993493,10.1787819,12.5715513,14.8995191,37.9401792,64.2581952
0.0412685571,0.110823455,0.167404302,0.199800467,0.209589217,0.202620712,0.185152605,0.162355174,3.40200003,96.3168737
0.0845930422,0.248491459,0.410592313,0.536049775,0.615094685,0.650461052,0.650177157,0.623637801,13.6777805,90.3787919
0.935894776,3.71270457,8.2846905,14.6068692,22.6350023,32.3255865,43.635843,56.5237078,4.18232573,20.7234438
0.920210037,3.64277903,8.11150082,14.2713337,22.0683802,31.4498675,42.3641279,54.7605794,14.7017218,25.1594249
0.895496657,3.53290497,7.84011568,13.7470002,21.1853655,30.0889096,40.3931782,52.035522,36.4614067,33.5958969
0.907568512,3.58652893,7.97244963,14.002455,21.615194,30.7508099,41.3509094,53.3585337,25.5155939,29.5593125
0.665011814,2.52780182,5.4047948,9.13083202,13.5576385,18.5524048,23.9964756,29.7841373,18.3428076,57.6338266
0.157233043,0.499081864,0.891091466,1.25709395,1.55867561,1.78109141,1.92374615,1.99388284,40.8274731,81.1764054
0.135638493,0.422659677,0.740834509,1.02599808,1.24886197,1.400957,1.4854781,1.51146473,32.0487591,83.3563583
0.178892426,0.577066599,1.04708623,1.50118397,1.89159404,2.196668,2.41119313,2.53974366,49.6466961,79.7177202
0.113262466,0.345069645,0.591357388,0.800733967,0.952947619,1.04518285,1.08354413,1.07793172,23.4058531,86.2218497
0.999125803,3.99606633,8.99016636,15.9807708,24.9672248,35.9488734,48.9250622,63.8951365,77.5102862,3.74671127
0.996941404,3.98623895,8.96560396,15.9327495,24.8853904,35.8212432,48.7380263,63.6334597,69.2257189,8.67290317
0.994492929,3.97522673,8.93808816,15.8789697,24.7937694,35.6783912,48.5287444,63.3407441,60.6528565,12.5846102
0.991753352,3.96290926,8.90732104,15.8188548,24.6913891,35.5188156,48.2950383,63.0139738,51.9121303,15.7438869
0.200426742,0.655782942,1.20694392,1.75512892,2.24322847,2.64228986,2.94183625,3.14301785,58.0116782,79.0280456
0.779315995,3.02160562,6.58998608,11.3560205,17.199285,24.0069553,31.6734129,40.0998691,76.252709,39.1519657
0.761643579,2.94463012,6.40371863,11.0034453,16.6175765,23.1285897,30.4271801,38.4117923,69.6789244,40.4283081
0.746789376,2.88010213,6.2479878,10.709456,16.1338199,22.4000745,29.3963094,37.0191523,62.635032,42.3728882
0.733323264,2.82174255,6.10747697,10.4448268,15.6994054,21.7474143,28.4749612,35.7774157,55.4466522,44.6888263
0.707958579,2.71218195,5.84456672,9.9513219,14.8919573,20.538336,26.7737877,33.4922782,40.9881551,49.8224655
0.681878432,2.6000417,5.57668612,9.45076673,14.0766865,19.3230777,25.0716692,31.2162343,26.5858003,54.960247
0.695196832,2.65724286,5.71317122,9.70550608,14.4911111,19.9401146,25.9349074,32.3692077,33.766108,52.437947
0.720533124,2.76643637,5.97461532,10.1951628,15.2904735,21.1344121,27.6115314,34.6163387,48.2174512,47.2099935
0.988835029,3.9497928,8.87456986,15.754886,24.5824844,35.3491312,48.0466159,62.666751,43.5379572,18.0735555
0.885574844,3.48889919,7.73168405,13.5380069,20.8342521,29.549053,39.6132345,50.9597581,45.2789011,36.4049064
0.877680598,3.45393016,7.64562744,13.3723479,20.5562909,29.1222087,38.997337,50.1113275,51.9088645,38.1842059
0.524023612,1.93343557,4.01264815,6.58002298,9.48344857,12.5964348,15.814668,19.0529764,11.3542859,59.0178509
0.507889371,1.86659568,3.85881462,6.30307578,9.04885637,11.9722927,14.9724216,17.9678901,17.1351812,59.5440834
0.493074574,1.80545503,3.71863258,6.05166417,8.65583404,11.4099959,14.2165149,16.9977374,23.109832,60.5086077
0.479067137,1.74785708,3.58705458,5.81654384,8.28961916,10.8879626,13.5172936,16.1036079,29.1703658,61.8351247
0.366533829,1.29326735,2.56675898,4.02510135,5.5476762,7.04673362,8.46049342,9.74751346,73.6675158,77.9515923
0.384479567,1.36471641,2.72479661,4.29853751,5.96005002,7.61590565,9.19865418,10.6614763,68.5754647,75.7981848
0.400145897,1.42743275,2.86427999,4.54119592,6.32801588,8.12657127,9.86457147,11.4905129,63.2216833,73.5596311
0.427832889,1.53901705,3.11411911,4.97876884,6.99602351,9.05989205,11.0898551,13.0262389,52.137368,69.1522878
0.453338525,1.64261372,3.34788702,5.3913943,7.63086815,9.95380825,12.2725745,14.5201934,40.7962921,65.1565125
0.465908659,1.69394136,3.46432388,5.59800856,7.95044033,10.4061785,12.8742651,15.2842433,35.0802507,63.409565
0.440712361,1.59123612,3.23174101,5.18601092,7.31430147,9.50724647,11.6806695,13.7711762,46.4908851,67.0842521
0.414446467,1.48495054,2.99280252,4.76583596,6.67025859,8.60376854,10.4897673,12.2725074,57.7155133,71.3218057
0.0247564727,0.0623677179,0.0883798921,0.0989559781,0.0973807595,0.0883174956,0.0757096817,0.0622796854,1.23501325,98.0930411
0.0542823424,0.150851938,0.235811909,0.291256436,0.316175256,0.316317117,0.299122165,0.271434353,5.82731314,94.683547
0.0932066013,0.277132524,0.463501186,0.612504321,0.711393703,0.761470955,0.770420368,0.747984303,16.3989256,89.1061755
0.0754335325,0.218433876,0.355793547,0.457900477,0.517948617,0.539939034,0.53202723,0.503052498,11.0064611,91.7244873
0.941457475,3.73753947,8.34628854,14.7263784,22.8371062,32.6383843,44.090733,57.1552727,1.77425101,19.7240844
0.93135109,3.69243277,8.23444424,14.5094498,22.4703662,32.0709496,43.265784,56.0102679,6.74162061,21.7988902
0.923659057,3.65814273,8.1495218,14.3449342,22.1925674,31.6416412,42.6423905,55.1460485,12.0275256,24.0342814
0.916907122,3.6280729,8.07512385,14.2009479,21.9496716,31.2666382,42.098385,54.3926224,17.3975244,26.2828153
0.90454393,3.57308512,7.93925203,13.9383309,21.5072312,30.584452,41.1100487,53.0256002,28.24103,30.6116862
0.898517222,3.54631409,7.87318609,13.8107986,21.2926452,30.2540075,40.6319149,52.3651058,33.7190896,32.635159
0.892448723,3.51938009,7.80677388,13.6827056,21.0772971,29.9226683,40.1528898,51.7039366,39.2096101,34.5196087
0.910618217,3.60009007,8.00595098,14.0671929,21.7242359,30.9189006,41.5943809,53.6952168,22.8036477,28.4861753
0.670023289,2.54924236,5.45575529,9.22557817,13.7111808,18.7801296,24.3138315,30.2063697,20.672998,56.9117011
0.659790325,2.50548425,5.35180077,9.03239983,13.3982761,18.3162751,23.6677231,29.3471625,16.0356082,58.3148845
0.141075172,0.44176561,0.778136427,1.08296531,1.32469499,1.49334348,1.59123606,1.62704599,34.2346945,82.7456632
0.107406818,0.325065459,0.553391297,0.744369859,0.880010364,0.958802727,0.987419777,0.975808725,21.2736133,87.0435043
0.162612491,0.518332131,0.92936195,1.31660833,1.63934689,1.88116804,2.04040044,2.12370183,43.032908,80.7426075
0.184411395,0.597133195,1.08762004,1.56522993,1.97980146,2.30785012,2.54287287,2.68863602,51.8454077,79.4698139
0.118988351,0.36475604,0.628960056,0.856916676,1.02611651,1.13239312,1.18121474,1.18236294,25.5496979,85.4425731
0.130151747,0.403474641,0.703566273,0.969368126,1.17385651,1.31003758,1.38192217,1.39885831,29.8701605,84.0102209
0.173438849,0.557313641,1.00733863,1.43862055,1.80575815,2.08888906,2.28403235,2.39651109,47.447959,80.012215
0.151886886,0.480032128,0.853380781,1.19869962,1.4798593,1.68373195,1.81074197,1.86866089,38.6366036,81.6525961
0.99962037,3.9982917,8.99572936,15.9916487,24.9857652,35.9777943,48.9674513,63.9544519,79.4721041,2.18135141
0.998606783,3.99373107,8.98432904,15.9693572,24.9477726,35.9185323,48.8805941,63.8329159,75.486031,5.11749073
0.997512262,3.98880692,8.97202166,15.9452953,24.9067679,35.8545805,48.7868755,63.7017964,71.3317,7.56057605
0.996353348,3.98359381,8.95899388,15.9198285,24.8633753,35.786914,48.6877273,63.5631,67.0992059,9.72905892
0.995130106,3.97809216,8.94524709,15.8929603,24.8176015,35.715545,48.5831696,63.4168581,62.8131241,11.681291
0.991015005,3.95959029,8.89903259,15.8026637,24.6638207,35.4758553,48.2321346,62.9260405,49.7042474,16.422768
0.993838187,3.97228254,8.93073307,15.8645969,24.7692883,35.6402286,48.472846,63.2625762,58.4837881,13.4410603
0.992467992,3.96612195,8.91534484,15.8345302,24.7180822,35.5604156,48.3559557,63.0991384,54.1080898,15.0219567
0.205785477,0.675540754,1.24741486,1.81997418,2.33379171,2.75804549,3.08085916,3.30242208,59.9830446,78.9675904
0.195156784,0.636416749,1.16740642,1.69198888,2.15533851,2.53032285,2.80780842,2.98984947,56.024031,79.1290571
0.784499837,3.04422646,6.64482552,11.4600144,17.371179,24.2669891,32.0430303,40.6014536,77.7094895,39.0015504
0.774504889,3.00062812,6.5391713,11.259736,17.0402615,23.7665841,31.3320179,39.6369547,74.6959084,39.3817372
0.757737233,2.92764522,6.36269043,10.925922,16.4898973,22.9361368,30.1546074,38.0432316,67.9401131,40.867539
0.765719516,2.962364,6.44658413,11.0844932,16.7511483,23.3300564,30.712706,38.7981209,71.3928484,40.029161
0.736609347,2.83597155,6.14170625,10.5092365,15.805049,21.9059954,28.6986339,36.0786079,57.2524799,44.0845326
0.730069326,2.80766059,6.07362028,10.3811537,15.5950281,21.5908215,28.2542158,35.4803311,53.6334083,45.3075109
0.750337904,2.89550279,6.28512062,10.7794897,16.2489513,22.5732941,29.6411897,37.3496585,64.4175712,41.8431478
0.743324232,2.86507219,6.21177009,10.6411884,16.0216576,22.231421,29.158024,36.6977358,60.8439811,42.9254121
0.704797841,2.69856341,5.81196802,9.89028394,14.7923392,20.3895396,26.5649541,33.2124592,39.1799234,50.4800197
0.68528554,2.6146617,5.61153879,9.51575799,14.1823226,19.4802174,25.2913099,31.5093296,28.3758127,54.3436123
0.678399903,2.58512466,5.54114776,9.38453863,13.969108,19.1631495,24.8482719,30.9183142,24.7973566,55.5656988
0.71110396,2.72574187,5.87704317,10.0121648,14.9913124,20.6868223,26.9823021,33.7718251,42.7947005,49.1658706
0.698423488,2.67112174,5.74633651,9.76749916,14.5921157,20.090725,26.145927,32.651474,35.5688988,51.7890529
0.691940248,2.64324341,5.67973732,9.64304731,14.389407,19.7885496,25.7226742,32.0854833,31.9682457,53.0802297
0.717391025,2.75286822,5.94206548,10.1340816,15.1905646,20.9848516,27.4011616,34.3338385,46.4128424,47.8570593
0.723691227,2.78008108,6.00736672,10.2566558,15.391111,21.2851456,27.8236671,34.9013661,50.0238187,46.567923
0.989554526,3.95302615,8.88264226,15.7706506,24.6093194,35.390937,48.1078122,62.7522738,45.5157767,17.5831422
0.988093381,3.94646023,8.8662505,15.7386406,24.5548335,35.3060584,47.9835707,62.5786522,41.5572227,18.527868
0.883647528,3.48035818,7.71065627,13.4975113,20.7662754,29.4446221,39.4624866,50.7520074,46.9365117,36.8791108
0.875617102,3.44479598,7.62316471,13.3291377,20.4838394,29.011029,38.8370283,49.8906503,53.5645155,38.5766067
0.887479263,3.49734102,7.75247326,13.5780538,20.901494,29.6523828,39.7624334,51.1654296,43.6199367,35.912142
0.87970626,3.46289947,7.66769117,13.4148029,20.627497,29.231509,39.1549816,50.3284005,50.250162,37.7693136
0.528351688,1.95140978,4.05411798,6.65486491,9.60118101,12.7659323,16.0439575,19.3491007,9.96139508,58.9652887
0.504081162,1.85085765,3.82268132,6.23818322,8.94727345,11.8267594,14.7765109,17.7161093,18.6180254,59.7476499
0.511777094,1.88267754,3.89577229,6.36951175,9.15295389,12.12157,15.1735625,18.2266375,15.6645668,59.367961
0.475648088,1.73382981,3.55508267,5.7595413,8.20103456,10.7619719,13.3489207,15.8887878,30.6914958,62.2157347
0.519822734,1.91600734,3.97247887,6.5076019,9.36964016,12.4327532,15.5934711,18.7675942,12.7739791,59.1036614
0.489509173,1.79077462,3.68505142,5.9915768,8.56211902,11.2762282,14.0371047,16.7680106,24.6212312,60.8092538
0.482510595,1.76199715,3.61931245,5.87410773,8.37915626,11.015422,13.6877818,16.3213217,27.6525017,61.4735549
0.496680302,1.82031499,3.75265535,6.11259709,8.75095425,11.5458928,14.3989465,17.2315454,21.6075113,60.2312586
0.410957117,1.47089293,2.96133911,4.71075132,6.58619778,8.48636727,10.3357017,12.0794851,59.106872,71.8793698
0.371305477,1.31222337,2.60859528,4.09732673,5.65636,7.19641092,8.65418058,9.98679802,72.4311742,77.4287233
0.0139765961,0.0327820858,0.0432508132,0.045086542,0.0413087573,0.0348802669,0.0278386747,0.0213210028,0.394956257,99.0417669
0.361523195,1.27339511,2.52297367,3.94963726,5.43430812,6.89086547,8.25913132,9.49916183,74.8692632,78.4587058
0.396380454,1.41233022,2.83062799,4.4825413,6.23890473,8.00266938,9.70269731,11.2886084,64.5784043,74.1223339
0.403818056,1.44217825,2.89717465,4.59859716,6.41532422,8.24810762,10.0235397,11.6890233,61.859239,72.9985671
0.388557486,1.38101114,2.76096951,4.36135054,6.05512245,7.74760253,9.37006971,10.8744832,67.2578205,75.2432993
0.380268198,1.3479111,2.6875405,4.23393066,5.8623942,7.48081235,9.02305471,10.4435641,69.8762197,76.3475457
0.469070149,1.70687812,3.49373334,5.65030578,8.03150071,10.5211671,13.0275342,15.479283,33.6486267,63.0051427
0.450195316,1.62980665,3.31889662,5.34006225,7.55164329,9.84190301,12.1240518,14.3319999,42.2226882,65.6229711
0.456477175,1.6554133,3.37688556,5.44278525,7.71025264,10.0660361,12.4216545,14.7092566,39.3690421,64.7015018
0.437525909,1.57829885,3.20255966,5.13452384,7.2351189,9.39579725,11.5332761,13.5850754,47.9074299,67.5894781
0.424547102,1.52572621,3.08425204,4.92626838,6.9155835,8.94709517,10.9412356,12.8392898,53.5383781,69.6864102
0.417855409,1.4986985,3.02360493,4.81981947,6.7527248,8.71906262,10.6412251,12.46246,56.3293972,70.7724276
0.431096951,1.55223264,3.14384552,5.03107209,7.07623806,9.17248048,11.238342,13.2132,50.7279911,68.6229795
0.443895808,1.60417286,3.26094755,5.23758902,7.39369573,9.61909462,11.8287242,13.9582808,45.0656654,66.5858283
0.462765192,1.68108922,3.43513149,5.54614123,7.87011424,10.2923279,12.7226412,15.0914601,36.5079032,63.8265819
0.0335854783,0.0878982992,0.129399302,0.150514503,0.153874734,0.14497688,0.129110413,0.110335205,2.26362129,97.1888309
0.0480512135,0.131515638,0.202475723,0.24629947,0.263327702,0.259460999,0.241645499,0.215961159,4.58975414,95.4880377
0.0600593036,0.169029622,0.267588765,0.334709381,0.367968334,0.372816801,0.357035657,0.328108908,7.09575474,93.9058436
0.944963532,3.75320184,8.38515935,14.8018389,22.9647955,32.8361291,44.3784792,57.5550175,0.740650104,19.297095
0.0705769228,0.202677505,0.327394145,0.417860406,0.468742236,0.484595547,0.473539094,0.444040489,9.69036141,92.4273939
0.0889605986,0.262970723,0.437259879,0.574469287,0.66334056,0.705909063,0.710055096,0.68537089,15.0334809,89.7331445
0.0973466053,0.291018705,0.489376966,0.65022116,0.759313683,0.81719146,0.831299463,0.811486867,17.7730335,88.4976951
0.0800752886,0.233612361,0.383367815,0.497084747,0.566484169,0.594959747,0.590634045,0.562651764,12.3302223,91.0448464
0.938511404,3.72438432,8.31365412,14.6630518,22.729995,32.4725786,43.8495661,56.8203806,2.94098226,20.2065175
0.93354162,3.70220435,8.25866055,14.5563939,22.5496879,32.1936145,43.4440224,56.2575265,5.4479164,21.253941
0.929283159,3.68321072,8.21159634,14.4651711,22.3955694,31.9553154,43.0978094,55.7773143,8.05621356,22.3543908
0.925460564,3.66617041,8.16939521,14.3834186,22.2575258,31.7419875,42.7880442,55.34789,10.6980843,23.4724274
0.921910446,3.65035262,8.13024119,14.3076067,22.129577,31.5443583,42.5012172,54.9504627,13.363493,24.5974295
0.918548162,3.63537876,8.09319351,14.2359069,22.0086248,31.3576235,42.2303287,54.5752956,16.0433193,25.7201334
0.91529263,3.62088684,8.05735439,14.1665773,21.8917236,31.1772241,41.9687485,54.2131833,18.7553539,26.8431563
0.900029178,3.5530282,7.88975006,13.8427633,21.3464122,30.3367783,40.7516418,52.5304448,32.3431693,32.1394191
0.90605333,3.57979348,7.95581564,13.9703216,21.5610869,30.6674286,41.2301735,53.1916272,26.8774287,30.0886279
0.903038265,3.56639477,7.9227363,13.9064393,21.4535536,30.5017671,40.990371,52.8602256,29.6063445,31.1280494
0.890908361,3.51254709,7.78993444,13.6502437,21.0227517,29.8387882,40.0316868,51.5367365,40.5875518,34.9670302
0.909088511,3.59328721,7.98914348,14.0347107,21.6695186,30.8345437,41.4721811,53.5262159,24.1584019,29.0253004
0.897009793,3.5396215,7.85667865,13.7789496,21.2390841,30.1715711,40.5126967,52.2005039,35.0892522,33.1198542
0.893974314,3.52614902,7.82345898,13.7148769,21.1313659,30.0058333,40.2730852,51.8697823,37.837165,34.0633978
0.912154666,3.60692437,8.0228397,14.0998388,21.7792407,31.0037187,41.7172745,53.865213,21.456266,27.9443744
0.662428985,2.5167596,5.37856806,9.08210582,13.4787308,18.435457,23.8336141,29.5676094,17.1856066,57.9800227
0.667538701,2.53861006,5.43047816,9.17857161,13.6349856,18.6670947,24.1562695,29.9966888,19.5040893,57.2778831
0.672457776,2.55966505,5.48054546,9.2717003,13.7859766,18.8911396,24.4686419,30.4124835,21.8433461,56.5377952
0.657093434,2.49396589,5.32447042,8.98167389,13.316212,18.1947705,23.4986846,29.1226464,14.8950161,58.63712
0.14918302,0.470429243,0.834433541,1.16945671,1.44051936,1.63529654,1.75470866,1.80677403,37.5309229,81.9100276
0.170719073,0.547491385,0.987631796,1.40769248,1.76344969,2.03592052,2.22172169,2.32653079,46.3438387,80.1775301
0.159921934,0.5086939,0.910180554,1.28674808,1.59882916,1.83085123,1.98168736,2.05829462,41.9301368,80.9537966
0.165305931,0.52800068,0.948643541,1.34668673,1.6802452,1.93206267,2.09991078,2.19013452,44.1354704,80.5429185
0.181643561,0.587060012,1.06725333,1.53301884,1.9353968,2.25182695,2.47645872,2.61346981,50.7464756,79.5878654
0.187196326,0.607287688,1.10818983,1.59782348,2.02481798,2.36475224,2.61045608,2.76526941,52.942629,79.363687
0.116139977,0.354947765,0.610196456,0.828838414,0.989492745,1.08867393,1.13217646,1.12984985,24.4763922,85.8269262
0.104427153,0.314938033,0.534268179,0.716124384,0.843645837,0.915955426,0.939982134,0.925667834,20.2142815,87.4694735
0.110355089,0.335120815,0.572443948,0.772608509,0.916491748,1.00193627,1.03533935,1.02663404,22.3391233,86.6270135
0.143783685,0.451318671,0.7968554,1.11165671,1.36302688,1.5402124,1.6450833,1.68610839,35.3318084,82.456177
0.132909728,0.413105861,0.72225153,0.997724278,1.21136539,1.35544609,1.43357502,1.45495284,30.9614029,83.6770373
0.121807841,0.374493808,0.647644327,0.884959599,1.06280326,1.17631808,1.23063074,1.23543829,26.6246048,85.0691376
0.127386575,0.393843886,0.684931411,0.941163366,1.13664671,1.26511046,1.33095228,1.3436521,28.7847283,84.3529848
0.176161591,0.56716591,1.02714449,1.46976505,1.84844633,2.1424379,2.34714935,2.46753613,48.5485121,79.8590149
0.138347818,0.432169234,0.759377813,1.0542823,1.2864665,1.44671343,1.53779212,1.56856697,33.1351199,83.0472
0.154557862,0.489539208,0.872180529,1.22777913,1.51906606,1.73211029,1.86683317,1.93074888,39.7306636,81.4091662
0.999847182,3.99931232,8.99828083,15.9966381,24.9942695,35.9910606,48.9868966,63.981663,80.3826452,1.24721959
0.999378229,3.99720214,8.99300562,15.9863226,24.9766872,35.9636335,48.9466956,63.9254078,78.5075596,2.99457446
0.998338721,3.99252502,8.9813145,15.9634633,24.9377279,35.9028656,48.8576341,63.8007914,74.454297,5.7620376
0.998869433,3.99491281,8.98728292,15.9751328,24.9576157,35.9338852,48.903095,63.8643991,76.5060025,4.44745313
0.996649401,3.98492546,8.96232156,15.9263332,24.8744578,35.8041953,48.7130472,63.5985176,68.1643716,9.2079027
0.997791568,3.99006343,8.975162,15.9514346,24.9172295,35.8708959,48.8107838,63.7352442,72.3771926,6.98042052
0.997229157,3.98753337,8.96883882,15.9390731,24.8961654,35.8380461,48.7626472,63.667902,70.2821232,8.12379911
0.996053258,3.98224405,8.95562108,15.913236,24.8521433,35.7694005,48.6620679,63.5272089,66.0306553,10.2368408
0.993503498,3.97077763,8.9269738,15.8572513,24.7567773,35.6207268,48.4442828,63.2226361,57.3946689,13.8526204
0.994167924,3.97376524,8.93443705,15.8718348,24.7816164,35.6594458,48.5009938,63.3019371,59.5697729,13.0184602
0.991387247,3.96126353,8.90321106,15.810826,24.6777182,35.4975115,48.2638434,62.9703654,50.8096814,16.0887146
0.990637123,3.95789177,8.8947912,15.794379,24.6497152,35.4538762,48.1999544,62.8810589,48.5979231,16.7454185
0.994813222,3.97666708,8.94168663,15.886002,24.8057482,35.6970656,48.5560992,63.3789993,61.7326378,12.1395219
0.995441434,3.9794923,8.94874538,15.8997973,24.8292487,35.733704,48.6097714,63.4540632,63.8865459,11.2129801
0.992819064,3.96770032,8.91928712,15.8422324,24.7311989,35.5808588,48.3858939,63.1409957,55.2083784,14.6424723
0.992113602,3.96452874,8.91136566,15.8267562,24.7048439,35.5397838,48.3257426,63.0568986,53.0118096,15.3882308
0.197777766,0.646040349,1.18703724,1.72331235,2.1989037,2.58577592,2.8741316,3.06558051,57.0182749,79.0735446
0.208510152,0.685611505,1.2680942,1.85318975,2.38029517,2.81763159,3.15259867,3.3848816,60.9642274,78.9524705
0.19257088,0.626937766,1.1481028,1.66123884,2.1126421,2.47606618,2.7430243,2.91599903,55.0327469,79.1942617
0.203078935,0.66555351,1.22694079,1.78714252,2.28790151,2.69934209,3.01029887,3.22145166,58.9940102,78.9929319
0.772212028,2.99063646,6.51498188,11.2139278,16.964648,23.6523564,31.1698752,39.4172233,73.8888961,39.522306
0.781860849,3.03270831,6.61689652,11.4070409,17.2836001,24.1344766,31.854636,40.3457436,76.997512,39.0657264
0.7872506,3.05623761,6.67396246,11.5153027,17.4626242,24.405411,32.2399107,40.8687965,78.3837664,38.9613401
0.776869894,3.01093805,6.56414059,11.3070388,17.1183715,23.8846276,31.49964,39.864197,75.4848841,39.2577962
0.76365596,2.95338425,6.42487513,11.0434402,16.6834793,23.2279743,30.5680078,38.6023058,70.5384939,40.2235625
0.755834695,2.9193769,6.34272729,10.8882194,16.4278317,22.8426291,30.0222351,37.8643293,67.0616253,41.100895
0.759668348,2.9360404,6.38296626,10.9642272,16.5529749,23.0311992,30.2892232,38.2252235,68.8109456,40.6435988
0.748554118,2.88776,6.26644907,10.7442694,16.1910426,22.4861554,29.5179836,37.1833472,63.5284174,42.1047015
0.731694373,2.81469227,6.09052392,10.4129394,15.6471261,21.668971,28.364366,35.6285534,54.5417978,44.9961846
0.767836936,2.97158129,6.46887499,11.126661,16.8206784,23.434982,30.8614857,38.9995277,72.2397737,39.8462756
0.738269499,2.84316316,6.15901366,10.5418178,15.8585106,21.9862801,28.8119201,36.2312202,58.1536556,43.7879676
0.752139422,2.90332489,6.30398904,10.815092,16.3075056,22.6614306,29.7658436,37.5179745,65.3006266,41.5890598
0.728457831,2.80068948,6.05686689,10.3496593,15.5434218,21.5134309,28.1451656,35.3336298,52.727544,45.6205214
0.734958386,2.82882176,6.12450433,10.476863,15.751943,21.8262673,28.5861647,35.9271386,56.3486812,44.3853836
0.741625955,2.85770916,6.19403507,10.6077738,15.9667818,22.1489426,29.0415433,36.5406863,59.9497138,43.2080717
0.680146006,2.59261132,5.55898112,9.417767,14.0230743,19.2433641,24.9603026,31.0676933,25.6899416,55.2649608
0.712676935,2.73252588,5.89329782,10.0426297,15.0410815,20.7612331,27.0868381,33.9120305,43.6997033,48.8374771
0.696814022,2.66419791,5.72978876,9.73656336,14.541705,20.0155456,26.0405781,32.5105357,34.6672005,52.1141319
0.686967208,2.62188114,5.62875723,9.54788088,14.2345591,19.5579581,25.400022,31.6544657,29.2722474,54.0313011
0.683588241,2.60737741,5.59417102,9.4833665,14.1296656,19.4018749,25.1817902,31.3631603,27.4795679,54.6535863
0.722111521,2.77325497,5.99097976,10.225884,15.3407439,21.2096961,27.7174683,34.758657,49.1214309,46.8878843
0.745032493,2.87248062,6.22961959,10.6748284,16.0769192,22.3145033,29.275391,36.8560256,61.7328064,42.6488485
0.67663794,2.57757244,5.52316403,9.35104093,13.9147218,19.0823371,24.7354426,30.7679189,23.9076288,55.8624143
0.703207017,2.69171198,5.79557465,9.85960184,14.742285,20.3148067,26.4601117,33.0720386,38.2736222,50.8093189
0.706384643,2.70539944,5.82832915,9.92091434,14.8423231,20.4641886,26.6697083,33.3528012,40.0866086,50.1503451
0.715816227,2.74607076,5.92576513,10.1035059,15.1405732,20.9100467,27.2959852,34.1926578,45.5067853,48.1836255
0.690299588,2.63619363,5.66290827,9.61162242,14.3382593,19.7123601,25.6160348,31.9429852,31.0717792,53.3982608
0.718957098,2.75962988,5.9582844,10.164513,15.2403335,21.0593439,27.5059271,34.4745061,47.3129745,47.5336895
0.693568833,2.65024337,5.69645237,9.67426857,14.4402384,19.8642901,25.8287165,32.2272253,32.8644101,52.7607652
0.700031676,2.67804207,5.76288064,9.7984371,14.6425443,20.165953,26.2513741,32.7925845,36.4743528,51.4617336
0.709523039,2.71892549,5.86071547,9.98157153,14.9413473,20.6121392,26.8774127,33.6311847,41.8860323,49.4960058
0.72526367,2.78687766,6.02368723,10.2873112,15.4413012,21.3603506,27.9295505,35.04369,50.9192504,46.2521657
0.989197823,3.95142313,8.87864005,15.7628345,24.5960143,35.3702087,48.077469,62.7098676,44.5282637,17.8325991
0.989905648,3.95460416,8.8865822,15.7783455,24.6224187,35.4113456,48.1376887,62.7940296,46.5013336,17.3250257
0.988467577,3.94814163,8.87044781,15.7468366,24.5687834,35.3277881,48.0153755,62.6230949,42.5492951,18.3049244
0.987714453,3.94475764,8.8620005,15.7303422,24.5407099,35.284059,47.9513728,62.5336625,40.5676392,18.7410473
0.952107545,3.78513827,8.46447483,14.9559237,23.2257111,33.2404781,44.9672773,58.3735676,0.0236718041,18.9474318
0.874566581,3.44014683,7.61173407,13.3071542,20.4469872,28.9544905,38.7555243,49.7784788,54.3935073,38.7645986
0.878696201,3.45842677,7.65668791,13.3936289,20.5919812,29.1769887,39.076341,50.2201064,51.0812438,37.9798527
0.882674617,3.47604755,7.70004577,13.4770817,20.7319888,29.3919593,39.3864824,50.647285,47.7644157,37.1089023
0.88652708,3.49311995,7.74207755,13.5580269,20.867865,29.600702,39.687806,51.0625485,44.4518674,36.1614738
0.888419511,3.50150975,7.7627414,13.5978377,20.9347192,29.7034499,39.8361843,51.2671161,42.7938678,35.6602404
0.884616921,3.48465381,7.7212313,13.5178755,20.8004568,29.4971305,39.5382783,50.8564514,46.1055957,36.6437243
0.876657122,3.44939935,7.63448447,13.3509113,20.5203449,29.0670441,38.9177899,50.0018167,52.7344837,38.3826612
0.880711107,3.46734973,7.67864078,13.4358767,20.6628498,29.2857867,39.2332837,50.436244,49.4157475,37.5526784
0.52617011,1.94234753,4.03320435,6.61711179,9.54177716,12.6803877,15.9282068,19.1995721,10.6543692,58.9873302
0.509824024,1.8745966,3.87719711,6.33611265,9.10060895,12.0464888,15.0723718,18.0964351,16.3976965,59.45245
0.505973626,1.85867671,3.84062902,6.27040824,8.99770661,11.8989956,14.8737292,17.8410228,17.8761031,59.6426388
0.521911464,1.92467069,3.99244144,6.54358326,9.4261699,12.5140348,15.7032861,18.9092386,12.0600017,59.0566255
0.473945211,1.72684814,3.53918027,5.73120805,8.15703297,10.6994321,13.2653992,15.7822978,31.4535815,62.4130535
0.491282669,1.79807526,3.70174769,6.02144492,8.60869209,11.3426909,14.1262246,16.8820986,23.8663852,60.6564561
0.484251351,1.76915012,3.63564157,5.90326649,8.42454142,11.0800729,13.7743163,16.4319006,26.8913429,61.2993451
0.513753714,1.89085984,3.91458951,6.40336227,9.20603179,12.1977389,15.2762686,18.3588533,14.9346641,59.2906091
0.502205503,1.84311164,3.8049096,6.20628907,8.89738144,11.7553316,14.6804256,17.5927092,19.3627855,59.8592377
0.498502726,1.82783072,3.76987484,6.14345734,8.79916203,11.6148137,14.491531,17.3502848,20.8590871,60.1014281
0.487749147,1.78353269,3.66849691,5.96197561,8.515983,11.2104189,13.9489008,16.6551461,25.3759832,60.9671837
0.517767756,1.90748823,3.95285844,6.47225485,9.31413462,12.352984,15.4857532,18.6287237,13.4915488,59.1585102
0.477348014,1.7408025,3.57097171,5.7878634,8.24503852,10.824543,13.4325214,15.9954265,29.9336029,62.0238619
0.48079231,1.75493968,3.60320856,5.84536403,8.33443719,10.9517484,13.6025937,16.212512,28.4079932,61.6511953
0.530585447,1.96069365,4.07555423,6.69358167,9.66213295,12.853752,16.1628489,19.5027667,9.27160874,58.9518648
0.494859232,1.81280828,3.73546443,6.08180215,8.70287054,11.4771808,14.306685,17.1132745,22.3627969,60.3679493
0.0075198767,0.0163228899,0.0199299362,0.0192269201,0.0163025706,0.0127392811,0.00940946302,0.00666922046,0.11445901,99.5234035
0.378092993,1.33924011,2.66833772,4.20066547,5.81216523,7.41140033,8.93292485,10.3318336,70.5234302,76.6212839
0.0196556807,0.0481098599,0.0662373,0.0720553291,0.0688925314,0.0607044664,0.050559205,0.0404082593,0.779934769,98.5640112
0.412704854,1.47793221,2.97709011,4.73832014,6.62825753,8.54509338,10.4127475,12.1759871,58.4135597,71.6007994
0.390558697,1.38901551,2.77875592,4.3922663,6.10196172,7.8125491,9.4546864,10.9797338,66.5909666,74.9632806
0.398275168,1.41992735,2.84755123,4.51202943,6.28369147,8.06492344,9.78400649,11.3899949,63.9009544,73.8408933
0.409193381,1.463793,2.94546089,4.68297467,6.54384358,8.42726162,10.2581993,11.9824631,59.7989936,72.1588651
0.373608509,1.32138339,2.62883578,4.13231125,5.70906708,7.26908476,8.74833504,10.1032569,71.8031731,77.1629197
0.364058829,1.28344719,2.54511241,3.98777722,5.49158057,6.96957503,8.3607709,9.62446645,74.2736519,78.2075549
0.368951969,1.3028699,2.58794355,4.0616594,5.6026663,7.12243472,8.5584139,9.86843782,73.0520105,77.6913845
0.470657016,1.71337567,3.50851374,5.6766056,8.0722911,10.5790672,13.1047585,15.5776156,32.9322119,62.8081003
0.40562398,1.44943607,2.91337934,4.62689839,6.45840746,8.30813196,10.1021176,11.7872302,61.1755609,72.718694
0.442300615,1.59768893,3.24630588,5.21172635,7.35387635,9.56298574,11.7544356,13.8643773,45.780972,66.8347156
0.429470871,1.54564737,3.12902945,5.00499719,7.03623893,9.11632469,11.1642635,13.1199049,51.4321981,68.886423
0.382391904,1.35638278,2.70631516,4.2664772,5.91157279,7.54882087,9.11142459,10.5531902,69.2280422,76.0736352
0.39447025,1.40467557,2.81358687,4.45286557,6.1938601,7.9400944,9.62101799,11.1868214,65.2504045,74.4023664
0.46748781,1.70040185,3.47900756,5.62411422,7.99089538,10.4635541,12.9507252,15.3815205,34.364518,63.2056213
0.401994866,1.43485515,2.88083339,4.57007344,6.37192666,8.1876793,9.94447743,11.5902665,62.5404103,73.2785443
0.35892505,1.26310435,2.50032936,3.91066095,5.37583168,6.81057258,8.15553913,9.37156326,75.4525523,78.7042162
0.422885421,1.51900969,3.06916969,4.89977586,6.87502178,8.89025892,10.8664035,12.7452266,54.2395629,69.9565776
0.439120447,1.58477134,3.21715573,5.16027106,7.27470687,9.45150455,11.6069332,13.6780547,47.1999349,67.3359433
0.451765545,1.63620319,3.33337283,5.36568907,7.5911866,9.89774584,12.1981513,14.4258711,41.5105891,65.3886653
0.416156691,1.49184596,3.00824782,4.79289809,6.71158865,8.66153636,10.5656355,12.3676341,57.0233165,71.0466712
0.435928231,1.57181656,3.18794818,5.10876118,7.19552526,9.34010736,11.4596756,13.4922099,48.6133711,67.8447884
0.41954112,1.50550201,3.03885988,4.84657531,6.79362871,8.77629306,10.7164641,12.5568939,55.6347279,70.499522
0.432712012,1.55877636,3.15857503,5.05700683,7.11604089,9.22838694,11.3121263,13.3061681,50.0246658,68.3619713
0.386527398,1.37289654,2.74294983,4.33004961,6.00773038,7.68193205,9.28456532,10.7681973,67.9207823,75.5222452
0.461196009,1.67467765,3.4205775,5.52029899,7.83011822,10.2356754,12.6472405,14.9956523,37.2215718,64.0400175
0.445472301,1.61058364,3.27543051,5.26318277,7.43311866,9.67466969,11.9023389,14.0513741,44.3567012,66.3417228
0.426196876,1.53239786,3.09924091,4.95260957,6.95593318,9.00366186,11.0157492,12.9329981,52.8372739,69.4181552
0.464334832,1.68750537,3.44970207,5.5720239,7.9101898,10.3491172,12.798256,15.1875805,35.7946188,63.6165522
0.454917375,1.64905098,3.36246804,5.41722912,7.67076708,10.0102023,12.3474705,14.6151561,40.0785919,64.9262127
0.458034942,1.66177005,3.39129659,5.46834079,7.74975413,10.1219163,12.4959319,14.8035157,38.6601267,64.4800021
0.029347528,0.0755227783,0.109321836,0.125034779,0.125689008,0.116441082,0.101963856,0.0856794333,1.73209855,97.6365161
0.0375300692,0.099594826,0.148667732,0.175344283,0.181764496,0.173647674,0.156805023,0.13587554,2.82021238,96.7505272
0.448644251,1.62349091,3.30460947,5.31478107,7.51265021,9.78686108,12.0510466,14.2395552,42.9249553,65.8567908
0.0512252579,0.141328472,0.21932983,0.268943278,0.289845284,0.287881827,0.270267204,0.243479702,5.20292647,95.0830361
0.0447384822,0.121360231,0.185179994,0.223257828,0.236571202,0.231025291,0.213249617,0.188889279,3.98856545,95.8993496
0.057218931,0.160063459,0.251864631,0.313138974,0.342176057,0.344591513,0.328012674,0.299617369,6.45779853,94.2917404
0.0628031277,0.177741534,0.282956126,0.355913313,0.393470266,0.400887089,0.386067558,0.356775367,7.73781935,93.5271438
0.947004339,3.76232195,8.4078019,14.8458114,23.0392301,32.9514439,44.5463398,57.7882996,0.334381707,19.1253641
0.943126105,3.74499272,8.36478373,14.7622791,22.8978474,32.7324392,44.2275793,57.3453602,1.23165777,19.5003788
0.0823534292,0.241102598,0.397049469,0.51663319,0.590830002,0.622709144,0.620353209,0.593038841,13.0026209,90.7093717
0.0680711487,0.194600278,0.312929394,0.397598024,0.444001695,0.456948762,0.444509932,0.414940426,9.03986338,92.7857399
0.0867987695,0.25579247,0.424018172,0.555361973,0.639308327,0.6782457,0.68013453,0.654474778,14.3560976,90.0527805
0.0952926788,0.284120107,0.476504415,0.631432373,0.735409629,0.78935842,0.800848317,0.779680375,17.0861843,88.7990903
0.0730385074,0.210647286,0.341729422,0.438029975,0.493478054,0.512358943,0.50281924,0.47352157,10.3484341,92.0723676
0.0911034335,0.27010746,0.450464883,0.593581363,0.687451598,0.733747207,0.74025591,0.71665085,15.7168828,89.4165004
0.0777756122,0.22607829,0.369655189,0.477561943,0.542256998,0.567444104,0.561270345,0.532735233,11.6665151,91.3823344
0.937169951,3.71839602,8.29880297,14.6342416,22.681279,32.3971889,43.7399419,56.6681964,3.55452397,20.4615415
0.939930425,3.73072006,8.32936981,14.6935448,22.7815658,32.5524009,43.9656571,56.981572,2.3469683,19.9605168
0.0994038527,0.297946721,0.502338577,0.669189944,0.783510525,0.845439878,0.862286745,0.843938902,18.4708356,88.1970186
0.930305024,3.68776746,8.22288501,14.4870467,22.4325197,32.0124358,43.1807788,55.8923713,7.39580407,22.0751647
0.934694062,3.70734635,8.27140649,14.5811079,22.5914567,32.2582209,43.5379199,56.3878137,4.81130402,20.9867087
0.928288467,3.67877576,8.20061084,14.4438858,22.3596212,31.8997517,43.0171121,55.6654231,8.71843669,22.6345933
0.932435804,3.69727114,8.24643398,14.5326906,22.5096333,32.1316687,43.3540054,56.1326427,6.08771885,21.5231715
0.917724504,3.63171166,8.08412312,14.2183576,21.9790289,31.3119441,42.1640824,54.483574,16.7195527,26.0015603
0.916095313,3.62445937,8.06618793,14.1836626,21.9205275,31.2216661,42.033179,54.3023612,18.0772928,26.5638511
0.922779411,3.65422365,8.13982147,14.3261532,22.1608724,31.5926883,42.5713476,55.0476178,12.6942455,24.315547
0.924555845,3.66213865,8.15941354,14.3640881,22.2248957,31.6915782,42.7148701,55.2464819,11.3594956,23.7520958
0.921056256,3.64654786,8.12082601,14.2893821,22.0988281,31.4968778,42.4323275,54.8550377,14.0311625,24.8781214
0.899273454,3.5496721,7.88147,13.8267838,21.3195321,30.295396,40.6917796,52.4477727,33.0310046,32.3883482
0.919376367,3.63906652,8.10231604,14.2535591,22.0383975,31.4035808,42.2969856,54.6675963,15.3707754,25.4394227
0.926378142,3.67025998,8.17952122,14.403031,22.2906359,31.7931447,42.862313,55.4508279,10.0407347,23.1942877
0.914497214,3.61734704,8.04860275,14.1496522,21.863193,31.1332084,41.9049432,54.1248803,19.4327538,27.1211067
0.906810405,3.58315873,7.9641261,13.9863748,21.5881164,30.7090799,41.2904813,53.274993,26.1959819,29.8246061
0.90378998,3.56973481,7.93098105,13.9223589,21.480347,30.5430374,41.0501023,52.94276,28.9241775,30.870997
0.909852358,3.59668399,7.9975353,14.0509279,21.6968355,30.8766556,41.5331814,53.6105742,23.4803925,28.7562191
0.905299411,3.5764426,7.94754154,13.9543403,21.5341813,30.6259724,41.1701545,53.1086693,27.5577719,30.350491
0.894737611,3.52953625,7.83180971,13.7309809,21.1584354,30.0474764,40.3332803,51.9528528,37.148052,33.8304783
0.908326852,3.58990052,7.98077746,14.0185451,21.6422913,30.7925744,41.4113938,53.442161,24.8372329,29.2931853
0.890133518,3.50911047,7.78146651,13.6339225,20.9953317,29.7966286,39.9707779,51.452726,41.2772881,35.1868659
0.902285616,3.56305093,7.91448302,13.8905048,21.426738,30.4604669,40.9306027,52.7776487,30.2901865,31.383793
0.91292994,3.61037342,8.03136423,14.1163194,21.8070131,31.0465508,41.7793441,53.9510863,20.7821698,27.671342
0.896253633,3.53626487,7.84840076,13.762981,21.2122337,30.1302518,40.4529508,52.118027,35.7754544,33.3591136
0.89321299,3.5227709,7.81513163,13.6988197,21.1043779,29.9643199,40.2130842,51.7869884,38.5229355,34.2926468
0.897766837,3.5429824,7.86496796,13.7949419,21.2659773,30.2129605,40.5725503,52.2831381,34.4014471,32.877686
0.89167293,3.51593851,7.7982919,13.6663538,21.0498198,29.8804113,40.0918271,51.6196958,39.9046692,34.7466515
0.911379874,3.60347783,8.01432226,14.0833737,21.7514974,30.9609359,41.655283,53.7794569,22.1339086,28.2175374
0.900790941,3.55641147,7.89809807,13.8588756,21.3735186,30.3785134,40.8120206,52.6138391,31.6498267,31.8863121
0.673664635,2.56483369,5.49284312,9.29458787,13.8231058,18.9462644,24.5455428,30.5149037,22.4323863,56.3470505
0.663726435,2.52230584,5.39173952,9.10657388,13.5183498,18.4941686,23.915366,29.6762871,17.7630789,57.8083697
0.661116778,2.51115166,5.36525334,9.05737771,13.4387006,18.3761506,23.7510544,29.4578848,16.6095727,58.1489504
0.655719245,2.48809903,5.31055513,8.95585671,13.2744612,18.1329781,23.4127516,29.0085548,14.327714,58.7934357
0.668783113,2.54393466,5.44313533,9.20210677,13.6731304,18.7236757,24.2351299,30.1016227,20.0862507,57.0964583
0.658451206,2.49976417,5.33822661,9.00720255,13.3575068,18.2559041,23.5837236,29.2355803,15.4647915,58.4774369
0.666279426,2.53322313,5.4176758,9.15477209,13.5964213,18.609905,24.0765794,29.8906755,18.9218275,57.4573731
0.671243225,2.55446464,5.46817498,9.2486824,13.7486445,18.8357259,24.3913553,30.3095728,21.2564365,56.7261727
0.147830094,0.46563241,0.824985046,1.15489874,1.42096797,1.61126561,1.72695521,1.77617325,36.9786299,82.042915
0.999944976,3.99975239,8.99938098,15.9987895,24.9979366,35.9967812,48.9952818,63.9933973,80.7773551,0.689932064
0.131532258,0.408292405,0.712906959,0.983533964,1.19258247,1.33269249,1.40767553,1.42680785,30.4153572,83.8423325
0.150539425,0.475243873,0.843927864,1.18410191,1.46021024,1.65952639,1.78272364,1.83769824,38.0853086,81.7795174
0.169359319,0.542588054,0.977808668,1.39229894,1.74242325,2.00963546,2.19084677,2.29190723,45.7903097,80.2647725
0.158576384,0.503881388,0.900618055,1.27188527,1.57869334,1.80588497,1.95260086,2.02594282,41.3783733,81.0637593
0.108886969,0.330109399,0.562940373,0.758510956,0.898263748,0.980366254,1.01135569,1.00117456,21.8064434,86.8337439
0.166653707,0.532846162,0.958321503,1.36180705,1.70083615,1.9577257,2.12996415,2.22373514,44.6864064,80.4474383
0.10292144,0.309834002,0.524656221,0.701965118,0.82546524,0.894590977,0.916392075,0.900800151,19.6859632,87.6864232
0.139721771,0.437000649,0.76881635,1.06870562,1.30567813,1.47013302,1.56461764,1.59790195,33.6883502,82.8940587
0.172074117,0.552382592,0.997440378,1.42307852,1.78448677,2.06224504,2.25267371,2.36127532,46.8944751,80.0936341
0.180265516,0.582051925,1.05714201,1.51704997,1.9134142,2.22413204,2.44367378,2.57641729,50.1964734,79.6513455
0.123214429,0.379362374,0.657006201,0.899041289,1.08126553,1.19847105,1.25560727,1.26232276,27.1652344,84.8856236
0.117565601,0.359853138,0.619573517,0.842859823,1.00776765,1.11047283,1.15660896,1.15599373,25.0119483,85.6337009
0.188593673,0.612389872,1.11853971,1.61424619,2.04753194,2.3935035,2.64465202,2.80409886,53.4896729,79.315181
0.114701851,0.350006994,0.600766274,0.814759289,0.971170876,1.06685266,1.10775655,1.10375968,23.9395753,86.0235059
0.163954584,0.523147316,0.938959726,1.3315727,1.6596838,1.90646261,2.06996174,2.1566847,43.5825201,80.6416314
0.183029098,0.59210012,1.07743898,1.54912041,1.95758316,2.27980514,2.50961052,2.65097259,51.2975828,79.5271968
0.185797961,0.602186551,1.09785172,1.58143475,2.00217218,2.336114,2.57642633,2.72666473,52.3928147,79.4153959
0.174801709,0.562242764,1.01724275,1.45418709,1.82708402,2.11562759,2.31553319,2.43194144,47.9994865,79.9339925
0.12039909,0.369624796,0.638295109,0.870917246,1.04441913,1.15429074,1.20583168,1.20878339,26.0860309,85.2548152
0.145127286,0.456066004,0.806174122,1.12596518,1.38217687,1.56366872,1.67207965,1.71577166,35.8776989,82.316362
0.142439643,0.446575329,0.787555384,1.09739364,1.34395994,1.51688506,1.61826676,1.65667709,34.7868,82.5985654
0.111818789,0.340125444,0.581950423,0.7867338,0.934785964,1.02362061,1.05949021,1.05231362,22.8742313,86.4223055
0.177521657,0.572094473,1.0370667,1.48539029,1.86989415,2.1693815,2.37895337,2.50337691,49.0962108,79.787098
0.10592938,0.320039422,0.543892474,0.73032737,0.861915432,0.937463144,0.963773178,0.95079258,20.7460943,87.2541288
0.153223933,0.484788626,0.862781384,1.21323258,1.49944285,1.70788347,1.83872863,1.89962273,39.1840945,81.5293741
0.136989652,0.427399217,0.750070717,1.04007739,1.26756912,1.42370534,1.51147045,1.53981847,32.5897435,83.2010044
0.12875938,0.398621966,0.69417042,0.955137588,1.15507005,1.28733973,1.35615432,1.37093027,29.3224698,84.1817538
0.155902019,0.494331401,0.881672275,1.24248492,1.53892558,1.75665541,1.8953378,1.96235234,40.2816818,81.290819
0.125992839,0.388999539,0.675576973,0.927033747,1.11804376,1.24269493,1.30557354,1.31621994,28.2411821,84.5289082
0.999737404,3.99881834,8.99704589,15.9942232,24.9901533,35.9846394,48.9774846,63.9684921,79.9410862,1.73250566
0.161253882,0.513462749,0.919666215,1.30150691,1.61884503,1.85569476,2.01066118,2.09055481,42.4761811,80.8477937
0.13429074,0.417937959,0.73164447,1.01200656,1.23029458,1.37840665,1.459744,1.48342759,31.5108046,83.5136015
0.999253142,3.9966393,8.99159863,15.9835714,24.971998,35.956319,48.9359748,63.9104063,78.0123215,3.37657438
0.999500779,3.99775357,8.99438411,15.9890182,24.9812815,35.9708001,48.9571998,63.9401065,78.9947551,2.59774939
0.998473365,3.9931308,8.98282864,15.9664237,24.9427731,35.9107345,48.869166,63.8169262,74.9713593,5.44276326
0.998998375,3.99549297,8.98873313,15.9779684,24.9624485,35.9414233,48.9141429,63.8798577,77.0100322,4.10162818
0.998739103,3.99432641,8.98581714,15.9722668,24.9527313,35.9262666,48.8919292,63.8487758,75.9987544,4.78523071
0.996795955,3.98558469,8.96396895,15.9295534,24.8799446,35.8127511,48.7255834,63.6160537,68.6957167,8.94208402
0.997929495,3.99068393,8.97671284,15.9544666,24.9223962,35.8789538,48.822592,63.7517644,72.8971604,6.68414429
0.996502051,3.98426267,8.9606653,15.9230956,24.8689417,35.7955938,48.7004445,63.5808886,67.6328563,9.46987675
0.996203906,3.98292163,8.95731422,15.9165454,24.8577816,35.778192,48.6749484,63.5452253,66.5656795,9.98442956
0.997371311,3.98817285,8.97043698,15.9421974,24.901489,35.8463481,48.7748122,63.6849202,70.8078697,7.8439667
0.997086139,3.98689002,8.96723101,15.9359301,24.8908099,35.8296944,48.7504095,63.6507825,69.7557656,8.39953531
0.998204441,3.99192089,8.97980449,15.960511,24.9326968,35.8950187,48.8461345,63.7847021,73.9409689,6.07221134
0.993333984,3.97001545,8.92506991,15.8535312,24.7504415,35.6108511,48.4298188,63.2024116,56.8480835,14.0546007
0.992644629,3.96691608,8.91732829,15.8384053,24.7246814,35.5707007,48.3710177,63.1201966,54.6599012,14.8331335
0.994971803,3.97738024,8.94346838,15.8894841,24.8116798,35.706313,48.5696455,63.397944,62.2718337,11.9124781
0.993671494,3.97153301,8.92886071,15.8609383,24.7630569,35.6305151,48.4586191,63.2426824,57.9396955,13.6481859
0.997651653,3.98943399,8.97358886,15.9483591,24.9119887,35.8627226,48.7988066,63.7184879,71.8522213,7.27423716
0.99465366,3.97594952,8.93989393,15.8824986,24.7997805,35.687762,48.5424709,63.3599402,61.1931742,12.3634753
0.991571113,3.96209004,8.90527514,15.8148581,24.6845837,35.5082103,48.2795091,62.9922648,51.3614605,15.9175894
0.990826916,3.95874485,8.89692141,15.7985399,24.6567994,35.4649146,48.2161159,62.9036492,49.1515906,16.5854017
0.991934132,3.96372194,8.90935066,15.8228197,24.6981407,35.5293373,48.3104453,63.0355126,52.4621207,15.5674754
0.990444916,3.95702787,8.892634,15.7901655,24.6425417,35.4426987,48.1835898,62.8581851,48.0412921,16.9033576
0.995900959,3.98155905,8.95390944,15.9098905,24.8464436,35.7605134,48.6490477,63.5089973,65.4926208,10.4870424
0.99400393,3.97302782,8.93259485,15.868235,24.7754848,35.6498877,48.4869937,63.2823596,59.0280467,13.2308065
0.992992062,3.96847812,8.92122989,15.8460283,24.7376633,35.5909343,48.4006495,63.1616266,55.7558231,14.4491923
0.995286578,3.97879586,8.94700529,15.8963965,24.8234551,35.7246712,48.5965388,63.435556,63.3511455,11.4482167
0.992291173,3.96532703,8.91335943,15.8306513,24.7114768,35.5501211,48.3408803,63.0780617,53.5593112,15.2067757
0.994331743,3.97450189,8.93627735,15.875431,24.7877419,35.6689947,48.5149806,63.3214963,60.1141207,12.8019716
0.991200795,3.96042541,8.90111806,15.8067374,24.6707567,35.4866635,48.2479597,62.9481617,50.2540354,16.2580874
0.995596928,3.98019164,8.95049273,15.9032125,24.8350667,35.7427749,48.6230602,63.4726494,64.427108,10.9720847
0.204427159,0.670526441,1.23713117,1.80347675,2.31072306,2.7285236,3.04535985,3.26166862,59.4884262,78.9790022
0.19646696,0.641225384,1.17721128,1.70762726,2.17707953,2.55798491,2.84087907,3.02759537,56.5223977,79.0999889
0.199105528,0.650921661,1.19700691,1.73924012,2.22108401,2.614044,2.90798316,3.10428221,57.5176903,79.0494205
0.209888803,0.690713462,1.27858351,1.87005866,2.40394161,2.84796774,3.18916731,3.42696648,61.4549112,78.9486839
0.19386507,0.631679821,1.15775581,1.67660936,2.13397515,2.50316395,2.77536637,2.95285187,55.5301044,79.1603208
0.207134494,0.680524824,1.25764493,1.8363991,2.35677786,2.787486,3.11628973,3.34313008,60.4707031,78.958822
0.191302063,0.622292551,1.13865479,1.64620724,2.09179678,2.44960996,2.71147419,2.88007851,54.5428114,79.230101
0.766772123,2.96694569,6.45766339,11.1054501,16.7857009,23.3821942,30.7866285,38.898183,71.8177124,39.9361328
0.780574273,3.02709467,6.60328894,11.3812393,17.2409566,24.0699745,31.7629615,40.2213517,76.6279816,39.1063064
0.785861629,3.05017204,6.65924686,11.4873763,17.4164299,24.3354784,32.1404333,40.733702,78.052108,38.9782909
0.764680985,2.95784437,6.43565676,11.0638272,16.7170809,23.2786598,30.6398468,38.6995148,70.9663748,40.1250154
0.201781937,0.66077342,1.21715355,1.77146725,2.26601844,2.67138337,2.97673438,3.18298259,58.5152034,79.0088145
0.7831647,3.0383985,6.63069252,11.4332053,17.3268519,24.1999124,31.9476569,40.4719886,77.3571024,39.0308403
0.778083683,3.01623092,6.57696294,11.331337,17.158506,23.9452983,31.5858173,39.9810598,75.8721311,39.2024522
0.775679368,3.00574762,6.55156885,11.2832202,17.0790366,23.8251773,31.4152124,39.7497292,75.0933375,39.3175203
0.760649174,2.94030538,6.39326942,10.9836966,16.5850431,23.0795399,30.3576938,38.3178136,69.2448912,40.5349359
0.762645107,2.94898654,6.41424611,11.0233451,16.6503643,23.1780313,30.4972328,38.5065526,70.109906,40.3245525
0.773353922,2.99561206,6.52702648,11.2367349,17.0022911,23.7092178,31.2505807,39.526583,74.2958861,39.4497849
0.74591317,2.87630079,6.23882571,10.6921824,16.1054336,22.357382,29.3359773,36.9377544,62.1866199,42.5094208
0.771096379,2.98577611,6.5032184,11.1916571,16.9278969,23.5968526,31.091111,39.3105137,73.481712,39.5979792
0.758698742,2.93182488,6.37278423,10.9449897,16.5212938,22.9834498,30.221601,38.1337953,68.3763901,40.7543926
0.756778422,2.92347796,6.35262816,10.9069168,16.4586087,22.888994,30.0878653,37.9530221,67.4998761,40.9835815
0.788676889,3.06246755,6.6890802,11.5439986,17.5101022,24.4773029,32.3421979,41.007738,78.7052958,38.9509209
0.730880697,2.8111712,6.08205894,10.3970207,15.6210329,21.6298272,28.3091899,35.5543011,54.0876323,45.1515046
0.732507627,2.81821201,6.09898687,10.4288565,15.6732202,21.7081216,28.4195596,35.7028395,54.9943092,44.8421195
0.735783544,2.83239501,6.13310073,10.49304,15.7784782,21.8661018,28.6423537,36.0028065,56.8013158,44.2343
0.74767242,2.8839337,6.25722412,10.7268721,16.1624446,22.4431319,29.457166,37.10127,63.0837251,42.237542
0.75489171,2.9152797,6.33283728,10.8695455,16.397098,22.7963369,29.9567178,37.7758029,66.6189398,41.2211463
0.739103815,2.8467781,6.16771524,10.558202,15.8854007,22.0266701,28.8689246,36.3080296,58.6034575,43.6412956
0.710313458,2.72233327,5.86887775,9.99686419,14.9663216,20.6494658,26.9298327,33.7014669,42.3402012,49.3309569
0.753049519,2.90727738,6.31352535,10.8330898,16.337113,22.7060059,29.828902,37.6031392,65.7407734,41.4646497
0.727655809,2.79722075,6.04853238,10.3339947,15.5177592,21.4749545,28.09096,35.260724,52.2749981,45.7777831
0.768901292,2.97621572,6.48008567,11.1478738,16.8556651,23.487793,30.9363885,39.100952,72.6537236,39.7607489
0.749446784,2.89163446,6.27579155,10.7618909,16.2200134,22.5297463,29.5796125,37.2665316,63.9751706,41.9725926
0.737439902,2.83956918,6.15036374,10.5255332,15.8317877,21.9461468,28.7552858,36.1549205,57.704325,43.9353951
0.751236922,2.89940599,6.29453518,10.7972524,16.2781631,22.6172607,29.7033682,37.4336097,64.8601713,41.715064
0.729264733,2.80417979,6.06525443,10.3654258,15.5692548,21.5521683,28.1997462,35.4070501,53.1817202,45.4632809
0.705592326,2.70198586,5.82015861,9.90561683,14.8173583,20.426902,26.6173806,33.2826916,39.6335783,50.3150882
0.704003515,2.69514213,5.80378137,9.87496057,14.7673392,20.3522109,26.5125822,33.14231,38.7270284,50.644616
0.689470925,2.63263374,5.65441207,9.59576101,14.3124487,19.6739213,25.5622456,31.8711249,30.6215441,53.5573502
0.681012858,2.59632896,5.56783875,9.4342751,14.0498917,19.2832345,25.0160004,31.1419773,26.1369501,55.1132635
0.742471629,2.86137539,6.20286513,10.6244093,15.9940999,22.1899988,29.099521,36.6188514,60.3963075,43.0663789
0.694383649,2.65374637,5.70481895,9.68989955,14.4656928,19.9022265,25.8818419,32.2982513,33.3150054,52.5996094
0.719745097,2.76303283,5.96644859,10.1798345,15.2653962,21.0968645,27.5587066,34.5453872,47.7654067,47.3716067
0.71660215,2.74946288,5.9338989,10.118762,15.1655152,20.9473662,27.3484531,34.2630819,45.9590497,48.0204944
0.721322194,2.76984488,5.98279509,10.2105177,15.3155977,21.1720351,27.6644695,34.6874522,48.6696296,47.0486847
0.679273774,2.5888712,5.55007138,9.40116441,13.9961078,19.2032784,24.9043128,30.9930319,25.2427428,55.4160057
0.682735439,2.60371829,5.5854487,9.46710288,14.1032329,19.3625578,25.1268393,31.2898378,27.032617,54.8072587
0.686127381,2.61827546,5.620157,9.53183498,14.2084641,19.5191194,25.3457061,31.5819456,28.8235425,54.1878985
0.699224803,2.6745697,5.7545788,9.78291134,14.6172356,20.1281955,26.1984456,32.72175,36.019529,51.6262519
0.697618286,2.66765756,5.73805662,9.7520189,14.5668884,20.0530999,26.0931991,32.5809283,35.1172009,51.9520188
0.74077768,2.85403218,6.18518038,10.5910942,15.9393953,22.1077894,28.983437,36.4623591,59.499268,43.3520294
0.744177465,2.86877224,6.22068418,10.6579871,16.0492514,22.2729036,29.2166206,36.7767578,61.2893098,42.7862815
0.675749439,2.57376504,5.51409986,9.33416152,13.8873234,19.0416358,24.6786299,30.6922092,23.4632817,56.0093859
0.707171683,2.70879077,5.83644754,9.93611633,14.8671356,20.5012528,26.721731,33.4225121,40.5371744,49.9864799
0.702415362,2.68830316,5.78742014,9.84434294,14.7173972,20.2776561,26.4080043,33.0022634,37.8237467,50.9726407
0.677525194,2.58137513,5.53221845,9.36790495,13.9420997,19.1230146,24.7922314,30.8436092,24.3542563,55.7138641
0.734146735,2.8253075,6.11605101,10.4609573,15.7258568,21.7871121,28.5309416,35.8527818,55.9017495,44.5353486
0.726063653,2.79033614,6.03199371,10.3029167,15.4668564,21.3986503,27.9834849,35.1162013,51.3735727,46.0926766
0.696001827,2.66070465,5.72144179,9.7209622,14.5162881,19.9776485,25.9874845,32.4395212,34.2140039,52.277133
0.692757136,2.64675429,5.68812025,9.65870425,14.4148962,19.8265267,25.775841,32.1565437,32.4169977,52.9204404
0.718175299,2.75625416,5.95018665,10.1493182,15.2154816,21.0221439,27.4536057,34.4042499,46.8637613,47.6949254
0.691117492,2.63970784,5.67129666,9.62728491,14.3637499,19.7503281,25.6691731,32.0139866,31.5178653,53.2402105
0.700823841,2.68145163,5.77103347,9.81368638,14.6674059,20.2030487,26.3033823,32.8621974,36.9218768,51.2996779
0.684446876,2.61106212,5.60295573,9.49974905,14.1562957,19.4414918,25.2371689,31.4370653,27.9318667,54.4974507
0.724475466,2.78347057,6.01550529,10.2719417,15.416136,21.3226405,27.8764537,34.9723148,50.4707858,46.4100808
0.715039195,2.74271746,5.91772555,10.0884286,15.1159268,20.8731745,27.2441532,34.1230969,45.0595261,48.3451726
0.722909031,2.77670088,5.99925155,10.2414159,15.3661647,21.2477737,27.7710607,34.8306692,49.5773218,46.7260297
0.711901482,2.72918123,5.8852834,10.0276078,15.0165392,20.7245368,27.0352817,33.8428774,43.2534661,48.9993394
0.708735816,2.71553196,5.85258843,9.96634703,14.9164879,20.5749893,26.825248,33.5612546,41.4340354,49.6603271
0.687787774,2.62540465,5.63716276,9.56356588,14.260071,19.5959348,25.4531403,31.7253974,29.7125845,53.8771169
0.987520826,3.94388768,8.85982897,15.7261022,24.533494,35.2728197,47.9349237,62.5106792,40.0677786,18.8452327
0.71348201,2.73599877,5.9016207,10.0582319,15.0665754,20.7993575,27.1404084,33.9838948,44.1631023,48.6695371
0.989016926,3.9506102,8.87661052,15.7588711,24.5892677,35.3596984,48.0620839,62.688367,44.032708,17.954327
0.99007929,3.95538457,8.88853077,15.7821512,24.6288976,35.42144,48.1524666,62.8146841,46.9937048,17.192643
0.989376535,3.95222625,8.88064515,15.7667503,24.60268,35.3805932,48.0926702,62.7311119,45.0212958,17.7092003
0.988282155,3.94730845,8.8683679,15.7427752,24.5618706,35.3170199,47.9996144,62.6010708,42.055851,18.4169685
0.988651398,3.94896764,8.87250986,15.7508633,24.5756371,35.3384646,48.0310028,62.6449325,43.042084,18.190748
0.987905335,3.9456153,8.86414135,15.7345223,24.5478242,35.2951404,47.9675911,62.5563239,41.0642505,18.635215
0.989731718,3.95382247,8.88463048,15.7745337,24.6159296,35.4012355,48.1228882,62.773344,46.0114528,17.4544691
0.950683807,3.77877123,8.44865606,14.9251813,23.1736345,33.1597432,44.8496697,58.2100075,0.00293485989,18.9611609
0.880210011,3.4651304,7.67318005,13.4253665,20.6452176,29.2587147,39.1942277,50.3824512,49.8327851,37.6616022
0.875093567,3.44247896,7.61746774,13.3181809,20.4654711,28.9828473,38.796401,49.8347341,53.9788501,38.6712881
0.887001854,3.49522457,7.74726067,13.5680117,20.8846307,29.6264666,39.7250089,51.1138346,44.037653,36.0378854
0.882184958,3.47387827,7.69470669,13.4668028,20.7147397,29.3654682,39.3482539,50.5946172,48.1787203,37.2220855
0.876136699,3.44709576,7.62881968,13.3400147,20.502075,29.0390091,38.8773681,49.946175,53.1509716,38.4806844
0.879199381,3.46065485,7.662169,13.404176,20.6096715,29.2041441,39.1155089,50.2740416,50.6682021,37.8758764
0.878188226,3.45617761,7.65115538,13.3829836,20.5741274,29.1495844,39.0368169,50.1656845,51.4962188,38.0829869
0.87716979,3.45166879,7.64006568,13.3616479,20.538348,29.0946715,38.957627,50.0566576,52.321997,38.2841937
0.885095898,3.4867765,7.72645749,13.5279405,20.8173527,29.5230882,39.57575,50.9080942,45.6929143,36.5250783
0.886052938,3.49101826,7.73690202,13.5480574,20.8511261,29.5749804,39.6506675,51.0113545,44.8643039,36.2834306
0.874035002,3.43779455,7.6059513,13.296034,20.4283479,28.9258974,38.71431,49.7217631,54.8092952,38.8566943
0.881203421,3.46953032,7.68400657,13.4462048,20.6801779,29.3123936,39.2716714,50.48912,49.0042466,37.4439415
0.888883342,3.50356642,7.76780776,13.6076001,20.9511159,29.7286541,39.8725878,51.3173136,42.3847798,35.5339261
0.884126267,3.48247952,7.71587843,13.5075672,20.7831537,29.4705491,39.4999089,50.803575,46.5268918,36.7636607
0.883153909,3.47817105,7.70527253,13.487145,20.7488773,29.4178984,39.4239171,50.6988625,47.3573319,36.996511
0.887940345,3.49938523,7.75750825,13.5877545,20.9177849,29.677421,39.7985923,51.2152832,43.2153949,35.7893136
0.529461989,1.95602376,4.06477015,6.67410161,9.63146141,12.8095546,16.1030061,19.4254102,9.6159984,58.9574754
0.495769495,1.81656008,3.74405535,6.09718971,8.72689417,11.5115069,14.3527702,17.1723448,21.9843624,60.2987579
0.520860121,1.92030953,3.98239097,6.52546562,9.39770202,12.473097,15.6479705,18.8378811,12.4174071,59.0792109
0.527254765,1.94685259,4.04359966,6.63587488,9.5712967,12.7228918,15.9857118,19.2738483,10.3074807,58.9752535
0.506926028,1.86261311,3.84966774,6.28664295,9.02312336,11.9354133,14.9227586,17.9040417,17.5064591,59.5926689
0.518794049,1.9117423,3.96265481,6.48990124,9.34184135,12.3927975,15.5395095,18.698018,13.1313356,59.130047
0.499420777,1.83161808,3.77855516,6.15901931,8.82348024,11.6495925,14.538267,17.4102441,20.4849911,60.0386759
0.503142729,1.8469817,3.81378767,6.22222031,8.92229976,11.7910017,14.7284038,17.6543192,18.9894963,59.8025455
0.52509448,1.93788109,4.02290082,6.59851914,9.51253326,12.6382913,15.8712679,19.1260461,11.0028946,59.0015164
0.510796684,1.87862055,3.88644563,6.35273996,9.12666506,12.083858,15.1227301,18.1612235,16.0311312,59.4093687
0.47821021,1.74434021,3.57903599,5.80224274,8.26738715,10.8563322,13.4750088,16.0496405,29.5503918,61.9285304
0.508851256,1.87057316,3.86795197,6.3194954,9.0745748,12.0091601,15.0220799,18.0317476,16.7671373,59.4975343
0.512765025,1.88676662,3.90517502,6.3864244,9.17946987,12.1596169,15.2248587,18.2926643,15.2982111,59.3282777
0.497587686,1.82405663,3.76122695,6.12795709,8.77494584,11.5801888,14.4450125,17.2906181,21.233921,60.1657429
0.473093684,1.72335812,3.53123359,5.71705427,8.13505951,10.6682116,13.2237184,15.7291727,31.8356528,62.513605
0.479935477,1.7514216,3.59518363,5.83104519,8.31216757,10.9200503,13.5601994,16.1583803,28.7861735,61.7418546
0.48862562,1.78713868,3.676739,5.97671167,8.53894783,11.2431727,13.9927956,16.7113068,24.9994434,60.8877575
0.476495865,1.7373068,3.56300498,5.77366119,8.22297014,10.7931596,13.3905856,15.9419284,30.3131472,62.1194004
0.485125943,1.77274514,3.64385121,5.91793131,8.4473747,11.1126098,13.8178812,16.4875893,26.5106189,61.2140345
0.505017917,1.85472756,3.83156319,6.25412869,8.97222566,11.8624946,14.824599,17.7778893,18.2495616,59.694719
0.483388747,1.76560518,3.62754809,5.8888124,8.40204131,11.048018,13.7314063,16.3770614,27.2679738,61.3849421
0.481648606,1.75845633,3.61123203,5.85968345,8.35671267,10.983462,13.6450182,16.2666941,28.0310016,61.5619701
0.490387748,1.79439088,3.69332073,6.00636815,8.58518039,11.3091345,14.0812237,16.8244837,24.2465536,60.7327591
0.501283767,1.83930642,3.79618231,6.19063201,8.87289762,11.7202916,14.6333059,17.5322155,19.7320974,59.9168116
0.514757445,1.89501633,3.92415185,6.42057033,9.23302397,12.2364879,15.3285365,18.4261634,14.568804,59.254452
0.516746585,1.90325644,3.94311577,6.45470954,9.28659341,12.3134181,15.4323444,18.5598945,13.8535611,59.1889659
0.486859606,1.77987377,3.66013572,5.94703001,8.49269689,11.1772145,13.9044121,16.5982382,25.7594789,61.0493642
0.492163477,1.80170235,3.71004551,6.03629398,8.63185391,11.3757554,14.1705758,16.9388946,23.4937122,60.5829564
0.493961029,1.80910704,3.7269912,6.06662886,8.67918686,11.4433483,14.2612726,17.05508,22.7379466,60.4379156
0.52294841,1.9289732,4.00235925,6.56146621,9.45427605,12.5544626,15.7579262,18.9797423,11.7114598,59.0364948
0.474810035,1.73039346,3.54725468,5.74559262,8.17936976,10.7311761,13.3077884,15.8363381,31.0662068,62.312211
0.531710621,1.96537191,4.08636051,6.71310699,9.69288392,12.8980757,16.2228785,19.580385,8.9319072,58.9485254
0.00393030035,0.00786663408,0.00885675609,0.00787871472,0.00615997031,0.00443858283,0.00302302073,0.00197573292,0.0312768378,99.7623027
0.0108558487,0.0246707155,0.0315371349,0.0318535384,0.0282771529,0.0231342884,0.0178898911,0.0132754595,0.238420218,99.282835
0.447848066,1.62025001,3.29728045,5.30181658,7.49266064,9.75865339,12.0136454,14.1922104,43.2849311,65.9776854
0.413578043,1.48145052,2.98496575,4.75211027,6.64930448,8.57449194,10.4513324,12.2243349,58.0644606,71.4610831
0.0168965355,0.040581899,0.0548263825,0.0585250473,0.0549081116,0.0474759548,0.0388009175,0.0304299051,0.576803803,98.8023599
0.458824843,1.66499442,3.39860871,5.48131177,7.76980995,10.1502971,12.5336684,14.8514193,38.3006129,64.3688411
0.0222671392,0.0553582646,0.0774146293,0.0855378962,0.0830685526,0.0743459283,0.0628939427,0.051056468,1.00006948,98.3277461
0.367751861,1.29810323,2.57742543,4.0435046,5.57535246,7.08482586,8.50975622,9.80833686,73.3603384,77.821762
0.411832436,1.47441795,2.96922559,4.72455313,6.6072514,8.51575959,10.3742579,12.1277714,58.7605553,71.7400415
0.357580126,1.25778102,2.48862366,3.89052644,5.34564443,6.76915147,8.10213514,9.30582858,75.7436351,78.8265414
0.428653293,1.54233753,3.12158536,4.99190095,7.01615631,9.08814021,11.1270969,13.0731135,51.7847142,69.019075
0.379189607,1.34361075,2.67801522,4.21742694,5.83746981,7.44636281,8.97831472,10.3880916,70.1992729,76.4841569
0.443102348,1.60094735,3.25366304,5.22472039,7.37388034,9.5911699,11.7917475,13.9115356,45.4217373,66.7093989
0.374741482,1.32589225,2.63880454,4.14955157,5.73505601,7.30493956,8.79481437,10.1607799,71.4868928,77.029039
0.47145244,1.71663363,3.51592716,5.68980102,8.09276335,10.6081358,13.143541,15.6270145,32.5737542,62.7108775
0.454131254,1.64584547,3.35520645,5.40436155,7.65089242,9.98210794,12.3101548,14.5678373,40.4360189,65.0405315
0.408309028,1.46023447,2.93750583,4.66906407,6.52264109,8.39768532,10.219433,11.9339528,60.1431059,72.2983299
0.401070965,1.43114575,2.87255953,4.55563754,6.34997247,8.15712255,9.90451512,11.5403709,62.882047,73.4193708
0.404723227,1.44581553,2.90529456,4.61277648,6.43690652,8.27817228,10.0628919,11.7381989,61.5176631,72.8585925
0.362796826,1.27844311,2.53408897,3.96878221,5.46305066,6.93035777,8.31011759,9.56200569,74.5733241,78.3339688
0.365309102,1.28840691,2.55604283,4.00662006,5.51989414,7.0085117,8.41108348,9.68653382,73.970492,78.079576
0.466697921,1.69716998,3.47166125,5.61105207,7.97065126,10.4348397,12.9124557,15.3328266,34.7223805,63.3071577
0.425373427,1.52906744,3.09175772,4.93945715,6.93578373,8.97541068,10.9785303,12.8861859,53.187817,69.5520408
0.42371947,1.52238051,3.07673814,4.9130684,6.89537102,8.91876937,10.9039365,12.7923994,53.8882552,69.8209864
0.435126303,1.56856401,3.18061923,5.09584337,7.17567918,9.31220274,11.4228091,13.4457097,48.9665281,67.9733688
0.422053247,1.51564727,3.06162197,4.88652298,6.85473827,8.86184755,10.8290101,12.6982408,54.5887711,70.0918134
0.420380697,1.50889182,3.04646341,4.85991626,6.81403183,8.80485069,10.754022,12.6040512,55.2865597,70.3633738
0.399217918,1.42370913,2.8559792,4.52672141,6.30601568,8.09596816,9.82457164,11.4405992,63.5599127,73.699559
0.360231792,1.26827895,2.51171326,3.93025099,5.40521616,6.85091081,8.20757099,9.43563856,75.1626252,78.5822447
0.418699773,1.50210592,3.03124414,4.83321628,6.77320307,8.74771106,10.6788835,12.5097199,55.982182,70.635814
0.372457761,1.31680555,2.61871837,4.11482051,5.68271074,7.23273696,8.70123462,10.0449875,72.1194765,77.2968045
0.450981544,1.63300911,3.32614342,5.35288965,7.57143438,9.86984884,12.1611299,14.3789663,41.8662656,65.5053411
0.461980659,1.67788333,3.42785349,5.53321696,7.85010923,10.2639887,12.6849196,15.0435242,36.8646509,63.932866
0.468280925,1.70364761,3.486387,5.63723806,8.0112394,10.4924162,12.9891998,15.4304859,34.0055166,63.1046433
0.43832562,1.58154464,3.20987839,5.14743249,7.25496451,9.42372038,11.5701923,13.6316705,47.5529529,67.4621535
0.38133903,1.35218202,2.69700394,4.25033304,5.8871743,7.51507456,9.06756714,10.4987739,69.5513837,76.21024
0.452548363,1.63939314,3.34059446,5.37847748,7.61092611,9.92563092,12.2351649,14.4727762,41.1552137,65.2728015
0.465123061,1.6907284,3.45702364,5.58503382,7.93034018,10.3776804,12.8362999,15.2359569,35.4367212,63.5124273
0.427016787,1.53571476,3.10669555,4.96571496,6.97601541,9.03182558,11.0528618,12.979688,52.4870715,69.2848826
0.441503455,1.59444984,3.238994,5.19881519,7.33400445,9.534994,11.7173868,13.8175621,46.1375822,66.9597539
0.460413324,1.67148067,3.41332281,5.50742158,7.81019421,10.2074629,12.6097035,14.9479713,37.577691,64.1477339
0.393494174,1.40076598,2.80488715,4.43772263,6.17088521,7.90819279,9.57939576,11.1349763,65.5894411,74.5439507
0.38957238,1.38506983,2.76998686,4.37702172,6.07886148,7.78051348,9.41294147,10.9278009,66.921268,75.1019021
0.385504308,1.36880909,2.73387752,4.31429841,5.98389358,7.64891805,9.24160159,10.7148178,68.2496441,75.6608013
0.391537646,1.39293294,2.78746496,4.40741129,6.12491825,7.84439546,9.49619774,11.0313924,66.2600219,74.8245461
0.397320957,1.41610074,2.83902587,4.4971721,6.26112275,8.03354802,9.74302143,11.338882,64.2434707,73.9830763
0.406514211,1.45301531,2.9213741,4.64086692,6.47968073,8.33778258,10.1409493,11.8357824,60.8353342,72.5798595
0.431900589,1.55548835,3.15117306,5.04397241,7.09603425,9.20028264,11.2750304,13.259422,50.3784948,68.4930131
0.387533289,1.37691659,2.75187547,4.34555126,6.03119722,7.71444432,9.32689,10.8208001,67.5940095,75.3846878
0.469855991,1.71009547,3.50105127,5.66332572,8.05169216,10.5498249,13.0657525,15.5279426,33.293641,62.9070553
0.433511735,1.56201772,3.16587368,5.06986228,7.13577743,9.25611826,11.3487383,13.3523154,49.6750337,68.2330199
0.430277083,1.54891196,3.13637353,5.01792054,7.0560611,9.14415022,11.2009655,13.1661221,51.0835562,68.7557359
0.402917353,1.43855993,2.88909933,4.58449965,6.39387242,8.21823309,9.98444733,11.640186,62.1969063,73.1372189
0.0394193451,0.105252658,0.158080851,0.187594635,0.195660931,0.188074659,0.170878545,0.148982449,3.1076707,96.5335349
0.395438099,1.4085534,2.82221858,4.46789475,6.21666942,7.97177587,9.66236575,11.2383403,64.9113148,74.2609602
0.370121255,1.30751603,2.59819978,4.07936925,5.62932143,7.15915133,8.60593626,9.92716002,72.7462275,77.5620342
0.455694477,1.65222039,3.36964939,5.42995724,7.69043058,10.0380041,12.3844057,14.6620023,39.7251396,64.813903
0.38342846,1.36051984,2.71548833,4.28238745,5.93562598,7.58210094,9.15469088,10.6068914,68.9059181,75.937623
0.410090804,1.46740511,2.9535379,4.69710237,6.56538283,8.45731587,10.2976028,12.0317842,59.4477895,72.0168688
0.446267357,1.61381781,3.28273942,5.27610311,7.45302693,9.70274399,11.9395386,14.0984324,43.9984536,66.2193656
0.439907836,1.58796857,3.22436822,5.17299809,7.29428211,9.47905974,11.6433795,13.7240774,46.8495524,67.2112644
0.031509429,0.0818098489,0.119479439,0.137871885,0.139830145,0.130697827,0.115469427,0.097893977,1.99458469,97.4112161
0.377011147,1.33492989,2.65879742,4.18414759,5.78723737,7.37697075,8.88824291,10.2764729,70.8389415,76.7547906
0.457251546,1.65857292,3.38404779,5.4554849,7.72988054,10.0937995,12.4585543,14.756078,39.016661,64.5910211
0.0271119328,0.0690820999,0.0990132027,0.112128404,0.111604248,0.102373672,0.0887619671,0.0738509136,1.47975522,97.8625971
0.444675097,1.60734147,3.26810514,5.25023623,7.41317447,9.646551,11.8650889,14.0042624,44.715452,66.4649216
0.0355929855,0.093830701,0.139138729,0.16302194,0.167875236,0.159319773,0.142916974,0.123023551,2.53948488,96.9683029
0.417019419,1.49532573,3.01604528,4.80656551,6.73247,8.69073392,10.6039963,12.4157511,56.6716761,70.907499
0.415315535,1.48845408,3.00064923,4.77958265,6.69125027,8.6331053,10.5282912,12.3208042,57.3645854,71.182126
0.436715859,1.57501185,3.19514972,5.12145731,7.21503518,9.3675456,11.4959341,13.5379539,48.2657364,67.7187752
0.4635387,1.68425071,3.44231023,5.55889192,7.88985472,10.3202982,12.7598796,15.138792,36.1563137,63.7226397
0.0641580762,0.182061342,0.290607404,0.366513997,0.406272108,0.415036141,0.400761425,0.371343839,8.06408659,93.3381554
0.0527623958,0.146108359,0.227587363,0.280101981,0.302988936,0.302050685,0.284619052,0.257358446,5.51276417,94.8832801
0.0496507423,0.136450916,0.210935507,0.257642724,0.276585002,0.273641421,0.255897554,0.229636409,4.89424946,95.2852299
0.0430303998,0.116160185,0.176385035,0.211622154,0.22315318,0.216864015,0.199206267,0.175593653,3.69426697,96.1066305
0.0586539614,0.164586613,0.259785075,0.323987935,0.355128914,0.358744865,0.34254406,0.313861108,6.77668494,94.0975901
0.0464050668,0.12645793,0.193842616,0.234772601,0.249912577,0.245172231,0.227345066,0.202297308,4.28602442,95.6939266
0.0983792837,0.294494104,0.495874847,0.659724344,0.771428168,0.831325193,0.846793427,0.827702618,18.1220966,88.3465976
0.0557540797,0.155460917,0.243830666,0.302169328,0.32912054,0.330371108,0.313458622,0.285396535,6.13956674,94.4881328
0.948109599,3.76726224,8.42006974,14.8696409,23.0795759,33.013961,44.6373631,57.9148242,0.178819218,19.056373
0.0614460261,0.173426523,0.275333947,0.345381411,0.38078577,0.386905521,0.371586761,0.342456845,7.41711422,93.7151427
0.449403939,1.62658392,3.31160556,5.32715932,7.53174003,9.81380496,12.0867798,14.2847984,42.5811503,65.7419833
0.945957477,3.75764335,8.39618554,14.8232507,23.0010377,32.8922721,44.4601993,57.6685791,0.523931916,19.2062931
0.944021667,3.7489936,8.37471357,14.7815569,22.9304698,32.7829619,44.3011004,57.4475026,0.977996793,19.395594
0.0900353347,0.26654749,0.443873011,0.584033603,0.675397555,0.719819486,0.725134889,0.700977887,15.3747697,89.574291
0.942272502,3.74117974,8.35532132,14.7439108,22.8667679,32.6843115,44.1575516,57.2480824,1.49807376,19.6102311
0.0942546872,0.280640805,0.470025267,0.621994504,0.723426549,0.775433938,0.785644824,0.763832296,16.7428968,88.9517839
0.0834740295,0.244796549,0.403814335,0.526323944,0.602930253,0.636536762,0.635200735,0.608259371,13.3387092,90.5440404
0.0667877316,0.190477539,0.305571873,0.387327146,0.431504221,0.443031522,0.429947367,0.400392814,8.71439176,92.9679458
0.0878853401,0.259397618,0.430663491,0.564943588,0.651350371,0.692096594,0.695104093,0.669920541,14.6950261,89.8921213
0.0963248948,0.28758475,0.482965033,0.640856037,0.747390931,0.803299754,0.816090892,0.795590783,17.4301204,88.6474872
0.0921608547,0.273636985,0.457009919,0.603075119,0.699454952,0.747636599,0.755357323,0.732326331,16.0584176,89.2604027
0.0693258796,0.198640273,0.320156074,0.407709792,0.456334277,0.470714425,0.458947501,0.429396823,9.36312124,92.6067153
0.0789298719,0.229856381,0.376525381,0.487334217,0.554373045,0.581192194,0.575928442,0.547655679,11.9977337,91.2131088
0.0857115963,0.252190965,0.417389951,0.545819956,0.627334806,0.664495163,0.665296672,0.639188853,14.020126,90.213501
0.0718281983,0.206724445,0.334665717,0.428080623,0.481262993,0.498633935,0.488328737,0.45891584,10.022539,92.2472716
0.940681548,3.73407421,8.33769091,14.7096924,22.8088793,32.5946834,44.0271603,57.0669808,2.05642077,19.8404944
0.0766058827,0.222256708,0.362718879,0.467714031,0.530069957,0.553641259,0.546581328,0.517811213,11.3348309,91.5534387
0.937830356,3.72134396,8.30611361,14.6484231,22.7052578,32.4342952,43.7938958,56.7430937,3.24631959,20.3333148
0.0742503185,0.214583143,0.348831271,0.448053809,0.505810092,0.526244139,0.517509279,0.488359146,10.6792115,91.8966282
0.936528254,3.71553183,8.29170065,14.6204654,22.6579876,32.3611493,43.6875437,56.5954649,3.86515244,20.5910122
0.939207772,3.72749336,8.32136566,14.6780137,22.7552979,32.511741,43.9065199,56.8994567,2.64223447,20.0826866
0.10040617,0.301328661,0.508678065,0.678485442,0.795390885,0.859336289,0.877559923,0.859964899,18.8142957,88.0510382
0.931890167,3.69483724,8.24040242,14.5209987,22.4898782,32.1011201,43.3096183,56.0710697,6.41346451,21.6604604
0.929790683,3.68547382,8.21720264,14.4760348,22.4139188,31.9836802,43.1390088,55.8344452,7.72563314,22.2145857
0.0812435788,0.23745027,0.390372142,0.507084016,0.578926698,0.609129595,0.605796711,0.578141887,12.6732139,90.872927
0.928782847,3.68097994,8.20607047,14.4544639,22.3774857,31.9273632,43.0572121,55.721022,8.38696495,22.4943204
0.935289744,3.71000449,8.27799623,14.5938867,22.6130564,32.2916347,43.5864884,56.4552125,4.49478767,20.8541255
0.934110645,3.70474314,8.26495344,14.5685951,22.5703083,32.2255081,43.490374,56.321839,5.12964975,21.120252
0.930821731,3.69007182,8.22859433,14.4981116,22.4512114,32.0413338,43.2227584,55.9505922,7.0698409,21.937457
0.932984,3.69971663,8.25249471,14.5444399,22.529487,32.1623719,43.3986203,56.1945363,5.76708231,21.388172
0.927801033,3.67660268,8.19522864,14.4334584,22.3420123,31.8725371,42.9775912,55.6106308,9.04966703,22.7747891
0.916500292,3.62626197,8.07064546,14.1922848,21.9350647,31.2440978,42.0657023,54.3473802,17.7374064,26.423457
0.926847593,3.67235248,8.18470286,14.4130679,22.307582,31.81933,42.9003318,55.5035276,9.70986651,23.0542468
0.917315834,3.62989232,8.07962346,14.2096525,21.9643494,31.2892892,42.1312299,54.4380917,17.0576871,26.1419507
0.915693754,3.62267208,8.06176852,14.1751146,21.9061162,31.19943,42.000941,54.2577395,18.4157917,26.7034165
0.923217201,3.65617407,8.14464892,14.3354994,22.1766448,31.6170479,42.6066985,55.0965953,12.3610421,24.1750312
0.920632386,3.64466,8.11615477,14.2803409,22.0835751,31.4733271,42.3981606,54.8077142,14.3659382,25.0186418
0.91489434,3.6191143,8.05297194,14.1581017,21.8774359,31.1551811,41.936794,54.1689588,19.0938883,26.9822026
0.924108863,3.66014692,8.15448295,14.3545405,22.2087805,31.6666846,42.6787378,55.1964127,11.6909493,23.8921474
0.918962203,3.63722231,8.09775385,14.2447309,22.0235073,31.3805955,42.2636466,54.6214301,15.7061413,25.5794978
0.918132796,3.63352941,8.08861912,14.2270562,21.9936981,31.3345845,42.1969156,54.529032,16.3834441,25.8617899
0.925917302,3.66820599,8.17443526,14.39318,22.2740047,31.7674478,42.8250057,55.3991177,10.3691459,23.3332639
0.925007718,3.6641523,8.1643987,14.3737421,22.2411912,31.7167519,42.7514111,55.2971206,11.0275359,23.6117607
0.892063478,3.51767102,7.80256165,13.6745849,21.0636509,29.9016814,40.1225622,51.6620961,39.5550237,34.6327805
0.921480994,3.64843968,8.12550734,14.2984433,22.1141159,31.5204836,42.4665762,54.9024772,13.6979856,24.7381224
0.899650811,3.55134786,7.88560428,13.8347622,21.3329528,30.3160567,40.721666,52.4890459,32.687561,32.2643281
0.914102822,3.61559205,8.04426412,14.1412622,21.8490512,31.111393,41.873322,54.0811219,19.7705492,27.2592881
0.904166762,3.57140907,7.93511421,13.9303402,21.4937808,30.5637315,41.0800555,52.9841514,28.5826333,30.7415861
0.907189379,3.58484343,7.96828677,13.9944126,21.6016509,30.7299378,41.3206843,53.3167469,25.8555954,29.6920913
0.91176777,3.60520328,8.01858625,14.0916162,21.7653855,30.9823521,41.6863138,53.8223824,21.7941724,28.0807541
0.898894021,3.5479872,7.8773134,13.8187627,21.3060404,30.2746269,40.6617383,52.4062876,33.3762848,32.5124767
0.919793814,3.64092545,8.10691491,14.2624587,22.0534092,31.4267548,42.3306003,54.7141469,15.0347373,25.2988798
0.912541771,3.60864648,8.02709588,14.1080671,21.7931063,31.0251025,41.7482617,53.9080827,21.1191668,27.8079961
0.901910734,3.56138554,7.91037285,13.88257,21.4133858,30.439904,40.9008471,52.736541,30.6310382,31.5105246
0.913318619,3.61210272,8.03563864,14.1245838,21.820941,31.0680329,41.8104772,53.9941623,20.4458004,27.5346329
0.889745147,3.50738809,7.77722286,13.6257439,20.9815926,29.7755057,39.9402637,51.4106418,41.6220678,35.2957013
0.902663824,3.56473117,7.91863011,13.8985113,21.4402115,30.4812177,40.9606317,52.8191362,29.9464642,31.2554934
0.906429558,3.58146579,7.9599453,13.9782986,21.5745178,30.6881244,41.2601387,53.2330481,26.5385513,29.9575461
0.922349828,3.65230991,8.13508506,14.3169837,22.1453993,31.5687922,42.5366716,54.999578,13.0238082,24.4544177
0.895876555,3.53459114,7.84427343,13.7550197,21.1988482,30.109655,40.4231711,52.0769205,36.1172886,33.4774127
0.892829841,3.52107094,7.81094142,13.6907406,21.0908,29.943436,40.1829022,51.7453443,38.8674156,34.4068325
0.904918157,3.5747482,7.94335802,13.9462605,21.5205795,30.6050165,41.1398174,53.0667409,27.9024044,30.482464
0.898142834,3.54465177,7.86908562,13.8028866,21.2793385,30.2335254,40.6022916,52.3242023,34.0595997,32.7564653
0.89662949,3.53793327,7.85251514,13.7709177,21.2255785,30.1507872,40.4826434,52.1590153,35.4344829,33.2405222
0.89511967,3.53123182,7.83599022,13.7390434,21.171989,30.0683287,40.3634246,51.9944559,36.8025951,33.7127668
0.897384671,3.54128573,7.86078319,13.7868681,21.2523999,30.1920639,40.5423307,52.2414156,34.7487486,33.0002579
0.910237816,3.59839823,8.00177071,14.0591134,21.7106247,30.8979148,41.5639784,53.6531672,23.1393874,28.6203263
0.903410964,3.56805071,7.92682382,13.9143316,21.4668363,30.5222262,41.019981,52.9011385,29.2680109,31.000798
0.893591066,3.52444844,7.8192668,13.7067931,21.1177788,29.9849328,40.2428761,51.8280964,38.1825858,34.1791899
0.901162371,3.55806126,7.90216913,13.8667337,21.3867396,30.3988711,40.8414748,52.654524,31.3118175,31.7621403
0.890516393,3.51080857,7.78565057,13.6419867,21.0088793,29.8174582,40.0008701,51.4942304,40.9367697,35.0786837
0.90947499,3.59500581,7.99338922,14.0429154,21.6833385,30.855848,41.5030402,53.5688904,23.8149906,28.8891976
0.891292566,3.51425127,7.79413393,13.6583385,21.0363523,29.8597015,40.0619032,51.5784167,40.2446693,34.8567118
0.908713092,3.59161788,7.98501968,14.0267421,21.6560969,30.8138544,41.4422145,53.4847778,24.4926662,29.1574035
0.910996616,3.6017731,8.0101097,14.0752311,21.7377783,30.9397815,41.6246329,53.7370605,22.4704868,28.3527114
0.905670645,3.57809255,7.95161554,13.962209,21.5474284,30.646383,41.1997034,53.1495107,27.2225655,30.2216898
0.907953555,3.58824079,7.97667782,14.010624,21.6289511,30.7720128,41.3816152,53.4009873,25.1708654,29.4242718
0.894366368,3.52788877,7.82774797,13.7231478,21.1452682,30.0272198,40.3039986,51.9124422,37.4833981,33.9441415
0.900395296,3.55465422,7.89376206,13.8505065,21.3594387,30.3568343,40.7806563,52.5705181,32.0099234,32.0180373
0.669402403,2.54658494,5.44943646,9.21382533,13.6921267,18.7518582,24.2744164,30.1539076,20.3784356,57.0046877
0.65501782,2.48510501,5.30345518,8.9426867,13.2531673,18.1014687,23.368941,28.9503997,14.0418229,58.8711593
0.66690967,2.53591903,5.42408239,9.1666812,13.6157174,18.6385189,24.1164487,29.9437113,19.2123686,57.3680611
0.661773358,2.51395749,5.37191471,9.06974844,13.4587253,18.4058161,23.7923488,29.5127632,16.8967836,58.0650162
0.657773638,2.49687047,5.33136099,8.99446054,13.3368942,18.2253868,23.5412702,29.1791976,15.1793165,58.5577717
0.668162125,2.54127741,5.43681839,9.19036016,13.6540909,18.6954323,24.1957631,30.049237,19.7949062,57.1874932
0.659122738,2.50263245,5.34503283,9.01983591,13.3779463,18.286169,23.6258311,29.291511,15.7499484,58.3965474
0.673067357,2.56227557,5.48675628,9.28325882,13.8047263,18.9189752,24.5074714,30.4641955,22.1401481,56.4418901
0.660458846,2.5083404,5.35857991,9.04498612,13.4186446,18.3464425,23.7097057,29.4029413,16.3238269,58.2318645
0.671856823,2.55709177,5.47442391,9.26030922,13.7675007,18.8637134,24.4303878,30.3615435,21.5522005,56.6314568
0.665650709,2.53053408,5.41128625,9.14289603,13.577181,18.5813772,24.0368348,29.8378119,18.633744,57.5454246
0.664377505,2.5250895,5.39835149,9.11885892,13.5382456,18.5236576,23.9564349,29.7308926,18.0557826,57.7205151
0.663086398,2.51956969,5.38524118,9.09450144,13.4988008,18.4651969,23.8750224,29.6226527,17.4772341,57.8936186
0.67425438,2.56735982,5.49885452,9.30577773,13.8412615,18.9732242,24.5831589,30.5650109,22.7223084,56.2525705
0.656395942,2.49098788,5.31740658,8.96856743,13.2950153,18.1633967,23.4550511,29.0647113,14.6058868,58.7171287
0.670645594,2.55190617,5.46209002,9.23736196,13.7302872,18.8084821,24.3533641,30.2589944,20.9698487,56.8175261
0.999982679,3.99992205,8.99980514,15.9996189,24.9993505,35.9989867,48.9985147,63.9979215,80.9298691,0.365265118
0.147153341,0.463235021,0.820266866,1.14763533,1.41122155,1.59929639,1.71314374,1.76095786,36.7026483,82.1103927
0.999898562,3.99954353,8.99885883,15.9977684,24.9961962,35.9940661,48.991302,63.987828,80.5898624,0.979532051
0.129458359,0.401057231,0.698884054,0.962274255,1.16448837,1.29871516,1.369064,1.38491751,29.5971335,84.0953701
0.149858749,0.472827097,0.839160704,1.17674639,1.45031776,1.64735015,1.7686413,1.82214913,37.807027,81.8446681
0.164630369,0.525573775,0.943799947,1.33912515,1.66995564,1.91924833,2.08491568,2.17338233,43.8591038,80.5918947
0.189298263,0.614964363,1.12376576,1.62254443,2.0590171,2.40805151,2.66196709,2.8237738,53.7645776,79.2919166
0.102158288,0.307250642,0.519797896,0.694818209,0.816301169,0.883836863,0.90453399,0.888317026,19.420037,87.7967732
0.161927542,0.515876571,0.924471257,1.30898894,1.62900003,1.86830887,2.02538386,2.10696019,42.7522692,80.7952655
0.132219807,0.410694207,0.71756816,0.990609978,1.20194554,1.34403119,1.42057769,1.44082405,30.6876606,83.7595461
0.15121438,0.477641683,0.848660277,1.19140792,1.47004167,1.67163431,1.79673485,1.85317751,38.3613928,81.7155996
0.159248741,0.506285511,0.905393803,1.27930616,1.58874435,1.81834385,1.96711202,2.04207875,41.654095,81.008452
0.182336634,0.589580576,1.07234598,1.54106743,1.94648432,2.26580559,2.49301829,2.63219828,51.0223936,79.5571227
0.133595037,0.415502944,0.726909617,1.00480475,1.22074652,1.36682142,1.44653567,1.46905086,31.2337983,83.5956452
0.14176366,0.444191787,0.782886234,1.09023908,1.33440416,1.50520445,1.60485089,1.64196613,34.5131214,82.6711224
0.148510699,0.46804483,0.829735533,1.16221608,1.4307924,1.62333755,1.74089321,1.79153684,37.2563773,81.975728
0.139025814,0.434552617,0.764032475,1.06139301,1.29593488,1.45825207,1.5510047,1.58301102,33.407935,82.9713193
0.130838995,0.405872233,0.708213187,0.976413178,1.18316635,1.321297,1.39471727,1.41273994,30.1413076,83.9263671
0.1211049,0.372063376,0.642975841,0.877945067,1.05361655,1.16530683,1.21822942,1.22210408,26.3554986,85.1615562
0.171397052,0.549938034,0.992536971,1.41538499,1.77396493,2.0490754,2.2371852,2.34388473,46.6194708,80.1351735
0.174117824,0.559768719,1.01227042,1.44637006,1.81637223,2.1021938,2.2997029,2.4141321,47.7228852,79.9728592
0.179579391,0.579560193,1.0521148,1.50911614,1.90250038,2.21039203,2.42742012,2.55806104,49.921965,79.6841224
0.165978237,0.53041712,0.953468709,1.35422339,1.69050606,1.94484779,2.11487932,2.20686556,44.4103674,80.4949186
0.123914365,0.381787632,0.661674778,0.906071063,1.09049202,1.20955381,1.26811599,1.27580142,27.4352993,84.795025
0.183719933,0.594614923,1.08252481,1.55716583,1.96867681,2.29380478,2.52621068,2.66976476,51.5716266,79.4981266
0.145798194,0.458438575,0.810835379,1.13312855,1.39177242,1.57543226,1.68563031,1.7306739,36.1506473,82.2475053
0.175482064,0.564705239,1.02219423,1.46197515,1.83776133,2.12902467,2.33132792,2.44971945,48.2743349,79.896097
0.119693815,0.367189847,0.633624769,0.863910162,1.03525556,1.14332323,1.19349766,1.19554087,25.8175182,85.3484585
0.155234374,0.491950463,0.876955142,1.23517456,1.52905058,1.74444721,1.88115637,1.94662492,40.0079641,81.3492515
0.126696488,0.391444448,0.680296486,0.934160012,1.12742295,1.25399249,1.31836021,1.33003648,28.5152916,84.4398322
0.180957709,0.584566896,1.06221853,1.52506545,1.92444562,2.23802675,2.46011828,2.59499795,50.4729671,79.6190674
0.144456876,0.453696563,0.8015217,1.11881952,1.37261057,1.5519478,1.65858589,1.70094056,35.6051925,82.3858065
0.116851089,0.357393665,0.614870227,0.835824376,0.998594464,1.0995266,1.14433562,1.14285572,24.7431144,85.7303345
0.118273085,0.36229026,0.62423759,0.849841884,1.01687811,1.12135244,1.16881682,1.16907153,25.2789506,85.5384418
0.172763367,0.554872383,1.00243699,1.43092218,1.79521926,2.07568501,2.268488,2.37904051,47.1741524,80.0521276
0.999679432,3.99855747,8.99639375,15.9929479,24.9879796,35.9812486,48.9725146,63.9615372,79.7085508,1.96122692
0.122517817,0.376950346,0.652366379,0.892059761,1.07210885,1.18747994,1.24321078,1.24897448,26.8971345,84.9762699
0.157899645,0.501462878,0.89581628,1.26442789,1.56859829,1.79337815,1.93804161,2.00976203,41.1008434,81.1201511
0.106668537,0.322552842,0.548640588,0.737343657,0.870952594,0.948116166,0.975572777,0.963270165,21.0094616,87.1486038
0.152557375,0.482416717,0.858092326,1.20598149,1.48966913,1.69582667,1.82475344,1.88415765,38.9111032,81.5904637
0.167333846,0.535293238,0.96321281,1.36945478,1.71125881,1.97072562,2.14519965,2.24078188,44.9641873,80.4003862
0.113986424,0.347551976,0.596086,0.807779888,0.962098868,1.05606059,1.09569343,1.09088656,23.6738432,86.1218958
0.187897752,0.609848237,1.11338275,1.60606146,2.03620914,2.3791678,2.62759756,2.78472903,53.2175316,79.3389441
0.17821168,0.574596765,1.04210797,1.49333488,1.8808071,2.1831007,2.39515911,2.52165276,49.3735143,79.7517849
0.156567184,0.496704764,0.886376914,1.2497798,1.54878495,1.76885081,1.90951194,1.97808006,40.5544219,81.233295
0.170029958,0.545005796,0.982651044,1.39988537,1.75278312,2.02258301,2.20605134,2.30895352,46.0634298,80.2213619
0.140392952,0.439362979,0.773435571,1.07577087,1.31509755,1.48162611,1.57779424,1.61232439,33.9591283,82.8201588
0.999793457,3.99907057,8.99767645,15.9954562,24.992255,35.987918,48.9822903,63.9752171,80.1663472,1.49542548
0.109629791,0.332643965,0.567744898,0.765635015,0.907471273,0.99125742,1.02346054,1.01401895,22.075449,86.7289746
0.1605868,0.511073738,0.914913032,1.29410948,1.60881006,1.84323622,1.99612763,2.0743686,42.2027284,80.9005279
0.185099053,0.599638783,1.09269198,1.57326092,1.9908856,2.32185087,2.55948994,2.70746496,52.1171616,79.4424332
0.176844797,0.569641095,1.03212635,1.47760848,1.85920996,2.15595636,2.36310261,2.48550997,48.8238206,79.8225049
0.108157748,0.327623339,0.558231777,0.751535038,0.889255302,0.96971957,0.999532556,0.988639692,21.5433997,86.9369238
0.137675896,0.429808639,0.754770465,1.04724817,1.27710579,1.43531296,1.52474572,1.55431328,32.8651146,83.1229932
0.105168113,0.317453106,0.539010976,0.723120365,0.852640835,0.926539909,0.95168499,0.938021134,20.4760115,87.3631132
0.163289312,0.520759824,0.93419967,1.32414914,1.64959241,1.89390792,2.05528551,2.14030553,43.3101284,80.6913198
0.128076191,0.396243312,0.68956945,0.948176171,1.14588916,1.27625852,1.34358697,1.35732307,29.0545718,84.2667104
0.186486663,0.604698292,1.10294088,1.58950053,2.01331475,2.35020173,2.59316226,2.7456461,52.6638908,79.3895319
0.153895161,0.487178457,0.86750845,1.22054644,1.50930654,1.7200579,1.85284789,1.91525578,39.4590878,81.4685438
0.111076131,0.337585146,0.577123077,0.779558133,0.925488712,1.01259601,1.04720663,1.03924722,22.60223,86.525991
0.168670233,0.540105055,0.972838088,1.38451557,1.73179976,1.99636512,2.17527094,2.27445348,45.5094553,80.3101507
0.14311872,0.448971206,0.792251486,1.10459377,1.35358232,1.52865408,1.6317922,1.67151702,35.0620266,82.5263102
0.103664825,0.312352752,0.529397373,0.708946042,0.83442467,0.905114568,0.928006592,0.913038062,19.9461998,87.5791809
0.112549487,0.342626897,0.586707867,0.793811388,0.943963694,1.03451245,1.07163587,1.06524395,23.1428359,86.320662
0.136307906,0.425007084,0.745407603,1.03296694,1.25811859,1.41220974,1.49833151,1.52548147,32.3165796,83.2791011
0.125310126,0.386629002,0.671004167,0.920133751,1.10896862,1.23177113,1.29321839,1.30287885,27.9758408,84.61583
0.999189653,3.99635362,8.99088452,15.9821751,24.9696181,35.9526067,48.9305338,63.9027928,77.7617477,3.56323707
0.999316058,3.99692239,8.99230631,15.9849552,24.9743566,35.9599979,48.941367,63.9179515,78.261157,3.1869827
0.999439936,3.9974798,8.99369973,15.9876799,24.9790006,35.967242,48.9519846,63.9328088,78.7526287,2.7979543
0.115404389,0.352419644,0.605369334,0.821628852,0.980107017,1.07749132,1.11965739,1.11646943,24.2013773,85.9272714
0.999560773,3.99802353,8.99505896,15.9903378,24.9835308,35.9743087,48.9623425,63.9473029,79.2339852,2.393117
0.998135717,3.9916117,8.97903171,15.9590001,24.930122,35.891003,48.8402495,63.7764685,73.6791528,6.22797882
0.998673069,3.99402931,8.98507451,15.9708148,24.9502566,35.9224067,48.8862723,63.8408607,75.7425971,4.95231129
0.998540403,3.99343242,8.98358254,15.9678977,24.9452851,35.9146526,48.8749081,63.8249603,75.229676,5.2804857
0.998804506,3.99462068,8.9865527,15.973705,24.9551824,35.9300897,48.8975324,63.8566158,76.2530287,4.61710802
0.999062448,3.99578126,8.98945378,15.9793775,24.9648501,35.9451693,48.9196332,63.8875399,77.2613034,3.92493552
0.995519367,3.97984281,8.94962114,15.901509,24.8321646,35.7382502,48.6164315,63.4633782,64.157104,11.0928383
0.995977151,3.98190174,8.95476573,15.9115641,24.849295,35.7649593,48.6555612,63.5181079,65.7614285,10.3624892
0.997721526,3.98974833,8.97437447,15.949895,24.9146059,35.8668042,48.8047878,63.7268557,72.1140761,7.12833012
0.997013837,3.98656478,8.96641822,15.9343412,24.8881025,35.8254725,48.7442233,63.6421287,69.4906516,8.53679562
0.992556407,3.96651945,8.91633764,15.8364699,24.7213853,35.5655636,48.3634947,63.1096786,54.3838465,14.9279709
0.134981783,0.420358223,0.736353678,1.01917398,1.23980319,1.38995147,1.47291475,1.49777267,31.7864199,83.4326955
0.998933725,3.99520208,8.98800601,15.9765466,24.9600254,35.9376437,48.9086035,63.8721067,76.7570467,4.27656864
0.99672273,3.98525531,8.96314583,15.9279444,24.8772031,35.8084761,48.7193195,63.6072915,68.4298948,9.07556636
0.995051024,3.97773651,8.94435851,15.8912237,24.8146432,35.7109329,48.5764132,63.407409,62.5423358,11.7973569
0.991294371,3.96084604,8.90216848,15.8087893,24.6742504,35.4921077,48.2559311,62.9593048,50.5324129,16.1736016
0.997300418,3.98785393,8.96963995,15.9406393,24.898834,35.8422077,48.7687452,63.6764328,70.5453539,7.9842557
0.997998207,3.99099306,8.97748546,15.9559771,24.9249703,35.8829684,48.8284751,63.7599952,73.1571079,6.53396443
0.998406883,3.99283169,8.982081,15.9649619,24.9402819,35.906849,48.8634718,63.8089592,74.7157575,5.60148818
0.996427588,3.98392774,8.95982833,15.9214596,24.8661543,35.7912473,48.6940762,63.5719807,67.3652878,9.60030386
0.997441974,3.98849073,8.97123142,15.9437504,24.9041354,35.8504752,48.7808598,63.6933805,71.0701654,7.70264946
0.99612847,3.98258234,8.95646639,15.9148882,24.8549582,35.7737896,48.6684984,63.5362034,66.2974187,10.1114433
0.996868548,3.98591123,8.96478497,15.9311485,24.8826625,35.8169894,48.7317934,63.6247407,68.9599063,8.80841746
0.996278931,3.98325909,8.95815746,15.9181936,24.8605898,35.7825707,48.6813637,63.5541988,66.8331829,9.856853
0.990540927,3.9574594,8.89371155,15.7922702,24.6461249,35.4482819,48.1917639,62.8696105,48.3188276,16.8249767
0.998271757,3.99222374,8.98056146,15.961991,24.9352189,35.8989524,48.8518992,63.7927676,74.1980132,5.91770538
0.997860866,3.99037518,8.97594118,15.9529579,24.9198254,35.8749443,48.8167164,63.7435442,72.6381337,6.83241054
0.993921159,3.97265563,8.93166508,15.8664181,24.7723902,35.6450638,48.4799282,63.2724795,58.755839,13.3363485
0.993248918,3.96963297,8.92411453,15.8516645,24.7472622,35.6058956,48.4225611,63.1922636,56.5750636,14.1543571
0.996576148,3.98459597,8.96149817,15.9247237,24.8717155,35.7999191,48.7067818,63.5897533,67.8997979,9.3387904
0.992731891,3.9673084,8.9183082,15.8403198,24.7279418,35.5757822,48.3784594,63.1306011,54.9338395,14.7382795
0.994573422,3.9755887,8.93899247,15.8807369,24.7967797,35.6830839,48.5356183,63.350357,60.9230554,12.474421
0.992905615,3.96808945,8.92025907,15.8441315,24.734433,35.5858994,48.3932759,63.1513169,55.4818295,14.546301
0.994733612,3.97630907,8.94079219,15.884254,24.8027707,35.6924237,48.5492995,63.3694898,61.4630997,12.2518162
0.993418607,3.97039594,8.92602034,15.8553883,24.7536043,35.615781,48.4370391,63.2125075,57.1205215,13.9543054
0.994250429,3.97413624,8.93536388,15.873646,24.7847013,35.6642548,48.5080378,63.3117874,59.8435234,12.9099811
0.991479191,3.96167683,8.90424322,15.8128422,24.6811513,35.5028614,48.271677,62.981316,51.0851279,16.0036551
0.990921032,3.95916789,8.89797779,15.8006034,24.6603126,35.470389,48.2241311,62.914853,49.4276365,16.5045317
0.99408619,3.97339771,8.93351889,15.8700406,24.7785603,35.6546819,48.4940159,63.2921793,59.2993755,13.1248355
0.997158226,3.98721429,8.96804141,15.9375143,24.8935092,35.8339039,48.7565777,63.6594112,70.0207492,8.2612638
0.993755298,3.97190983,8.92980202,15.8627776,24.7661896,35.6353984,48.4657714,63.2526836,58.2128245,13.5445923
0.994892348,3.97702291,8.94257564,15.8877394,24.8087078,35.7016796,48.5628581,63.3884516,62.0012953,12.0267986
0.995208866,3.97844636,8.94613207,15.8946898,24.8205479,35.7201386,48.5898987,63.4262694,63.0835639,11.5645468
0.995364017,3.97914413,8.94787545,15.8980971,24.8263523,35.7291881,48.6031558,63.4448106,63.6185165,11.3311574
0.991662791,3.96250215,8.90630435,15.8168686,24.6880072,35.5135453,48.287321,63.0031854,51.6380114,15.83072
0.993077558,3.96886252,8.92219004,15.8479042,24.7408582,35.595914,48.4079424,63.1718235,56.0276571,14.3521082
0.992023582,3.96412406,8.91035495,15.8247817,24.7014816,35.5345439,48.3180694,63.0461712,52.7356339,15.4786541
0.995825535,3.98121982,8.9530618,15.9082337,24.8436211,35.7561126,48.6426002,63.4999793,65.2272281,10.6091406
0.995673127,3.98053434,8.95134904,15.9048861,24.8379179,35.7472204,48.6295729,63.4817583,64.6930891,10.852285
0.991844394,3.96331852,8.90834316,15.8208515,24.6947892,35.5241142,48.3027971,63.0248204,52.1886444,15.6555598
0.993586977,3.97115299,8.92791142,15.8590834,24.7598976,35.6255906,48.4514065,63.232597,57.6650843,13.7515697
0.990348072,3.9565926,8.89154713,15.7880426,24.6389275,35.4370674,48.1753453,62.8466615,47.7623805,16.9813918
0.994412082,3.97486317,8.93717989,15.8771948,24.7907461,35.673678,48.5218406,63.3310895,60.3822499,12.6941788
0.992203124,3.96493119,8.9123708,15.8287199,24.7081878,35.5449952,48.333374,63.0675674,53.2873784,15.2972662
0.99110854,3.96001072,8.9000825,15.8047146,24.6673125,35.4812965,48.2401014,62.9371769,49.9805531,16.3403657
0.992380968,3.96573072,8.91436768,15.8326211,24.7148312,35.5553489,48.3485358,63.0887647,53.8375502,15.1134385
0.990730673,3.95831226,8.89584117,15.7964299,24.653207,35.4593169,48.2079202,62.8921933,48.8703277,16.6670543
0.997580948,3.98911591,8.9727939,15.946805,24.9093404,35.8585925,48.7927545,63.710021,71.5878805,7.42025562
0.201111085,0.658302495,1.2120974,1.76337425,2.25472729,2.65696611,2.95943697,3.16316969,58.2663541,79.0179955
0.190648181,0.619900147,1.13379188,1.63847529,2.08108111,2.4360185,2.695276,2.86164806,54.2894506,79.2495683
0.203751799,0.66803486,1.23202445,1.79528946,2.29928173,2.71389075,3.02777516,3.24149382,59.2411873,78.9856534
0.207818722,0.683054324,1.26284005,1.84474526,2.36846523,2.8024643,3.13432663,3.36386633,60.7166549,78.9553387
0.195812695,0.638823586,1.17231296,1.699813,2.16621359,2.54415681,2.82434379,3.00871852,56.2738629,79.1141736
0.205101895,0.673016752,1.2422374,1.81166663,2.32217272,2.74317315,3.06297188,3.28188314,59.73457,78.9730069
0.209200223,0.688164719,1.27334237,1.86162812,2.39212144,2.83280046,3.17088018,3.40591648,61.2103309,78.9502554
0.197123186,0.643635389,1.18212839,1.71547476,2.18799625,2.57188342,2.85750548,3.04658416,56.7709945,79.086422
0.199766655,0.653353712,1.20197727,1.74718585,2.2321558,2.62816344,2.92490203,3.12363725,57.765254,79.0383986
0.198450948,0.648514689,1.19208983,1.73138282,2.21013996,2.60009321,2.89127328,3.08517415,57.2718486,79.0609805
0.19450951,0.634042596,1.16256852,1.68427746,2.14462452,2.51669951,2.7915316,2.9712832,55.7768408,79.1443984
0.210570687,0.693238455,1.28377792,1.87841746,2.41566597,2.86301822,3.20732102,3.44787144,61.6961257,78.9477508
0.206467061,0.67805842,1.25258146,1.82826775,2.34539595,2.77290513,3.09873856,3.32296049,60.2298824,78.9628432
0.193202835,0.629252824,1.15281436,1.66873947,2.12305014,2.4892839,2.75879669,2.93396735,55.2759125,79.1773596
0.770539277,2.9833494,6.49734587,11.1805407,16.9095551,23.5691554,31.0518119,39.2572785,73.2749086,39.6375484
0.787960615,3.05933874,6.6814873,11.5295852,17.4862537,24.4411891,32.2908125,40.9379349,78.5462584,38.9552773
0.781213545,3.02988382,6.61004955,11.3940576,17.2621408,24.1020159,31.8084984,40.2831369,76.8134021,39.0853748
0.688212322,2.62722786,5.64151263,9.5716838,14.2732764,19.6155944,25.4806415,31.7621254,29.9411374,53.7968984
0.783829113,3.04129855,6.63772487,11.4465443,17.348906,24.2332833,31.995103,40.536391,77.5344837,39.015456
0.772779384,2.9931085,6.52096574,11.225258,16.9833477,23.6806017,31.2099629,39.4715415,74.0923589,39.4856497
0.765198878,2.96009811,6.44110553,11.0741316,16.7340667,23.3042847,30.6761708,38.7486728,71.1799436,40.0767111
0.761145341,2.94246316,6.39848271,10.9935492,16.6012733,23.1040087,30.392356,38.3646916,69.462209,40.4812855
0.766245745,2.96465442,6.4521225,11.0949688,16.7684192,23.356116,30.7496525,38.8481298,71.60619,39.9821328
0.7774752,3.01357743,6.57053436,11.3191543,17.1383823,23.9148762,31.5426033,39.9224555,75.6795234,39.229498
0.785178843,3.04719084,6.65201539,11.4736551,17.3937367,24.3011294,32.0915808,40.6673692,77.8824634,38.9891241
0.775091127,3.00318338,6.54535892,11.2714564,17.0596123,23.7958238,31.3735324,39.6932271,74.8956563,39.3490249
0.782509608,3.03553944,6.6237603,11.4200575,17.3051165,24.1670271,31.900906,40.4085365,77.1783262,39.0475873
0.764166215,2.95560439,6.43024174,11.0535875,16.7002033,23.2532001,30.60376,38.6506819,70.7523461,40.1740186
0.779945065,3.02434971,6.59663611,11.3686266,17.2201143,24.0384535,31.7181688,40.1605823,76.4420232,39.1283972
0.755364898,2.91733559,6.33779968,10.8789149,16.4125177,22.8195617,29.9895865,37.8202131,66.8416684,41.1604284
0.762141884,2.94679754,6.40895608,11.0133451,16.6338872,23.153184,30.4620257,38.4589261,69.894138,40.376227
0.760158529,2.9381718,6.38811499,10.9739561,16.5689989,23.0553533,30.323434,38.2714836,69.0285328,40.5888617
0.758217314,2.92973204,6.36772987,10.9354414,16.5055711,22.9597555,30.1880493,38.0884375,68.1586045,40.8106393
0.773926277,2.99810634,6.53306531,11.2481713,17.0211695,23.7377384,31.2910666,39.5814509,74.4961026,39.4153125
0.759183115,2.93393068,6.37787032,10.9545988,16.5371178,23.0072986,30.255374,38.1794561,68.59416,40.6986277
0.786547648,3.05316769,6.66651416,11.501167,17.4392404,24.3700088,32.1895492,40.8003998,78.2181819,38.9690714
0.769441982,2.9785703,6.48578215,11.1586541,16.8734476,23.5146383,30.9744688,39.1525223,72.8609204,39.7189506
0.741200301,2.85586403,6.18959158,10.5994032,15.9530376,22.1282887,29.01238,36.5013729,59.7239908,43.2800816
0.767297295,2.96923189,6.46319253,11.1159101,16.802949,23.4082237,30.8235388,38.9481514,72.0268571,39.8912792
0.730473645,2.80940992,6.0778251,10.3890597,15.6079849,21.6102553,28.2816045,35.5171826,53.8599188,45.2296327
0.789391446,3.06558921,6.69665661,11.5583823,17.5339043,24.5133506,32.3934951,41.0774291,78.8590181,38.9483167
0.754428512,2.91326738,6.32798041,10.860376,16.3820085,22.7736112,29.9245579,37.7323538,66.3997762,41.2813113
0.681446039,2.59818695,5.57226612,9.44252745,14.0632992,19.3031703,25.0438535,31.1791293,26.3612709,55.0368761
0.756303399,2.92141362,6.34764419,10.8975044,16.4431147,22.8656518,30.0548228,37.9083666,67.2798887,41.0422494
0.684015447,2.60921063,5.59854142,9.49151651,14.1429131,19.421582,25.2093368,31.3999209,27.7043208,54.5760775
0.732915855,2.81997899,6.10323588,10.4368488,15.6863241,21.7277842,28.4472824,35.7401559,55.2208989,44.7652401
0.763145636,2.951164,6.41950869,11.033294,16.6667586,23.2027557,30.5322686,38.5539515,70.3229367,40.2740763
0.753506958,2.90926423,6.31831965,10.8421391,16.3520012,22.7284233,29.8606184,37.6459794,65.9604477,41.4031373
0.739523394,2.84859625,6.17209221,10.5664443,15.8989295,22.0469931,28.8976106,36.3466859,58.8288493,43.5681521
0.748996125,2.88967838,6.27107469,10.7529937,16.2053854,22.5077355,29.5484925,37.2245254,63.7500715,42.0389847
0.771655733,2.98821284,6.50911573,11.2028215,16.9463195,23.6246743,31.1305904,39.3639979,73.6870302,39.5594438
0.778691339,3.01888107,6.58338403,11.3435067,17.1786102,23.9756939,31.6289979,40.0396244,76.0613936,39.1768412
0.68905241,2.63083602,5.65012206,9.58775295,14.299419,19.6545189,25.535098,31.8348607,30.3948279,53.6372887
0.728862996,2.80244198,6.06107819,10.3575753,15.5563914,21.5328786,28.1725662,35.370487,52.9557419,45.5414418
0.752594446,2.90530095,6.30875658,10.8240894,16.3223062,22.6837128,29.7973639,37.5605433,65.5211987,41.5265224
0.75168765,2.9013631,6.29925629,10.8061609,16.2928152,22.639316,29.7345628,37.4757323,65.0806339,41.6518096
0.67708311,2.57948032,5.52770662,9.35950122,13.9284561,19.1027424,24.7639287,30.8058848,24.1313597,55.7881019
0.711497781,2.72744018,5.88111195,10.0197899,15.0037678,20.7054426,27.0084582,33.8069024,43.0212163,49.0836313
0.745463558,2.87435041,6.23412536,10.6833217,16.090874,22.3354872,29.3050395,36.8960188,61.9553185,42.5803303
0.776265404,3.00830248,6.55775668,11.2949432,17.0983954,23.8544345,31.4567597,39.8060567,75.2875128,39.2874465
0.750784604,2.89744212,6.28979814,10.7883146,16.2634638,22.5951359,29.6720777,37.3913608,64.6379617,41.7791885
0.768369147,2.97389855,6.4744802,11.1372667,16.8381698,23.4613835,30.8989297,39.0502277,72.4477628,39.8029721
0.702017399,2.68658974,5.78332175,9.83667477,14.7048914,20.2589904,26.3818267,32.9672136,37.5979035,51.0545871
0.704401809,2.69685758,5.80788606,9.88264326,14.779873,20.3709251,26.5388371,33.1774758,38.9540335,50.5621238
0.737020801,2.83775374,6.14599484,10.517309,15.8182934,21.9258827,28.7266931,36.1164035,57.4765672,44.0104606
0.727253208,2.7954797,6.04434947,10.3261337,15.5048824,21.4556499,28.0637666,35.224153,52.0474287,45.8570776
0.732097944,2.81643885,6.0947233,10.4208373,15.6600733,21.6883958,28.3917497,35.6654083,54.7665347,44.9195815
0.682307168,2.60188092,5.58106944,9.45893827,14.0899648,19.3428246,25.0992627,31.2530459,26.8090335,54.8838942
0.721717248,2.77155155,5.98689119,10.2182076,15.3281815,21.190881,27.6909897,34.7230813,48.8958229,46.9681323
0.716208588,2.74776417,5.92982552,10.1111215,15.1530234,20.9286747,27.3221737,34.2278076,45.7325894,48.1021488
0.709129027,2.71722694,5.85664753,9.97395074,14.9289032,20.5935421,26.8512983,33.5961755,41.6597584,49.5782602
0.698019945,2.66938553,5.74218658,9.75974008,14.5794707,20.071865,26.1194956,32.6161097,35.342378,51.8708071
0.719352042,2.76133538,5.96237601,10.1721913,15.2528932,21.0781459,27.5323747,34.5100232,47.5397801,47.4523969
0.696410979,2.66246435,5.72564636,9.7288206,14.5290903,19.9967361,26.0142252,32.4752865,34.4421475,52.195111
0.710711448,2.72404932,5.87298847,10.0045667,14.9789019,20.6682702,26.9562437,33.7368812,42.5689939,49.2478417
0.737852405,2.84135616,6.15466446,10.5336296,15.8450734,21.9660988,28.7834402,36.1928498,57.9280004,43.8618945
0.689887125,2.63442165,5.65867902,9.6037266,14.3254103,19.6932238,25.5892555,31.9072077,30.8474578,53.4775797
0.693977611,2.65200069,5.70064942,9.68210948,14.4530065,19.8833186,25.8553627,32.2628486,33.0902854,52.6800226
0.697216359,2.66592855,5.73392449,9.74429423,14.5543013,20.0343289,26.0668963,32.545741,34.8921656,52.0331193
0.71464736,2.74102666,5.91367226,10.0808279,15.1035035,20.8545905,27.2180319,34.0880444,44.8339621,48.4267219
0.747236939,2.88204406,6.25266881,10.7182823,16.148326,22.4218938,29.4271473,37.0607623,62.8628578,42.3040039
0.736192781,2.83416735,6.137365,10.5010656,15.7916438,21.885868,28.6702381,36.0403615,57.0251284,44.1598988
0.691530775,2.64148375,5.67553622,9.63520174,14.376636,19.7695238,25.6960416,32.0498912,31.7438951,53.1599719
0.705986577,2.70368437,5.82422392,9.91322795,14.8297788,20.4454523,26.643413,33.317569,39.8589294,50.2331435
0.699632759,2.67632527,5.75877591,9.79076034,14.6300299,20.1472823,26.2252006,32.757555,36.2493575,51.5431427
0.709915296,2.72061659,5.86476584,9.98915994,14.9537395,20.6306598,26.9034214,33.6660547,42.1113814,49.4141029
0.738682829,2.84495398,6.16332422,10.5499339,15.8718304,22.0062862,28.8401547,36.269263,58.3767587,43.715102
0.68058211,2.59448155,5.56343695,9.42607108,14.0365637,19.2634185,24.988317,31.1050545,25.9145106,55.1888387
0.692348654,2.64499862,5.68392809,9.6508742,14.4021486,19.8075329,25.7492493,32.1210011,32.192407,53.0004584
0.744603945,2.87062188,6.22514075,10.6663865,16.0630499,22.2936494,29.2459284,36.8162858,61.5108732,42.7174796
0.698822826,2.67283998,5.75044378,9.77517903,14.6046324,20.1093952,26.1720941,32.6864874,35.793336,51.7079957
0.735376126,2.83063067,6.12885599,10.4850518,15.7653747,21.8464302,28.6146047,35.9654365,56.5780526,44.3087205
0.676192,2.57566142,5.51861433,9.34256808,13.9009682,19.0619048,24.7069211,30.7299092,23.6842429,55.9364052
0.686550145,2.62009047,5.62448598,9.53991148,14.2215982,19.5386669,25.3730422,31.6184421,29.049166,54.1092229
0.685708923,2.61647908,5.61587277,9.52384258,14.1954678,19.4997784,25.3186608,31.5458403,28.6007273,54.2654597
0.679714237,2.59075983,5.5545703,9.40954746,14.0097233,19.223517,24.93258,31.0307242,25.4682438,55.3399322
0.7296631,2.80590313,6.06939622,10.3732122,15.5820138,21.5713028,28.2267094,35.4433239,53.405511,45.3860265
0.757245857,2.92550948,6.35753327,10.916181,16.4738599,22.9119721,30.1203952,37.9969881,67.7151374,40.9266105
0.724869573,2.78517409,6.01959604,10.2796258,15.428717,21.3414926,27.9029971,35.0079944,50.6951206,46.3310287
0.718566411,2.75794288,5.95423745,10.156919,15.2279127,21.0407508,27.4797753,34.4393888,47.0885292,47.6142127
0.734553056,2.82706672,6.12028254,10.468919,15.738914,21.8067102,28.5585812,35.8899966,56.1256956,44.4601093
0.731280808,2.81290257,6.08622116,10.4048476,15.6338619,21.6490721,28.3363161,35.5908044,54.3111336,45.0749845
0.695600047,2.65897678,5.71731358,9.71324708,14.5037202,19.9589116,25.9612372,32.4044182,33.9902923,52.3574913
0.70677994,2.70710271,5.8324064,9.92854888,14.8547836,20.4828012,26.6958317,33.3878057,40.3128436,50.0680673
0.705190188,2.70025348,5.81601256,9.8978551,14.8046928,20.4079873,26.5908388,33.247134,39.4038751,50.3986056
0.693162193,2.64849536,5.69227789,9.66647039,14.4275407,19.8453682,25.8022214,32.1918066,32.6400828,52.8408685
0.742044076,2.85952176,6.19840054,10.6159979,15.9802865,22.169238,29.0702026,36.5793232,60.1708334,43.1377852
0.720142731,2.76475018,5.9705692,10.1875683,15.2780484,21.1158076,27.5853563,34.5811805,47.9935601,47.2899955
0.702813435,2.69001718,5.79152023,9.85201485,14.7299099,20.2963335,26.4342003,33.0373403,38.0498603,50.8905664
0.746341828,2.87816041,6.24330766,10.7006321,16.1193187,22.3782642,29.3654863,36.9775655,62.406384,42.4423509
0.748119499,2.88587381,6.26190143,10.7356927,16.1769435,22.4649437,29.4879978,37.1428779,63.3096331,42.1698934
0.722518003,2.77501125,5.99519551,10.2337996,15.3536989,21.2291006,27.7447782,34.7953521,49.353872,46.8053091
0.716990708,2.75114011,5.93792104,10.1263068,15.1778515,20.9658263,27.3744091,34.2979243,46.1825887,47.9399537
0.683157839,2.60553061,5.58976859,9.47515743,14.1163232,19.382028,25.1540505,31.326145,27.2537086,54.7313204
0.740363578,2.85223738,6.18085871,10.5829543,15.9260317,22.0877104,28.9550893,36.4241507,59.2784969,43.4229572
0.728050235,2.79892658,6.05263092,10.3416976,15.5303781,21.4938735,28.1176122,35.2965695,52.4976905,45.700325
0.71309402,2.73432501,5.89760935,10.0507119,15.0542873,20.7809808,27.1145855,33.9492523,43.9397649,48.7504565
0.675300039,2.5718395,5.50951637,9.32562715,13.8734723,19.0210619,24.6499155,30.6539487,23.2396583,56.0830327
0.690706604,2.63794236,5.66708231,9.61941574,14.3509424,19.7312507,25.6424723,31.9783087,31.2935593,53.3197349
0.742889708,2.86318807,6.20723141,10.6326362,16.007611,22.2103067,29.128202,36.6575229,60.6161558,42.9970155
0.717787708,2.75458076,5.94617286,10.1417875,15.2031659,21.0037107,27.4276822,34.3694439,46.6409474,47.7750066
0.701216973,2.68314389,5.77508039,9.82125664,14.6797493,20.2214681,26.3292092,32.8967702,37.1443208,51.2190678
0.723298658,2.77838457,6.0032936,10.2490064,15.3785893,21.2663862,27.7972597,34.8658763,49.7998135,46.6471919
0.726462837,2.79206207,6.03613942,10.3107062,15.4796135,21.4177715,28.0104144,35.1524099,51.5999375,46.0134027
0.191962478,0.624709893,1.1435705,1.65402649,2.10263811,2.4633667,2.72787641,2.8987491,54.7981039,79.2111288
0.700431047,2.67976094,5.76699061,9.80612423,14.6550765,20.1846515,26.2775886,32.8276713,36.699853,51.3800972
0.70755948,2.71046195,5.84044855,9.94360913,14.8793665,20.5195249,26.7473801,33.4568857,40.7593676,49.9056704
0.677957622,2.5832287,5.53663245,9.3761271,13.9554495,19.142852,24.8199292,30.8805304,24.5729682,55.6408269
0.684870533,2.61288041,5.6072912,9.50783517,14.1694414,19.4610506,25.2645125,31.4735605,28.1558651,54.4199007
