0.139805439,0.559221756,1.25824895,2.23688702,3.49513597,5.0329958,6.85046651,8.9475481,11.3242406,82.998218
0.99707734,3.51543092,8.65672744,15.3210671,20.5850103,32.0661651,21.827593,55.3214453,75.3443767,16.8871209
0.68316599,3.88315344,0.359853787,0.111273095,22.1357949,16.2789083,48.4725381,5.15540689,69.5127815,41.6389762
0.262660864,2.16456039,8.47470076,0.525623113,3.3557233,35.4836449,45.7608977,63.2273654,8.01247702,42.1810165
0.352004954,0.589035679,8.82597547,0.301639572,21.3379459,2.67336012,4.30600779,61.4829255,80.4044404,50.7158226
0.974060473,0.137448898,4.73315128,14.3530206,23.7773096,0.348722125,39.4351302,15.9786327,11.2390309,48.1164425
0.944425602,3.84436803,0.660234068,15.2070879,2.38578253,32.8997272,29.5570144,3.57950422,0.920719094,47.603926
0.255890066,2.9773832,1.97858951,14.4958981,0.874715718,1.93978228,29.8365635,60.2414007,77.4845373,45.3114789
0.992762271,1.42197573,7.07866586,0.243736468,0.74816231,35.084068,18.9622346,2.97352952,71.0150116,50.7841962
0.866247029,0.0552330595,0.679568906,0.914854974,24.9492933,32.7916467,7.0868462,50.4478815,7.01738073,59.1658454
0.688520391,3.84886811,8.83413063,3.97057498,21.0213065,7.34052067,0.178220552,8.29755772,1.33210046,57.8937373
0.206649941,0.662235081,4.91628339,14.1777464,20.9122809,32.6941497,30.7259746,0.593881131,77.6589528,40.3623828
0.854293606,0.450524707,8.92967373,10.7136451,0.363145268,4.87083322,0.127812938,53.7496228,12.5438458,59.8795923
0.950071923,3.4352358,0.0182727208,1.97265364,3.73383797,6.64518798,18.6122407,63.9087227,2.40708618,59.9900217
0.336404209,3.78214357,5.59579208,13.293413,22.4880731,10.1441017,43.4431425,63.8630658,3.2236114,38.2913117
0.342354902,3.83536683,2.27320736,1.41534592,18.3106231,31.165695,2.49839132,60.686323,64.5860066,40.9963401
0.998677537,3.09344699,8.01794366,1.02938265,7.55354064,3.39483732,44.9585871,50.904229,75.148958,38.9934292
0.821869519,0.644022698,0.201337459,15.784312,10.8317545,34.9888697,46.1865658,63.4930182,69.8087758,32.3407381
0.237245933,1.56960142,0.654867408,14.8560518,8.8472848,30.6944746,2.76956726,61.5404903,8.88588316,58.986707
0.233747165,2.35442834,6.47345991,13.2278514,0.778208883,6.27364091,45.0292319,1.6989221,12.3825068,59.991554
0.99506423,0.178034416,0.504949891,15.4538921,8.69448116,4.5284773,8.32725673,15.9397876,75.9504834,59.4678473
0.270538538,3.7648252,7.68871867,4.07938445,3.46002855,3.88772117,1.26542356,2.57795203,80.5440502,59.9995113
0.22978854,0.224000992,1.76552675,0.369989015,16.2584074,7.27608545,45.1454415,56.732658,42.7571534,59.9818399
0.930021401,3.47874619,7.39632098,3.49636772,17.8942869,34.9631815,46.5393881,0.64735514,0.12381677,39.9844643
0.83001493,0.243684586,8.11539252,0.714861468,22.9323274,34.022556,39.6058804,52.2860804,66.0068083,33.4678188
0.728984379,0.161837017,8.98818466,14.9680102,23.9809898,33.8326679,7.6893095,27.7221443,7.69381294,40.0316817
0.20222615,3.25960842,0.537080907,15.5000834,21.721649,1.08639745,9.63924605,16.7292202,20.2559821,59.9966861
0.363657939,3.99595113,8.8891224,15.0757282,2.75622142,34.2912825,13.0451178,30.4264497,21.9454499,40.0007448
0.824180974,0.0384939779,6.67864392,15.943836,0.0815812149,30.4350906,47.0512406,36.8342179,0.886106464,41.6257676
0.754151444,0.0932975356,0.116281753,2.39541791,5.92014983,35.9398234,44.388402,14.2006379,17.8730442,60.0099993
0.971739807,0.123755282,8.89879957,0.22112833,7.03724672,0.00808473118,37.9478825,7.91687483,3.68962819,61.0459535
0.822629431,3.73136806,2.48189477,12.8095829,16.6563948,27.4000137,0.0408372875,0.460134238,67.6807419,40.5613113
0.334565086,0.141631594,0.904950567,15.1185418,2.08108099,2.48867287,42.3644076,63.4745941,1.90325692,60.0786352
0.306776951,0.000844640658,4.94071995,8.32039623,1.40546316,31.1318065,11.2591531,56.9286333,80.417,52.0039241
0.219324267,0.73182899,8.6621211,0.478782766,23.2842885,20.2128986,30.1983828,2.8992374,29.720557,59.3299628
0.856316216,0.42655294,2.41935437,0.157984495,23.8209554,12.6676765,2.23080276,10.5822102,79.9958923,59.9323071
0.802028851,2.79556545,2.40430683,14.5509773,22.3047591,1.56363968,0.125333029,63.3106505,78.5989942,39.8807607
0.283614973,2.86738726,0.399593043,3.4849408,17.8125062,35.7003168,4.38815564,8.79260529,1.66685913,61.1817575
0.993926615,3.69847226,0.502485255,5.81276624,23.6909768,34.9159669,44.4484789,53.0077213,26.2900513,29.6639158
0.868558344,3.44037531,5.37252757,14.3482027,22.2556372,0.710944712,44.7094822,22.5541607,75.6581756,29.3065755
0.972948575,1.38679433,8.66751869,1.7539566,10.5446986,35.640152,0.0465360708,61.5598258,15.1777962,41.7692473
0.959156436,2.16890368,1.71918344,7.67301589,0.590687769,3.872647,48.4258815,4.94989261,71.9446306,55.0877155
0.332113144,3.30245442,0.790699431,9.3961437,1.54248815,35.4215736,46.8054893,18.1021094,63.4747237,42.41858
0.339206434,0.170145823,8.19189735,14.6109919,23.3463255,9.63628734,39.5829077,59.9889057,52.5715767,38.6825582
0.20277476,0.141592693,8.43386707,12.4512559,6.65222991,5.8004849,1.02049325,1.86778057,40.2316761,65.2040611
0.234312484,0.359653128,1.55279326,12.0823896,19.8771251,35.7729489,48.9351463,48.3305881,5.30754084,42.9719249
0.966198952,3.62313978,4.74812946,13.8876053,1.53366164,1.80179515,9.21611663,8.19232545,30.8986968,57.8752886
0.212943343,3.75503722,6.54875527,6.98644182,20.5120904,31.2533939,48.7169545,58.585088,80.460487,20.5355213
0.370107314,1.57452281,6.76084126,7.92713125,23.898225,10.7526901,0.629666842,62.4465232,3.43710262,54.3463002
0.839951164,0.236823069,0.641973124,13.5863079,14.1815616,35.2889325,1.48143817,8.53075776,20.814033,59.8541112
0.21110019,3.84354503,5.53806625,0.496867888,23.2165501,0.802511674,32.4130937,44.2319474,58.6480064,43.1799021
0.381923171,3.93093583,7.28653705,3.2501303,1.46879904,15.9919362,0.6412728,61.2205131,6.53535917,59.2364897
0.642608759,1.30166973,2.61703995,2.82743198,1.0144627,0.1073239,5.16240299,45.0705362,76.5718326,61.0194542
0.991904613,3.76332898,5.10796645,13.4972394,0.159974,19.7035578,40.4196589,60.3523357,7.22094345,39.0680059
0.688720172,1.27970039,8.83015372,13.1442506,5.3425179,24.0456279,47.4590266,28.5517286,77.0796093,35.0470646
0.369630901,1.54623361,7.98363882,0.0314641372,1.27773923,35.9470461,13.6155871,9.36759443,1.46749921,61.9620624
0.915741318,3.45734882,8.23855319,0.646263652,21.4893698,31.4464312,5.67443264,21.1452887,77.0353592,37.997949
0.872966176,3.77010066,0.184052873,11.3362295,0.0132370158,32.3633157,8.50375279,50.3812598,47.8834489,41.3479193
0.825339951,1.95419489,0.345388168,15.891453,24.4551353,25.1401872,47.8109858,10.7594899,43.9763317,39.3731492
0.998875208,0.382465463,0.218344156,11.9293055,24.7473118,4.41886735,48.8688039,63.983267,49.0659064,39.8714334
0.349944678,2.08080132,0.0626690048,0.494157896,2.04961348,32.9093447,4.56949647,21.5865468,67.1937744,61.6627826
0.994721243,1.11973486,7.6135175,13.1354068,23.0977494,5.57773933,1.4494479,10.2802862,56.6621887,42.2903658
0.3325454,0.362170451,6.74721569,0.807291352,0.227729569,3.52924318,32.6532345,3.80330029,63.367345,66.9812618
0.847974129,3.60477238,3.17117816,15.9846887,22.9099094,31.4590688,0.774549389,42.9081805,7.32680716,39.5864226
0.825859483,0.881308649,0.347548931,0.453114003,24.1985172,6.44922736,43.7791103,15.0302413,6.66519348,60.0481785
0.235183607,2.92352905,8.4436302,0.164832108,3.64568092,33.0611915,48.2454832,12.8476192,73.3259991,40.7630687
0.824171469,3.39954919,0.502339904,1.46982002,23.8517673,2.37972967,0.158585766,25.2747339,30.9475326,59.9997554
0.773922603,1.26878622,1.10258721,0.325647831,1.81733992,27.4060269,39.6002183,55.9918162,79.0435841,45.214345
0.618368008,3.64447288,1.47531653,1.14642203,6.11725417,18.2748633,40.3270644,11.717264,5.13284558,60.0000514
0.812225703,0.309565492,6.45125858,5.87193059,2.40234641,1.77994726,48.4196912,61.0615823,27.8616523,52.0881683
0.995292787,3.54351388,8.63489812,3.08046898,21.003261,2.60375856,29.0871014,56.0491546,2.70964968,39.9974413
0.932357279,0.515158437,5.10268033,15.5525926,0.663344947,34.3274636,7.73188527,2.34540814,75.0194845,45.7154446
0.232806977,3.14748059,8.33918689,15.4916271,24.6517475,31.563994,0.0646026624,10.1576444,39.9049802,39.9993903
0.21142224,1.49438165,0.162744482,14.6604641,22.5312532,11.1930844,30.1740544,44.841824,71.5530408,42.0306304
0.229116088,3.01635641,8.77977061,11.7414974,17.7294537,5.65718695,5.90860064,41.6012896,71.98196,40.1329407
0.883987843,0.734709539,0.592244202,15.7303189,17.921392,6.96372397,4.5035121,45.0976517,5.35715241,59.4792622
0.829843422,0.713595644,3.15447353,12.8650642,23.6463626,35.1585706,8.29697206,55.1306666,67.221399,36.9405016
0.225383485,0.0809188933,0.00863763504,2.08485714,0.302970712,24.5214147,4.6499465,59.6256787,21.2386796,76.7458781
0.644546361,3.56278921,8.54617049,7.9776487,0.533947267,34.6344802,24.104647,57.2104001,79.9805436,29.1102057
0.257588367,1.15071195,0.0352993752,14.7139539,2.22307367,19.0067802,25.7989616,2.80438304,37.0394856,62.2506978
0.313702837,1.61431097,8.37990093,15.9910341,14.5473984,33.2987936,44.6768093,9.31813297,2.35513222,40.0891045
0.343901779,3.82878056,5.20838167,5.81465957,23.4115094,3.22327206,40.1984912,5.27806521,5.62182444,55.3707774
0.864701544,0.155391403,8.24243344,4.58446998,17.479515,4.61988415,41.3681352,17.3030427,76.2392992,41.410628
0.925628509,0.153425764,5.91034875,3.9668579,23.4075028,14.2564353,37.9852909,61.1061201,3.24019972,41.59287
0.341772344,0.67115067,0.0659402814,2.23699486,20.5821051,33.7545019,32.5496613,34.1646415,77.3675927,48.4332291
0.348591921,3.1376705,6.36334378,3.05577418,22.4948471,30.0895075,30.4246215,41.2902744,17.2661071,40.081416
0.951427181,2.54653965,8.30657909,1.19969066,5.00132165,10.3866028,4.94581452,26.5204065,41.0967338,57.6149144
0.273336918,3.89433813,0.317173647,4.86663756,2.46479861,1.25305156,0.051114725,34.0704426,17.6286738,74.8309947
0.352471292,3.94003088,0.222759605,15.8589756,21.5683275,34.3884733,31.4022733,62.7044591,63.0839387,24.4103897
0.246711467,1.91847499,8.57066995,3.99962893,9.00524089,1.56045516,25.2756409,34.8698935,13.0355322,60.0022275
0.241622522,3.7989171,0.899173613,2.50828083,19.8061029,8.88587608,23.0291105,63.0328506,1.41675786,59.0314282
0.986910652,0.0293370709,2.40333873,1.62509216,1.44356641,17.3096406,9.7036609,22.7640586,4.47069162,74.0642083
0.8374927,2.95924399,0.0310555757,15.9129975,15.2317824,0.815695318,40.0046984,39.1387231,15.8444029,43.4126067
0.967627532,3.66371012,8.94600476,2.67011209,19.6467021,3.05565348,27.7231719,3.06866744,69.7279832,40.0000243
0.999553961,2.01370446,0.744402588,2.08763109,23.1496418,1.48338512,26.2064049,50.9995633,78.0382994,41.5160952
0.271378546,0.236900454,3.56836216,11.489447,23.6494595,2.11064459,18.5160689,0.745489717,62.5796781,59.999962
0.245983346,0.968385848,8.23712154,5.86958327,15.7595142,29.0236644,0.989249926,20.0143665,77.7834768,50.0008657
0.94543591,3.76538842,1.98727475,2.0030257,1.33262968,32.4101786,2.54823092,2.76516116,12.7367204,60.0929953
0.851013909,3.96310722,8.87167409,5.73572657,0.556913915,14.4751211,42.6856724,11.8812997,11.3947023,43.7804709
0.216520992,0.273232889,0.506605472,0.921179027,16.024849,6.67637984,46.1633243,1.29438543,74.3377321,62.3532059
0.822485063,2.02579363,7.90545272,15.9003112,7.07889574,0.00111856498,25.58851,54.9704866,61.9750006,39.7323882
0.22912827,3.83530769,0.0366110341,5.90515536,24.9157317,12.5306922,4.55200344,21.5795406,80.1624153,53.7593346
0.94650829,3.85933499,8.64723051,3.56108556,17.4453518,5.80066191,5.06978627,59.9481008,75.5960378,37.2119143
0.944838508,3.60324757,8.50935391,11.9309849,18.8477286,34.234814,44.2623544,63.2046912,11.701358,19.9897179
0.935576678,0.948892318,0.0746802385,7.37914488,8.26251371,26.0178067,34.4051824,62.5648109,8.57754253,50.4192072
0.309505154,3.41246565,2.94791589,1.10634691,3.70694513,3.78262567,47.0802411,33.4523812,73.6220168,56.0046488
0.378836289,0.406020686,8.9767649,9.7559668,0.834439765,35.1779506,10.6379924,53.2090124,15.0244123,53.6275584
0.29445742,3.78342588,0.087240336,14.6636938,7.34757348,22.5612429,47.3788523,60.5658237,12.4024507,40.3258066
0.694828017,3.89789604,8.862252,12.2123336,7.32810607,19.4093681,23.4781737,0.868109942,78.8785509,39.3297068
0.388647092,3.96668457,0.151977223,12.9443448,5.62904817,10.6742103,18.3095127,10.4221281,76.8326072,55.8712865
0.758853222,0.184417436,7.88365486,4.59950353,12.2746468,35.9846627,41.1407825,18.4576697,12.7244383,44.8929791
0.983088971,3.10531833,6.94156014,15.6467031,22.092426,10.6613609,18.3651238,15.1974876,0.220331899,40.0201952
0.950676917,0.107781151,7.82507453,14.2714636,7.01251107,13.3539482,21.516238,4.4562493,20.4802981,56.8491714
0.947879182,0.0216576159,8.99898885,1.78783544,0.234812161,30.9426958,46.1247271,50.0093954,75.8219784,39.8423362
0.243413261,0.186727399,5.23664227,2.21616471,23.5629172,31.6072474,9.53633016,61.5196315,51.1903361,47.3976577
0.857859705,0.192250628,7.1016901,0.187479802,23.3953514,8.16539588,5.18395643,6.21149835,16.0137196,60.7594399
0.954000273,3.53036886,6.54638082,0.0398409888,21.2617177,29.7925113,47.2815743,37.1195584,76.4655389,22.0062313
0.999079895,2.14316356,0.337430234,2.11546064,3.97952513,12.7856766,6.62398056,1.62118518,59.8126682,62.1940195
0.900598229,1.41772999,8.52277449,12.9259708,23.1108825,35.4275696,36.9714075,12.3364707,54.5016596,24.9947671
0.213549147,0.4820541,4.23731941,15.3374217,0.0715021976,2.5019057,2.08117807,54.0210763,35.7268944,61.6709921
0.965851491,0.264025895,3.33724066,1.78446443,11.7089885,25.8772226,3.3760579,63.2229229,75.5141867,45.9213517
0.995263544,1.57756122,4.6608797,14.9424126,1.76239451,29.6130377,8.6079327,33.3385208,0.655925984,51.3461686
0.341503476,2.59571259,4.81831653,15.014965,7.0565764,35.8265836,1.89355659,31.3543077,75.7469543,40.1625285
0.341878916,3.83575345,7.89353038,11.6712809,23.7781584,20.8924718,43.2484307,13.5509752,49.662936,33.3351742
0.319866241,3.96762569,8.74120965,11.5743448,3.14648779,11.5492181,43.1594761,44.8185004,61.4290922,38.757513
0.307942949,2.38860084,2.73223089,4.63046731,0.412499055,11.3351289,45.6118597,55.5430508,10.1935435,59.9187658
0.25525978,0.604512167,0.0809608279,3.03757299,19.5144104,5.32064106,0.0195012586,44.0916294,70.8945346,62.4446824
0.984682248,2.21819762,2.80667027,4.8129839,18.4694534,23.1879482,27.0121852,11.4901775,34.6958916,45.8512735
0.987753164,0.669741871,0.791163838,7.27223379,0.676981162,4.35224435,43.7880057,18.3012849,7.20851016,62.2398813
0.705835489,3.90825137,4.45671971,10.8235246,10.9032288,0.816267584,4.09596798,58.6890491,23.8539884,47.6182711
0.283881803,0.805863874,0.346808658,10.334417,16.4798558,2.78834265,37.6686913,23.110399,0.603457349,63.2141821
0.944308247,3.95482432,1.64760369,12.9336648,0.162105437,35.2887542,46.4022328,61.8137991,71.5352458,22.3286938
0.219501129,0.621868307,8.41643272,3.52849363,11.5506747,10.3539315,41.5507867,58.8704742,76.0136451,41.4365557
0.248466241,3.88843808,2.20237356,12.9642422,3.15483085,33.4685119,7.18681431,4.947797,27.3681592,59.4598857
0.987335818,0.612364603,0.0267544901,15.4003828,3.48983787,5.33524344,40.0664254,50.1694992,79.4467688,41.5398679
0.262826404,1.29350095,8.70866435,15.1498427,24.0719265,2.68994313,40.6621393,7.28120023,9.02684837,47.9439266
0.777480823,0.480792167,1.51638504,12.2369728,4.3774891,32.3413165,44.2451608,5.76882988,76.8536535,43.1745352
0.270781096,0.071503833,3.97107162,12.09015,23.6742154,25.2547431,22.4141789,4.05605427,12.7879408,59.7887903
0.272768771,1.69896387,5.59311366,13.2644672,12.3433498,6.73854206,47.1984103,3.50284788,71.3361288,45.2005615
0.921410276,0.570038442,1.43120679,11.1865901,20.3427518,0.905914838,45.8839823,13.179046,76.2226549,43.2051092
0.291316119,0.600058776,2.67264622,0.293247491,0.954039954,13.7512922,46.2333708,2.95530391,7.3315058,78.1045003
0.230079265,3.76885555,7.09944928,13.23383,7.78124166,6.23323123,2.60965176,7.07552788,8.0963014,60.0057912
0.35384179,0.0758377649,5.86195894,14.1223991,17.4412444,14.391904,0.994104009,62.571198,63.4382492,44.1576559
0.923248268,0.134540722,2.7583018,15.6059047,0.686736126,24.442656,15.9504014,63.2105148,54.5768723,42.0216024
0.322836253,3.63561743,8.59972862,8.24701681,24.3931066,35.9168405,8.62611041,48.3756621,73.0943989,25.5284006
0.306758094,2.73316065,0.519982327,0.609724783,11.9444105,35.5773828,34.1278858,55.3485379,3.64156591,56.7559987
0.989924724,2.65935913,8.65996439,0.0380861685,0.178490218,35.8345431,36.9756027,40.4301717,27.7121886,40.0027562
0.210315935,3.11970585,2.01663229,15.1801131,19.0007523,29.7272817,25.0770225,26.7968242,7.87702272,44.3093967
0.616947206,0.126735311,4.59083924,2.19569086,10.9005451,7.86375774,13.8511816,61.1375875,24.594109,60.0282252
0.219378844,0.400956121,6.45641488,15.9377035,14.0358374,0.4594702,24.9296283,55.1999608,2.2028996,58.6367381
0.986730558,3.92197513,1.4310995,7.98103445,14.4467849,10.2427715,46.632354,57.434373,65.1895791,33.4369211
0.947638329,3.82958834,8.75521743,14.1144228,7.97394961,26.1664958,5.84544793,63.2730507,7.80009273,35.9211744
0.604657209,1.89486643,6.79527645,12.819952,13.9580865,26.7263773,24.8041309,52.2809158,37.1476169,39.3234498
0.373360131,0.254894247,0.0171360131,0.00884070993,7.1653309,3.91157706,7.99729894,4.70641449,76.8340511,79.7663323
0.974416725,0.0876101889,1.04500136,7.71189011,21.4642506,35.509219,42.7976448,37.8986995,44.8577534,39.9954343
0.888720783,2.92082327,5.12250027,15.7546703,7.41285027,18.3951782,48.6735975,2.81143159,24.9716677,40.009183
0.23732662,2.99399534,0.179351786,14.871935,0.955004094,1.08548689,37.809106,33.4947516,2.89884302,60.4051464
0.992333869,0.621375131,7.76660175,11.1566178,8.24146915,20.6956646,0.0485660895,42.1227967,68.1465734,40.5076081
0.215691308,0.495262675,8.72951037,14.0103758,0.603543176,27.0002209,17.3035629,7.81361303,75.170799,52.9974619
0.257616183,3.02074462,3.72327196,0.0566949994,13.8638348,13.6401455,2.62173169,16.2539557,35.732318,62.2658084
0.872075426,3.88676149,1.80096401,3.20386889,11.6006735,32.428265,24.2959334,32.3292393,77.8679788,39.888706
0.683226367,3.94219029,0.88250948,0.598800868,0.0721714576,18.6993908,0.900403636,53.6606072,63.0590603,59.012657
0.688304578,1.34015694,0.0398555137,6.84732344,17.1327886,1.12036528,2.69393585,1.27981046,7.30820565,77.0655356
0.221456981,0.109943353,8.59033952,15.708995,7.9356712,35.7491801,44.1951288,59.467509,58.7550619,35.1761426
0.357782267,0.986259366,0.137616546,15.8600813,0.603766169,32.3971286,47.0138252,47.4901984,30.0762355,47.6330368
0.22057255,0.65141951,0.917316586,0.604189411,16.5803627,23.26495,24.5190745,2.72377846,23.470432,70.7705413
0.753417436,2.74741325,8.4924339,2.37595607,19.8339754,35.4604589,5.35336643,13.0998118,10.8051441,44.6373671
0.90270776,3.23726987,1.78810845,3.09105018,23.8755667,2.37530625,45.9676775,58.4559196,5.87385001,40.9057871
0.271185876,3.2841028,8.81056358,3.8080901,4.01610983,34.2112876,45.0672492,4.25385294,8.2345221,49.8223748
0.668515449,2.9566212,8.84819015,8.05664257,24.9870787,11.2768798,36.0961,61.5881458,50.5823679,25.1449927
0.94971762,3.61615054,1.44489324,4.12552863,15.2494561,32.5559207,4.57327079,40.4403736,1.72049542,49.2695271
0.237217221,3.63933701,5.25855533,0.959072203,11.1351781,34.4711771,12.3505469,15.2050555,80.2001151,46.2505737
0.247873607,0.0468340088,7.0631679,1.17850467,23.6374488,35.4279264,45.1332697,45.536154,17.895514,42.4056629
0.361220145,0.107928269,4.38842564,2.25739814,6.39158433,33.6352578,48.6971517,7.8747294,79.1990181,54.2388902
0.215079078,3.33626152,1.23149895,12.0939405,23.2148711,32.1677833,43.4665444,1.58343956,66.9119183,39.9762895
0.225452043,0.689961667,0.417892314,6.25087522,3.84354135,33.6952845,0.881097397,13.8500643,12.6960218,77.3669437
0.349856513,0.153672746,6.25012651,12.2243686,23.3801802,0.991970798,5.51686884,18.304811,1.21327129,61.107755
0.276118202,2.87450177,8.44044363,0.953105577,4.44598273,34.0296253,5.32603027,53.0163925,48.736874,46.6587595
0.234253446,0.390682139,4.93808596,9.61905307,5.35148718,25.1207797,44.8406549,22.0564821,19.3582869,59.4646263
0.241246747,2.53633629,0.459092595,5.27865321,22.3821462,2.49319415,47.7941427,25.0202679,45.1104884,56.968097
0.920388503,3.87830851,6.14490944,4.4318184,8.70595904,30.3172208,45.6385634,1.74336761,66.7990226,38.4647005
0.227103334,3.7029712,8.63334461,4.6628364,0.4552042,0.888458586,38.5513641,7.54575265,47.4163316,59.1978237
0.273697979,0.167759778,7.96182703,4.31441883,0.683295622,13.1753151,2.06897247,42.0837594,47.7697732,61.7861368
0.619581945,1.25497141,0.685231054,10.094787,23.5700616,24.5153799,13.5981617,10.8447183,74.8999078,47.0376076
0.89778343,0.184448551,0.0603103456,10.0195184,21.9473285,27.0009988,35.0991301,0.102956742,3.02986121,59.026841
0.71366883,2.52807824,3.17465609,7.90209269,16.3622898,1.44618211,8.14310986,5.54768685,70.8406363,58.5539496
0.301278709,2.36502465,2.18082676,9.1651034,9.20743925,35.1813786,40.0582906,63.5960457,74.3436009,38.8472557
0.204199707,3.9379177,1.31133453,13.5101825,15.0570387,19.6548368,3.86853362,58.0499974,38.356761,44.1373745
0.228078701,1.27489122,6.96746511,5.66410423,19.6870696,8.03231636,47.83082,62.1610734,6.53175931,45.4668454
0.898772156,2.6545227,5.76670729,0.0878866688,7.98631598,1.45834537,41.3923178,36.1607859,13.072172,57.031065
0.359958072,3.26128866,1.0765476,6.28549291,12.9365939,0.479952889,3.49560806,63.5881109,67.5594327,57.3450678
0.212365219,0.888974423,2.23453667,13.9695081,2.37998339,0.548288986,47.7654633,35.4505954,53.3547129,59.6451744
0.925076783,3.06194524,4.7556583,14.8426274,6.30985112,35.5216484,33.1351732,23.3229705,67.2869978,30.9516997
0.693842095,1.61634348,4.24089684,10.2279694,21.0664797,20.6269546,45.2237692,48.1817268,78.8255635,30.6007619
0.809489223,0.341458323,6.50256435,2.8426625,0.982237654,12.1942875,1.89229098,3.57157338,75.2208644,61.3455818
0.928244568,0.0258426555,5.25939829,10.1459564,17.3259666,32.429821,10.892053,62.3473665,0.238507495,41.8562407
0.675233613,2.60530902,7.71471691,12.8835991,10.3915503,1.13071284,43.4067316,32.5731287,0.72750786,43.2734148
0.963527002,3.99328301,6.99188296,15.2477635,20.5630951,5.67227513,8.06874213,37.0271658,55.1513773,34.348624
0.660204163,0.205447504,2.15146423,11.8388767,0.00167466933,4.53048109,5.16645019,5.91447822,15.9916343,78.5798632
0.811038885,0.522172719,0.353016802,3.82825924,8.67660637,3.92159633,41.2001691,42.1113995,68.7123651,58.4671493
0.902189359,0.386259725,8.70121447,0.554001317,23.5939524,26.7238155,15.1988691,13.5747373,69.1152515,40.8138157
0.669908333,0.597407589,1.41603423,5.84421333,24.5210477,0.358479213,17.640184,37.3191979,30.0709754,59.997657
0.256458478,1.19053896,3.12382249,9.03923662,3.82803787,18.4787624,0.761341786,8.9748841,71.984976,61.5307166
0.236258662,3.19732558,3.2649219,0.96410814,18.3836006,33.3717164,46.8727859,23.3950486,61.4869875,40.1705432
0.927500998,2.03710039,3.47923476,4.44183412,21.728316,18.4425272,4.83934631,57.3301266,34.7267753,42.3475098
0.949571585,1.79853381,8.90475731,2.23308674,17.9514031,13.2950885,47.0294779,7.09911433,23.8121987,41.4986058
0.99263293,0.726597732,8.83819414,13.3847353,20.6983392,2.86059883,24.6151047,62.7780019,7.43870875,39.9903856
0.214197978,0.101634447,0.382823215,14.4173643,13.5031505,32.3297042,23.5994205,38.4777996,51.1041468,53.5638479
0.893906248,3.52925522,0.433173068,14.8262312,0.73060242,6.0982237,1.15108966,52.7201848,65.9977834,47.5502485
0.818910104,1.6884497,3.99182145,8.07671514,2.11144026,17.2460318,24.5758916,33.9730529,52.0167727,51.6041334
0.989467292,3.90711248,6.38880448,11.7990269,3.50868777,29.5420087,0.73582497,24.8297401,42.3252511,40.0224097
0.976371636,3.51235425,0.310399439,10.4593227,21.618825,32.5321013,47.6747237,27.5351838,80.7900701,22.2711351
0.39093314,1.65312902,0.313793867,15.8818054,21.0989313,14.0233957,47.9270905,63.4906454,19.3347987,40.0446636
0.943041098,2.766955,0.478708805,15.3935687,24.5461658,32.2694888,18.0992713,3.20290941,9.2371374,40.8143809
0.294217692,3.66702194,8.18497439,15.7593011,4.02093241,6.92790461,18.0928875,55.067072,10.4782393,43.6207178
0.269298795,0.419377133,1.06083409,0.779722713,1.24944123,35.0764988,41.8071174,53.8421389,36.4856718,59.9701865
0.864043759,3.93383804,0.0357757858,12.9486795,19.4631977,25.8685905,1.90639154,57.1071072,69.8011532,36.8678163
0.843754885,3.95342087,2.57519367,0.497949064,1.60924814,31.1523412,40.0139584,50.413951,14.2699363,42.9788237
0.216330756,3.48403766,0.497134416,5.93444279,19.0312351,11.4740006,37.4691843,59.5332662,80.5004148,40.0366042
0.932288771,3.90952796,7.73199582,1.16225646,21.9443838,27.7322333,4.96174855,56.3042652,2.25872757,39.9786037
0.386878624,1.07615262,6.51849037,14.69806,9.83497469,30.8443532,1.42051427,15.1292228,6.13497759,59.4765013
0.261876573,1.43821678,0.24605933,8.03405589,6.83966166,6.03877123,13.1048161,60.9238072,13.1981281,64.3448935
0.772173438,3.6758663,0.640967162,15.5290428,7.22247211,18.8478362,15.7666116,60.6568046,3.68960401,42.9660867
0.91993911,1.66648831,1.50527997,0.427592002,3.96684145,29.8141865,4.12803118,58.5403575,19.9822761,59.9038182
0.899749726,0.37454892,6.84830914,13.3896234,24.0625346,27.3870102,45.5713891,63.1331826,29.6146156,23.9683898
0.284894162,0.86469098,1.93793999,15.9244076,14.8737211,10.9884412,3.7184804,28.0816929,41.7806346,59.9982908
0.355319286,3.40495455,6.91011391,4.06139592,6.06448889,1.24534603,19.7778234,50.7787069,78.1224778,46.394667
0.287693973,1.09040564,5.50700165,0.314142436,24.6748762,15.3277121,44.7215713,31.9329436,72.1185281,42.335929
0.984273645,2.74858068,7.64001242,4.77992029,0.187981641,13.5467142,21.2680471,60.1692351,0.423945687,48.1838344
0.626517469,3.5163985,0.246662919,10.0687655,15.2227605,34.4684455,47.8605102,9.92006806,8.33272895,41.6724626
0.281638955,2.02369114,0.398126575,7.66816725,23.2609427,31.1965285,21.8511809,61.1225506,28.7398438,42.9168025
0.267563572,3.7638058,5.13928729,5.3360323,4.21082472,30.7167216,21.6954055,33.5406438,7.08724181,56.270336
0.927474521,0.25707097,1.33153037,8.94391397,0.565786835,13.218234,3.89195016,60.0899375,14.6548836,60.6473049
0.303561838,3.85524637,7.03293867,9.95601172,4.20164998,24.6689765,48.3030531,60.6226793,6.79812057,39.9370987
0.947593888,0.841918832,4.79207435,14.9219587,14.6241935,19.8999877,25.989034,15.2734958,78.0174501,39.9818823
0.893555871,3.97407513,0.631780005,13.0249638,22.7615234,4.21016631,27.5832163,2.76317582,51.5058119,40.9672184
0.289474353,0.781794299,8.13775501,12.8860655,0.160821318,4.21039837,32.8918973,58.9296568,38.9082987,52.4087675
0.295712875,0.185152052,8.66371256,0.0301745013,17.4106915,30.9493361,2.03054733,30.5749612,21.9881893,59.996592
0.820191246,3.8170799,3.73935975,0.745407708,0.105240638,27.0423502,1.06176206,11.8007017,78.9670165,56.5294782
0.803648167,3.65895311,0.0559133794,6.64207694,2.16745554,4.93234454,35.272668,33.6068518,38.4227772,57.798441
0.666322504,3.52926861,0.939265236,0.410356127,1.3366017,20.541347,46.8485292,2.91242594,67.258751,57.1044369
0.744669415,2.63545874,4.84901456,4.24490578,0.205362332,2.19559166,1.78172049,8.32820875,5.32123732,74.0905294
0.879695793,0.188777996,1.78151415,14.0592614,9.38382834,20.1641188,41.3015838,28.3665891,26.9112524,48.7295218
0.96092602,1.13450616,8.201214,4.98430264,17.4601701,4.43257542,19.4571918,52.2741376,54.9671353,40.2291639
0.930508952,0.255831095,8.44471478,0.571260162,1.82740957,19.1126854,47.5075791,6.37749893,64.0716048,51.4892497
0.346702951,0.145969819,2.95819591,4.26441763,12.6048015,34.4137807,22.3399621,38.848905,7.0186357,60.0000378
0.361423728,1.79440108,5.62265053,15.8000504,24.1372279,35.1217505,47.99302,38.7744048,42.2980406,26.3137385
0.295122547,0.498572702,7.90064887,0.365325101,18.7796417,6.38969851,4.98564684,4.91944582,72.2998566,60.4705843
0.896210226,2.42108576,7.17394169,15.0009046,12.8174751,33.5569446,21.189676,3.76647633,9.07169699,40.0346917
0.285704897,3.36881003,8.07779909,13.4565638,6.98207447,32.7249288,48.8339488,2.84384871,66.5278466,37.3497738
0.88513944,2.15428125,6.76119001,2.34759756,0.112678018,27.0423943,2.06919579,46.9859466,76.9567104,43.8464454
0.978285465,0.175266525,3.83508742,13.0030002,20.9749357,1.07110046,2.70232704,57.4832409,51.6752106,45.3262265
0.89270522,2.78651321,2.0868044,15.860681,16.3529647,27.7596449,44.034598,55.4946089,32.7687579,27.6274905
0.839453219,2.76099992,0.282697123,14.7387531,3.47482567,2.00882321,41.2303438,0.507243902,16.7673244,59.9469586
0.877865557,1.14563713,6.12733277,7.25652016,13.0222703,22.0279647,0.00333097577,9.12158016,33.4096076,58.8111444
0.303297999,2.11790744,8.25832244,15.3336571,1.2117406,22.642964,5.84835327,63.051073,65.0317985,40.0270312
0.254234932,3.70600956,6.53084731,15.9123517,23.2745838,1.33823518,37.7282232,49.9557849,69.4530541,30.5100924
0.93898458,2.05533375,8.98716408,0.473971151,21.9267742,33.5424743,33.1631356,61.1522492,12.468389,34.7307707
0.229348047,2.61052238,6.86160031,10.5181324,16.0185761,34.8605629,2.01439548,60.0096292,7.38842078,41.4927641
0.271001025,2.85692411,0.72793131,5.94048768,2.77563502,0.140912013,38.5306134,0.0250155926,46.1156599,65.5679264
0.963126955,1.09893552,4.07077937,15.2691103,6.15222899,0.738209803,31.4309942,53.1857471,6.14044229,50.9014184
0.716432215,0.30495326,3.03626035,0.76025334,14.9654554,35.1477971,6.84002565,8.24317679,59.5759328,59.9149665
0.329157161,0.577602789,8.48267096,14.66814,24.1089808,35.4821659,11.9257738,34.5867201,64.5527494,38.028882
0.219655326,2.98823875,7.4895639,5.51201962,0.802789815,25.1833293,5.73785973,5.49670142,39.3113226,60.00111
0.789779589,3.30220579,0.388584637,10.5635529,8.80205721,16.092835,5.82266104,11.0551049,14.1083388,60.0000999
0.719226729,0.174568117,4.42426084,0.981348642,21.1353447,31.3033476,15.4666369,3.61382336,1.93532169,60.1152246
0.268193612,2.12014754,2.96934672,1.44059554,6.38938869,16.4962141,21.600399,59.958744,58.9910336,58.3140333
0.391574763,0.788163195,5.98233375,10.8149171,9.86203187,1.68437025,17.9813196,37.9269036,77.7969484,54.4525722
0.804449571,1.5357417,7.22414307,10.9734097,22.0259685,22.252694,44.9545297,25.8368911,0.795021827,39.9725265
0.238813408,2.94781292,8.75656833,6.47820219,23.6628119,1.26694108,23.790421,7.32252038,77.9625053,42.4503207
0.221150509,3.50640017,0.152142163,1.87257819,0.658802234,32.3843813,0.404519654,48.0154461,24.8093146,61.1136154
0.231421454,2.00147727,6.36401723,7.17793305,24.2511547,20.3851374,1.36757456,4.99678555,16.4212312,59.9480224
0.992702355,1.3939313,8.55770252,0.544512265,24.4025509,12.4879269,6.24449778,55.2152126,2.63037846,46.2963811
0.28314793,3.46902687,8.85274776,0.233965024,19.1408846,1.21931621,12.3146933,60.1467944,9.07971449,55.1909452
0.278332196,3.71686193,2.92158519,14.3684035,2.74553319,27.6138752,41.3794806,10.3578976,6.5618892,52.3202922
0.288312938,2.70220921,0.0681223967,3.43666144,24.9512518,8.1917391,19.8164712,3.17616832,7.41785619,64.6487073
0.239738193,1.11926941,8.01207565,1.69855052,5.52893254,35.6677602,43.6177477,56.7984844,65.9726037,40.0115144
0.308978286,3.99222802,3.09660564,11.8241225,12.5416117,17.0907317,48.9020675,26.1867747,72.2945261,39.5923063
0.860474369,3.97090762,6.84966025,5.75953868,0.885187358,3.37524388,37.7353289,13.9407088,77.8260387,40.8820645
0.993800627,3.22855631,5.2783654,0.866252296,23.5974065,2.31967605,47.3602858,36.9930562,58.5927102,39.3189346
0.315767434,0.413060148,5.17927311,0.0767553077,15.666337,5.94148362,41.5345277,21.9529739,4.59617381,63.2953773
0.649318684,0.396501051,8.98463624,4.94462414,0.465584547,0.114442231,21.0027333,60.0011148,69.2767349,54.2880621
0.973516713,3.58160508,0.0824569976,15.7417942,19.2735881,8.92149163,4.77723816,37.9320226,24.6855839,42.7496466
0.850884425,3.25814974,8.37613382,15.433068,11.8335816,17.2877646,48.2645027,46.3640081,50.4775272,20.9210693
0.204623129,0.403706223,2.45360092,15.4145672,0.984708814,0.00149176084,34.1258109,9.80182374,4.11529972,74.628513
0.922375684,1.47249083,0.34493231,2.27081565,8.74783756,35.8643785,33.4956565,0.650830925,74.0584941,51.6582093
0.230797317,0.0420576744,6.44250061,0.191451587,2.69815712,33.0145583,10.4552303,9.21478028,71.9027985,60.9792318
0.967579563,0.438839015,8.02647483,15.9332277,21.4957063,4.80426205,45.2327723,53.8174609,78.5506039,22.5263232
0.254058836,3.86740514,7.82580896,4.21535074,24.0623663,23.3137607,14.123033,12.8200322,53.513081,40.5062734
0.702703596,1.35738012,3.34737039,0.451952309,18.6913298,29.0598452,44.6691145,32.4017931,1.18495174,51.5561916
0.682554512,2.77474194,6.94743312,15.1260484,24.2124525,19.7132745,17.6997298,0.46762079,64.92988,38.8682352
0.99573781,1.46146956,6.56757189,9.21014426,17.0226695,0.00871969387,3.47341254,24.3521707,8.77551947,59.3815847
0.883829249,2.07272147,0.517112099,10.8498731,2.83938312,30.9775024,9.3682108,18.9635261,80.9782425,47.8245771
0.644373978,3.97381467,8.78203602,15.4300746,8.22552873,30.9042463,48.546494,28.6359079,4.68800747,30.8538488
0.24798704,3.67269169,6.59069251,12.0338663,20.6095962,15.0950334,13.9199557,34.8665071,22.0026626,41.3582114
0.616886392,0.0383339264,0.62617604,5.58348759,2.6185749,14.9592023,42.621194,4.44998661,49.264372,62.2564958
0.941452829,3.99076612,1.81380199,2.79113125,22.7233594,16.5618827,4.8486088,4.66045222,71.1540011,45.0735296
0.371340836,0.501698399,0.101239405,0.943435416,0.498496567,4.65378617,32.917235,39.1428329,22.2654328,77.8997302
0.964056971,3.62207773,0.585894688,2.01249129,24.9079003,2.99625211,40.8457822,6.61169851,23.8151139,52.8206026
0.971164864,1.47144628,5.84473794,11.5744338,5.48265901,31.7520736,39.6092795,62.903311,80.935083,23.8507746
0.622921483,1.76548706,1.2174593,8.60167516,13.0538833,31.1271867,3.57601841,36.7561992,42.3230378,54.3899852
0.67265625,1.33434597,5.29357954,7.45120603,0.655904168,34.2451488,35.6817788,54.407902,2.03687036,46.9275165
0.21407614,3.91071291,7.54161475,8.7449528,0.658972771,0.511726739,44.3603866,39.2067955,5.83770091,55.9752764
0.852350128,1.79442402,6.49008617,14.0058262,6.12579874,9.07123741,0.390927783,5.6467011,71.0083838,52.8965929
0.789018627,0.144266572,1.54861696,15.2982572,21.5762297,9.63735789,15.0730963,4.60897678,29.2015132,59.7534164
0.204170975,2.00630716,0.00989844511,7.75674121,24.2960402,26.7078558,42.1025076,10.2477788,13.185184,57.7391143
0.979055503,3.94334949,8.71847328,4.23196916,10.4775429,30.3310354,18.664427,57.5018503,42.5219091,30.7972746
0.662829079,0.673325874,1.32292822,7.91931073,18.5241213,14.2662883,18.3846865,60.6370056,68.5380858,44.2645401
0.712977387,0.0437649936,8.00605555,13.8232901,12.5575869,7.72176301,48.5519643,20.7207125,36.7219357,41.68415
0.217643637,3.74644918,5.78543126,15.5433084,6.84983302,0.206791559,26.6039207,9.26755053,60.3978999,50.4071578
0.395192602,0.00827197545,6.8109555,1.29602245,9.76444163,15.7975126,11.970916,1.54732043,27.6088546,70.5826229
0.273992457,3.96490518,4.86306137,7.95092488,23.7414592,32.6944478,37.545231,0.910601885,10.7399338,40.7366938
0.211134162,2.12746742,0.775912207,15.5670449,5.19216527,21.1991268,2.34658351,56.2012622,79.2449978,49.9317225
0.816398397,0.831464993,5.47231748,3.98213857,24.6920644,35.3187102,45.6822792,1.39197937,44.2933621,40.002681
0.605868361,3.31818952,1.8252732,9.54077448,24.6824246,18.0156444,39.3834504,33.5037079,31.4111645,39.9988314
0.698339628,3.97653679,3.72111259,15.5364825,2.5956498,0.12412467,46.5000968,34.1243616,30.5582009,40.9447547
0.763021715,0.423847618,8.11555202,5.48055685,24.5608562,27.8072315,5.63519677,55.8394521,78.0525835,38.5068295
0.739051023,0.922199566,7.66825107,0.525888741,10.3313662,20.5516686,37.9672957,50.0755789,25.6338827,45.4908785
0.704461609,3.5450415,3.40308273,1.08713432,24.1663547,20.0491847,9.04719244,11.9684106,1.36210807,59.110823
0.673430476,1.38405301,4.00244463,5.48783048,15.573181,19.3715231,39.7290489,4.0820292,79.3099976,43.5533714
0.899067235,2.49205217,8.82166197,15.4182428,22.5112341,30.6879835,1.27874413,38.9911431,35.6165982,30.1368173
0.681560923,3.97771339,3.21510187,0.385920115,9.62401988,1.29893673,20.7291835,7.03560001,49.7762284,59.9996089
0.255876491,2.06473462,4.48834987,11.9045709,0.19231661,10.4619803,14.2957714,28.7728247,1.09417749,62.8583922
0.749601835,2.23215012,8.43075337,15.4166374,5.35214815,5.11765931,11.5695277,22.2726913,1.42004454,56.6394774
0.205450565,0.0305648986,3.83456572,13.4151266,18.8013447,27.6492711,18.1019444,61.8833982,13.0031786,50.1204906
0.808098648,2.85588449,6.41390279,9.71409083,1.13212052,3.67135937,0.73085194,43.6617815,80.4448218,46.1410863
0.930325096,3.89555221,1.22836187,14.3608342,3.97023278,3.89141841,36.8442213,36.346732,80.3986384,39.9636371
0.38442243,3.95112514,5.76034742,2.0605105,10.937517,2.66204073,39.3614083,61.6357362,9.89433669,49.0909905
0.329361804,2.33532687,4.13694818,8.3342054,14.0471309,21.7850232,28.4259381,6.19337172,35.435515,56.4938418
0.203607386,0.11735091,0.712671565,13.9928691,15.861873,22.3192588,48.7030764,9.93320853,44.8483843,56.9692749
0.985745113,1.67247938,3.06199987,1.83426919,19.6285357,31.391798,29.8740827,51.8639581,77.8916676,37.6111511
0.866702021,2.64350162,2.99632016,7.38307169,11.3843203,16.2317568,47.8239426,39.1875303,1.03997486,43.4357203
0.681380178,3.8266177,4.41825231,13.4517007,4.2713809,20.3021637,14.2446948,59.540868,80.2003492,37.3704537
0.244359151,3.77701071,0.492857604,6.14711341,3.9610137,32.7704903,13.1075522,56.9857441,80.2429649,43.1971386
0.782250107,1.11020446,7.21440199,7.91862591,0.540103065,3.61758983,44.6883982,7.71695802,44.1873199,58.1098715
0.665282819,1.63334219,8.05993945,7.82640759,3.80044478,34.6686983,22.8841068,15.91148,40.8089951,44.0307352
0.250707688,2.57647525,6.34389512,13.9472306,17.3500766,3.94134178,2.90093355,1.2933442,52.1892793,58.7029875
0.752740259,1.22211198,0.0812511519,11.7121955,23.2328061,34.2318717,25.9522056,38.8183168,4.36710362,42.8348576
0.274764444,3.86403287,6.30107774,14.6019532,10.9803722,31.8459919,32.1018755,60.3700736,60.530722,25.2861375
0.933473519,3.55770528,5.29334275,0.376042999,0.241707242,17.8180125,26.3176923,61.9803164,49.5849458,40.8484368
0.668185852,0.798479332,0.0948001799,0.545107641,15.03768,19.1353457,26.8880314,38.0659008,37.4556486,59.9969438
0.211910356,2.30940879,5.02533135,8.43376454,3.56337318,21.042691,0.690403096,51.7287583,37.0078132,59.522709
0.227910065,1.93783184,2.56456133,2.81297341,21.3189407,10.7086228,21.5367138,5.94028861,79.013731,59.7301875
0.218603245,0.258960538,0.786954778,9.50924177,21.6038378,29.8117238,45.7899747,61.5240032,63.1817608,40.0067104
0.273098583,3.87150626,0.912946542,14.0311735,21.7692655,1.50552779,42.7465387,4.01859424,25.9621987,52.4650691
0.69333912,3.80238987,6.22477323,6.69105427,13.3578711,8.2653189,37.0422699,31.90863,40.9364964,40.0409997
0.924199148,0.0603248328,4.22879691,0.692660779,14.9214282,13.5992993,48.2160174,6.01435358,34.476326,59.2368692
0.731835205,3.8171293,5.60714625,0.545858786,9.76345678,27.9620859,20.1146505,20.8083089,37.0161574,45.6703207
0.962559339,2.9392182,7.74058564,1.81833163,1.09328667,35.8115032,48.909438,59.982496,78.2278109,23.7332361
0.2988275,1.5751849,4.79856265,0.786509775,4.48404419,19.1962612,48.4035774,27.3317309,46.0693642,58.9390803
0.613852482,0.0746672415,6.59773621,14.4932003,5.02689932,17.419384,21.2147108,41.3313708,0.442807119,58.2858668
0.223540102,0.1539618,8.18094253,7.29081657,13.6783011,23.3379823,29.2200214,29.9099518,51.3334181,49.5662702
0.222596973,0.749319965,4.09648039,15.1928377,3.16226228,33.3245821,46.6195707,32.8165849,76.3702427,40.0448733
0.264949775,0.0435022246,7.06925103,6.93710257,24.8171364,2.31957288,45.0002754,6.04596928,58.9853344,54.404246
0.998925102,3.73678472,0.316659832,5.5143064,10.8556951,2.40121996,1.77474133,47.1217086,48.79723,56.2743746
0.325985435,3.34882973,8.50790165,0.538713582,22.1237102,11.8045464,4.09879348,56.7144655,60.7773165,40.725045
0.212737711,1.93082031,7.41811991,14.829107,1.25193523,23.4364952,28.8205139,27.9214866,35.9763726,47.4531376
0.311363312,0.33274553,1.02177104,1.61035945,14.548763,30.3260092,1.68429351,45.6111471,74.102043,59.9807876
0.348427763,0.1016446,0.766777064,14.617095,8.61843267,35.9969923,29.195766,9.45537881,5.76058863,60.0070908
0.769120966,2.46433199,4.56256876,5.49878724,3.30808151,34.4534004,46.6859434,17.8295856,17.523233,44.3739603
0.285244876,0.442536233,3.8395606,2.65772729,19.410188,2.92177454,3.08244798,17.8980388,15.6150622,76.3922507
0.8244476,1.96322749,8.92005858,11.4215292,15.0637329,1.66969645,25.3007191,9.38647449,79.0722376,40.0172805
0.619951924,2.12792425,0.0515110027,3.10297397,12.0054702,1.35073592,29.6975105,15.750523,19.0346196,64.6658052
0.307481309,3.35341529,1.91430785,13.8169761,21.7453885,35.6320922,11.6689063,27.831173,58.8824104,39.987772
0.355922161,3.93502868,0.0606511706,4.20306489,1.42440241,21.5009976,48.0022286,48.9231364,54.6162458,46.0954479
0.614235154,1.80091347,8.89343892,0.0496603921,4.12845392,17.1719851,45.6706051,1.12384167,10.640121,59.8734298
0.355815766,0.782321977,1.09229652,12.8491378,5.40460237,14.6188355,47.3235086,61.6618691,79.7768878,41.2000957
0.808210965,2.40673425,4.46056388,13.6838207,24.9613656,0.967636172,36.8332262,50.9825058,39.2031795,38.5151126
0.359040449,1.57127911,1.09783497,2.33314519,20.5799445,17.4635236,1.96128179,46.0579238,19.6482725,60.4238504
0.66687362,0.579707651,7.07959338,11.9573483,11.1761796,18.793597,48.9794763,61.4640967,3.88880397,40.010338
0.376568988,3.97993474,6.21710406,1.54285133,16.7223376,3.35198085,44.5656514,1.18041802,80.0958114,43.3082998
0.75128743,3.55137154,8.77819804,12.754606,22.9117744,4.59727782,14.2213769,59.666766,4.22329703,39.2380275
0.766827332,0.267858708,4.27795226,13.4107794,4.63946596,0.726265826,3.19824637,63.9042769,69.8396968,54.673946
0.873708128,1.65005639,1.11989223,5.38443765,0.380676752,33.1692093,20.2810075,24.6758536,8.94900057,60.0000056
0.205781141,2.25454219,0.203671874,5.53454276,17.2814292,34.5328153,1.39728656,17.2346288,78.9823635,58.0544218
0.228251496,0.891539801,0.246242043,13.4933554,23.1634036,10.5471138,1.825088,0.331772566,10.2534821,69.7698084
0.99318509,1.84725496,6.33185153,6.09553045,24.3440647,1.00173538,32.8933436,26.6784194,0.247116493,47.1118876
0.659511648,1.64906905,8.78296894,11.3048471,0.881879556,31.3195632,43.4170052,2.09828621,2.40009701,47.6291191
0.802544113,1.43560799,0.592812139,0.699765779,1.50539756,1.75226532,3.16226481,42.037038,25.9421078,75.7226575
0.220101139,0.959382441,0.766556163,8.01677345,2.98655172,28.7635995,29.6953919,33.2431063,77.0606631,58.2768204
0.331877389,3.4530862,0.0444292375,15.5061241,5.35647975,1.95149988,3.89063412,31.2002415,38.5493381,60.0381644
0.342462022,3.03681616,8.48058726,0.409059532,17.2868083,20.7170485,48.2303138,63.8495069,38.8068619,38.7131002
0.392313972,2.48372966,0.100023644,12.6175616,23.9975459,2.52524291,45.9478081,6.28296915,78.2947294,43.1876184
0.948123242,0.429296408,7.16564266,7.03322628,24.1158853,22.5859813,25.298902,33.4962843,35.5015329,40.0013163
0.277558088,3.67513779,0.0919438829,11.2014936,11.7228474,1.29074035,29.2272436,60.451907,19.2394889,56.2552865
0.639611794,3.82165437,5.72624125,6.99861132,15.0944441,24.9432095,0.710239565,39.1789279,61.0556423,40.003592
0.282860786,0.164911423,8.24914262,13.048967,3.10591256,1.54417561,44.8614833,31.2822407,0.784056588,59.9988247
0.328729418,3.82133075,2.48817895,8.57520098,17.8169577,35.4364568,44.2762895,49.1072871,2.75187716,39.9786451
0.832613113,2.91437813,4.394781,0.149910316,11.7854375,4.10201027,3.38464922,59.8196388,16.0343157,59.6764142
0.74564492,0.216707787,4.96748286,7.97234983,11.3807105,0.866372388,23.3032151,0.178449959,69.8732008,59.9921752
0.76778442,0.610976134,1.52073099,14.0903384,0.496874831,1.40441911,32.7645965,16.421956,45.3279368,60.0143404
0.739560322,3.16131286,0.416681636,2.07689562,16.2260161,15.3399509,30.6995616,60.7763754,36.1222527,43.8560477
0.318437793,3.93594611,7.75392084,0.262422063,16.449384,21.3075951,33.6884578,9.02510274,6.20375264,53.5597853
0.3398902,2.13838828,8.75656003,6.23001237,5.96540942,15.3159918,21.6069089,10.8639891,79.8168138,50.067229
0.81154097,2.27630156,4.05072214,7.97684299,4.37516232,12.028367,28.2624198,0.639754743,0.453043447,60.1075031
0.977127859,2.35169763,2.20973772,8.99879469,16.7848379,3.98927322,21.3899647,48.5055221,0.392786607,53.1649722
0.237596827,1.15949928,8.33492393,0.11815615,2.8912714,26.7817184,16.7985849,58.5361798,12.1165063,59.9535962
0.223717984,0.112654029,3.09657873,11.0200726,22.4381701,26.3868744,0.269710603,32.6871635,77.4027577,52.478235
0.935453295,0.654099206,3.25204224,0.131388679,0.389892888,4.21885484,30.343717,57.2754644,5.98752052,61.4089624
0.222644234,3.92654414,3.21138834,1.42891608,24.6757383,0.19350123,16.5717723,7.54581523,48.747597,59.9770747
0.687829351,1.39160279,1.50337069,7.37974642,24.0594531,24.808254,0.443187394,0.849681557,10.8817452,60.0466707
0.379227169,2.68411986,0.00563210668,8.28234137,2.04913303,21.2815514,25.9081797,32.3611395,27.4272715,59.9999292
0.213487321,0.325594608,0.604293402,7.74969115,14.154862,1.10228146,30.0049077,43.7337538,72.3937052,59.9992164
0.820912343,0.294988537,4.21278109,2.15425868,22.8524723,9.36243306,46.8391911,53.9236614,69.5805853,40.0080402
0.214881448,2.04999792,5.20902666,9.08631123,15.0513902,26.9503614,3.70833909,61.4596801,71.9426718,40.3437589
0.892938059,2.43981522,4.44257033,4.05257408,24.3945672,35.2662338,21.2216385,1.40887031,79.586682,39.6882161
0.934463056,2.08234487,4.43302229,6.76563661,21.9601933,14.3539722,15.2581067,33.9591735,80.7845782,39.9852447
0.977353523,1.52261355,5.77350616,11.2321325,16.3293702,32.7228559,1.41400093,0.148343623,77.4705106,40.073257
0.808552295,1.35368022,7.43278444,4.99220925,0.0951161259,34.008089,2.65757239,35.0292152,0.0258442699,59.7161143
0.264909336,1.32480938,4.66018949,10.3194913,24.5157174,15.3528033,30.7129791,35.3163353,32.4601257,44.8693976
0.856756844,2.04914145,8.82074795,4.10822121,10.7404964,22.3527782,31.5008867,51.4641714,78.8848662,34.7069087
0.975167068,2.53165931,3.59548169,5.79690843,7.24986851,33.897746,26.4282433,56.7974257,43.4532983,39.9007405
0.977036246,0.192751996,8.06130442,0.610431738,5.50973229,2.98174994,3.09137387,21.83927,15.9607823,66.4602793
0.934339117,1.75014171,5.92147281,0.344120041,11.9148812,4.90846682,28.0414859,14.697579,58.4842869,56.2839926
0.213972747,0.959832618,8.79034153,7.59122077,2.57418549,20.6432301,25.5455052,6.93053523,1.90554455,61.0144626
0.944792408,0.504005345,6.34011835,13.1006279,9.77121804,35.8006771,46.2494769,36.5163562,43.5367909,35.5525958
0.887486781,3.96134042,5.05912585,10.1832861,22.639175,31.1256778,18.0578951,54.9123102,39.4839251,24.5927341
0.602800607,1.07917815,3.93117297,3.95404271,11.8685375,35.2952407,47.789513,51.3901673,43.7161343,40.00783
0.365856472,3.79890684,0.511486585,2.76450579,23.5137688,30.1141362,5.83624935,53.3457114,6.79777865,53.0748506
0.208593604,3.33082665,2.70806818,2.66994218,15.1846933,13.1623437,48.3339116,34.0281225,8.42319922,57.5245744
0.631272974,3.21948173,4.11631947,15.9666787,24.9502841,20.7727378,48.1898987,8.65579385,7.50165255,39.53855
0.723329246,3.9785757,8.8240607,7.09025418,21.7217746,4.12759932,0.764621696,16.9754777,74.4874246,40.0092852
0.213647573,3.09903017,3.15015761,11.9092892,24.0986121,0.53764977,0.380672068,36.5132378,58.2023712,53.0819531
0.214373019,3.86933196,8.69005027,2.97748897,16.6516479,20.5136401,1.01931605,40.0259858,16.1288397,51.8842354
0.844520125,3.3989322,4.1702583,11.6110797,17.8378719,1.60216153,48.358718,2.57813007,3.33118331,45.5435642
0.778840188,3.86814771,8.90663403,10.3077077,15.0665553,33.9767134,19.9018815,22.1037636,53.0982421,29.261704
0.395759332,2.10838367,8.10961161,3.9862658,8.07710439,2.72669811,48.4762246,22.0818181,72.2893918,45.7574219
0.320856579,2.5460794,8.90200956,0.132720105,10.3543932,1.85289783,2.25111415,8.45785499,9.07303668,69.7658795
0.233381978,1.80360886,2.8217399,7.07991058,0.0892375247,35.7337119,33.3412216,2.49557161,29.2006575,60.0131248
0.993923998,3.52250418,6.13732088,1.69250931,21.8811883,10.2688731,6.73874769,24.9893059,34.5055964,44.3068233
0.274148136,2.43088965,8.91536939,15.3126145,23.6115688,21.0764256,37.4107179,56.0788319,66.9874664,21.0826152
0.744448228,3.76548237,5.5400629,12.1549641,0.753784564,27.1543258,14.6359347,8.03871012,3.29189701,54.0620205
0.361986222,3.60975815,2.71181809,2.71412283,0.409891317,20.2224419,3.5131454,0.567840904,9.74794238,73.9828587
0.743075166,3.45724492,4.30962974,15.9057062,23.7577019,29.8009231,43.7113876,0.380220264,68.8018851,23.8127971
0.845102291,2.53678915,8.58416683,7.27453013,10.9811129,13.7728541,0.489338536,53.959533,22.6181773,43.2416642
0.380994156,1.4751317,1.2114624,5.41951802,21.6239719,13.0976901,39.3057646,56.1446083,8.13917225,55.5435682
0.642804281,2.44618212,2.21156983,15.7406788,14.9830098,28.0029097,23.0080194,48.0408736,79.6866027,34.938587
0.950320101,0.119771538,2.25055166,12.4832415,21.6253327,10.0322103,31.7925661,54.4119583,7.3187174,44.9015849
0.391831682,2.06030274,7.89316372,0.715866596,24.3279317,6.54905668,24.4940865,30.1867054,25.2581647,54.9001761
0.78216032,3.0739763,0.719134381,15.096071,11.977926,18.7226102,42.0703172,7.60402179,71.8802156,39.9987578
0.331186517,1.00718477,8.44762316,7.47100687,20.6445736,33.6214917,27.7826482,28.6928892,1.75825295,44.1588763
0.271522448,1.9111068,8.93703073,6.53419327,19.0411539,35.5297518,22.5102659,1.35798878,50.2672689,41.305405
0.682263166,3.18809456,5.18698605,6.53252541,0.241465308,11.9626986,45.0203459,62.6327416,76.5545735,39.6669512
0.948079873,1.51369211,1.40239433,14.2959893,1.08122136,31.805972,47.6007874,4.48594704,4.191727,52.2889233
0.983935045,3.98517872,6.52225881,15.2955963,1.69731781,2.62152744,43.5714636,0.767957121,54.4919158,40.0003291
0.349737708,0.166612472,0.575605533,14.5816872,3.77747958,18.8629944,19.5266821,41.7244174,18.0767613,60.4951179
0.357245456,0.89749327,0.381114128,11.3513693,22.5992521,0.908456952,6.03787385,63.4067192,16.1104182,60.0003327
0.332229009,3.0917893,8.33119119,0.587385327,0.289358071,19.0671762,35.4308546,50.1195584,70.1375427,41.492202
0.221988318,3.83065096,3.93886515,9.78933826,2.20015962,4.43908259,21.3165508,36.9236068,39.3103053,59.1892486
0.803331063,2.34070588,0.548386246,1.29356874,20.3277913,34.8304615,48.4090892,20.3251456,46.4766555,40.2028009
0.842505638,3.96902801,7.77100508,14.7242713,23.1688469,34.2857578,33.6629974,26.1186539,0.272984035,23.9755334
0.724043396,3.98940662,4.40329018,14.3965907,17.9697988,26.5091233,3.86011003,1.13530654,11.5133638,43.8394907
0.87320019,3.50235509,0.184534073,9.71408373,0.945657271,26.8729238,45.2291214,37.6729352,21.5434643,41.9487347
0.742875547,2.03727564,1.10611901,9.85277949,18.2263848,8.42414564,44.3936267,0.892886281,38.9049733,53.1708245
0.217538585,0.683996167,8.82806556,14.7516835,18.0382914,28.170666,38.6325757,62.3025102,18.0838191,38.8611138
0.982449255,0.098542694,0.465882456,0.153671935,10.5690877,13.9057668,3.02442766,24.2359577,47.7665279,65.5831408
0.22664442,0.851079224,0.19916777,14.9559284,6.70115394,1.86372363,4.9041724,8.39246276,76.0914969,65.9943819
0.972272255,3.91915775,2.88978778,8.29025171,9.78210437,11.272612,36.4636149,1.27404708,46.7132418,43.3250228
0.376567534,3.88219904,0.268332808,1.54579704,19.079541,28.5766336,15.6272453,9.28974143,46.4284803,57.9793194
0.869280497,3.98922215,6.4276003,2.98361522,2.53284227,28.0511867,0.401206065,39.2755423,10.1750668,52.3022424
0.900221825,0.112855483,1.71472744,2.5316986,9.77872016,1.36752891,21.8572639,2.65819168,5.35055856,78.0702213
0.701849181,3.91671341,0.455240557,2.18319033,7.6248561,1.3772026,47.1544446,62.3670121,13.1277915,54.0668337
0.633463872,2.50918415,8.68035419,1.26733804,6.48500942,26.7167262,0.0238976018,12.600154,74.4043038,51.7243935
0.294390929,3.31334812,7.74415977,12.6100793,2.50539305,11.7229804,0.179278823,31.5287261,59.8638409,51.4924432
0.677625015,3.37452374,8.14611979,6.81835031,6.27136551,4.08975877,17.1167389,2.65186545,32.7830811,58.5728013
0.815232903,2.47758132,1.59578748,0.711405337,7.17109706,35.4648195,7.10771334,60.5231455,76.5783344,41.6596597
0.960708354,2.50119919,3.7233676,2.91413372,2.88352582,19.3226436,48.5523894,30.0517482,70.5358165,40.2825526
0.660647195,1.98963489,8.53541938,6.74388417,0.720740401,19.4168456,47.5352055,36.832209,39.1537546,40.4476199
0.802111452,0.348687498,0.879254812,15.3522183,13.6460401,34.5543406,3.81340664,63.9024717,31.4409309,42.2091657
0.258781219,1.34376109,1.33346999,2.89786528,0.659050304,2.38817703,46.4021692,60.4193279,55.2378683,60.0000248
0.674695329,2.41758631,0.839679602,0.880111777,12.560361,2.86149261,45.0613692,3.1756109,76.5607189,59.281877
0.703814551,0.0446097981,3.95297398,15.348892,1.29475885,15.8571874,5.10344513,30.8274832,47.4729601,59.8758464
0.942107661,0.0138427578,1.47426819,1.82303826,24.6937668,4.51890937,34.4495277,12.0329125,77.4054465,56.3638918
0.667165823,0.223957103,0.105812102,9.57155674,8.05323534,1.045979,16.0190995,35.2729813,1.26151258,72.671492
0.358716064,3.76353944,4.06660918,2.66755152,2.40371137,34.8147702,32.4516691,59.0405932,49.6764016,40.2349319
0.620570276,3.69852982,2.67906898,0.199828833,22.6925055,25.8341233,46.4282392,56.7079917,4.07058844,40.0010076
0.975993072,2.06222234,8.48431953,15.9259307,4.87135952,33.0327232,33.9999767,63.4876737,37.1237812,22.6038337
0.296238659,3.53257315,8.90296581,12.7047281,13.0708536,9.8438381,34.5544183,10.5908196,20.1298337,42.7153753
0.350805943,3.98190899,8.87489093,5.85218139,8.76959546,22.4509902,24.2180796,51.2831058,34.3736463,40.0000096
0.997676428,3.7909289,4.81962608,6.14305461,22.3731038,35.6475298,21.8229405,17.1894552,9.08006131,39.8791884
0.663414414,0.0242478997,7.95251167,13.9799269,0.987309125,26.9344227,31.0901923,59.9005177,35.4393833,40.1238543
0.263111672,0.471455325,8.43669354,0.90366561,6.10610717,0.494279975,37.244825,62.3983399,31.5129789,59.9140443
0.687159121,0.333410556,8.1702199,6.90818535,15.4237445,2.69784614,25.4529675,23.5421729,32.0193764,57.7759495
0.798442274,1.67721249,2.0480282,9.26213126,7.25002294,1.63515036,19.0174696,63.4917564,42.9672955,54.8407691
0.295606546,1.03689073,6.80065116,13.4115394,24.5988598,11.5732916,5.86984581,22.8551661,79.4508047,42.2684449
0.66924503,0.00488432124,4.70427111,15.4393347,1.40314815,11.1037055,43.526899,46.4863254,60.3343433,42.6588972
0.343139413,0.576424022,8.90669264,12.058936,3.96573486,3.03222569,30.7845341,6.09193695,64.7801267,58.7211457
0.766673523,1.92759703,2.52745888,14.2246728,3.24260148,33.7004041,19.9972819,4.33148477,39.5691026,51.1399418
0.654014243,0.069536306,1.56756348,5.40346312,0.00728560845,32.3268785,7.95837663,46.2837757,44.8263331,60.0112685
0.970268544,1.21369361,5.73413335,2.80761799,5.68065039,35.5552827,18.5599043,3.02025533,11.9364996,59.5542703
0.775522633,0.835594932,8.64905002,9.92667787,8.86718954,8.43054336,43.7491658,61.6883531,76.1291057,36.8606113
0.710042611,2.7446587,3.32739572,11.6263061,17.6980343,1.24091991,16.5251729,8.59452358,0.199788446,59.9710229
0.643278587,2.33287665,1.48003032,13.9903893,0.739828346,13.3848204,41.7545108,51.0206575,40.7419401,43.598594
0.374522614,2.40626279,4.63210253,3.10630547,24.4937129,22.8001502,24.6700233,52.3514217,78.9049517,39.8399834
0.313223025,1.35752309,8.75385758,5.48341978,24.7440899,34.4427782,48.6907801,60.0053642,78.6664866,21.1596242
0.345393073,0.08547863,1.43850079,5.12480257,7.1199762,22.2335169,47.2560647,53.132194,0.992478474,60.0019008
0.993460992,0.39559358,1.6679245,12.1015136,22.0919143,34.2776342,43.8254132,7.47099555,77.231209,38.3510392
0.640948525,1.6874072,0.568755955,1.92238156,8.5419568,21.1219273,0.315637997,16.8853109,19.5155967,70.3165876
0.280840577,0.350325534,8.82282308,2.11097248,11.1163607,11.0504924,2.21216432,49.4311457,6.6649462,62.0222954
0.312421564,3.47688393,8.97329642,2.12081295,19.5364212,34.0291015,42.3419023,17.4401061,75.7650678,34.0722274
0.2273383,3.49921403,7.40297649,10.3571477,13.4093657,30.5424643,4.35299863,5.02594275,69.6343306,41.4630527
0.728700418,1.07169451,8.93161714,4.78104741,4.78731018,14.8639649,19.9519886,34.0545074,2.66567844,59.6002678
0.832629909,0.0435040761,7.13926573,2.9140852,1.60939291,34.6558936,23.9613408,47.3535667,39.7355643,48.5530413
0.880565836,2.68005652,8.34717475,14.1618292,2.91098585,35.9123132,3.06061907,50.7098602,71.6601588,31.8390302
0.279723191,1.2306733,8.83401089,0.392985061,20.1561252,20.1545366,18.099037,62.0592943,28.5518756,46.718161
0.887837019,3.50709756,8.52465083,4.98932173,24.2660113,19.9479506,45.1967293,30.6018324,26.5752347,30.5107742
0.229466549,2.57717148,5.67238046,13.6860927,9.62412639,3.87694276,48.6964975,57.5122774,21.3215035,41.2399003
0.9995939,0.698681308,6.15768366,2.11433032,24.2962588,31.9988258,0.360561128,43.0378908,12.4422027,46.0340757
0.650770848,2.02256858,2.94787623,15.9214972,13.4431599,20.4305157,10.4503764,30.661956,9.48451283,52.3342769
0.654312571,0.125546698,4.64252922,10.6465169,12.513971,32.1283131,22.5367107,5.87423277,50.9163403,51.3225428
0.271001139,2.86459395,2.76875417,7.91335068,12.0076931,19.147946,21.1356453,33.6845978,72.1859661,46.733185
0.977393074,0.181606857,0.599509808,8.82015296,0.485749706,20.1532427,37.4980492,53.1766578,55.7994988,49.8901555
0.665931966,1.27424157,0.400546787,15.9819409,0.750589127,21.8180892,0.851437717,2.76075646,0.0428946829,69.4449494
0.937171816,0.186868297,1.56480315,2.92730554,23.7877202,0.308099181,41.1367637,58.23583,22.2691993,53.7667859
0.991861602,0.87176729,8.53390977,9.63820152,8.20784297,34.8721286,21.5936443,39.6789746,5.72744446,40.2069633
0.817571136,3.67230536,0.981498591,14.3054597,24.7830835,6.17020695,30.8538683,56.1171471,72.0027316,30.0680904
0.965368141,3.76937901,8.89416851,5.84904149,1.3131212,28.2642923,24.4470404,21.4305383,69.6819211,38.7518051
0.8024157,0.802684419,6.11332653,4.76264912,21.6309041,0.871787064,0.170394411,28.4981086,70.5097273,56.2759195
0.832721792,2.22060689,3.91495314,15.3198381,13.3114114,35.8433341,42.0800071,28.3159727,3.23196704,39.6622961
0.214894069,2.89843896,4.64323496,15.7333853,23.448275,29.0264218,15.0698644,61.6637534,38.8587536,37.1173745
0.607527294,2.84492193,5.85665636,15.6861312,7.51070908,10.781992,33.9458517,27.3371293,79.9017829,39.6355779
0.905597972,1.54044201,4.96984057,14.4186891,23.2944924,15.1698169,9.68202062,59.716718,13.7702491,40.0000002
0.389110783,3.13973944,3.60167111,14.7312591,6.6756835,33.4261352,17.7690389,49.9413536,5.48100049,42.4064951
0.660673504,3.75833173,5.13300999,9.77577817,21.0995757,29.6185008,35.5845546,32.1427297,79.5544184,22.9887868
0.373961752,0.700662721,0.0863020448,2.62838694,23.9051127,33.449096,4.02435392,22.6171502,38.5305345,60.0117049
0.203599668,3.59849393,8.7469654,7.55110817,24.1797105,19.2883155,47.2549205,28.0151836,4.03917691,39.976194
0.222235646,0.458022891,4.47913374,8.53483289,7.71313205,13.8389863,43.3426387,33.6048131,76.0571234,51.9969138
0.987628303,0.275522564,6.09238955,3.18442492,0.983885618,16.0784357,19.4221271,50.5350682,79.5968855,48.0791924
0.977280477,0.611911204,0.881112556,6.85995967,23.9720192,32.7253967,10.5375966,25.32096,42.2398172,46.5971524
0.221218433,0.0728361868,0.355029876,15.9771002,23.6286342,2.09468697,45.4664935,0.46558103,21.5414046,60.0368715
0.74370768,1.97994396,2.0659449,0.597183794,7.60629186,20.0840015,21.5230723,26.4841166,79.1612174,56.1221255
0.28636984,0.0716224909,8.45821087,3.82224398,0.710343197,19.782889,42.2146921,40.9204283,7.13667829,59.9971975
0.217083932,2.11861191,7.89842249,13.8433152,13.4344252,25.0331757,0.794574444,34.4981864,44.3199755,43.508769
0.328342037,1.77849223,7.01761281,0.0327671394,10.4957996,4.18126548,3.44207971,40.5337745,44.4851464,60.3657623
0.345233131,1.33292382,5.5139788,0.78520301,20.1671759,35.6050533,30.1233871,20.593287,80.2078707,40.8080098
0.201943396,0.250609707,8.9940352,13.7770427,23.056518,15.6941519,48.4702623,19.198878,65.2328835,39.8757508
0.844767139,0.0052355472,8.98614411,1.99846492,6.5623747,27.1174373,3.76771837,20.9536268,50.1256908,58.6125232
0.623685131,1.10399627,6.44708506,9.17094558,12.6287341,1.633978,41.1983335,1.81649211,2.25650209,59.998879
0.622155182,2.24856794,8.28314188,4.91670571,17.3014866,15.962899,22.381962,0.830766738,13.5378376,56.3474144
0.328684639,0.810933464,3.05712814,0.271314278,24.9673072,0.76543176,17.1657811,55.2266844,3.65069437,61.6407352
0.397518149,0.350140907,1.84100515,15.5973959,2.23782833,16.1003425,30.5665273,20.406632,78.8032387,57.3556719
0.839378972,1.76949813,8.89902274,6.88919494,16.7177123,35.4107326,43.8046038,62.6619755,50.4000578,20.9070226
0.227689484,3.1086152,5.61541113,7.49310375,0.929157052,23.5333088,38.5490973,21.7845699,67.415161,44.8322606
0.212316673,1.62528453,0.353291067,12.0230314,11.074898,15.5674195,40.3149025,0.738646031,79.0051714,57.6513172
0.366755388,0.231218856,4.71445135,15.6157466,9.14416757,15.8750963,22.7903498,5.75868786,23.1189239,60.0005155
0.739282819,0.50534601,3.03836794,15.7333492,22.4993277,30.528612,30.4650448,32.6628044,45.2495362,39.7499164
0.686678807,0.042844072,0.180715894,7.63028864,3.53312737,9.0312607,16.8757979,25.5163868,68.2333413,61.581424
0.600859167,2.56007023,6.97583364,15.7084626,18.9556234,17.5151579,7.1571971,58.790641,78.8527546,30.4294997
0.982863959,3.97823007,4.7539223,10.9725825,0.302511046,13.3965438,15.9412697,54.7522789,37.4015008,40.1328101
0.333465979,2.25081325,3.19132024,9.81194832,20.9615553,1.23804217,48.6933861,53.2112398,62.4054161,40.0069311
0.942543769,1.3325177,8.15603613,15.1097891,22.22629,10.4477424,31.5863489,7.53028423,42.3820405,39.8461304
0.203290799,2.83382146,0.083807888,8.10519796,0.0971163041,10.4165621,4.30064186,7.69018275,41.6409142,75.3453902
0.225086418,0.109715039,8.95648461,11.7988886,24.8764698,34.3120415,46.9329648,0.442602396,18.7546302,40.4268756
0.732018527,0.141563412,7.32659235,0.066782102,3.76060726,6.51782678,45.0728594,63.4095996,77.3809579,44.1968801
0.986664203,3.46100727,2.58548608,4.02580008,21.2843142,0.67408816,34.5718183,8.55620781,76.1712106,40.9686646
0.900519866,0.149581701,4.54419572,0.528696791,9.07337397,30.5227066,42.3715179,27.5616991,77.8066528,41.900074
0.713787876,2.53132344,8.8945053,15.9119993,14.0179455,35.4389813,4.0263639,2.74034178,51.7948945,39.7026348
0.664412454,3.12046289,3.64461448,1.84108273,23.5585116,32.9823265,8.11498169,28.0779569,43.3110629,41.6852568
0.990755986,2.5434236,7.47113564,14.8918801,24.7322232,35.2447353,19.4168048,61.7000226,0.353684563,22.1617784
0.99292204,0.162916206,4.79851324,15.3101435,8.72098899,34.0733087,24.6358639,6.48506913,3.23601278,50.8193924
0.817270493,3.46070675,0.221269206,3.32718501,24.9975066,11.6546546,5.14488772,44.5751645,69.3436548,42.4706244
0.757939251,2.73993674,4.76279389,4.04782741,24.7426144,34.7321822,5.15447643,63.0666806,73.0272043,32.8022405
0.280539272,0.0942105335,7.64198103,15.6004072,6.31859388,31.1145224,7.86499876,44.4527307,57.0100511,43.8407441
0.880110622,0.0768865496,0.522539088,13.0034786,8.53938888,30.9728229,0.319460779,36.8030231,66.3295411,52.7872082
0.863327966,3.81246748,0.317176907,4.9640602,10.874778,32.2469156,40.7114439,1.61672783,45.9986778,42.2087367
0.225866473,0.551272732,2.7917974,8.4245997,12.8862787,6.7488006,36.8748631,4.99424359,43.3503017,60.7646295
0.304227996,0.639734824,0.052153836,6.31026157,13.3847734,11.3569434,5.6451358,18.021096,41.2087034,71.7500231
0.945814821,1.23881162,1.59038406,15.262173,23.9725489,9.54724352,11.5990748,30.8891169,62.5063065,40.5697314
0.39097389,0.392671317,8.16035754,0.229729995,7.92504683,30.6174495,4.72847349,55.4500009,55.8960236,55.5633025
0.225672092,3.48342745,4.42165598,3.15029774,4.7720586,5.74393398,30.3505653,15.6088732,2.95055197,63.3497562
0.958628141,2.65268345,8.21414717,7.41610587,3.89274245,0.464156455,34.1333091,46.401514,38.2801646,40.820857
0.998554199,2.80169051,0.0277947053,14.4810865,11.9074897,6.0190785,3.61013429,17.66786,60.3990165,53.34032
0.214671577,3.94077595,1.398182,0.435324185,7.02120925,7.86800423,12.9947143,11.9681737,77.3235855,60.6419594
0.375892665,2.51211033,2.33633259,15.5410355,22.1622235,7.90671758,16.6087295,50.8295067,24.7030047,44.2658016
0.347896569,0.390516473,7.67331998,7.98040921,23.0274535,32.2709772,3.14838379,57.3210449,3.54621757,47.4128123
0.301211927,1.87541227,0.121527978,15.1479521,24.4232008,8.25989494,10.962636,11.785155,72.2667418,55.455619
0.225734904,3.70612933,2.06031938,8.51181648,3.28067755,19.2206353,17.9911109,60.8663019,4.98075354,59.0425423
0.249744248,1.80628851,5.15456374,13.7827854,23.8651752,2.87968853,20.3148089,62.6857836,70.8311704,39.9987054
0.914379925,3.93359531,8.85701774,15.8173079,2.33468381,20.2043117,29.7641451,6.51321286,34.8914876,39.5974639
0.708044002,0.382146063,6.13996326,0.644546733,1.40146081,6.26668121,32.8178873,34.2620521,43.4238829,60.0242073
0.323233603,2.34864359,3.71901188,0.769251474,1.26487016,12.4886985,23.8951049,1.34238556,42.3656857,67.7816214
0.353399907,2.36897491,7.56303422,8.73972484,13.3678249,33.1682902,48.2556699,44.4663984,23.7400327,39.0199823
0.783313171,0.577853658,8.96945142,15.2354724,22.7893437,29.5194131,22.8333512,53.7260105,77.2770582,20.7743486
0.264742673,2.12039131,3.18776097,15.4643627,8.66281251,30.0813666,40.1924239,0.0900401473,52.2763324,44.5185451
0.986025815,0.543483546,5.23791436,8.22514616,0.0491286977,1.01667306,31.6104931,25.5435309,78.6253378,54.9749527
0.602431055,0.234963741,2.33009866,5.27682813,24.4536565,25.3515467,31.9122836,58.4496544,34.6040394,42.1190504
0.316275311,2.55662912,2.84773896,15.9086688,1.55592114,0.527856957,21.3583966,59.5229744,23.5801573,58.6895196
0.248752284,3.11851607,2.02415807,0.0438484252,1.50075287,33.3410593,31.5547166,17.1392405,74.9443303,57.8419868
0.825441173,0.759191655,8.40182666,15.1123622,14.7995535,15.9769356,0.485260997,28.4494104,6.63245894,50.768144
0.953688717,2.58509509,8.30972512,15.2002709,23.3638468,1.68982326,44.7255453,55.1695372,3.05259554,30.7269362
0.951443767,3.66154682,8.13918175,7.51586058,23.5450396,30.9316196,37.7434475,0.158531994,51.1910105,26.8107713
0.285178267,3.96453819,8.98493643,13.9137685,13.6059231,35.6395137,34.4458416,59.1145154,2.1018097,29.31041
0.343077397,0.407223201,0.450748662,11.9693474,1.28400233,7.52703889,4.00521075,50.3864513,77.3138165,60.4386357
0.62868027,0.917191042,7.2671488,15.9465353,20.9659859,0.467878724,21.2846606,40.8690267,47.7531818,40.2452002
0.223358735,3.96104199,2.77372834,12.5372299,14.4112559,14.3681587,45.791359,27.912355,3.73333831,45.7770655
0.979416653,0.222750483,8.47658448,8.80961506,23.7504198,33.5608234,11.9213096,0.588555664,45.3790432,40.1237189
0.750791704,2.22465637,4.04928637,13.0774451,0.969497243,27.8498331,0.197902137,56.3477021,35.2209503,45.6163574
0.240872523,1.37797142,8.02268213,14.610907,21.1154189,17.0573126,19.4006079,26.1454375,2.99625785,48.8954265
0.936737778,3.00734621,1.05224988,0.29106924,18.751107,35.7925969,8.40552072,5.99087897,21.1395902,57.6554942
0.976955646,2.77418089,3.73107739,9.27598739,21.1251264,0.000159373507,3.64585933,33.9041201,43.7236468,46.6635711
0.907645339,3.18085723,1.50192098,12.0639857,11.5751486,26.6726534,20.8059261,27.6895076,42.4667943,40.1533095
0.964007719,0.310928729,4.00306766,8.10331934,0.76281504,29.7106336,36.2310242,15.4429056,36.5937998,54.6313273
0.942865654,2.97217825,3.14980106,1.25578489,3.08856568,13.7137798,21.0942632,21.2647696,26.5560572,59.9706181
0.912059778,3.954776,8.82052996,13.5946784,9.00079501,1.96096353,24.3830423,24.5444126,48.0209468,39.7699695
0.721388849,1.52952944,6.30285015,3.56005126,15.2837417,34.3383003,10.6345969,42.6704211,52.8621894,40.4332997
0.728439185,3.50950972,0.742322857,3.94713573,5.48460359,6.81491204,30.2530165,50.2190751,80.9947176,44.8626535
0.252694538,0.148399374,4.83361167,8.02008252,14.8858602,16.7782906,6.43893416,35.4825913,4.95084166,61.9697444
0.692881006,1.00424939,5.44403657,6.97355762,7.16073367,0.649062865,1.08830148,18.3941267,38.0798896,62.844952
0.976611992,3.67098928,5.21295123,14.3489897,17.9211652,1.47355724,46.381864,62.677921,65.5830289,20.8006889
0.984465456,3.64365104,6.39667898,7.08185114,1.05024964,2.22578282,6.44062698,8.64344475,68.8195313,54.869884
0.216663709,1.8677981,0.186076717,7.80689068,16.268153,27.1408159,48.5811904,22.2906509,59.4463062,46.320863
0.904836374,2.33973951,0.00430546515,0.643471569,23.1666598,17.3526729,14.1182782,36.442062,2.19796085,59.7546043
0.980053777,3.05534244,7.06598311,5.29444314,12.0404076,18.9076949,13.105282,7.15043003,62.3667901,41.168767
0.609239831,1.97535304,8.45653833,1.84843443,16.6211494,2.38796839,41.6292266,52.7834092,33.8668251,41.482913
0.763157997,1.58580244,1.30877411,1.00710989,22.649834,1.0953308,18.0002653,5.82442361,44.407843,60.517618
0.649969549,0.152855028,2.32750763,7.85900952,9.95789223,17.7044099,24.522544,14.8852457,0.409775161,62.8833814
0.297280917,1.60149363,0.68264711,12.8888438,23.1227357,34.2996286,7.97355954,59.5789144,79.5000482,39.9488109
0.260960259,3.83630084,1.59336921,8.45573467,5.51979312,30.4745607,18.9768559,3.94082183,72.6373425,53.4956968
0.20460135,2.93958037,3.43627791,0.929547325,10.7842106,0.32813669,9.5187274,59.1038567,18.3758994,61.6598074
0.203971484,0.594946878,7.36241337,14.3672321,21.9843801,23.7267287,4.25978251,6.74569017,38.9998404,54.6370215
0.731705979,3.12954636,5.14285776,0.018461287,9.81070487,19.4641329,2.28855302,62.3157852,57.4623291,44.7915988
0.99424343,0.997341399,5.21299464,15.6461634,7.91984956,12.8327315,5.06097713,58.5699116,0.638133911,49.9941627
0.947058367,0.839900213,0.456470434,6.9308115,9.60756843,35.1398514,21.0724431,54.2704345,74.9161987,40.1653303
0.865845387,1.05369562,3.2899859,13.8542307,0.0871345285,20.836829,44.3526529,61.437444,3.95041061,43.0181691
0.992917011,3.82481705,8.32550572,6.71046818,23.1853697,2.17140288,36.4344591,1.24634168,24.3816964,40.0036749
0.287675897,3.87522094,6.38610047,11.0054761,14.1206044,35.9969454,28.1235221,23.5574173,32.2896392,39.9101827
0.705716542,3.91167423,7.89481038,1.91655608,5.55952557,20.0826449,39.4897416,62.8086024,10.3526903,40.0003133
0.749521903,0.858471066,0.727220118,0.690705531,13.5747718,1.71193291,11.5101997,63.9042391,69.0352321,59.9014705
0.226881967,0.820848309,8.99443675,9.77505458,2.09734677,0.154420506,4.55352789,55.0443442,13.0266695,60.939116
0.211751836,3.6524609,6.54845427,13.9926287,9.54814526,0.975377446,17.9241227,62.3423581,55.703676,40.2880092
0.399204279,1.7052384,8.86919673,11.7145522,10.1237342,35.4251077,29.6525256,52.2410384,79.9026992,29.1127148
0.245644108,2.16206408,4.07460003,1.42691157,22.0355787,2.83870788,13.8334881,56.7302834,73.245774,53.0217287
0.363485516,0.404284319,6.3147399,6.8152308,24.3500192,1.11368143,45.7929536,62.9183898,77.681296,39.9909747
0.818671698,1.66092201,7.01158035,11.7884778,1.47791245,20.555426,25.9212961,0.29288885,74.1439876,43.4444073
0.80649004,2.71239759,7.3490815,0.0228183121,24.2302669,18.8567496,23.6705083,62.9972261,53.6363963,37.2389194
0.66868087,2.07754756,3.01908986,15.7214624,10.3424375,0.500318064,28.3733083,2.86298853,68.6579703,52.0892904
0.702978577,3.8437652,4.86389874,0.971013464,24.7239025,13.8666818,39.9099267,6.71145794,39.8337949,40.8954664
0.732343126,1.9637036,8.92426105,8.98754713,21.4133575,27.7920318,0.922531907,27.4204315,69.8521793,39.3376504
0.779783798,3.30519071,5.26559272,3.22982204,18.1547577,2.89737953,33.0174669,63.4325085,78.6849562,38.3341958
0.244773541,3.63562951,0.0565146636,8.60791455,1.90596745,12.3766393,8.40730669,45.1963558,79.9256271,58.8451828
0.233328402,2.2017885,3.28364668,0.444073342,11.7822795,35.671316,26.9602557,23.5340394,21.0087575,59.7794721
0.90768654,1.95070323,3.30569496,3.22714048,22.7344567,33.1393966,24.279435,54.1569268,9.45273936,40.0712024
0.909034533,0.573579021,0.32086585,3.18638731,2.51798362,28.4410396,0.752979322,17.4020712,76.7100681,60.1460667
0.716842259,3.87136673,4.63648665,6.09981659,11.9021248,20.1757619,13.652566,53.1291327,16.8739479,41.991471
0.683621321,2.49418108,8.32835286,11.7805976,19.5369697,11.3031559,0.192728998,6.78695891,25.8419579,50.1489306
0.381209877,3.97758177,7.23771885,0.605738536,7.26183013,35.3937361,46.9900233,36.991268,20.5546538,40.0367445
0.337646688,3.31154263,2.46806482,15.5830462,0.403039972,34.4056573,32.5062129,40.385431,48.0171716,40.0460313
0.858450026,3.8783604,8.10715239,10.5070519,0.0326017733,33.0307253,37.293855,50.7041822,31.8814213,31.0796305
0.938196869,1.09908271,0.636877535,5.33462473,17.2464914,16.9643046,47.7300987,27.1263563,51.4731049,43.7183234
0.941665095,2.26099216,1.11424643,12.6928711,1.69425242,0.432712265,0.809902582,50.9814749,17.2734346,60.0076575
0.252725668,2.24120182,8.7276881,7.56238748,20.3850905,17.5914673,37.8266299,34.1794588,68.5510181,39.3553459
0.75974221,3.94929668,8.61583071,9.36323712,12.3847304,0.235564185,47.8121097,35.4327138,77.9887294,30.3613873
0.943354778,3.85504436,8.39387008,1.37681648,6.49158259,5.80111147,15.3538937,24.6754375,0.0979873986,58.219196
0.953302369,0.61166082,0.412645804,9.48982595,11.7262505,11.6533843,25.0846238,1.6625301,48.2751259,59.9916624
0.81008967,0.708305689,1.1108552,7.36593267,11.2974549,1.90840789,47.110018,47.1157506,3.06329856,59.7928267
0.356262446,2.81172516,1.49570239,2.2579653,21.285752,35.4729434,45.9502829,60.6102436,66.2725137,37.4966649
0.266329844,0.822761884,0.357727817,0.589204416,23.0603421,0.243723264,38.4607797,3.03537518,9.55627629,75.608693
0.648023707,1.33778513,0.347926347,11.7299729,15.086298,7.79167721,30.9229983,37.6584111,36.5967004,55.2990145
0.853288934,0.908425805,8.80312222,5.46682487,13.9462182,27.4874807,40.9541708,17.9581842,79.9890154,38.4436753
0.350338144,0.532739813,3.95557424,13.0421989,0.368871016,35.4458422,13.9774061,16.0189195,58.194228,58.7667291
0.209312112,3.63467684,0.0305708335,1.42933068,10.5635876,24.7921861,24.8706175,39.7948485,40.5228793,59.0907434
0.295028872,2.20100641,0.708282486,10.8510953,9.93493214,2.02239383,8.67448002,22.1853154,5.81758251,71.0808411
0.239824676,2.9333226,0.794201189,2.0255595,18.0914531,18.795719,48.5219055,0.870379031,46.1451632,58.6222995
0.32079346,2.3027159,3.92888458,15.578999,19.1185975,1.82663557,38.4704827,24.0358374,2.93507132,53.8891864
0.867463303,1.82291639,3.95059183,8.17238379,14.4599103,3.906929,48.6675966,63.0804887,42.743658,39.9934144
0.390723231,3.54140261,0.795741745,0.0560059399,20.7684865,8.57139477,31.8934553,29.1307039,80.6723471,49.13837
0.314372832,2.65672524,8.0576447,3.261277,19.1914447,0.880445872,2.25096367,5.15450105,50.2442995,59.9998974
0.28987639,3.8099414,3.79141731,4.17907161,21.3382834,10.8426809,1.27620113,47.1672164,44.8110252,52.2903151
0.223033492,2.09560633,1.92521062,3.58189536,13.9301944,35.6787374,0.73450658,59.8884527,21.7999392,59.0810264
0.885705116,0.183517341,0.845874918,9.99064972,13.8278739,7.31066168,3.1182099,34.9437334,44.7100093,60.000754
0.718338112,0.43457673,8.84495915,7.51731337,11.6966331,14.8507809,12.3504131,12.2688522,74.1644734,49.5704857
0.238657368,0.457535401,4.04434792,9.52083223,0.980143005,33.4994189,28.2208332,47.7304707,37.9943292,56.7595686
0.951895042,1.99990376,0.860468285,14.027484,24.879988,11.4609042,31.8725054,17.2392214,14.673789,43.2902646
0.969784151,0.648891148,4.30541214,1.88776243,24.411142,4.41270692,5.94159534,61.9008348,59.9019633,46.6305188
0.958066965,0.925920878,4.39244362,10.3110225,2.11691266,5.68961257,12.6835518,29.3289666,4.98931052,60.3659536
0.603151474,0.667322906,8.31618427,0.193778396,13.8023395,1.32373392,48.9945234,7.7779522,45.6164017,58.8700109
0.343258311,0.569714085,7.16539218,15.5489633,5.35284181,21.905691,44.8457467,5.83256269,55.5370079,44.4557052
0.940404599,1.5204155,3.65260445,0.574271404,5.90543589,3.83182006,45.4607996,3.47307941,5.12036997,61.8151795
0.85291295,3.63182015,0.00267940527,0.05824776,4.64078397,32.6247938,12.1271448,39.0823654,32.0399003,57.4416253
0.200264148,3.35814455,0.754742235,7.02710868,13.4618513,4.80182788,38.5481863,1.78613028,4.41907931,62.3705638
0.237399323,3.88171947,0.133116919,9.41520395,2.0824343,35.2414647,42.5994148,38.354244,14.9066597,49.4228212
0.219855279,0.430716675,6.8741017,0.0485729128,0.570228149,12.7072799,26.2067142,57.7890951,77.6104801,59.5928592
0.92982302,2.14198686,0.839778215,3.82658328,14.6642362,17.0178176,46.9039729,4.01377464,4.44271723,59.22889
0.259960951,0.654809725,3.12085229,0.292216323,23.8746067,15.1402873,20.1557122,26.1931703,46.3390742,60.0018004
0.801482286,2.05110614,2.11705049,7.58669126,8.62491664,12.9226145,3.24165725,56.8600281,79.0920976,46.5631167
0.228950461,3.88162433,5.53538975,0.525524132,0.756390405,18.2210876,35.1423351,52.5391988,23.1798064,55.9567948
0.934196482,0.161117569,8.78169808,5.33268085,16.1984109,31.2368676,13.6566428,14.622726,5.25915856,52.8133357
0.92131254,1.99942578,0.785546744,15.4384373,2.83677635,3.88820063,12.2336809,9.76378772,5.0374783,61.7158024
0.673589424,0.0697706212,1.42836745,6.34962385,22.0751898,25.5101192,33.4464488,8.44457665,50.6247938,54.6987614
0.998581259,0.620883083,7.15945579,14.1751357,2.35289482,28.9486758,0.536693158,5.48820174,20.5115332,57.7900853
0.79181675,0.256436264,4.32966026,6.39993438,18.2766726,1.49290533,47.9927154,32.0875549,39.910832,50.3761325
0.845628207,1.89306969,1.85016649,1.32998264,1.5909583,20.4999709,31.3202463,54.0474803,30.3757265,57.5874564
0.751840065,0.703897743,5.4210704,8.76488904,24.2033574,15.5921311,17.6217483,16.6180192,3.8585283,56.9374497
0.261495127,3.79436657,8.81748215,2.52892406,11.9167876,15.0474494,3.37726416,25.7028485,65.5275328,49.5106052
0.311659625,0.253265817,1.43681303,2.69606183,1.11117432,0.729717091,33.1500647,30.2192697,69.945987,68.2319552
0.980810336,1.91725707,7.51402865,0.496912003,24.3750484,30.8712811,29.4296168,22.947539,19.3478365,40.0018382
0.371527028,1.01900556,5.45950025,5.01459943,13.0822166,32.8517161,9.24524528,7.62447545,20.9574039,60.0030445
0.72960402,1.81903354,1.11744067,12.1340042,0.324647571,9.14648784,6.83439804,12.7057537,52.6541373,60.4624288
0.960676641,0.36920229,2.66149437,3.08601455,16.6351663,17.6245423,10.4565308,37.7638727,11.906973,59.9976589
0.23133564,0.232378738,3.57626565,7.63880682,2.22837014,3.19228392,17.3076036,32.5132995,24.0770789,74.2582178
0.352633462,2.8423824,8.82212798,13.3420425,24.5431592,31.5012535,34.8005734,38.1866356,13.6498339,31.9944092
0.916942642,0.219938506,1.139541,0.472202167,0.471598492,1.66443667,2.9770068,7.25321219,61.6830548,79.2493872
0.204620055,0.197058769,8.92514512,3.40285821,12.2466881,7.32626208,16.9959523,39.1450793,70.0496199,58.9085542
0.310004761,1.00004935,8.61632493,8.12990541,23.9379553,0.308087161,40.8617998,38.2298077,40.9789022,42.0617746
0.709657999,0.887962556,8.97002427,0.351804614,13.7189865,0.00950008259,21.3257365,46.5674438,3.83118415,59.9706199
0.997014042,3.26001481,6.90516655,0.238561235,14.8416948,27.8859923,43.3819114,63.7200842,39.8102158,29.2253402
0.679887541,3.47960333,3.80946406,15.3998852,15.4221491,0.0866412353,22.021746,29.3688014,42.3283338,41.4446206
0.213466459,2.92307793,0.384273984,9.76505659,14.5408544,18.9221626,1.07008014,2.39928818,6.12109135,66.9627274
0.779675094,3.99720884,2.45037536,15.0375255,24.5185991,13.0973051,30.4981017,54.3282701,9.15694913,37.3110069
0.962669214,2.32593334,8.91363762,11.5687933,7.35648991,22.3572529,35.8641303,25.3881603,13.6816147,39.9921439
0.603841951,3.08670859,5.20043133,8.26556926,11.5977021,32.5151389,2.63939918,20.0907487,1.53585675,55.6840655
0.963133945,1.56886203,8.69441972,5.53297385,1.08048656,14.0222384,21.4519468,1.13672283,41.6399,57.9583251
0.961531739,1.85573152,2.87936088,0.743528776,0.762721687,27.451286,45.9563913,2.70186991,43.4457604,57.5611734
0.967038038,0.0332301855,5.62438824,3.72106067,18.5415624,4.37603583,0.0465044687,60.8660964,0.611033311,59.9961314
0.623192177,3.96364262,2.11824874,11.3895131,24.2923405,9.16764863,0.912633011,2.11984894,56.0685763,49.298238
0.225819298,1.37974616,3.13578643,14.5112196,3.23090292,2.57082098,10.6006852,2.2407029,34.7966035,69.8285708
0.209600292,3.00844697,6.67838354,8.16379888,14.0121478,3.12304345,1.34911683,47.8127511,6.21213476,59.9680943
0.713493243,2.72375332,4.77451989,2.41033655,22.6974337,1.10620642,21.7930621,1.29863852,2.80672584,60.0143355
0.348398651,2.14452009,6.63566495,11.7702523,22.8609962,35.6592656,45.294634,3.80597842,39.3347276,39.2286292
0.946452767,0.126595132,8.28986716,13.8619296,2.26710122,4.56513912,14.0102765,33.589128,66.4122164,47.5058124
0.277658322,2.41364172,4.67202423,11.9311333,22.7452605,6.61344725,27.5052426,19.0848778,70.2942673,41.6361369
0.319103,0.656477468,3.18782542,1.3899,0.0770194456,28.0307848,23.6832747,23.2458601,47.0443939,62.0072602
0.2907905,1.26375113,8.69662608,7.45692395,0.813798735,3.62208429,0.50454597,3.79312593,8.94479495,76.8465721
0.396404198,1.46142918,5.04056115,15.4867978,22.8281728,33.2651608,10.2873595,36.1153447,18.4764914,40.4282119
0.610681409,2.88975316,0.182937593,10.0126761,17.2624993,8.39015062,1.7169127,57.6675845,3.91430911,59.4916028
0.33566356,1.98978057,5.04453374,6.18426884,4.6973614,33.9164982,14.4082517,1.94198683,79.6997613,55.7762148
0.767406722,3.21913501,0.00490478799,2.55070532,8.91305039,2.35849928,4.48809162,26.587271,5.39597549,69.3821034
0.98655219,3.93059999,3.5864059,6.62047646,9.91847271,35.6700284,46.506529,47.3240843,60.6043223,23.8139605
0.393256727,1.86326451,8.74473096,4.78804606,13.5784397,18.4829645,47.8901544,20.670275,16.8481676,45.8332846
0.723412676,1.58735888,6.16669455,15.351701,0.0614196644,10.4836325,19.6149266,58.8682672,29.0681552,45.0128285
0.948990777,2.75193232,8.38472071,0.00186347216,23.936526,1.71828992,9.93423658,28.3613124,76.667828,40.2785052
0.26770406,1.208543,8.96007206,6.98859155,1.96584414,21.5172204,27.118649,44.5827843,69.4264865,44.1519341
0.328376525,0.0970384721,6.58260194,10.2947257,24.1475624,33.2382054,30.6497134,54.5092035,50.8566633,39.2946514
0.223513496,2.36529206,3.2933724,3.0397936,2.82986167,16.5384181,7.06858936,33.6736618,1.56191609,71.4812517
0.764977628,3.91599238,0.188670945,5.32012838,11.5587814,26.5531512,31.0495557,63.8476938,0.239469017,42.0275896
0.396913257,3.68442015,0.111343672,14.8499498,23.6023742,14.5488615,14.5845584,32.2255908,60.1231973,40.3386992
0.923020795,0.842034327,0.159611021,1.03542436,16.2143941,22.0628694,14.4898599,1.40517318,0.943762722,67.6554691
0.64927441,1.4200076,4.65240647,1.76976044,0.568255806,0.972469412,0.39936575,62.8769512,6.22510995,68.9133305
0.358723661,0.274288299,4.41773118,13.8808573,24.3262696,2.32399182,48.0887913,29.1470598,23.5827138,48.8633549
0.322543403,3.94791597,1.40346042,14.1498131,12.3564731,0.351139449,45.7343066,55.4994299,54.3193022,40.0094947
0.62956383,0.317142338,4.97535719,3.25041562,8.96137365,19.8820657,8.00147149,32.3022332,70.4111056,59.3491673
0.786790145,2.32789911,2.25065292,15.508728,23.7378159,16.5190342,4.63859886,2.52223766,29.4236881,50.1369209
0.209767834,2.27193847,1.05706809,0.254815161,16.6850262,0.338451963,0.492917422,4.52325729,68.8313072,73.9023561
0.870543865,0.9229536,0.18261787,0.459621996,20.104508,30.9108529,3.68111161,39.7619885,70.5476806,52.6178205
0.32373398,3.98803786,6.64277532,0.221741706,23.1450886,35.286165,36.1718789,61.0855615,51.9321909,29.7230456
0.94641507,1.59232285,4.88279518,5.57956714,24.6638612,0.74301094,43.2627464,7.80887765,55.4428205,42.0190358
0.367070821,1.43717334,5.78756386,15.2636033,11.5332516,20.6780779,38.730462,35.1019389,7.95815369,43.9726347
0.21371368,3.54328091,8.82516122,7.9726507,19.2818216,28.1889611,16.1551382,13.5945993,5.60627625,44.8934502
0.313334526,0.853494347,1.52883514,0.235072769,23.2313034,33.8642364,43.8559264,37.2965062,33.387102,50.640362
0.963199006,1.94280067,1.46457381,0.163476981,18.0587886,20.2458015,47.8921208,63.8367712,10.9013241,41.1676186
0.355064823,2.2979201,2.57193595,15.1599545,14.6184832,25.6994236,3.01174246,1.7704837,76.5951193,50.085075
0.886095417,2.4226725,4.17766607,8.94869132,1.02346436,1.96630223,48.5122354,44.5916959,15.988538,50.1115488
0.8968281,3.95954061,8.99772386,11.9911051,22.6623732,16.5700304,44.2372711,24.5754105,59.3884637,20.1234548
0.858459644,0.524943719,6.14043917,14.8642457,24.0282204,24.9134997,7.06254156,28.912393,53.9022594,39.9655127
0.787185393,0.899612351,8.51575508,11.1921725,16.9421919,32.2837438,1.20100617,60.4875152,47.6730875,38.7763575
0.291568512,1.56794038,0.841609514,10.5441744,24.9041357,19.8838839,0.593873502,44.7111064,45.0118794,55.1978075
0.676984566,0.318379369,6.75461499,13.8918295,12.4665761,1.07256226,36.1428376,63.5713103,34.1869386,40.849166
0.259583639,3.28888954,0.824623323,15.0118917,1.34851303,20.8201802,6.491315,33.3467877,14.5059438,60.0002906
0.699062505,0.574094957,1.83137048,15.7219963,24.3629867,26.9539375,36.516023,63.7368042,71.4685473,28.334589
0.903785085,3.66371191,0.013695024,9.19514258,23.0645678,30.5156175,27.1996144,29.9344634,5.72795392,40.0615649
0.688442655,2.62279438,2.93663723,0.110149466,17.6282305,3.84567261,19.3545059,38.1124944,56.5656308,56.446636
0.78979025,0.0189133808,4.22368038,7.81549421,17.2050636,22.3256343,47.551639,13.5794962,8.34340545,53.3354145
0.260533773,3.16445967,2.4156088,0.243658967,23.712915,25.8654665,28.4407224,10.7385044,2.5859231,59.8657824
0.376595624,1.77060803,5.87044016,11.5337242,11.4109881,13.64726,18.3730918,62.111456,4.1020057,51.6789922
0.648415305,3.66409474,5.49053721,4.3714864,24.3310703,10.5109202,6.85338593,45.5279123,4.58434173,47.3557262
0.361162902,0.259608587,7.29343788,1.44064949,7.80615718,33.2406761,38.1691617,1.43748048,40.1638878,59.6221557
0.836648191,2.18457,0.153070358,13.6062255,12.2379721,12.3805662,0.238795669,58.0425243,41.3941618,49.8569402
0.83423768,0.130735036,2.84343938,15.441134,23.6540699,5.69238073,27.0084508,57.5109005,73.0323966,39.8141799
0.63205393,3.72161552,2.68221276,14.1331649,0.160224876,25.7752551,22.7470487,15.2127071,80.9587224,40.2740247
0.99683945,3.52252709,7.00362952,14.2246113,1.62763018,8.0358841,31.4471414,23.6473954,2.246117,42.8006349
0.992622853,0.0491785147,5.72241547,4.68766369,2.44322189,19.0515858,21.78129,62.8771849,11.1964354,57.2292653
0.633189134,0.0390779153,1.76067435,15.3845575,12.9041517,7.31257393,46.863153,3.93531677,36.5373351,58.7944545
0.752895458,3.65585181,8.77826309,14.6981753,12.8620187,31.6046862,48.9475586,0.805445999,41.9313079,26.0802264
0.340248446,2.22253701,4.90400939,15.4413458,4.21646621,23.2524291,32.0899802,55.2453294,76.2555802,39.5280475
0.712554647,3.623839,4.18952583,11.3076577,24.6909984,9.51920917,7.27987756,63.8721024,33.4450241,39.8178415
0.967296881,1.43469265,1.97864358,0.111385964,0.0998365926,4.25320125,32.0588088,10.9697114,60.6740256,60.9003587
0.344953511,2.53464227,8.39860102,14.7329414,0.8529944,16.2387085,10.8542789,1.13089603,79.6959206,49.0930464
0.762000589,3.77556968,8.99930416,11.2087805,3.08364123,2.53185652,1.24195841,63.4711213,9.03133926,45.1807289
0.707170967,1.68976116,8.58554338,0.404542417,23.6631164,8.63609384,41.9620164,62.1834491,77.4927424,34.6566581
0.655860453,0.186517645,6.30462485,8.58639527,11.7894746,29.8070302,36.4190913,47.8920096,72.1469372,39.7621154
0.374407881,2.69300022,2.82303746,13.8499908,13.7423574,25.6324764,39.5149742,40.7126864,43.1843539,39.9939984
0.889273484,0.0777635463,6.68682578,4.41056022,0.446148287,33.7165285,45.8629871,0.293301463,1.9208303,59.6760745
0.863507687,3.89475373,7.03350142,10.7703087,13.4026678,12.4377267,33.8536466,51.2512077,3.85809521,39.3496567
0.715022568,1.53723231,0.592738064,14.4864686,3.2452618,26.0857526,20.7492592,63.7380773,17.5490215,48.6489889
0.932316918,1.80178752,5.94643464,10.1814577,24.6249866,31.8961869,4.37461102,31.4611986,0.461427114,40.3918657
0.322003235,3.6335,0.527565577,3.19050294,10.5981865,34.1575662,41.1254177,1.16995561,19.5462708,59.0270106
0.989917032,2.14225526,1.98930345,14.6186939,0.60651243,26.8623504,48.3514541,35.1200513,69.2333369,38.4903484
0.633849735,0.449966805,5.83221621,5.43616618,8.8204158,28.4089349,1.31768335,61.7849396,24.6538983,56.5317717
0.385261772,0.378433554,0.748657506,1.22080123,9.38473171,6.02758218,2.14186771,42.2799979,10.0298097,79.7956098
0.631276558,3.46047129,0.3173576,10.3630028,17.1681728,29.4917074,26.0329,18.2209535,80.4494792,39.9810764
0.34914681,0.441715218,8.79226766,1.14220798,20.4523928,26.4478074,22.1856224,42.7818462,74.0249394,40.6005383
0.369237612,3.1061599,2.76612895,9.47409697,23.6684817,30.4867359,3.49872674,4.04943255,33.9349888,52.3615946
0.367739387,2.3834798,7.07622123,7.20042,14.7796728,2.82465138,35.274217,3.61211321,46.5581774,55.7388317
0.272513056,0.507748991,3.90892484,11.1996437,13.1422255,9.1929692,41.1509796,50.3043527,31.963654,53.5621364
0.236825607,1.31193171,3.6815412,1.17857832,0.571540348,8.46521503,3.90515468,29.955614,50.6310014,74.6868306
0.233236456,0.0204594527,8.68954668,3.93082448,2.13606579,1.2351017,30.4265719,20.1061493,5.1266758,72.8886107
0.857055033,2.09572889,6.55984562,2.35604327,21.9049391,9.08842818,1.65018163,0.787141711,57.5742113,56.9903238
0.336529056,0.17539241,8.59552348,10.6009821,16.7273164,15.8496734,29.210017,2.29276395,8.20593203,59.6965774
0.61601023,1.13573274,0.585529723,7.10766664,3.98933384,34.1766429,36.5294496,38.4771192,36.6307561,53.9293431
0.63904357,1.62114601,5.85240596,0.688075491,19.5074544,16.9709303,3.3015138,26.8310414,6.72419844,60.0015601
0.359580334,1.86666135,2.1989531,6.763881,0.856225903,22.4478044,0.338091622,61.7872919,74.6917275,58.2320294
0.946509745,3.9571333,7.96368194,11.7375102,13.0206551,18.9352502,6.46619262,57.8604883,57.239453,29.0298963
0.757638187,2.50000667,3.62728008,11.9044873,22.9978027,34.660035,20.7003781,14.7005269,40.1900575,39.9077896
0.261593192,2.3871122,0.438088149,1.68448152,11.0638448,0.0568901729,27.4306575,45.7929012,52.2584503,60.2429109
0.779560323,0.281379225,2.56642263,10.4270281,23.5344731,27.2007465,47.5650419,51.7993889,0.416901896,40.0502728
0.235099577,1.27439311,6.1311161,8.2992203,20.3055347,0.17427348,17.7140107,57.9621705,33.159045,55.266496
0.897540926,3.88137005,4.91956812,0.322545692,20.352271,15.2903398,22.7853896,24.8732298,76.4108083,39.9921243
0.259191701,0.939695627,3.29490426,0.810529806,10.2725798,1.79831754,27.6618323,0.541961581,26.2595519,77.9659611
0.30125518,0.78325281,0.292433173,1.64327062,3.82704685,30.4940085,22.8687183,62.1033437,74.5421153,58.782412
0.969239854,0.0568895079,0.319410111,7.69018185,1.38486129,0.523744829,25.288553,62.3161941,66.1599298,59.5466351
0.723370338,2.74109622,3.60925285,1.26708263,24.777811,22.5631345,41.6521002,42.9027245,53.2715262,39.5039037
0.215972132,3.37450019,7.2553694,15.9884486,21.6487535,0.865299823,47.7670075,5.34816593,38.7595326,40.0282791
0.848700455,0.434210217,3.98500704,12.4681465,0.215425214,29.7382721,31.4944391,37.9268504,76.6647389,40.1873054
0.723092079,0.0342579689,8.49078757,1.18515912,23.3895131,10.868407,1.79237195,50.1490672,49.8304519,51.7231114
0.891506988,2.23182319,5.06787613,15.6338577,9.75888856,25.401691,3.02188765,32.4776473,75.7084249,39.849914
0.898314684,3.89958378,0.685299366,12.1359041,0.218729896,1.71844398,13.4585289,17.6267867,77.7136168,54.7727272
0.999442039,2.48937044,6.41030051,14.0812276,11.2369402,13.3257115,12.5671407,33.8733947,38.1515719,40.0294062
0.801630053,3.98517925,6.54233344,7.10791019,10.3852385,28.371881,35.665934,26.5835157,6.51688115,40.0000011
0.681854859,3.73845052,0.310307712,7.71859076,22.4295978,34.9193735,24.3782907,48.2375684,51.6534659,37.714635
0.983342722,0.164486708,1.18823547,15.4195423,6.63713893,0.5674672,45.4900058,4.60774648,3.03137093,60.0922673
0.273114824,0.963409996,0.0715603517,10.1596989,3.21804946,15.490581,46.5420757,59.6454067,35.8814303,58.2848203
0.234635179,2.05381652,5.6121606,6.37024045,13.4863928,22.7583584,48.632287,55.9643905,62.6627951,39.8667124
0.231545415,2.33515178,6.51605109,5.81465191,23.2103717,31.2728085,2.84720156,37.7685857,31.1594996,45.1023969
0.247733101,2.6009072,3.25645959,4.11790953,15.1648041,35.8018468,24.0080212,48.0815068,53.0106709,41.1854813
0.988741761,3.13108179,0.206174756,0.318443746,12.6312984,27.6954583,45.6901572,46.330447,65.5870845,39.917233
0.997125324,2.74127249,1.27530026,8.83819132,24.1898583,12.8857935,42.9169966,33.9091705,70.15106,36.5147037
0.966413394,2.03962501,8.94948974,10.7983898,0.839963335,24.8598196,4.06601813,41.2299532,30.1506642,41.6108774
0.898176948,2.63983064,8.17562584,8.43292645,6.55444886,15.2957564,48.697054,5.72942767,48.7149421,40.0009328
0.746960056,0.630669117,8.22567131,15.7470514,7.33152449,30.1422306,11.5275813,61.4639083,80.882329,33.7195068
0.885287962,0.139131846,5.37510428,11.3381381,0.135849323,11.8361877,41.9316835,36.3169543,13.9857255,56.7896036
0.996002158,3.23305668,4.46325018,13.9480585,14.093687,32.5396104,23.4542547,51.799626,5.45986206,36.1729668
0.233456334,2.80240482,0.0401560175,15.8261099,8.48336934,7.18338989,31.6239919,1.870157,9.78172558,60.8133536
0.815552951,3.99380438,8.70806457,13.2288345,1.59661843,13.4870408,28.1681147,42.4546399,79.9024835,30.6319835
0.609808139,0.181558987,7.7892706,0.481668495,24.0662394,9.0511871,31.7159761,37.1069854,52.0219251,47.0726521
0.324576497,0.628755717,7.86900135,14.7657349,12.0410363,34.1249742,30.546225,22.7313423,37.5504301,40.3367305
0.298477905,2.07262932,6.0323664,1.74598819,1.28675925,2.25034304,29.2849227,46.6227127,45.4761062,60.0000003
0.645467703,1.50271039,0.120347844,11.8865898,2.99067525,20.561735,23.2470116,46.3995466,77.4315194,47.2959296
0.953350733,3.86304766,5.04473475,12.1900368,21.7937898,19.0433789,30.0381336,5.10829243,39.3241353,38.4932801
0.807815824,3.84218996,8.29484309,2.53827682,7.52899486,21.3360318,47.2118487,42.5031235,58.2154133,34.4862833
0.742248285,3.86767107,8.88221605,0.720166549,12.248744,21.081215,48.974409,14.2274721,21.6721072,40.0186603
0.616715467,0.547439441,1.83305384,2.01950451,9.08173926,16.9801416,18.0204485,0.885580808,45.5076297,66.4978693
0.993595815,1.45943704,1.70629423,6.55479048,9.94305592,18.6349397,45.5040741,57.4350252,79.0626325,39.5507678
0.932706483,3.99144872,0.627038308,15.3472691,8.67411279,15.5717429,41.2194309,16.9467141,29.6454489,40.1491605
0.763783013,3.6044207,7.87190714,5.58821968,1.88781825,5.12836399,11.4518556,63.1340616,48.3138231,42.1258822
0.268396442,3.7559994,6.93414076,1.96235201,8.2034493,0.536282514,18.1030569,22.3051765,44.4260349,59.9702069
0.929314441,3.95120923,8.94045169,12.7494559,12.6646786,7.56365961,8.74790788,34.073774,7.49129767,40.1138439
0.66279203,2.18259951,6.637426,0.38899903,15.479219,13.2963407,26.6763373,62.9566692,0.935204154,50.0351907
0.23676041,0.928820564,6.04623978,0.270324737,23.981022,34.6128317,18.8679426,45.0749224,7.87325192,54.9403895
0.351042512,3.88599918,8.97364419,12.5118521,22.9663689,29.8977798,5.42516218,53.1602789,31.3965638,32.6341361
0.274758169,3.44216026,0.871980586,6.0048028,16.7509272,11.2795027,47.0961225,62.0821948,29.6758361,42.5747869
0.324659038,2.17777674,4.26089711,15.8182206,1.30313532,2.58538348,0.735281573,12.9011011,76.9588561,59.9997659
0.999387207,2.80311922,0.0554756974,9.56452696,23.4448372,17.8267008,29.0728241,62.6347469,38.2102191,38.8594435
0.920197541,3.04027673,4.34489285,13.5362402,24.3572002,30.9067885,8.70422047,35.0477655,70.6160818,26.9726868
0.837971702,3.16156034,0.775336601,14.3684419,3.75435219,35.1319592,36.5305012,61.5630302,2.33985307,39.9905399
0.268540338,1.42986138,8.28056831,8.02056158,2.46635742,2.97956369,2.07825247,53.7982658,75.245163,58.2843494
0.979564402,2.15563399,3.9159439,12.9227981,14.7931163,4.18450909,28.6435814,47.8995367,70.2582282,39.5770456
0.217477692,0.590304157,2.79442659,6.982689,21.9595138,33.9102381,18.2015662,8.78034035,64.7749729,55.3857163
0.225137792,3.56349179,8.11477667,14.3136273,14.2715812,17.9488714,30.8723155,13.0687696,79.4955985,38.7143007
0.210719606,2.25764126,0.39750175,4.99895819,2.3285308,15.288822,37.0647825,14.1044039,76.8432759,60.0003503
0.637643522,3.49872486,6.90472664,3.0943932,11.6664943,5.42721783,37.0904286,1.08907983,0.208400461,59.5893672
0.732001254,2.98031805,4.9621719,9.28563806,24.5607681,25.6732624,41.5420343,58.7379926,11.9485493,31.8217345
0.982740939,3.70785523,4.32655706,9.67924726,11.1074627,11.7016185,1.49990571,29.9301739,76.4842905,40.157969
0.206846763,1.89418367,7.97619383,1.58163151,10.1262896,25.2699229,26.6689542,28.8834561,5.37521425,59.7189351
0.937885783,0.185427466,1.07871606,7.0770613,0.264451583,28.2783688,3.464201,14.1403273,30.9826485,63.6372761
0.391818861,1.19836904,2.22387521,15.4144907,23.9758755,18.0565406,43.9335051,12.3039384,10.4959524,48.2130227
0.806356056,1.7049666,7.59055988,15.1821909,23.5675684,0.175669519,0.650081755,62.5946952,77.2567763,37.3443399
0.27696758,3.97644322,0.182764088,4.82848915,0.651771168,6.21795114,45.0592928,21.5953372,11.1788765,61.4325614
0.672516803,3.95963912,3.72308346,10.4243388,2.90951256,0.25581317,21.0318262,58.6493757,70.9477281,40.7415767
0.22357185,2.28833792,0.214662845,13.9350075,21.3619113,6.68724513,0.719889889,59.0228406,77.0534587,47.3958114
0.36524347,2.5879699,0.0227603959,8.06039811,23.6108752,4.29121147,19.588015,44.1063667,60.3771099,51.8427163
0.604032011,3.86400774,5.35066694,1.17194655,1.41506274,11.4617103,1.31348974,33.7268016,78.9171888,57.0148436
0.64241089,3.99931512,1.10075971,9.72163301,24.1967866,0.564940911,36.6981308,29.3670817,5.74896392,47.0656299
0.342644596,3.31091107,5.58516335,15.7162534,23.5486554,10.4429501,19.9563136,0.995253742,29.4000197,44.0609361
0.649868714,1.37387311,6.04218666,7.16646426,23.0699647,17.1323359,20.6473768,3.21619392,48.816605,48.1119959
0.735739063,2.26571949,8.88170775,1.53262742,23.2328704,35.7871278,30.2931426,35.0665419,65.0140892,30.5108044
0.278840903,1.91621727,4.19309727,6.01926334,21.4984945,0.284063051,30.2815813,37.2722882,4.23683493,59.9608607
0.358459976,2.54728018,0.310345732,8.85460391,5.19994863,29.5727598,18.2041344,1.15774784,2.8702737,63.306476
0.215949821,1.87456086,3.92497967,10.9036113,14.0544823,19.7060392,48.1837751,2.23157811,2.70000836,59.0018629
0.367831331,0.56474624,8.30264104,11.5342986,1.49337998,34.9016246,10.3499006,1.01829243,33.464175,59.7606744
0.221267112,3.34538553,4.26302188,15.3044758,9.88340292,14.9081712,2.22409118,55.2496193,5.50685083,54.7713538
0.266611684,3.77030794,8.0226704,14.2602857,13.4702489,28.0408354,8.60250804,42.2564932,77.0527986,34.3333935
0.388587868,3.98516008,5.81739251,10.5172611,18.1358377,12.9942018,23.8859692,56.7949917,72.6784847,35.268565
0.785419292,2.16814353,8.97378222,0.636160881,6.181126,16.1058852,10.3616687,3.35108894,2.21719686,60.3388705
0.851546911,3.7957632,7.63237331,0.530184545,23.1431963,25.4880991,19.7115596,4.15644279,42.1883749,40.0201862
0.862795735,0.0316533633,8.99567217,14.6882191,1.40395725,30.6855632,43.9097721,3.31818956,31.4026671,41.0318826
0.979744656,2.2737337,5.94533513,9.32886401,9.71477911,1.86122574,45.761933,21.9526373,78.4377695,39.9895709
0.292737325,0.144906888,7.76264429,4.91132299,0.946105202,1.71379132,5.02336624,0.935789496,60.5146718,75.250411
0.988760736,0.406748673,0.506136169,2.89882975,0.98694216,18.0531214,14.7164577,47.6786789,70.3132455,59.8662648
0.847623889,0.0588274095,1.60261262,12.6405421,2.48555327,35.5590727,7.26171436,49.1535256,14.3072452,58.5921466
0.673979906,2.32113492,7.45779498,0.284875952,6.10956652,12.217773,0.150525062,40.3261599,2.23972835,60.3583804
0.789950986,2.82490664,4.96324161,9.24765356,2.05224371,24.5663713,4.08753866,1.64863539,76.7158205,51.1875496
0.681383722,0.0648523793,4.44136224,15.9557312,12.4589793,33.2145251,27.9356847,60.1507491,12.200474,40.0491848
0.23214022,2.32270199,3.71777166,11.7125826,8.40062938,20.7043833,3.4993526,17.7882794,29.8842581,60.0000453
0.671979625,3.84620431,7.10058753,15.2437245,14.4973997,11.2261506,2.6037724,6.01181159,61.4047626,40.2587379
0.966745321,0.354450792,2.82254662,15.1841261,24.3871189,35.0021907,7.91973778,30.083664,20.4279255,40.3408484
0.240543429,3.25363946,8.81659292,7.95933959,19.7195822,2.90596903,33.5126798,54.3470652,3.95497014,41.4765468
0.643995636,2.53858416,4.46384052,15.5868165,24.4146331,16.9042485,45.8758088,25.7555862,53.3297422,32.3715264
0.668416145,0.280603001,0.212936006,10.3385725,0.606248586,20.4767844,39.9023607,32.6226287,0.659553982,60.4083461
0.655995478,1.26397899,8.31343516,14.0527146,12.4608009,5.29927358,1.21280877,63.5781547,17.7766597,46.5918014
0.209322198,0.312722163,8.82315137,11.9201054,8.14377085,32.1936101,46.2844348,35.9127742,2.52599399,44.428705
0.679090323,1.88425097,1.36367303,9.33809697,2.18078591,3.55500786,34.0510536,32.7291473,79.4542655,55.0596928
0.263416445,0.960733518,6.85855039,15.3892662,11.5584381,18.2440828,22.1849594,28.2280551,77.1051841,40.9548193
0.216963817,2.04348933,2.0817191,7.91629245,14.261197,18.631601,18.1270218,36.3814464,8.82113294,60.0000284
0.958647462,3.951579,4.92345781,4.54287698,0.208333344,2.10026531,26.0777061,41.8044808,20.1335388,54.690864
0.39747071,1.16086413,5.94766129,14.8325328,16.2168325,9.07751286,45.9492756,38.4980581,77.0296889,39.5903311
0.38730341,1.63363488,1.12839,3.29026405,5.41855492,28.2995898,47.9191726,17.6766262,3.86872864,60.1061463
0.264860423,2.03651337,8.28063056,9.88048258,20.7355397,3.19018395,18.268316,2.07201189,10.50952,59.901072
0.355231233,1.48533929,0.219193805,5.31604387,4.29584717,0.436903317,47.685227,2.10227618,6.27207058,76.8711792
0.388111082,3.9317952,3.78427535,14.7837847,11.0464602,11.3124997,17.9427852,24.0208573,8.28718616,53.9625547
0.390675273,0.317220224,7.92069387,7.29219492,24.8750633,0.27165537,40.4410586,18.118317,3.23189327,59.0524842
0.297976144,0.340195179,3.73584572,7.74921694,1.70173888,1.62061132,29.4197621,62.6171758,69.4485798,59.7283041
0.629130512,3.18604982,8.86342824,15.3571143,17.2186126,26.2395494,11.0334298,29.8506443,4.78257307,39.9406967
0.348674912,0.716963927,4.52860975,14.8338049,24.6238853,5.24298555,36.5568038,62.9572416,13.1112112,41.4967066
0.652437073,2.03951346,4.7312802,6.44669795,21.331839,34.8750063,38.4258145,3.48067674,4.7258479,43.7469196
0.762209157,1.79719893,3.42556779,0.920703501,3.53709416,33.0359237,9.21321926,8.58911297,47.108724,59.9999544
0.377431852,1.98851411,2.15236624,6.79001235,12.0898919,28.5309636,48.8716811,63.1436948,10.224097,42.1136191
0.647133661,1.50174854,8.74721845,15.1118818,2.18246792,8.26327276,39.2343754,25.008957,47.5127925,41.0205714
0.39890988,1.91338363,5.03693816,3.23483738,24.862378,17.2618474,43.377289,26.2487649,13.9116478,48.22893
0.392796712,2.93733507,8.5287335,14.9757462,2.13533943,19.6556363,22.1576551,4.8438749,3.80384603,55.8018685
0.93320384,1.42773306,8.79627649,8.92247289,12.5029333,16.9911016,23.743361,62.2598101,0.795027787,40.0555951
0.339423061,2.73351635,4.97097534,0.324524328,22.3131018,23.4739175,2.90141947,11.9602472,70.7169193,55.0482434
0.646452759,3.72606607,8.98296958,3.14625049,23.4874205,4.42955188,48.2901743,33.9056711,76.7143055,30.0524963
0.772532741,3.83114108,4.47310847,4.50504865,6.80102215,6.88215596,0.537978394,33.7016994,30.9599451,59.4672299
0.873982229,0.0773054213,7.36248436,0.488240786,21.6607694,3.67283294,34.440574,7.47959656,17.1863805,59.935851
0.361163813,0.320810795,8.70082025,4.77512775,24.3313549,17.3988451,41.364416,63.6598612,54.7861275,39.5358144
0.86487316,3.69280583,2.22193426,5.42059356,24.8687516,27.5150775,35.2630739,14.998629,63.226552,37.9840854
0.893675835,0.0390234348,8.70045308,9.80431115,20.4024297,5.23506329,2.32572667,46.3518985,35.8909828,46.5509552
0.940676128,3.77476439,5.54636135,8.34696281,24.0685632,29.2911635,44.3526477,61.3222398,64.4014175,19.6316999
0.311101308,2.71871887,3.39328227,12.2578309,2.13059478,12.8253308,31.761106,3.79910997,55.2334203,58.9896296
0.209801536,0.537672367,1.48381984,15.217917,11.7674752,1.37552937,8.8773317,59.1855628,55.3758581,59.9111627
0.239008442,0.0595171768,0.686680448,5.40140648,20.9979027,16.9201938,18.6439011,54.9163591,44.6091899,59.8967128
0.201412565,0.563931158,4.47969098,9.18446302,17.6093646,15.2517838,22.7719817,50.5426409,78.6793663,44.4598777
0.271911389,0.0588499699,2.45574948,15.6115819,24.7771139,5.69339556,1.22391163,51.3080732,79.4629639,50.1747909
0.692392603,0.169906775,8.15211214,9.86451646,1.4503288,0.973578841,25.7788725,9.80938733,3.0031622,62.9916904
0.672846597,2.1309919,8.0569928,15.7830092,1.61780298,22.1972181,0.877949736,8.75261543,42.0281994,51.2823134
0.264096767,2.69744067,8.74188311,15.6968794,14.7681294,11.4502228,32.5239986,46.8163211,32.7912986,39.8245868
0.984178539,0.354843971,8.69087946,11.7528939,17.0131404,21.3850896,42.4684806,44.0872001,57.6764439,29.6606224
0.234485902,0.0182197485,4.99345511,6.34640456e-05,1.66662533,15.7996585,12.0605884,50.0367183,9.01759043,75.4204444
0.824414633,3.74692494,5.77681413,14.0712873,0.195241626,9.2534625,4.00751025,36.8649052,5.64610939,54.7541103
0.707530641,1.8699551,0.754398946,12.7699317,0.379291712,35.6483689,41.0174868,63.8692723,54.2445683,39.8964929
0.946090395,3.76507987,8.31919126,10.0401218,13.0118234,21.1906568,4.58605269,1.02860943,9.92074225,44.2418745
0.701906743,3.78650865,8.66453232,8.5239554,22.0600457,18.9914794,18.7765238,22.2510913,27.9597793,39.7341742
0.305205192,2.33465405,5.69400086,3.68450387,8.52584695,27.2299297,29.1661027,62.2874316,21.3414097,46.1053257
0.259319636,1.54049978,7.15445416,8.73067731,0.771189423,16.3881147,47.6995692,60.9432119,20.9607724,46.6260347
0.350793469,3.14332918,4.35031201,15.4559312,12.2424996,13.9554021,11.4915952,39.4984954,54.6908154,41.4013206
0.957590811,0.915037526,6.83033306,4.28030162,4.73326065,2.75299258,12.9935444,50.2856612,39.371096,58.5429076
0.352890247,0.105537266,3.97085117,5.50335244,23.1943624,3.814843,0.0903029759,62.3309267,55.5429772,59.6208708
0.251946265,1.84353441,0.636186103,0.675263875,8.06240549,6.98271486,46.942914,26.8471413,25.1903236,63.414829
0.978648103,0.554657212,4.77845658,8.03503153,7.46084671,28.008915,13.3856251,17.2422144,78.3387046,45.0304758
0.262749244,0.106152102,0.221366356,6.22995406,4.43418027,0.385711514,3.61158547,49.5243134,44.4684148,77.7347628
0.397046156,0.618971993,6.89012812,14.903536,5.82739472,23.0733085,1.49268206,63.3566627,4.34088687,56.1422624
0.948615148,1.49915013,0.486588896,10.8436894,15.4498517,22.5468391,11.8763095,36.7464817,78.6187253,40.6539781
0.984682326,2.22339433,1.32412576,11.7007197,21.8675008,3.00495899,44.0262068,63.2921802,9.71087465,40.0000849
0.252161094,0.286003182,6.42482382,0.0247271806,24.3589446,1.12579315,28.8629234,62.8947823,61.5172061,52.7140296
0.730383305,2.20884328,0.0650792504,8.51015383,9.61775477,29.670483,48.7390813,32.3133564,64.0162731,40.0112959
0.257866475,3.84737591,6.40573434,5.64820197,2.0790496,25.3248299,8.7336475,41.0300231,70.3668883,44.6178915
0.216318139,2.63587837,2.71748695,12.0945351,13.83063,2.01452513,24.6686601,22.4268919,41.4767116,59.3763647
0.716894177,3.36173959,1.70384776,13.4565016,5.34734159,32.7890111,44.7930688,1.4453066,44.6360917,40.1757335
0.98846623,0.607724943,4.57449623,9.88121439,14.9535807,35.7567559,21.5001914,36.2005101,48.060561,39.9961726
0.718620944,3.44880346,0.0893004402,12.217775,0.226064853,35.2396577,1.26241855,0.61205259,59.190597,57.4689396
0.20090959,2.74994625,5.27972727,9.55786268,23.4345028,19.7105276,3.86148227,31.2586888,66.8022571,41.8254047
0.394930503,2.3878277,0.495247599,13.5580371,21.7643473,26.4746221,47.6027018,46.5099185,76.1916083,33.482817
0.786202992,2.8547605,8.90934527,11.3172663,2.02175236,6.61228497,0.916585236,24.8790967,39.2061636,53.1925475
0.9718165,1.27967343,7.81064391,15.0971212,14.5566816,5.97328732,34.0823057,14.7749022,2.25382717,43.8174432
0.885005845,1.17292772,3.1414661,8.21470441,0.838976866,0.985229686,47.3058776,58.6259954,59.6161316,45.3617077
0.610847879,2.08121075,6.54556748,7.7381505,11.0865388,9.29868086,9.43141398,62.3997284,61.0486869,41.6547065
0.238201396,1.80343142,5.11188048,2.44473429,1.01443005,35.3172989,13.3964633,63.1618363,72.1192696,48.1876123
0.917856888,1.68288943,0.726057012,13.9381198,3.09307684,14.8930398,48.0733896,11.0489095,44.3251079,49.3615205
0.966323209,3.97672458,1.82246265,5.56408277,18.0299763,6.92813397,23.3398264,35.868184,26.0317194,44.2059906
0.791036789,3.82123358,7.81388641,15.9803098,7.91628319,34.5191172,31.0378435,62.7395675,80.8877,19.4167068
0.832211717,3.92930737,8.70508707,4.26367766,18.1725136,0.627600214,0.104524379,54.5191615,19.6774725,42.5596937
0.375092403,0.71208277,8.94401164,7.11770312,17.5567974,3.01594898,1.43518663,17.2170007,28.0099067,60.1250236
0.331175393,0.259296928,4.5077945,0.892651044,16.8532823,4.48662778,30.9695407,35.3564819,76.4332882,59.5301763
0.633324378,1.13131544,4.54200869,15.1822701,0.647034706,35.5857154,28.7449319,32.7452285,16.5229128,46.0018839
0.841524117,1.98334351,4.62237159,0.354308263,4.46714072,6.09713251,25.1888223,49.0270127,77.2055656,51.0109464
0.86879517,3.36168351,8.58333214,14.3347088,17.8917246,8.94903508,46.8666364,16.4018245,22.1042296,35.9433003
0.956420722,2.25229402,5.18744267,4.17582797,11.1572544,28.7627868,11.1036952,36.3170787,16.6330418,47.7672664
0.925382036,3.58353068,0.900491424,9.88330807,19.9355857,10.6398555,16.4034419,24.3554974,79.5386154,40.0079572
0.991991173,1.58254758,4.22370739,8.62229897,4.65428876,35.4689068,2.60883816,53.2153776,69.4204439,40.0169093
0.343966177,0.158140199,4.19024291,0.733501807,12.4451149,21.6671765,27.54248,4.51997024,79.911346,59.9999397
0.645771154,1.90317494,5.98786004,15.9354053,3.68239953,21.7280464,48.013777,46.432385,46.9483824,38.5120255
0.302727762,3.78197159,8.09224358,13.0451403,2.61298336,23.6321992,46.7850648,17.7425628,29.4303757,40.0119384
0.229997412,2.26604141,3.05553121,0.556633175,17.7090107,14.8927491,41.4247872,44.9283951,50.0379654,50.9314123
0.635287888,1.13414645,3.59856943,2.05577714,11.6350116,35.4816156,48.3384128,4.83822581,45.6400264,49.4735197
0.361501202,3.00281852,0.834331314,1.07804847,10.5634437,21.3106101,4.66066131,38.8370012,77.8087848,59.1071179
0.666397623,0.57940555,4.65543435,12.2402099,14.3861424,18.5687218,0.691512843,12.0899292,75.2288079,53.9402979
0.641534678,1.09336425,0.38922341,13.6495005,23.6784426,19.562983,9.60337248,61.2326825,22.3948469,45.1359384
0.976701489,1.68768283,1.99200062,15.2080078,1.54128427,6.28531569,18.1038638,40.0170641,69.3518838,46.5841824
0.602431543,0.267740576,8.81067634,7.17718554,4.62085962,18.4142593,44.1754198,10.8152977,16.0840828,58.0429942
0.843149404,3.2481613,8.65549437,10.478152,16.0958785,33.7401095,46.3048252,35.522492,43.6927651,20.6204183
0.959867183,1.95095417,3.79501116,15.5602388,1.45960955,9.58721473,43.9884192,1.77818251,78.359149,40.8307172
0.99620706,1.00824922,3.70029945,1.65844046,2.20117737,29.0707328,48.7364916,39.4636119,41.6701006,44.1754294
0.63450719,0.649387198,5.06392791,9.66455199,0.195651304,19.1685019,1.37633501,5.30608055,34.5463034,63.2506966
0.996373337,0.186683735,3.58545053,10.0748903,1.06384481,7.25711557,3.18693877,7.67989371,65.7789788,60.5105008
0.370437507,3.77273569,0.829550637,2.23566473,10.6518452,0.808524248,22.957902,35.8637285,12.2576669,61.5585064
0.602295888,3.14798553,0.433899997,4.5462216,13.0413276,15.2546571,39.5025266,23.4634562,58.6095288,48.5968307
0.629714294,2.43256808,0.386300573,6.31773816,9.72705128,10.87316,12.5235018,35.9112716,51.5635793,59.7666152
0.686391787,0.74708719,0.662415664,0.391227,23.987786,18.3148061,23.0656227,32.5502349,80.7449151,51.8609985
0.359493643,0.0386146065,2.24030586,10.3476077,12.8784811,34.0294612,1.57087568,51.8630166,57.8643644,54.6175239
0.327088079,1.47738186,5.30320041,6.91437504,2.97078159,7.09360979,35.7968028,19.4140139,24.466609,60.2670139
